===========================================================================
         ________    _________   _______       __     _________            
        |        |\ |        |\ |       \\    |  |\  /         \\          
        |    ____|| |    ____|| |    __  ||   |__|| |    ___    ||         
        |   |\___\| |   |\___\| |   |\_| ||    \_\| |   //  \   ||         
        |   ||__    |   ||__    |   ||_| ||   |  |\ |  ||    |  ||         
        |       |\  |       |\  |         \\  |  || |  ||    |  ||         
        |    ___||  |    ___||  |    ___   || |  || |  ||    |  ||         
        |   |\__\|  |   |\__\|  |   |\__|  || |  || |  ||    |  ||         
        |   ||      |   ||___   |   ||__|  || |  || |   \\__/   ||         
        |   ||      |        |\ |          || |  || |           ||         
        |___||      |________|| |_________//  |__||  \_________//          
                                                                           
      F I N I T E   E L E M E N T S   F O R   B I O M E C H A N I C S      
                                                                           
  version 4.12.0
  FEBio is a registered trademark.                                         
  copyright (c) 2006-2026 - All rights reserved                            
                                                                           
===========================================================================





 FILES USED
===========================================================================
	Input file : feb_inputs/fiber_stiffness_c4/biceps_c4_30.0.feb
	Plot file  : feb_inputs/fiber_stiffness_c4/biceps_c4_30.0.xplt
	Log file   : feb_inputs/fiber_stiffness_c4/biceps_c4_30.0.log


 MESH INFO
===========================================================================
	Number of materials ............................ : 1
	Number of domains .............................. : 1
	Number of nodes ................................ : 4671
	Number of solid elements ....................... : 15813


 MODULE
===========================================================================
	Module type ....................................... : solid


 CONTROL DATA
===========================================================================
	analysis .......................................... : DYNAMIC (1)
	time_steps ........................................ : 300
	step_size ......................................... : 0.1
	plot_zero_state ................................... : no (0)
	plot_range ........................................ : 0,-1
	plot_level ........................................ : PLOT_MAJOR_ITRS (1)
	output_level ...................................... : OUTPUT_MAJOR_ITRS (1)
	plot_stride ....................................... : 1
	output_stride ..................................... : 1
	adaptor_re_solve .................................. : yes (1)
	Auto time stepper activated ....................... : no
 SOLVER PARAMETERS
===========================================================================
	symmetric_stiffness ............................... : symmetric (1)
	equation_scheme ................................... : staggered (0)
	equation_order .................................... : default (0)
	optimize_bw ....................................... : no (0)
	lstol ............................................. : 0.9
	lsmin ............................................. : 0.01
	lsiter ............................................ : 5
	ls_check_jacobians ................................ : no (0)
	max_refs .......................................... : 15
	check_zero_diagonal ............................... : no (0)
	zero_diagonal_tol ................................. : 0
	force_partition ................................... : 0
	reform_each_time_step ............................. : yes (1)
	reform_augment .................................... : no (0)
	diverge_reform .................................... : yes (1)
	min_residual ...................................... : 1e-20
	max_residual ...................................... : 0
	dtol .............................................. : 0.001
	etol .............................................. : 0.01
	rtol .............................................. : 0
	rhoi .............................................. : -2
	alpha ............................................. : 1
	beta .............................................. : 0.25
	gamma ............................................. : 0.5
	logSolve .......................................... : no (0)
	arc_length ........................................ : 0
	arc_length_scale .................................. : 0






 MATERIAL DATA
===========================================================================
  1 - Material1 (type: trans iso Mooney-Rivlin)
	density ........................................... : 1
	k ................................................. : 100
	pressure_model .................................... : default (0)
	c1 ................................................ : 13.85
	c2 ................................................ : 0
	c3 ................................................ : 2.07
	c4 ................................................ : 30
	c5 ................................................ : 640.7
	lam_max ........................................... : 1.03
	fiber: (type: vector)
	  vector .......................................... : 0,0,1
	active_contraction: (type: active_contraction)
	  ascl ............................................ : 0
	  Tmax ............................................ : 1
	  ca0 ............................................. : 4.35
	  camax ........................................... : 4.35
	  beta ............................................ : 4.75
	  l0 .............................................. : 1.58
	  refl ............................................ : 2.04


 BOUNDARY CONDITION DATA
===========================================================================
  1 -  Type: zero displacement
	x_dof ............................................. : yes (1)
	y_dof ............................................. : yes (1)
	z_dof ............................................. : yes (1)


 LOAD CONTROLLER DATA
===========================================================================
load controller   1 - LC1 (type: math)
	var ............................................... : (can't display value)
	math .............................................. : t/20


 OUTPUT DATA
===========================================================================
 LINEAR SOLVER DATA
===========================================================================
	Default linear solver ............................. : pardiso


Data Record #1
===========================================================================
Step = 0
Time = 0
Data = uz
File = feb_inputs/fiber_stiffness_c4/../../raw_logs/fiber_stiffness_c4/c4_30.0_disp.txt

Data Record #2
===========================================================================
Step = 0
Time = 0
Data = sz
File = feb_inputs/fiber_stiffness_c4/../../raw_logs/fiber_stiffness_c4/c4_30.0_stress.txt

Data Record #3
===========================================================================
Step = 0
Time = 0
Data = J
File = feb_inputs/fiber_stiffness_c4/../../raw_logs/fiber_stiffness_c4/c4_30.0_vol.txt

 *************************************************************************
 * Selecting linear solver pardiso                                       *
 *************************************************************************

===== beginning time step 1 : 0.1 =====


Reforming stiffness matrix: reformation #1

===== reforming stiffness matrix:
	Nr of equations ........................... : 13953
	Nr of nonzeroes in stiffness matrix ....... : 245850
 1
 Nonlinear solution status: time= 0.1
	stiffness updates             = 0
	right hand side evaluations   = 2
	stiffness matrix reformations = 1
	step from line search         = 1.000000
	convergence norms :     INITIAL         CURRENT         REQUIRED
	   residual            3.796717e-05    1.451431e-06    0.000000e+00 
	   energy              3.859014e-06    2.151749e-07    3.859014e-08 
	   displacement        4.995209e-07    4.995209e-07    4.995209e-13 
 2
 Nonlinear solution status: time= 0.1
	stiffness updates             = 1
	right hand side evaluations   = 3
	stiffness matrix reformations = 1
	step from line search         = 1.000000
	convergence norms :     INITIAL         CURRENT         REQUIRED
	   residual            3.796717e-05    3.459646e-08    0.000000e+00 
	   energy              3.859014e-06    3.074376e-09    3.859014e-08 
	   displacement        4.995209e-07    3.597581e-09    5.722748e-13 
 3
 Nonlinear solution status: time= 0.1
	stiffness updates             = 2
	right hand side evaluations   = 4
	stiffness matrix reformations = 1
	step from line search         = 1.000000
	convergence norms :     INITIAL         CURRENT         REQUIRED
	   residual            3.796717e-05    4.246972e-10    0.000000e+00 
	   energy              3.859014e-06    3.976277e-11    3.859014e-08 
	   displacement        4.995209e-07    3.874190e-11    5.748703e-13 
 4
 Nonlinear solution status: time= 0.1
	stiffness updates             = 3
	right hand side evaluations   = 5
	stiffness matrix reformations = 1
	step from line search         = 1.000000
	convergence norms :     INITIAL         CURRENT         REQUIRED
	   residual            3.796717e-05    8.523194e-12    0.000000e+00 
	   energy              3.859014e-06    6.318689e-13    3.859014e-08 
	   displacement        4.995209e-07    3.894268e-13    5.744452e-13 

convergence summary
    number of iterations   : 4
    number of reformations : 1

------- converged at time : 0.1


Data Record #1
===========================================================================
Step = 1
Time = 0.1
Data = uz
File = feb_inputs/fiber_stiffness_c4/../../raw_logs/fiber_stiffness_c4/c4_30.0_disp.txt

Data Record #2
===========================================================================
Step = 1
Time = 0.1
Data = sz
File = feb_inputs/fiber_stiffness_c4/../../raw_logs/fiber_stiffness_c4/c4_30.0_stress.txt

Data Record #3
===========================================================================
Step = 1
Time = 0.1
Data = J
File = feb_inputs/fiber_stiffness_c4/../../raw_logs/fiber_stiffness_c4/c4_30.0_vol.txt

===== beginning time step 2 : 0.2 =====


Reforming stiffness matrix: reformation #1

 1
 Nonlinear solution status: time= 0.2
	stiffness updates             = 0
	right hand side evaluations   = 2
	stiffness matrix reformations = 1
	step from line search         = 1.000000
	convergence norms :     INITIAL         CURRENT         REQUIRED
	   residual            9.049876e-04    3.120744e-07    0.000000e+00 
	   energy              5.216892e-05    1.712464e-08    5.216892e-07 
	   displacement        6.816489e-06    6.816489e-06    6.816489e-12 
 2
 Nonlinear solution status: time= 0.2
	stiffness updates             = 1
	right hand side evaluations   = 3
	stiffness matrix reformations = 1
	step from line search         = 1.000000
	convergence norms :     INITIAL         CURRENT         REQUIRED
	   residual            9.049876e-04    2.531161e-09    0.000000e+00 
	   energy              5.216892e-05    9.929377e-11    5.216892e-07 
	   displacement        6.816489e-06    1.308912e-11    6.816876e-12 
 3
 Nonlinear solution status: time= 0.2
	stiffness updates             = 2
	right hand side evaluations   = 4
	stiffness matrix reformations = 1
	step from line search         = 1.000000
	convergence norms :     INITIAL         CURRENT         REQUIRED
	   residual            9.049876e-04    2.644600e-12    0.000000e+00 
	   energy              5.216892e-05    1.029260e-13    5.216892e-07 
	   displacement        6.816489e-06    1.314043e-13    6.816584e-12 

convergence summary
    number of iterations   : 3
    number of reformations : 1

------- converged at time : 0.2


Data Record #1
===========================================================================
Step = 2
Time = 0.2
Data = uz
File = feb_inputs/fiber_stiffness_c4/../../raw_logs/fiber_stiffness_c4/c4_30.0_disp.txt

Data Record #2
===========================================================================
Step = 2
Time = 0.2
Data = sz
File = feb_inputs/fiber_stiffness_c4/../../raw_logs/fiber_stiffness_c4/c4_30.0_stress.txt

Data Record #3
===========================================================================
Step = 2
Time = 0.2
Data = J
File = feb_inputs/fiber_stiffness_c4/../../raw_logs/fiber_stiffness_c4/c4_30.0_vol.txt

===== beginning time step 3 : 0.3 =====


Reforming stiffness matrix: reformation #1

 1
 Nonlinear solution status: time= 0.3
	stiffness updates             = 0
	right hand side evaluations   = 2
	stiffness matrix reformations = 1
	step from line search         = 1.000000
	convergence norms :     INITIAL         CURRENT         REQUIRED
	   residual            8.529883e-03    3.653369e-07    0.000000e+00 
	   energy              2.194241e-04    2.105564e-08    2.194241e-06 
	   displacement        2.254648e-05    2.254648e-05    2.254648e-11 
 2
 Nonlinear solution status: time= 0.3
	stiffness updates             = 1
	right hand side evaluations   = 3
	stiffness matrix reformations = 1
	step from line search         = 1.000000
	convergence norms :     INITIAL         CURRENT         REQUIRED
	   residual            8.529883e-03    2.130177e-09    0.000000e+00 
	   energy              2.194241e-04    7.301557e-11    2.194241e-06 
	   displacement        2.254648e-05    8.811541e-12    2.254566e-11 

convergence summary
    number of iterations   : 2
    number of reformations : 1

------- converged at time : 0.3


Data Record #1
===========================================================================
Step = 3
Time = 0.3
Data = uz
File = feb_inputs/fiber_stiffness_c4/../../raw_logs/fiber_stiffness_c4/c4_30.0_disp.txt

Data Record #2
===========================================================================
Step = 3
Time = 0.3
Data = sz
File = feb_inputs/fiber_stiffness_c4/../../raw_logs/fiber_stiffness_c4/c4_30.0_stress.txt

Data Record #3
===========================================================================
Step = 3
Time = 0.3
Data = J
File = feb_inputs/fiber_stiffness_c4/../../raw_logs/fiber_stiffness_c4/c4_30.0_vol.txt

===== beginning time step 4 : 0.4 =====


Reforming stiffness matrix: reformation #1

 1
 Nonlinear solution status: time= 0.4
	stiffness updates             = 0
	right hand side evaluations   = 2
	stiffness matrix reformations = 1
	step from line search         = 1.000000
	convergence norms :     INITIAL         CURRENT         REQUIRED
	   residual            3.633945e-02    1.820156e-06    0.000000e+00 
	   energy              5.737642e-04    6.099078e-08    5.737642e-06 
	   displacement        4.851124e-05    4.851124e-05    4.851124e-11 
 2
 Nonlinear solution status: time= 0.4
	stiffness updates             = 1
	right hand side evaluations   = 3
	stiffness matrix reformations = 1
	step from line search         = 1.000000
	convergence norms :     INITIAL         CURRENT         REQUIRED
	   residual            3.633945e-02    1.254075e-08    0.000000e+00 
	   energy              5.737642e-04    3.097600e-10    5.737642e-06 
	   displacement        4.851124e-05    2.217346e-11    4.851076e-11 

convergence summary
    number of iterations   : 2
    number of reformations : 1

------- converged at time : 0.4


Data Record #1
===========================================================================
Step = 4
Time = 0.4
Data = uz
File = feb_inputs/fiber_stiffness_c4/../../raw_logs/fiber_stiffness_c4/c4_30.0_disp.txt

Data Record #2
===========================================================================
Step = 4
Time = 0.4
Data = sz
File = feb_inputs/fiber_stiffness_c4/../../raw_logs/fiber_stiffness_c4/c4_30.0_stress.txt

Data Record #3
===========================================================================
Step = 4
Time = 0.4
Data = J
File = feb_inputs/fiber_stiffness_c4/../../raw_logs/fiber_stiffness_c4/c4_30.0_vol.txt

===== beginning time step 5 : 0.5 =====


Reforming stiffness matrix: reformation #1

 1
 Nonlinear solution status: time= 0.5
	stiffness updates             = 0
	right hand side evaluations   = 2
	stiffness matrix reformations = 1
	step from line search         = 1.000000
	convergence norms :     INITIAL         CURRENT         REQUIRED
	   residual            9.402694e-02    1.794483e-08    0.000000e+00 
	   energy              1.146428e-03    2.182933e-09    1.146428e-05 
	   displacement        8.558042e-05    8.558042e-05    8.558042e-11 
 2
 Nonlinear solution status: time= 0.5
	stiffness updates             = 1
	right hand side evaluations   = 3
	stiffness matrix reformations = 1
	step from line search         = 1.000000
	convergence norms :     INITIAL         CURRENT         REQUIRED
	   residual            9.402694e-02    2.382634e-10    0.000000e+00 
	   energy              1.146428e-03    1.623919e-11    1.146428e-05 
	   displacement        8.558042e-05    3.259103e-12    8.558028e-11 

convergence summary
    number of iterations   : 2
    number of reformations : 1

------- converged at time : 0.5


Data Record #1
===========================================================================
Step = 5
Time = 0.5
Data = uz
File = feb_inputs/fiber_stiffness_c4/../../raw_logs/fiber_stiffness_c4/c4_30.0_disp.txt

Data Record #2
===========================================================================
Step = 5
Time = 0.5
Data = sz
File = feb_inputs/fiber_stiffness_c4/../../raw_logs/fiber_stiffness_c4/c4_30.0_stress.txt

Data Record #3
===========================================================================
Step = 5
Time = 0.5
Data = J
File = feb_inputs/fiber_stiffness_c4/../../raw_logs/fiber_stiffness_c4/c4_30.0_vol.txt

===== beginning time step 6 : 0.6 =====


Reforming stiffness matrix: reformation #1

 1
 Nonlinear solution status: time= 0.6
	stiffness updates             = 0
	right hand side evaluations   = 2
	stiffness matrix reformations = 1
	step from line search         = 1.000000
	convergence norms :     INITIAL         CURRENT         REQUIRED
	   residual            1.802548e-01    1.256281e-07    0.000000e+00 
	   energy              1.923034e-03    1.480639e-08    1.923034e-05 
	   displacement        1.321844e-04    1.321844e-04    1.321844e-10 
 2
 Nonlinear solution status: time= 0.6
	stiffness updates             = 1
	right hand side evaluations   = 3
	stiffness matrix reformations = 1
	step from line search         = 1.000000
	convergence norms :     INITIAL         CURRENT         REQUIRED
	   residual            1.802548e-01    4.504460e-10    0.000000e+00 
	   energy              1.923034e-03    2.615346e-11    1.923034e-05 
	   displacement        1.321844e-04    4.660417e-12    1.321847e-10 

convergence summary
    number of iterations   : 2
    number of reformations : 1

------- converged at time : 0.6


Data Record #1
===========================================================================
Step = 6
Time = 0.6
Data = uz
File = feb_inputs/fiber_stiffness_c4/../../raw_logs/fiber_stiffness_c4/c4_30.0_disp.txt

Data Record #2
===========================================================================
Step = 6
Time = 0.6
Data = sz
File = feb_inputs/fiber_stiffness_c4/../../raw_logs/fiber_stiffness_c4/c4_30.0_stress.txt

Data Record #3
===========================================================================
Step = 6
Time = 0.6
Data = J
File = feb_inputs/fiber_stiffness_c4/../../raw_logs/fiber_stiffness_c4/c4_30.0_vol.txt

===== beginning time step 7 : 0.7 =====


Reforming stiffness matrix: reformation #1

 1
 Nonlinear solution status: time= 0.7
	stiffness updates             = 0
	right hand side evaluations   = 2
	stiffness matrix reformations = 1
	step from line search         = 1.000000
	convergence norms :     INITIAL         CURRENT         REQUIRED
	   residual            3.009221e-01    3.146770e-08    0.000000e+00 
	   energy              2.866595e-03    1.231515e-08    2.866595e-05 
	   displacement        1.863071e-04    1.863071e-04    1.863071e-10 
 2
 Nonlinear solution status: time= 0.7
	stiffness updates             = 1
	right hand side evaluations   = 3
	stiffness matrix reformations = 1
	step from line search         = 1.000000
	convergence norms :     INITIAL         CURRENT         REQUIRED
	   residual            3.009221e-01    4.088604e-11    0.000000e+00 
	   energy              2.866595e-03    6.471289e-12    2.866595e-05 
	   displacement        1.863071e-04    2.401512e-12    1.863061e-10 

convergence summary
    number of iterations   : 2
    number of reformations : 1

------- converged at time : 0.7


Data Record #1
===========================================================================
Step = 7
Time = 0.7
Data = uz
File = feb_inputs/fiber_stiffness_c4/../../raw_logs/fiber_stiffness_c4/c4_30.0_disp.txt

Data Record #2
===========================================================================
Step = 7
Time = 0.7
Data = sz
File = feb_inputs/fiber_stiffness_c4/../../raw_logs/fiber_stiffness_c4/c4_30.0_stress.txt

Data Record #3
===========================================================================
Step = 7
Time = 0.7
Data = J
File = feb_inputs/fiber_stiffness_c4/../../raw_logs/fiber_stiffness_c4/c4_30.0_vol.txt

===== beginning time step 8 : 0.8 =====


Reforming stiffness matrix: reformation #1

 1
 Nonlinear solution status: time= 0.8
	stiffness updates             = 0
	right hand side evaluations   = 2
	stiffness matrix reformations = 1
	step from line search         = 1.000000
	convergence norms :     INITIAL         CURRENT         REQUIRED
	   residual            4.584835e-01    3.258021e-07    0.000000e+00 
	   energy              3.928395e-03    2.178331e-08    3.928395e-05 
	   displacement        2.417067e-04    2.417067e-04    2.417067e-10 
 2
 Nonlinear solution status: time= 0.8
	stiffness updates             = 1
	right hand side evaluations   = 3
	stiffness matrix reformations = 1
	step from line search         = 1.000000
	convergence norms :     INITIAL         CURRENT         REQUIRED
	   residual            4.584835e-01    1.750936e-09    0.000000e+00 
	   energy              3.928395e-03    5.257116e-11    3.928395e-05 
	   displacement        2.417067e-04    3.141783e-12    2.417045e-10 

convergence summary
    number of iterations   : 2
    number of reformations : 1

------- converged at time : 0.8


Data Record #1
===========================================================================
Step = 8
Time = 0.8
Data = uz
File = feb_inputs/fiber_stiffness_c4/../../raw_logs/fiber_stiffness_c4/c4_30.0_disp.txt

Data Record #2
===========================================================================
Step = 8
Time = 0.8
Data = sz
File = feb_inputs/fiber_stiffness_c4/../../raw_logs/fiber_stiffness_c4/c4_30.0_stress.txt

Data Record #3
===========================================================================
Step = 8
Time = 0.8
Data = J
File = feb_inputs/fiber_stiffness_c4/../../raw_logs/fiber_stiffness_c4/c4_30.0_vol.txt

===== beginning time step 9 : 0.9 =====


Reforming stiffness matrix: reformation #1

 1
 Nonlinear solution status: time= 0.9
	stiffness updates             = 0
	right hand side evaluations   = 2
	stiffness matrix reformations = 1
	step from line search         = 1.000000
	convergence norms :     INITIAL         CURRENT         REQUIRED
	   residual            6.385363e-01    1.375339e-07    0.000000e+00 
	   energy              5.063999e-03    2.095112e-08    5.063999e-05 
	   displacement        2.980430e-04    2.980430e-04    2.980430e-10 
 2
 Nonlinear solution status: time= 0.9
	stiffness updates             = 1
	right hand side evaluations   = 3
	stiffness matrix reformations = 1
	step from line search         = 1.000000
	convergence norms :     INITIAL         CURRENT         REQUIRED
	   residual            6.385363e-01    4.428741e-10    0.000000e+00 
	   energy              5.063999e-03    2.512444e-11    5.063999e-05 
	   displacement        2.980430e-04    4.452814e-12    2.980422e-10 

convergence summary
    number of iterations   : 2
    number of reformations : 1

------- converged at time : 0.9


Data Record #1
===========================================================================
Step = 9
Time = 0.9
Data = uz
File = feb_inputs/fiber_stiffness_c4/../../raw_logs/fiber_stiffness_c4/c4_30.0_disp.txt

Data Record #2
===========================================================================
Step = 9
Time = 0.9
Data = sz
File = feb_inputs/fiber_stiffness_c4/../../raw_logs/fiber_stiffness_c4/c4_30.0_stress.txt

Data Record #3
===========================================================================
Step = 9
Time = 0.9
Data = J
File = feb_inputs/fiber_stiffness_c4/../../raw_logs/fiber_stiffness_c4/c4_30.0_vol.txt

===== beginning time step 10 : 1 =====


Reforming stiffness matrix: reformation #1

 1
 Nonlinear solution status: time= 1
	stiffness updates             = 0
	right hand side evaluations   = 2
	stiffness matrix reformations = 1
	step from line search         = 1.000000
	convergence norms :     INITIAL         CURRENT         REQUIRED
	   residual            8.159875e-01    2.554043e-06    0.000000e+00 
	   energy              6.225645e-03    8.279857e-08    6.225645e-05 
	   displacement        3.578226e-04    3.578226e-04    3.578226e-10 
 2
 Nonlinear solution status: time= 1
	stiffness updates             = 1
	right hand side evaluations   = 3
	stiffness matrix reformations = 1
	step from line search         = 1.000000
	convergence norms :     INITIAL         CURRENT         REQUIRED
	   residual            8.159875e-01    3.067183e-08    0.000000e+00 
	   energy              6.225645e-03    4.942704e-10    6.225645e-05 
	   displacement        3.578226e-04    2.221150e-11    3.578184e-10 

convergence summary
    number of iterations   : 2
    number of reformations : 1

------- converged at time : 1


Data Record #1
===========================================================================
Step = 10
Time = 1
Data = uz
File = feb_inputs/fiber_stiffness_c4/../../raw_logs/fiber_stiffness_c4/c4_30.0_disp.txt

Data Record #2
===========================================================================
Step = 10
Time = 1
Data = sz
File = feb_inputs/fiber_stiffness_c4/../../raw_logs/fiber_stiffness_c4/c4_30.0_stress.txt

Data Record #3
===========================================================================
Step = 10
Time = 1
Data = J
File = feb_inputs/fiber_stiffness_c4/../../raw_logs/fiber_stiffness_c4/c4_30.0_vol.txt

===== beginning time step 11 : 1.1 =====


Reforming stiffness matrix: reformation #1

 1
 Nonlinear solution status: time= 1.1
	stiffness updates             = 0
	right hand side evaluations   = 2
	stiffness matrix reformations = 1
	step from line search         = 1.000000
	convergence norms :     INITIAL         CURRENT         REQUIRED
	   residual            9.697656e-01    2.265202e-07    0.000000e+00 
	   energy              7.356315e-03    3.010446e-08    7.356315e-05 
	   displacement        4.197687e-04    4.197687e-04    4.197687e-10 
 2
 Nonlinear solution status: time= 1.1
	stiffness updates             = 1
	right hand side evaluations   = 3
	stiffness matrix reformations = 1
	step from line search         = 1.000000
	convergence norms :     INITIAL         CURRENT         REQUIRED
	   residual            9.697656e-01    3.280105e-10    0.000000e+00 
	   energy              7.356315e-03    1.537807e-11    7.356315e-05 
	   displacement        4.197687e-04    1.510988e-12    4.197649e-10 

convergence summary
    number of iterations   : 2
    number of reformations : 1

------- converged at time : 1.1


Data Record #1
===========================================================================
Step = 11
Time = 1.1
Data = uz
File = feb_inputs/fiber_stiffness_c4/../../raw_logs/fiber_stiffness_c4/c4_30.0_disp.txt

Data Record #2
===========================================================================
Step = 11
Time = 1.1
Data = sz
File = feb_inputs/fiber_stiffness_c4/../../raw_logs/fiber_stiffness_c4/c4_30.0_stress.txt

Data Record #3
===========================================================================
Step = 11
Time = 1.1
Data = J
File = feb_inputs/fiber_stiffness_c4/../../raw_logs/fiber_stiffness_c4/c4_30.0_vol.txt

===== beginning time step 12 : 1.2 =====


Reforming stiffness matrix: reformation #1

 1
 Nonlinear solution status: time= 1.2
	stiffness updates             = 0
	right hand side evaluations   = 2
	stiffness matrix reformations = 1
	step from line search         = 1.000000
	convergence norms :     INITIAL         CURRENT         REQUIRED
	   residual            1.104291e+00    9.380910e-09    0.000000e+00 
	   energy              8.394145e-03    1.802007e-08    8.394145e-05 
	   displacement        4.777430e-04    4.777430e-04    4.777430e-10 
 2
 Nonlinear solution status: time= 1.2
	stiffness updates             = 1
	right hand side evaluations   = 3
	stiffness matrix reformations = 1
	step from line search         = 1.000000
	convergence norms :     INITIAL         CURRENT         REQUIRED
	   residual            1.104291e+00    6.067024e-12    0.000000e+00 
	   energy              8.394145e-03    4.083764e-13    8.394145e-05 
	   displacement        4.777430e-04    9.620521e-14    4.777391e-10 

convergence summary
    number of iterations   : 2
    number of reformations : 1

------- converged at time : 1.2


Data Record #1
===========================================================================
Step = 12
Time = 1.2
Data = uz
File = feb_inputs/fiber_stiffness_c4/../../raw_logs/fiber_stiffness_c4/c4_30.0_disp.txt

Data Record #2
===========================================================================
Step = 12
Time = 1.2
Data = sz
File = feb_inputs/fiber_stiffness_c4/../../raw_logs/fiber_stiffness_c4/c4_30.0_stress.txt

Data Record #3
===========================================================================
Step = 12
Time = 1.2
Data = J
File = feb_inputs/fiber_stiffness_c4/../../raw_logs/fiber_stiffness_c4/c4_30.0_vol.txt

===== beginning time step 13 : 1.3 =====


Reforming stiffness matrix: reformation #1

 1
 Nonlinear solution status: time= 1.3
	stiffness updates             = 0
	right hand side evaluations   = 2
	stiffness matrix reformations = 1
	step from line search         = 1.000000
	convergence norms :     INITIAL         CURRENT         REQUIRED
	   residual            1.230916e+00    6.608798e-09    0.000000e+00 
	   energy              9.299051e-03    1.903712e-08    9.299051e-05 
	   displacement        5.252048e-04    5.252048e-04    5.252048e-10 
 2
 Nonlinear solution status: time= 1.3
	stiffness updates             = 1
	right hand side evaluations   = 3
	stiffness matrix reformations = 1
	step from line search         = 1.000000
	convergence norms :     INITIAL         CURRENT         REQUIRED
	   residual            1.230916e+00    8.629762e-12    0.000000e+00 
	   energy              9.299051e-03    5.736337e-13    9.299051e-05 
	   displacement        5.252048e-04    1.239028e-13    5.252006e-10 

convergence summary
    number of iterations   : 2
    number of reformations : 1

------- converged at time : 1.3


Data Record #1
===========================================================================
Step = 13
Time = 1.3
Data = uz
File = feb_inputs/fiber_stiffness_c4/../../raw_logs/fiber_stiffness_c4/c4_30.0_disp.txt

Data Record #2
===========================================================================
Step = 13
Time = 1.3
Data = sz
File = feb_inputs/fiber_stiffness_c4/../../raw_logs/fiber_stiffness_c4/c4_30.0_stress.txt

Data Record #3
===========================================================================
Step = 13
Time = 1.3
Data = J
File = feb_inputs/fiber_stiffness_c4/../../raw_logs/fiber_stiffness_c4/c4_30.0_vol.txt

===== beginning time step 14 : 1.4 =====


Reforming stiffness matrix: reformation #1

 1
 Nonlinear solution status: time= 1.4
	stiffness updates             = 0
	right hand side evaluations   = 2
	stiffness matrix reformations = 1
	step from line search         = 1.000000
	convergence norms :     INITIAL         CURRENT         REQUIRED
	   residual            1.344288e+00    2.343251e-09    0.000000e+00 
	   energy              1.008363e-02    1.942282e-08    1.008363e-04 
	   displacement        5.646254e-04    5.646254e-04    5.646254e-10 
 2
 Nonlinear solution status: time= 1.4
	stiffness updates             = 1
	right hand side evaluations   = 3
	stiffness matrix reformations = 1
	step from line search         = 1.000000
	convergence norms :     INITIAL         CURRENT         REQUIRED
	   residual            1.344288e+00    6.406411e-12    0.000000e+00 
	   energy              1.008363e-02    8.314255e-13    1.008363e-04 
	   displacement        5.646254e-04    2.148547e-13    5.646210e-10 

convergence summary
    number of iterations   : 2
    number of reformations : 1

------- converged at time : 1.4


Data Record #1
===========================================================================
Step = 14
Time = 1.4
Data = uz
File = feb_inputs/fiber_stiffness_c4/../../raw_logs/fiber_stiffness_c4/c4_30.0_disp.txt

Data Record #2
===========================================================================
Step = 14
Time = 1.4
Data = sz
File = feb_inputs/fiber_stiffness_c4/../../raw_logs/fiber_stiffness_c4/c4_30.0_stress.txt

Data Record #3
===========================================================================
Step = 14
Time = 1.4
Data = J
File = feb_inputs/fiber_stiffness_c4/../../raw_logs/fiber_stiffness_c4/c4_30.0_vol.txt

===== beginning time step 15 : 1.5 =====


Reforming stiffness matrix: reformation #1

 1
 Nonlinear solution status: time= 1.5
	stiffness updates             = 0
	right hand side evaluations   = 2
	stiffness matrix reformations = 1
	step from line search         = 1.000000
	convergence norms :     INITIAL         CURRENT         REQUIRED
	   residual            1.451488e+00    4.258126e-10    0.000000e+00 
	   energy              1.079934e-02    1.904707e-08    1.079934e-04 
	   displacement        6.006572e-04    6.006572e-04    6.006572e-10 
 2
 Nonlinear solution status: time= 1.5
	stiffness updates             = 1
	right hand side evaluations   = 3
	stiffness matrix reformations = 1
	step from line search         = 1.000000
	convergence norms :     INITIAL         CURRENT         REQUIRED
	   residual            1.451488e+00    4.141719e-13    0.000000e+00 
	   energy              1.079934e-02    5.326401e-14    1.079934e-04 
	   displacement        6.006572e-04    5.393957e-14    6.006526e-10 

convergence summary
    number of iterations   : 2
    number of reformations : 1

------- converged at time : 1.5


Data Record #1
===========================================================================
Step = 15
Time = 1.5
Data = uz
File = feb_inputs/fiber_stiffness_c4/../../raw_logs/fiber_stiffness_c4/c4_30.0_disp.txt

Data Record #2
===========================================================================
Step = 15
Time = 1.5
Data = sz
File = feb_inputs/fiber_stiffness_c4/../../raw_logs/fiber_stiffness_c4/c4_30.0_stress.txt

Data Record #3
===========================================================================
Step = 15
Time = 1.5
Data = J
File = feb_inputs/fiber_stiffness_c4/../../raw_logs/fiber_stiffness_c4/c4_30.0_vol.txt

===== beginning time step 16 : 1.6 =====


Reforming stiffness matrix: reformation #1

 1
 Nonlinear solution status: time= 1.6
	stiffness updates             = 0
	right hand side evaluations   = 2
	stiffness matrix reformations = 1
	step from line search         = 1.000000
	convergence norms :     INITIAL         CURRENT         REQUIRED
	   residual            1.582175e+00    1.214806e-09    0.000000e+00 
	   energy              1.151499e-02    1.835880e-08    1.151499e-04 
	   displacement        6.324475e-04    6.324475e-04    6.324475e-10 
 2
 Nonlinear solution status: time= 1.6
	stiffness updates             = 1
	right hand side evaluations   = 3
	stiffness matrix reformations = 1
	step from line search         = 1.000000
	convergence norms :     INITIAL         CURRENT         REQUIRED
	   residual            1.582175e+00    2.358914e-12    0.000000e+00 
	   energy              1.151499e-02    1.625864e-13    1.151499e-04 
	   displacement        6.324475e-04    6.224636e-14    6.324427e-10 

convergence summary
    number of iterations   : 2
    number of reformations : 1

------- converged at time : 1.6


Data Record #1
===========================================================================
Step = 16
Time = 1.6
Data = uz
File = feb_inputs/fiber_stiffness_c4/../../raw_logs/fiber_stiffness_c4/c4_30.0_disp.txt

Data Record #2
===========================================================================
Step = 16
Time = 1.6
Data = sz
File = feb_inputs/fiber_stiffness_c4/../../raw_logs/fiber_stiffness_c4/c4_30.0_stress.txt

Data Record #3
===========================================================================
Step = 16
Time = 1.6
Data = J
File = feb_inputs/fiber_stiffness_c4/../../raw_logs/fiber_stiffness_c4/c4_30.0_vol.txt

===== beginning time step 17 : 1.7 =====


Reforming stiffness matrix: reformation #1

 1
 Nonlinear solution status: time= 1.7
	stiffness updates             = 0
	right hand side evaluations   = 2
	stiffness matrix reformations = 1
	step from line search         = 1.000000
	convergence norms :     INITIAL         CURRENT         REQUIRED
	   residual            1.768284e+00    2.993549e-10    0.000000e+00 
	   energy              1.230972e-02    1.731907e-08    1.230972e-04 
	   displacement        6.603304e-04    6.603304e-04    6.603304e-10 
 2
 Nonlinear solution status: time= 1.7
	stiffness updates             = 1
	right hand side evaluations   = 3
	stiffness matrix reformations = 1
	step from line search         = 1.000000
	convergence norms :     INITIAL         CURRENT         REQUIRED
	   residual            1.768284e+00    2.542261e-13    0.000000e+00 
	   energy              1.230972e-02    5.545871e-14    1.230972e-04 
	   displacement        6.603304e-04    6.510623e-14    6.603256e-10 

convergence summary
    number of iterations   : 2
    number of reformations : 1

------- converged at time : 1.7


Data Record #1
===========================================================================
Step = 17
Time = 1.7
Data = uz
File = feb_inputs/fiber_stiffness_c4/../../raw_logs/fiber_stiffness_c4/c4_30.0_disp.txt

Data Record #2
===========================================================================
Step = 17
Time = 1.7
Data = sz
File = feb_inputs/fiber_stiffness_c4/../../raw_logs/fiber_stiffness_c4/c4_30.0_stress.txt

Data Record #3
===========================================================================
Step = 17
Time = 1.7
Data = J
File = feb_inputs/fiber_stiffness_c4/../../raw_logs/fiber_stiffness_c4/c4_30.0_vol.txt

===== beginning time step 18 : 1.8 =====


Reforming stiffness matrix: reformation #1

 1
 Nonlinear solution status: time= 1.8
	stiffness updates             = 0
	right hand side evaluations   = 2
	stiffness matrix reformations = 1
	step from line search         = 1.000000
	convergence norms :     INITIAL         CURRENT         REQUIRED
	   residual            2.024616e+00    1.135697e-07    0.000000e+00 
	   energy              1.326225e-02    7.302882e-09    1.326225e-04 
	   displacement        6.889362e-04    6.889362e-04    6.889362e-10 
 2
 Nonlinear solution status: time= 1.8
	stiffness updates             = 1
	right hand side evaluations   = 3
	stiffness matrix reformations = 1
	step from line search         = 1.000000
	convergence norms :     INITIAL         CURRENT         REQUIRED
	   residual            2.024616e+00    1.910735e-10    0.000000e+00 
	   energy              1.326225e-02    1.091854e-11    1.326225e-04 
	   displacement        6.889362e-04    1.369368e-12    6.889318e-10 

convergence summary
    number of iterations   : 2
    number of reformations : 1

------- converged at time : 1.8


Data Record #1
===========================================================================
Step = 18
Time = 1.8
Data = uz
File = feb_inputs/fiber_stiffness_c4/../../raw_logs/fiber_stiffness_c4/c4_30.0_disp.txt

Data Record #2
===========================================================================
Step = 18
Time = 1.8
Data = sz
File = feb_inputs/fiber_stiffness_c4/../../raw_logs/fiber_stiffness_c4/c4_30.0_stress.txt

Data Record #3
===========================================================================
Step = 18
Time = 1.8
Data = J
File = feb_inputs/fiber_stiffness_c4/../../raw_logs/fiber_stiffness_c4/c4_30.0_vol.txt

===== beginning time step 19 : 1.9 =====


Reforming stiffness matrix: reformation #1

 1
 Nonlinear solution status: time= 1.9
	stiffness updates             = 0
	right hand side evaluations   = 2
	stiffness matrix reformations = 1
	step from line search         = 1.000000
	convergence norms :     INITIAL         CURRENT         REQUIRED
	   residual            2.346756e+00    2.101233e-07    0.000000e+00 
	   energy              1.444110e-02    1.470778e-09    1.444110e-04 
	   displacement        7.267890e-04    7.267890e-04    7.267890e-10 
 2
 Nonlinear solution status: time= 1.9
	stiffness updates             = 1
	right hand side evaluations   = 3
	stiffness matrix reformations = 1
	step from line search         = 1.000000
	convergence norms :     INITIAL         CURRENT         REQUIRED
	   residual            2.346756e+00    1.181052e-10    0.000000e+00 
	   energy              1.444110e-02    7.454028e-12    1.444110e-04 
	   displacement        7.267890e-04    1.215573e-12    7.267849e-10 

convergence summary
    number of iterations   : 2
    number of reformations : 1

------- converged at time : 1.9


Data Record #1
===========================================================================
Step = 19
Time = 1.9
Data = uz
File = feb_inputs/fiber_stiffness_c4/../../raw_logs/fiber_stiffness_c4/c4_30.0_disp.txt

Data Record #2
===========================================================================
Step = 19
Time = 1.9
Data = sz
File = feb_inputs/fiber_stiffness_c4/../../raw_logs/fiber_stiffness_c4/c4_30.0_stress.txt

Data Record #3
===========================================================================
Step = 19
Time = 1.9
Data = J
File = feb_inputs/fiber_stiffness_c4/../../raw_logs/fiber_stiffness_c4/c4_30.0_vol.txt

===== beginning time step 20 : 2 =====


Reforming stiffness matrix: reformation #1

 1
 Nonlinear solution status: time= 2
	stiffness updates             = 0
	right hand side evaluations   = 2
	stiffness matrix reformations = 1
	step from line search         = 1.000000
	convergence norms :     INITIAL         CURRENT         REQUIRED
	   residual            2.731372e+00    1.996541e-06    0.000000e+00 
	   energy              1.589190e-02    8.199468e-08    1.589190e-04 
	   displacement        7.791569e-04    7.791569e-04    7.791569e-10 
 2
 Nonlinear solution status: time= 2
	stiffness updates             = 1
	right hand side evaluations   = 3
	stiffness matrix reformations = 1
	step from line search         = 1.000000
	convergence norms :     INITIAL         CURRENT         REQUIRED
	   residual            2.731372e+00    1.009640e-08    0.000000e+00 
	   energy              1.589190e-02    2.206819e-10    1.589190e-04 
	   displacement        7.791569e-04    1.261481e-11    7.791546e-10 

convergence summary
    number of iterations   : 2
    number of reformations : 1

------- converged at time : 2


Data Record #1
===========================================================================
Step = 20
Time = 2
Data = uz
File = feb_inputs/fiber_stiffness_c4/../../raw_logs/fiber_stiffness_c4/c4_30.0_disp.txt

Data Record #2
===========================================================================
Step = 20
Time = 2
Data = sz
File = feb_inputs/fiber_stiffness_c4/../../raw_logs/fiber_stiffness_c4/c4_30.0_stress.txt

Data Record #3
===========================================================================
Step = 20
Time = 2
Data = J
File = feb_inputs/fiber_stiffness_c4/../../raw_logs/fiber_stiffness_c4/c4_30.0_vol.txt

===== beginning time step 21 : 2.1 =====


Reforming stiffness matrix: reformation #1

 1
 Nonlinear solution status: time= 2.1
	stiffness updates             = 0
	right hand side evaluations   = 2
	stiffness matrix reformations = 1
	step from line search         = 1.000000
	convergence norms :     INITIAL         CURRENT         REQUIRED
	   residual            3.178911e+00    2.794339e-06    0.000000e+00 
	   energy              1.765515e-02    1.142793e-07    1.765515e-04 
	   displacement        8.459453e-04    8.459453e-04    8.459453e-10 
 2
 Nonlinear solution status: time= 2.1
	stiffness updates             = 1
	right hand side evaluations   = 3
	stiffness matrix reformations = 1
	step from line search         = 1.000000
	convergence norms :     INITIAL         CURRENT         REQUIRED
	   residual            3.178911e+00    1.418830e-08    0.000000e+00 
	   energy              1.765515e-02    3.256882e-10    1.765515e-04 
	   displacement        8.459453e-04    2.269804e-11    8.459430e-10 

convergence summary
    number of iterations   : 2
    number of reformations : 1

------- converged at time : 2.1


Data Record #1
===========================================================================
Step = 21
Time = 2.1
Data = uz
File = feb_inputs/fiber_stiffness_c4/../../raw_logs/fiber_stiffness_c4/c4_30.0_disp.txt

Data Record #2
===========================================================================
Step = 21
Time = 2.1
Data = sz
File = feb_inputs/fiber_stiffness_c4/../../raw_logs/fiber_stiffness_c4/c4_30.0_stress.txt

Data Record #3
===========================================================================
Step = 21
Time = 2.1
Data = J
File = feb_inputs/fiber_stiffness_c4/../../raw_logs/fiber_stiffness_c4/c4_30.0_vol.txt

===== beginning time step 22 : 2.2 =====


Reforming stiffness matrix: reformation #1

 1
 Nonlinear solution status: time= 2.2
	stiffness updates             = 0
	right hand side evaluations   = 2
	stiffness matrix reformations = 1
	step from line search         = 1.000000
	convergence norms :     INITIAL         CURRENT         REQUIRED
	   residual            3.696780e+00    5.360398e-07    0.000000e+00 
	   energy              1.978061e-02    2.733384e-08    1.978061e-04 
	   displacement        9.298900e-04    9.298900e-04    9.298900e-10 
 2
 Nonlinear solution status: time= 2.2
	stiffness updates             = 1
	right hand side evaluations   = 3
	stiffness matrix reformations = 1
	step from line search         = 1.000000
	convergence norms :     INITIAL         CURRENT         REQUIRED
	   residual            3.696780e+00    1.479962e-09    0.000000e+00 
	   energy              1.978061e-02    7.889827e-11    1.978061e-04 
	   displacement        9.298900e-04    1.219906e-11    9.298862e-10 

convergence summary
    number of iterations   : 2
    number of reformations : 1

------- converged at time : 2.2


Data Record #1
===========================================================================
Step = 22
Time = 2.2
Data = uz
File = feb_inputs/fiber_stiffness_c4/../../raw_logs/fiber_stiffness_c4/c4_30.0_disp.txt

Data Record #2
===========================================================================
Step = 22
Time = 2.2
Data = sz
File = feb_inputs/fiber_stiffness_c4/../../raw_logs/fiber_stiffness_c4/c4_30.0_stress.txt

Data Record #3
===========================================================================
Step = 22
Time = 2.2
Data = J
File = feb_inputs/fiber_stiffness_c4/../../raw_logs/fiber_stiffness_c4/c4_30.0_vol.txt

===== beginning time step 23 : 2.3 =====


Reforming stiffness matrix: reformation #1

 1
 Nonlinear solution status: time= 2.3
	stiffness updates             = 0
	right hand side evaluations   = 2
	stiffness matrix reformations = 1
	step from line search         = 1.000000
	convergence norms :     INITIAL         CURRENT         REQUIRED
	   residual            4.285212e+00    8.541591e-07    0.000000e+00 
	   energy              2.229282e-02    3.433045e-08    2.229282e-04 
	   displacement        1.033944e-03    1.033944e-03    1.033944e-09 
 2
 Nonlinear solution status: time= 2.3
	stiffness updates             = 1
	right hand side evaluations   = 3
	stiffness matrix reformations = 1
	step from line search         = 1.000000
	convergence norms :     INITIAL         CURRENT         REQUIRED
	   residual            4.285212e+00    3.602649e-09    0.000000e+00 
	   energy              2.229282e-02    1.111942e-10    2.229282e-04 
	   displacement        1.033944e-03    8.596546e-12    1.033941e-09 

convergence summary
    number of iterations   : 2
    number of reformations : 1

------- converged at time : 2.3


Data Record #1
===========================================================================
Step = 23
Time = 2.3
Data = uz
File = feb_inputs/fiber_stiffness_c4/../../raw_logs/fiber_stiffness_c4/c4_30.0_disp.txt

Data Record #2
===========================================================================
Step = 23
Time = 2.3
Data = sz
File = feb_inputs/fiber_stiffness_c4/../../raw_logs/fiber_stiffness_c4/c4_30.0_stress.txt

Data Record #3
===========================================================================
Step = 23
Time = 2.3
Data = J
File = feb_inputs/fiber_stiffness_c4/../../raw_logs/fiber_stiffness_c4/c4_30.0_vol.txt

===== beginning time step 24 : 2.4 =====


Reforming stiffness matrix: reformation #1

 1
 Nonlinear solution status: time= 2.4
	stiffness updates             = 0
	right hand side evaluations   = 2
	stiffness matrix reformations = 1
	step from line search         = 1.000000
	convergence norms :     INITIAL         CURRENT         REQUIRED
	   residual            4.921561e+00    1.092190e-08    0.000000e+00 
	   energy              2.516340e-02    5.313202e-09    2.516340e-04 
	   displacement        1.158627e-03    1.158627e-03    1.158627e-09 
 2
 Nonlinear solution status: time= 2.4
	stiffness updates             = 1
	right hand side evaluations   = 3
	stiffness matrix reformations = 1
	step from line search         = 1.000000
	convergence norms :     INITIAL         CURRENT         REQUIRED
	   residual            4.921561e+00    5.780352e-12    0.000000e+00 
	   energy              2.516340e-02    1.341050e-12    2.516340e-04 
	   displacement        1.158627e-03    7.965893e-13    1.158625e-09 

convergence summary
    number of iterations   : 2
    number of reformations : 1

------- converged at time : 2.4


Data Record #1
===========================================================================
Step = 24
Time = 2.4
Data = uz
File = feb_inputs/fiber_stiffness_c4/../../raw_logs/fiber_stiffness_c4/c4_30.0_disp.txt

Data Record #2
===========================================================================
Step = 24
Time = 2.4
Data = sz
File = feb_inputs/fiber_stiffness_c4/../../raw_logs/fiber_stiffness_c4/c4_30.0_stress.txt

Data Record #3
===========================================================================
Step = 24
Time = 2.4
Data = J
File = feb_inputs/fiber_stiffness_c4/../../raw_logs/fiber_stiffness_c4/c4_30.0_vol.txt

===== beginning time step 25 : 2.5 =====


Reforming stiffness matrix: reformation #1

 1
 Nonlinear solution status: time= 2.5
	stiffness updates             = 0
	right hand side evaluations   = 2
	stiffness matrix reformations = 1
	step from line search         = 1.000000
	convergence norms :     INITIAL         CURRENT         REQUIRED
	   residual            5.586053e+00    4.258120e-06    0.000000e+00 
	   energy              2.830232e-02    1.997077e-07    2.830232e-04 
	   displacement        1.301805e-03    1.301805e-03    1.301805e-09 
 2
 Nonlinear solution status: time= 2.5
	stiffness updates             = 1
	right hand side evaluations   = 3
	stiffness matrix reformations = 1
	step from line search         = 1.000000
	convergence norms :     INITIAL         CURRENT         REQUIRED
	   residual            5.586053e+00    2.233399e-08    0.000000e+00 
	   energy              2.830232e-02    5.954988e-10    2.830232e-04 
	   displacement        1.301805e-03    3.255622e-11    1.301808e-09 

convergence summary
    number of iterations   : 2
    number of reformations : 1

------- converged at time : 2.5


Data Record #1
===========================================================================
Step = 25
Time = 2.5
Data = uz
File = feb_inputs/fiber_stiffness_c4/../../raw_logs/fiber_stiffness_c4/c4_30.0_disp.txt

Data Record #2
===========================================================================
Step = 25
Time = 2.5
Data = sz
File = feb_inputs/fiber_stiffness_c4/../../raw_logs/fiber_stiffness_c4/c4_30.0_stress.txt

Data Record #3
===========================================================================
Step = 25
Time = 2.5
Data = J
File = feb_inputs/fiber_stiffness_c4/../../raw_logs/fiber_stiffness_c4/c4_30.0_vol.txt

===== beginning time step 26 : 2.6 =====


Reforming stiffness matrix: reformation #1

 1
 Nonlinear solution status: time= 2.6
	stiffness updates             = 0
	right hand side evaluations   = 2
	stiffness matrix reformations = 1
	step from line search         = 1.000000
	convergence norms :     INITIAL         CURRENT         REQUIRED
	   residual            6.268513e+00    3.711292e-06    0.000000e+00 
	   energy              3.159403e-02    1.903363e-07    3.159403e-04 
	   displacement        1.452997e-03    1.452997e-03    1.452997e-09 
 2
 Nonlinear solution status: time= 2.6
	stiffness updates             = 1
	right hand side evaluations   = 3
	stiffness matrix reformations = 1
	step from line search         = 1.000000
	convergence norms :     INITIAL         CURRENT         REQUIRED
	   residual            6.268513e+00    1.656319e-08    0.000000e+00 
	   energy              3.159403e-02    5.528662e-10    3.159403e-04 
	   displacement        1.452997e-03    4.667579e-11    1.452995e-09 

convergence summary
    number of iterations   : 2
    number of reformations : 1

------- converged at time : 2.6


Data Record #1
===========================================================================
Step = 26
Time = 2.6
Data = uz
File = feb_inputs/fiber_stiffness_c4/../../raw_logs/fiber_stiffness_c4/c4_30.0_disp.txt

Data Record #2
===========================================================================
Step = 26
Time = 2.6
Data = sz
File = feb_inputs/fiber_stiffness_c4/../../raw_logs/fiber_stiffness_c4/c4_30.0_stress.txt

Data Record #3
===========================================================================
Step = 26
Time = 2.6
Data = J
File = feb_inputs/fiber_stiffness_c4/../../raw_logs/fiber_stiffness_c4/c4_30.0_vol.txt

===== beginning time step 27 : 2.7 =====


Reforming stiffness matrix: reformation #1

 1
 Nonlinear solution status: time= 2.7
	stiffness updates             = 0
	right hand side evaluations   = 2
	stiffness matrix reformations = 1
	step from line search         = 1.000000
	convergence norms :     INITIAL         CURRENT         REQUIRED
	   residual            6.955110e+00    2.311232e-07    0.000000e+00 
	   energy              3.493421e-02    4.034575e-08    3.493421e-04 
	   displacement        1.600017e-03    1.600017e-03    1.600017e-09 
 2
 Nonlinear solution status: time= 2.7
	stiffness updates             = 1
	right hand side evaluations   = 3
	stiffness matrix reformations = 1
	step from line search         = 1.000000
	convergence norms :     INITIAL         CURRENT         REQUIRED
	   residual            6.955110e+00    2.558795e-10    0.000000e+00 
	   energy              3.493421e-02    3.558668e-11    3.493421e-04 
	   displacement        1.600017e-03    8.947688e-12    1.600012e-09 

convergence summary
    number of iterations   : 2
    number of reformations : 1

------- converged at time : 2.7


Data Record #1
===========================================================================
Step = 27
Time = 2.7
Data = uz
File = feb_inputs/fiber_stiffness_c4/../../raw_logs/fiber_stiffness_c4/c4_30.0_disp.txt

Data Record #2
===========================================================================
Step = 27
Time = 2.7
Data = sz
File = feb_inputs/fiber_stiffness_c4/../../raw_logs/fiber_stiffness_c4/c4_30.0_stress.txt

Data Record #3
===========================================================================
Step = 27
Time = 2.7
Data = J
File = feb_inputs/fiber_stiffness_c4/../../raw_logs/fiber_stiffness_c4/c4_30.0_vol.txt

===== beginning time step 28 : 2.8 =====


Reforming stiffness matrix: reformation #1

 1
 Nonlinear solution status: time= 2.8
	stiffness updates             = 0
	right hand side evaluations   = 2
	stiffness matrix reformations = 1
	step from line search         = 1.000000
	convergence norms :     INITIAL         CURRENT         REQUIRED
	   residual            7.625723e+00    6.200239e-07    0.000000e+00 
	   energy              3.825202e-02    1.069336e-07    3.825202e-04 
	   displacement        1.743520e-03    1.743520e-03    1.743520e-09 
 2
 Nonlinear solution status: time= 2.8
	stiffness updates             = 1
	right hand side evaluations   = 3
	stiffness matrix reformations = 1
	step from line search         = 1.000000
	convergence norms :     INITIAL         CURRENT         REQUIRED
	   residual            7.625723e+00    9.164707e-10    0.000000e+00 
	   energy              3.825202e-02    8.597568e-11    3.825202e-04 
	   displacement        1.743520e-03    1.916687e-11    1.743517e-09 

convergence summary
    number of iterations   : 2
    number of reformations : 1

------- converged at time : 2.8


Data Record #1
===========================================================================
Step = 28
Time = 2.8
Data = uz
File = feb_inputs/fiber_stiffness_c4/../../raw_logs/fiber_stiffness_c4/c4_30.0_disp.txt

Data Record #2
===========================================================================
Step = 28
Time = 2.8
Data = sz
File = feb_inputs/fiber_stiffness_c4/../../raw_logs/fiber_stiffness_c4/c4_30.0_stress.txt

Data Record #3
===========================================================================
Step = 28
Time = 2.8
Data = J
File = feb_inputs/fiber_stiffness_c4/../../raw_logs/fiber_stiffness_c4/c4_30.0_vol.txt

===== beginning time step 29 : 2.9 =====


Reforming stiffness matrix: reformation #1

 1
 Nonlinear solution status: time= 2.9
	stiffness updates             = 0
	right hand side evaluations   = 2
	stiffness matrix reformations = 1
	step from line search         = 1.000000
	convergence norms :     INITIAL         CURRENT         REQUIRED
	   residual            8.249236e+00    7.263083e-07    0.000000e+00 
	   energy              4.152203e-02    1.783972e-07    4.152203e-04 
	   displacement        1.890922e-03    1.890922e-03    1.890922e-09 
 2
 Nonlinear solution status: time= 2.9
	stiffness updates             = 1
	right hand side evaluations   = 3
	stiffness matrix reformations = 1
	step from line search         = 1.000000
	convergence norms :     INITIAL         CURRENT         REQUIRED
	   residual            8.249236e+00    4.715489e-10    0.000000e+00 
	   energy              4.152203e-02    5.592277e-11    4.152203e-04 
	   displacement        1.890922e-03    1.549862e-11    1.890922e-09 

convergence summary
    number of iterations   : 2
    number of reformations : 1

------- converged at time : 2.9


Data Record #1
===========================================================================
Step = 29
Time = 2.9
Data = uz
File = feb_inputs/fiber_stiffness_c4/../../raw_logs/fiber_stiffness_c4/c4_30.0_disp.txt

Data Record #2
===========================================================================
Step = 29
Time = 2.9
Data = sz
File = feb_inputs/fiber_stiffness_c4/../../raw_logs/fiber_stiffness_c4/c4_30.0_stress.txt

Data Record #3
===========================================================================
Step = 29
Time = 2.9
Data = J
File = feb_inputs/fiber_stiffness_c4/../../raw_logs/fiber_stiffness_c4/c4_30.0_vol.txt

===== beginning time step 30 : 3 =====


Reforming stiffness matrix: reformation #1

 1
 Nonlinear solution status: time= 3
	stiffness updates             = 0
	right hand side evaluations   = 2
	stiffness matrix reformations = 1
	step from line search         = 1.000000
	convergence norms :     INITIAL         CURRENT         REQUIRED
	   residual            8.806675e+00    2.241416e-06    0.000000e+00 
	   energy              4.476333e-02    3.534250e-07    4.476333e-04 
	   displacement        2.045000e-03    2.045000e-03    2.045000e-09 
 2
 Nonlinear solution status: time= 3
	stiffness updates             = 1
	right hand side evaluations   = 3
	stiffness matrix reformations = 1
	step from line search         = 1.000000
	convergence norms :     INITIAL         CURRENT         REQUIRED
	   residual            8.806675e+00    3.067816e-09    0.000000e+00 
	   energy              4.476333e-02    2.847693e-10    4.476333e-04 
	   displacement        2.045000e-03    9.164418e-11    2.045005e-09 

convergence summary
    number of iterations   : 2
    number of reformations : 1

------- converged at time : 3


Data Record #1
===========================================================================
Step = 30
Time = 3
Data = uz
File = feb_inputs/fiber_stiffness_c4/../../raw_logs/fiber_stiffness_c4/c4_30.0_disp.txt

Data Record #2
===========================================================================
Step = 30
Time = 3
Data = sz
File = feb_inputs/fiber_stiffness_c4/../../raw_logs/fiber_stiffness_c4/c4_30.0_stress.txt

Data Record #3
===========================================================================
Step = 30
Time = 3
Data = J
File = feb_inputs/fiber_stiffness_c4/../../raw_logs/fiber_stiffness_c4/c4_30.0_vol.txt

===== beginning time step 31 : 3.1 =====


Reforming stiffness matrix: reformation #1

 1
 Nonlinear solution status: time= 3.1
	stiffness updates             = 0
	right hand side evaluations   = 2
	stiffness matrix reformations = 1
	step from line search         = 1.000000
	convergence norms :     INITIAL         CURRENT         REQUIRED
	   residual            9.300635e+00    4.378415e-09    0.000000e+00 
	   energy              4.801632e-02    2.776442e-08    4.801632e-04 
	   displacement        2.207054e-03    2.207054e-03    2.207054e-09 
 2
 Nonlinear solution status: time= 3.1
	stiffness updates             = 1
	right hand side evaluations   = 3
	stiffness matrix reformations = 1
	step from line search         = 1.000000
	convergence norms :     INITIAL         CURRENT         REQUIRED
	   residual            9.300635e+00    1.552933e-12    0.000000e+00 
	   energy              4.801632e-02    2.980614e-13    4.801632e-04 
	   displacement        2.207054e-03    2.684697e-13    2.207048e-09 

convergence summary
    number of iterations   : 2
    number of reformations : 1

------- converged at time : 3.1


Data Record #1
===========================================================================
Step = 31
Time = 3.1
Data = uz
File = feb_inputs/fiber_stiffness_c4/../../raw_logs/fiber_stiffness_c4/c4_30.0_disp.txt

Data Record #2
===========================================================================
Step = 31
Time = 3.1
Data = sz
File = feb_inputs/fiber_stiffness_c4/../../raw_logs/fiber_stiffness_c4/c4_30.0_stress.txt

Data Record #3
===========================================================================
Step = 31
Time = 3.1
Data = J
File = feb_inputs/fiber_stiffness_c4/../../raw_logs/fiber_stiffness_c4/c4_30.0_vol.txt

===== beginning time step 32 : 3.2 =====


Reforming stiffness matrix: reformation #1

 1
 Nonlinear solution status: time= 3.2
	stiffness updates             = 0
	right hand side evaluations   = 2
	stiffness matrix reformations = 1
	step from line search         = 1.000000
	convergence norms :     INITIAL         CURRENT         REQUIRED
	   residual            9.744273e+00    7.037564e-11    0.000000e+00 
	   energy              5.130539e-02    3.707606e-08    5.130539e-04 
	   displacement        2.379786e-03    2.379786e-03    2.379786e-09 
 2
 Nonlinear solution status: time= 3.2
	stiffness updates             = 1
	right hand side evaluations   = 3
	stiffness matrix reformations = 1
	step from line search         = 1.000000
	convergence norms :     INITIAL         CURRENT         REQUIRED
	   residual            9.744273e+00    3.641258e-16    0.000000e+00 
	   energy              5.130539e-02    1.990791e-18    5.130539e-04 
	   displacement        2.379786e-03    1.107430e-13    2.379778e-09 

convergence summary
    number of iterations   : 2
    number of reformations : 1

------- converged at time : 3.2


Data Record #1
===========================================================================
Step = 32
Time = 3.2
Data = uz
File = feb_inputs/fiber_stiffness_c4/../../raw_logs/fiber_stiffness_c4/c4_30.0_disp.txt

Data Record #2
===========================================================================
Step = 32
Time = 3.2
Data = sz
File = feb_inputs/fiber_stiffness_c4/../../raw_logs/fiber_stiffness_c4/c4_30.0_stress.txt

Data Record #3
===========================================================================
Step = 32
Time = 3.2
Data = J
File = feb_inputs/fiber_stiffness_c4/../../raw_logs/fiber_stiffness_c4/c4_30.0_vol.txt

===== beginning time step 33 : 3.3 =====


Reforming stiffness matrix: reformation #1

 1
 Nonlinear solution status: time= 3.3
	stiffness updates             = 0
	right hand side evaluations   = 2
	stiffness matrix reformations = 1
	step from line search         = 1.000000
	convergence norms :     INITIAL         CURRENT         REQUIRED
	   residual            1.015408e+01    3.125892e-09    0.000000e+00 
	   energy              5.463700e-02    3.659355e-08    5.463700e-04 
	   displacement        2.563052e-03    2.563052e-03    2.563052e-09 
 2
 Nonlinear solution status: time= 3.3
	stiffness updates             = 1
	right hand side evaluations   = 3
	stiffness matrix reformations = 1
	step from line search         = 1.000000
	convergence norms :     INITIAL         CURRENT         REQUIRED
	   residual            1.015408e+01    1.227197e-13    0.000000e+00 
	   energy              5.463700e-02    8.157472e-14    5.463700e-04 
	   displacement        2.563052e-03    3.038916e-13    2.563042e-09 

convergence summary
    number of iterations   : 2
    number of reformations : 1

------- converged at time : 3.3


Data Record #1
===========================================================================
Step = 33
Time = 3.3
Data = uz
File = feb_inputs/fiber_stiffness_c4/../../raw_logs/fiber_stiffness_c4/c4_30.0_disp.txt

Data Record #2
===========================================================================
Step = 33
Time = 3.3
Data = sz
File = feb_inputs/fiber_stiffness_c4/../../raw_logs/fiber_stiffness_c4/c4_30.0_stress.txt

Data Record #3
===========================================================================
Step = 33
Time = 3.3
Data = J
File = feb_inputs/fiber_stiffness_c4/../../raw_logs/fiber_stiffness_c4/c4_30.0_vol.txt

===== beginning time step 34 : 3.4 =====


Reforming stiffness matrix: reformation #1

 1
 Nonlinear solution status: time= 3.4
	stiffness updates             = 0
	right hand side evaluations   = 2
	stiffness matrix reformations = 1
	step from line search         = 1.000000
	convergence norms :     INITIAL         CURRENT         REQUIRED
	   residual            1.054450e+01    6.789399e-11    0.000000e+00 
	   energy              5.797208e-02    4.988904e-08    5.797208e-04 
	   displacement        2.748423e-03    2.748423e-03    2.748423e-09 
 2
 Nonlinear solution status: time= 3.4
	stiffness updates             = 1
	right hand side evaluations   = 3
	stiffness matrix reformations = 1
	step from line search         = 1.000000
	convergence norms :     INITIAL         CURRENT         REQUIRED
	   residual            1.054450e+01    1.162622e-17    0.000000e+00 
	   energy              5.797208e-02    2.447608e-16    5.797208e-04 
	   displacement        2.748423e-03    1.394518e-13    2.748411e-09 

convergence summary
    number of iterations   : 2
    number of reformations : 1

------- converged at time : 3.4


Data Record #1
===========================================================================
Step = 34
Time = 3.4
Data = uz
File = feb_inputs/fiber_stiffness_c4/../../raw_logs/fiber_stiffness_c4/c4_30.0_disp.txt

Data Record #2
===========================================================================
Step = 34
Time = 3.4
Data = sz
File = feb_inputs/fiber_stiffness_c4/../../raw_logs/fiber_stiffness_c4/c4_30.0_stress.txt

Data Record #3
===========================================================================
Step = 34
Time = 3.4
Data = J
File = feb_inputs/fiber_stiffness_c4/../../raw_logs/fiber_stiffness_c4/c4_30.0_vol.txt

===== beginning time step 35 : 3.5 =====


Reforming stiffness matrix: reformation #1

 1
 Nonlinear solution status: time= 3.5
	stiffness updates             = 0
	right hand side evaluations   = 2
	stiffness matrix reformations = 1
	step from line search         = 1.000000
	convergence norms :     INITIAL         CURRENT         REQUIRED
	   residual            1.093967e+01    6.660393e-11    0.000000e+00 
	   energy              6.121640e-02    5.757792e-08    6.121640e-04 
	   displacement        2.922912e-03    2.922912e-03    2.922912e-09 
 2
 Nonlinear solution status: time= 3.5
	stiffness updates             = 1
	right hand side evaluations   = 3
	stiffness matrix reformations = 1
	step from line search         = 1.000000
	convergence norms :     INITIAL         CURRENT         REQUIRED
	   residual            1.093967e+01    1.132262e-17    0.000000e+00 
	   energy              6.121640e-02    2.505518e-16    6.121640e-04 
	   displacement        2.922912e-03    1.501644e-13    2.922899e-09 

convergence summary
    number of iterations   : 2
    number of reformations : 1

------- converged at time : 3.5


Data Record #1
===========================================================================
Step = 35
Time = 3.5
Data = uz
File = feb_inputs/fiber_stiffness_c4/../../raw_logs/fiber_stiffness_c4/c4_30.0_disp.txt

Data Record #2
===========================================================================
Step = 35
Time = 3.5
Data = sz
File = feb_inputs/fiber_stiffness_c4/../../raw_logs/fiber_stiffness_c4/c4_30.0_stress.txt

Data Record #3
===========================================================================
Step = 35
Time = 3.5
Data = J
File = feb_inputs/fiber_stiffness_c4/../../raw_logs/fiber_stiffness_c4/c4_30.0_vol.txt

===== beginning time step 36 : 3.6 =====


Reforming stiffness matrix: reformation #1

 1
 Nonlinear solution status: time= 3.6
	stiffness updates             = 0
	right hand side evaluations   = 2
	stiffness matrix reformations = 1
	step from line search         = 1.000000
	convergence norms :     INITIAL         CURRENT         REQUIRED
	   residual            1.135113e+01    3.138538e-08    0.000000e+00 
	   energy              6.424024e-02    5.695205e-08    6.424024e-04 
	   displacement        3.074635e-03    3.074635e-03    3.074635e-09 
 2
 Nonlinear solution status: time= 3.6
	stiffness updates             = 1
	right hand side evaluations   = 3
	stiffness matrix reformations = 1
	step from line search         = 1.000000
	convergence norms :     INITIAL         CURRENT         REQUIRED
	   residual            1.135113e+01    7.654737e-12    0.000000e+00 
	   energy              6.424024e-02    1.810786e-12    6.424024e-04 
	   displacement        3.074635e-03    1.202882e-12    3.074621e-09 

convergence summary
    number of iterations   : 2
    number of reformations : 1

------- converged at time : 3.6


Data Record #1
===========================================================================
Step = 36
Time = 3.6
Data = uz
File = feb_inputs/fiber_stiffness_c4/../../raw_logs/fiber_stiffness_c4/c4_30.0_disp.txt

Data Record #2
===========================================================================
Step = 36
Time = 3.6
Data = sz
File = feb_inputs/fiber_stiffness_c4/../../raw_logs/fiber_stiffness_c4/c4_30.0_stress.txt

Data Record #3
===========================================================================
Step = 36
Time = 3.6
Data = J
File = feb_inputs/fiber_stiffness_c4/../../raw_logs/fiber_stiffness_c4/c4_30.0_vol.txt

===== beginning time step 37 : 3.7 =====


Reforming stiffness matrix: reformation #1

 1
 Nonlinear solution status: time= 3.7
	stiffness updates             = 0
	right hand side evaluations   = 2
	stiffness matrix reformations = 1
	step from line search         = 1.000000
	convergence norms :     INITIAL         CURRENT         REQUIRED
	   residual            1.176480e+01    7.708115e-11    0.000000e+00 
	   energy              6.691821e-02    7.106716e-08    6.691821e-04 
	   displacement        3.196776e-03    3.196776e-03    3.196776e-09 
 2
 Nonlinear solution status: time= 3.7
	stiffness updates             = 1
	right hand side evaluations   = 3
	stiffness matrix reformations = 1
	step from line search         = 1.000000
	convergence norms :     INITIAL         CURRENT         REQUIRED
	   residual            1.176480e+01    1.199983e-17    0.000000e+00 
	   energy              6.691821e-02    3.239958e-16    6.691821e-04 
	   displacement        3.196776e-03    1.966204e-13    3.196760e-09 

convergence summary
    number of iterations   : 2
    number of reformations : 1

------- converged at time : 3.7


Data Record #1
===========================================================================
Step = 37
Time = 3.7
Data = uz
File = feb_inputs/fiber_stiffness_c4/../../raw_logs/fiber_stiffness_c4/c4_30.0_disp.txt

Data Record #2
===========================================================================
Step = 37
Time = 3.7
Data = sz
File = feb_inputs/fiber_stiffness_c4/../../raw_logs/fiber_stiffness_c4/c4_30.0_stress.txt

Data Record #3
===========================================================================
Step = 37
Time = 3.7
Data = J
File = feb_inputs/fiber_stiffness_c4/../../raw_logs/fiber_stiffness_c4/c4_30.0_vol.txt

===== beginning time step 38 : 3.8 =====


Reforming stiffness matrix: reformation #1

 1
 Nonlinear solution status: time= 3.8
	stiffness updates             = 0
	right hand side evaluations   = 2
	stiffness matrix reformations = 1
	step from line search         = 1.000000
	convergence norms :     INITIAL         CURRENT         REQUIRED
	   residual            1.214138e+01    2.887396e-09    0.000000e+00 
	   energy              6.914927e-02    6.897243e-08    6.914927e-04 
	   displacement        3.291901e-03    3.291901e-03    3.291901e-09 
 2
 Nonlinear solution status: time= 3.8
	stiffness updates             = 1
	right hand side evaluations   = 3
	stiffness matrix reformations = 1
	step from line search         = 1.000000
	convergence norms :     INITIAL         CURRENT         REQUIRED
	   residual            1.214138e+01    1.037807e-13    0.000000e+00 
	   energy              6.914927e-02    1.044383e-13    6.914927e-04 
	   displacement        3.291901e-03    5.131327e-13    3.291885e-09 

convergence summary
    number of iterations   : 2
    number of reformations : 1

------- converged at time : 3.8


Data Record #1
===========================================================================
Step = 38
Time = 3.8
Data = uz
File = feb_inputs/fiber_stiffness_c4/../../raw_logs/fiber_stiffness_c4/c4_30.0_disp.txt

Data Record #2
===========================================================================
Step = 38
Time = 3.8
Data = sz
File = feb_inputs/fiber_stiffness_c4/../../raw_logs/fiber_stiffness_c4/c4_30.0_stress.txt

Data Record #3
===========================================================================
Step = 38
Time = 3.8
Data = J
File = feb_inputs/fiber_stiffness_c4/../../raw_logs/fiber_stiffness_c4/c4_30.0_vol.txt

===== beginning time step 39 : 3.9 =====


Reforming stiffness matrix: reformation #1

 1
 Nonlinear solution status: time= 3.9
	stiffness updates             = 0
	right hand side evaluations   = 2
	stiffness matrix reformations = 1
	step from line search         = 1.000000
	convergence norms :     INITIAL         CURRENT         REQUIRED
	   residual            1.243078e+01    6.632296e-11    0.000000e+00 
	   energy              7.085949e-02    7.205255e-08    7.085949e-04 
	   displacement        3.368411e-03    3.368411e-03    3.368411e-09 
 2
 Nonlinear solution status: time= 3.9
	stiffness updates             = 1
	right hand side evaluations   = 3
	stiffness matrix reformations = 1
	step from line search         = 1.000000
	convergence norms :     INITIAL         CURRENT         REQUIRED
	   residual            1.243078e+01    1.407332e-17    0.000000e+00 
	   energy              7.085949e-02    3.896390e-16    7.085949e-04 
	   displacement        3.368411e-03    2.269861e-13    3.368394e-09 

convergence summary
    number of iterations   : 2
    number of reformations : 1

------- converged at time : 3.9


Data Record #1
===========================================================================
Step = 39
Time = 3.9
Data = uz
File = feb_inputs/fiber_stiffness_c4/../../raw_logs/fiber_stiffness_c4/c4_30.0_disp.txt

Data Record #2
===========================================================================
Step = 39
Time = 3.9
Data = sz
File = feb_inputs/fiber_stiffness_c4/../../raw_logs/fiber_stiffness_c4/c4_30.0_stress.txt

Data Record #3
===========================================================================
Step = 39
Time = 3.9
Data = J
File = feb_inputs/fiber_stiffness_c4/../../raw_logs/fiber_stiffness_c4/c4_30.0_vol.txt

===== beginning time step 40 : 4 =====


Reforming stiffness matrix: reformation #1

 1
 Nonlinear solution status: time= 4
	stiffness updates             = 0
	right hand side evaluations   = 2
	stiffness matrix reformations = 1
	step from line search         = 1.000000
	convergence norms :     INITIAL         CURRENT         REQUIRED
	   residual            1.262682e+01    5.692083e-11    0.000000e+00 
	   energy              7.200763e-02    7.254288e-08    7.200763e-04 
	   displacement        3.427807e-03    3.427807e-03    3.427807e-09 
 2
 Nonlinear solution status: time= 4
	stiffness updates             = 1
	right hand side evaluations   = 3
	stiffness matrix reformations = 1
	step from line search         = 1.000000
	convergence norms :     INITIAL         CURRENT         REQUIRED
	   residual            1.262682e+01    1.341398e-17    0.000000e+00 
	   energy              7.200763e-02    4.062268e-16    7.200763e-04 
	   displacement        3.427807e-03    2.314643e-13    3.427789e-09 

convergence summary
    number of iterations   : 2
    number of reformations : 1

------- converged at time : 4


Data Record #1
===========================================================================
Step = 40
Time = 4
Data = uz
File = feb_inputs/fiber_stiffness_c4/../../raw_logs/fiber_stiffness_c4/c4_30.0_disp.txt

Data Record #2
===========================================================================
Step = 40
Time = 4
Data = sz
File = feb_inputs/fiber_stiffness_c4/../../raw_logs/fiber_stiffness_c4/c4_30.0_stress.txt

Data Record #3
===========================================================================
Step = 40
Time = 4
Data = J
File = feb_inputs/fiber_stiffness_c4/../../raw_logs/fiber_stiffness_c4/c4_30.0_vol.txt

===== beginning time step 41 : 4.1 =====


Reforming stiffness matrix: reformation #1

 1
 Nonlinear solution status: time= 4.1
	stiffness updates             = 0
	right hand side evaluations   = 2
	stiffness matrix reformations = 1
	step from line search         = 1.000000
	convergence norms :     INITIAL         CURRENT         REQUIRED
	   residual            1.275939e+01    5.987428e-11    0.000000e+00 
	   energy              7.259078e-02    7.499878e-08    7.259078e-04 
	   displacement        3.460549e-03    3.460549e-03    3.460549e-09 
 2
 Nonlinear solution status: time= 4.1
	stiffness updates             = 1
	right hand side evaluations   = 3
	stiffness matrix reformations = 1
	step from line search         = 1.000000
	convergence norms :     INITIAL         CURRENT         REQUIRED
	   residual            1.275939e+01    1.498663e-17    0.000000e+00 
	   energy              7.259078e-02    4.409337e-16    7.259078e-04 
	   displacement        3.460549e-03    2.323944e-13    3.460531e-09 

convergence summary
    number of iterations   : 2
    number of reformations : 1

------- converged at time : 4.1


Data Record #1
===========================================================================
Step = 41
Time = 4.1
Data = uz
File = feb_inputs/fiber_stiffness_c4/../../raw_logs/fiber_stiffness_c4/c4_30.0_disp.txt

Data Record #2
===========================================================================
Step = 41
Time = 4.1
Data = sz
File = feb_inputs/fiber_stiffness_c4/../../raw_logs/fiber_stiffness_c4/c4_30.0_stress.txt

Data Record #3
===========================================================================
Step = 41
Time = 4.1
Data = J
File = feb_inputs/fiber_stiffness_c4/../../raw_logs/fiber_stiffness_c4/c4_30.0_vol.txt

===== beginning time step 42 : 4.2 =====


Reforming stiffness matrix: reformation #1

 1
 Nonlinear solution status: time= 4.2
	stiffness updates             = 0
	right hand side evaluations   = 2
	stiffness matrix reformations = 1
	step from line search         = 1.000000
	convergence norms :     INITIAL         CURRENT         REQUIRED
	   residual            1.284960e+01    6.019161e-11    0.000000e+00 
	   energy              7.263746e-02    7.751483e-08    7.263746e-04 
	   displacement        3.460165e-03    3.460165e-03    3.460165e-09 
 2
 Nonlinear solution status: time= 4.2
	stiffness updates             = 1
	right hand side evaluations   = 3
	stiffness matrix reformations = 1
	step from line search         = 1.000000
	convergence norms :     INITIAL         CURRENT         REQUIRED
	   residual            1.284960e+01    1.367645e-17    0.000000e+00 
	   energy              7.263746e-02    4.406705e-16    7.263746e-04 
	   displacement        3.460165e-03    2.266824e-13    3.460147e-09 

convergence summary
    number of iterations   : 2
    number of reformations : 1

------- converged at time : 4.2


Data Record #1
===========================================================================
Step = 42
Time = 4.2
Data = uz
File = feb_inputs/fiber_stiffness_c4/../../raw_logs/fiber_stiffness_c4/c4_30.0_disp.txt

Data Record #2
===========================================================================
Step = 42
Time = 4.2
Data = sz
File = feb_inputs/fiber_stiffness_c4/../../raw_logs/fiber_stiffness_c4/c4_30.0_stress.txt

Data Record #3
===========================================================================
Step = 42
Time = 4.2
Data = J
File = feb_inputs/fiber_stiffness_c4/../../raw_logs/fiber_stiffness_c4/c4_30.0_vol.txt

===== beginning time step 43 : 4.3 =====


Reforming stiffness matrix: reformation #1

 1
 Nonlinear solution status: time= 4.3
	stiffness updates             = 0
	right hand side evaluations   = 2
	stiffness matrix reformations = 1
	step from line search         = 1.000000
	convergence norms :     INITIAL         CURRENT         REQUIRED
	   residual            1.289221e+01    6.249649e-11    0.000000e+00 
	   energy              7.218922e-02    7.931509e-08    7.218922e-04 
	   displacement        3.432154e-03    3.432154e-03    3.432154e-09 
 2
 Nonlinear solution status: time= 4.3
	stiffness updates             = 1
	right hand side evaluations   = 3
	stiffness matrix reformations = 1
	step from line search         = 1.000000
	convergence norms :     INITIAL         CURRENT         REQUIRED
	   residual            1.289221e+01    1.441796e-17    0.000000e+00 
	   energy              7.218922e-02    4.502901e-16    7.218922e-04 
	   displacement        3.432154e-03    2.296243e-13    3.432134e-09 

convergence summary
    number of iterations   : 2
    number of reformations : 1

------- converged at time : 4.3


Data Record #1
===========================================================================
Step = 43
Time = 4.3
Data = uz
File = feb_inputs/fiber_stiffness_c4/../../raw_logs/fiber_stiffness_c4/c4_30.0_disp.txt

Data Record #2
===========================================================================
Step = 43
Time = 4.3
Data = sz
File = feb_inputs/fiber_stiffness_c4/../../raw_logs/fiber_stiffness_c4/c4_30.0_stress.txt

Data Record #3
===========================================================================
Step = 43
Time = 4.3
Data = J
File = feb_inputs/fiber_stiffness_c4/../../raw_logs/fiber_stiffness_c4/c4_30.0_vol.txt

===== beginning time step 44 : 4.4 =====


Reforming stiffness matrix: reformation #1

 1
 Nonlinear solution status: time= 4.4
	stiffness updates             = 0
	right hand side evaluations   = 2
	stiffness matrix reformations = 1
	step from line search         = 1.000000
	convergence norms :     INITIAL         CURRENT         REQUIRED
	   residual            1.287088e+01    7.797651e-11    0.000000e+00 
	   energy              7.129310e-02    7.886306e-08    7.129310e-04 
	   displacement        3.381906e-03    3.381906e-03    3.381906e-09 
 2
 Nonlinear solution status: time= 4.4
	stiffness updates             = 1
	right hand side evaluations   = 3
	stiffness matrix reformations = 1
	step from line search         = 1.000000
	convergence norms :     INITIAL         CURRENT         REQUIRED
	   residual            1.287088e+01    1.890378e-17    0.000000e+00 
	   energy              7.129310e-02    4.588535e-16    7.129310e-04 
	   displacement        3.381906e-03    2.252080e-13    3.381887e-09 

convergence summary
    number of iterations   : 2
    number of reformations : 1

------- converged at time : 4.4


Data Record #1
===========================================================================
Step = 44
Time = 4.4
Data = uz
File = feb_inputs/fiber_stiffness_c4/../../raw_logs/fiber_stiffness_c4/c4_30.0_disp.txt

Data Record #2
===========================================================================
Step = 44
Time = 4.4
Data = sz
File = feb_inputs/fiber_stiffness_c4/../../raw_logs/fiber_stiffness_c4/c4_30.0_stress.txt

Data Record #3
===========================================================================
Step = 44
Time = 4.4
Data = J
File = feb_inputs/fiber_stiffness_c4/../../raw_logs/fiber_stiffness_c4/c4_30.0_vol.txt

===== beginning time step 45 : 4.5 =====


Reforming stiffness matrix: reformation #1

 1
 Nonlinear solution status: time= 4.5
	stiffness updates             = 0
	right hand side evaluations   = 2
	stiffness matrix reformations = 1
	step from line search         = 1.000000
	convergence norms :     INITIAL         CURRENT         REQUIRED
	   residual            1.279037e+01    1.024133e-10    0.000000e+00 
	   energy              6.999810e-02    7.546899e-08    6.999810e-04 
	   displacement        3.307380e-03    3.307380e-03    3.307380e-09 
 2
 Nonlinear solution status: time= 4.5
	stiffness updates             = 1
	right hand side evaluations   = 3
	stiffness matrix reformations = 1
	step from line search         = 1.000000
	convergence norms :     INITIAL         CURRENT         REQUIRED
	   residual            1.279037e+01    2.622862e-17    0.000000e+00 
	   energy              6.999810e-02    4.832229e-16    6.999810e-04 
	   displacement        3.307380e-03    2.107251e-13    3.307362e-09 

convergence summary
    number of iterations   : 2
    number of reformations : 1

------- converged at time : 4.5


Data Record #1
===========================================================================
Step = 45
Time = 4.5
Data = uz
File = feb_inputs/fiber_stiffness_c4/../../raw_logs/fiber_stiffness_c4/c4_30.0_disp.txt

Data Record #2
===========================================================================
Step = 45
Time = 4.5
Data = sz
File = feb_inputs/fiber_stiffness_c4/../../raw_logs/fiber_stiffness_c4/c4_30.0_stress.txt

Data Record #3
===========================================================================
Step = 45
Time = 4.5
Data = J
File = feb_inputs/fiber_stiffness_c4/../../raw_logs/fiber_stiffness_c4/c4_30.0_vol.txt

===== beginning time step 46 : 4.6 =====


Reforming stiffness matrix: reformation #1

 1
 Nonlinear solution status: time= 4.6
	stiffness updates             = 0
	right hand side evaluations   = 2
	stiffness matrix reformations = 1
	step from line search         = 1.000000
	convergence norms :     INITIAL         CURRENT         REQUIRED
	   residual            1.267393e+01    1.345027e-10    0.000000e+00 
	   energy              6.834903e-02    7.147342e-08    6.834903e-04 
	   displacement        3.207301e-03    3.207301e-03    3.207301e-09 
 2
 Nonlinear solution status: time= 4.6
	stiffness updates             = 1
	right hand side evaluations   = 3
	stiffness matrix reformations = 1
	step from line search         = 1.000000
	convergence norms :     INITIAL         CURRENT         REQUIRED
	   residual            1.267393e+01    3.835394e-17    0.000000e+00 
	   energy              6.834903e-02    5.489700e-16    6.834903e-04 
	   displacement        3.207301e-03    2.139062e-13    3.207285e-09 

convergence summary
    number of iterations   : 2
    number of reformations : 1

------- converged at time : 4.6


Data Record #1
===========================================================================
Step = 46
Time = 4.6
Data = uz
File = feb_inputs/fiber_stiffness_c4/../../raw_logs/fiber_stiffness_c4/c4_30.0_disp.txt

Data Record #2
===========================================================================
Step = 46
Time = 4.6
Data = sz
File = feb_inputs/fiber_stiffness_c4/../../raw_logs/fiber_stiffness_c4/c4_30.0_stress.txt

Data Record #3
===========================================================================
Step = 46
Time = 4.6
Data = J
File = feb_inputs/fiber_stiffness_c4/../../raw_logs/fiber_stiffness_c4/c4_30.0_vol.txt

===== beginning time step 47 : 4.7 =====


Reforming stiffness matrix: reformation #1

 1
 Nonlinear solution status: time= 4.7
	stiffness updates             = 0
	right hand side evaluations   = 2
	stiffness matrix reformations = 1
	step from line search         = 1.000000
	convergence norms :     INITIAL         CURRENT         REQUIRED
	   residual            1.254367e+01    1.829610e-10    0.000000e+00 
	   energy              6.639261e-02    6.780123e-08    6.639261e-04 
	   displacement        3.084241e-03    3.084241e-03    3.084241e-09 
 2
 Nonlinear solution status: time= 4.7
	stiffness updates             = 1
	right hand side evaluations   = 3
	stiffness matrix reformations = 1
	step from line search         = 1.000000
	convergence norms :     INITIAL         CURRENT         REQUIRED
	   residual            1.254367e+01    5.308870e-17    0.000000e+00 
	   energy              6.639261e-02    6.027853e-16    6.639261e-04 
	   displacement        3.084241e-03    2.244979e-13    3.084225e-09 

convergence summary
    number of iterations   : 2
    number of reformations : 1

------- converged at time : 4.7


Data Record #1
===========================================================================
Step = 47
Time = 4.7
Data = uz
File = feb_inputs/fiber_stiffness_c4/../../raw_logs/fiber_stiffness_c4/c4_30.0_disp.txt

Data Record #2
===========================================================================
Step = 47
Time = 4.7
Data = sz
File = feb_inputs/fiber_stiffness_c4/../../raw_logs/fiber_stiffness_c4/c4_30.0_stress.txt

Data Record #3
===========================================================================
Step = 47
Time = 4.7
Data = J
File = feb_inputs/fiber_stiffness_c4/../../raw_logs/fiber_stiffness_c4/c4_30.0_vol.txt

===== beginning time step 48 : 4.8 =====


Reforming stiffness matrix: reformation #1

 1
 Nonlinear solution status: time= 4.8
	stiffness updates             = 0
	right hand side evaluations   = 2
	stiffness matrix reformations = 1
	step from line search         = 1.000000
	convergence norms :     INITIAL         CURRENT         REQUIRED
	   residual            1.239378e+01    2.417514e-10    0.000000e+00 
	   energy              6.419365e-02    6.386795e-08    6.419365e-04 
	   displacement        2.945840e-03    2.945840e-03    2.945840e-09 
 2
 Nonlinear solution status: time= 4.8
	stiffness updates             = 1
	right hand side evaluations   = 3
	stiffness matrix reformations = 1
	step from line search         = 1.000000
	convergence norms :     INITIAL         CURRENT         REQUIRED
	   residual            1.239378e+01    7.119221e-17    0.000000e+00 
	   energy              6.419365e-02    6.487683e-16    6.419365e-04 
	   displacement        2.945840e-03    2.314310e-13    2.945826e-09 

convergence summary
    number of iterations   : 2
    number of reformations : 1

------- converged at time : 4.8


Data Record #1
===========================================================================
Step = 48
Time = 4.8
Data = uz
File = feb_inputs/fiber_stiffness_c4/../../raw_logs/fiber_stiffness_c4/c4_30.0_disp.txt

Data Record #2
===========================================================================
Step = 48
Time = 4.8
Data = sz
File = feb_inputs/fiber_stiffness_c4/../../raw_logs/fiber_stiffness_c4/c4_30.0_stress.txt

Data Record #3
===========================================================================
Step = 48
Time = 4.8
Data = J
File = feb_inputs/fiber_stiffness_c4/../../raw_logs/fiber_stiffness_c4/c4_30.0_vol.txt

===== beginning time step 49 : 4.9 =====


Reforming stiffness matrix: reformation #1

 1
 Nonlinear solution status: time= 4.9
	stiffness updates             = 0
	right hand side evaluations   = 2
	stiffness matrix reformations = 1
	step from line search         = 1.000000
	convergence norms :     INITIAL         CURRENT         REQUIRED
	   residual            1.218792e+01    3.068697e-10    0.000000e+00 
	   energy              6.181743e-02    5.969217e-08    6.181743e-04 
	   displacement        2.804457e-03    2.804457e-03    2.804457e-09 
 2
 Nonlinear solution status: time= 4.9
	stiffness updates             = 1
	right hand side evaluations   = 3
	stiffness matrix reformations = 1
	step from line search         = 1.000000
	convergence norms :     INITIAL         CURRENT         REQUIRED
	   residual            1.218792e+01    9.329181e-17    0.000000e+00 
	   energy              6.181743e-02    7.125053e-16    6.181743e-04 
	   displacement        2.804457e-03    2.330375e-13    2.804446e-09 

convergence summary
    number of iterations   : 2
    number of reformations : 1

------- converged at time : 4.9


Data Record #1
===========================================================================
Step = 49
Time = 4.9
Data = uz
File = feb_inputs/fiber_stiffness_c4/../../raw_logs/fiber_stiffness_c4/c4_30.0_disp.txt

Data Record #2
===========================================================================
Step = 49
Time = 4.9
Data = sz
File = feb_inputs/fiber_stiffness_c4/../../raw_logs/fiber_stiffness_c4/c4_30.0_stress.txt

Data Record #3
===========================================================================
Step = 49
Time = 4.9
Data = J
File = feb_inputs/fiber_stiffness_c4/../../raw_logs/fiber_stiffness_c4/c4_30.0_vol.txt

===== beginning time step 50 : 5 =====


Reforming stiffness matrix: reformation #1

 1
 Nonlinear solution status: time= 5
	stiffness updates             = 0
	right hand side evaluations   = 2
	stiffness matrix reformations = 1
	step from line search         = 1.000000
	convergence norms :     INITIAL         CURRENT         REQUIRED
	   residual            1.188044e+01    3.873347e-10    0.000000e+00 
	   energy              5.930609e-02    5.500601e-08    5.930609e-04 
	   displacement        2.667716e-03    2.667716e-03    2.667716e-09 
 2
 Nonlinear solution status: time= 5
	stiffness updates             = 1
	right hand side evaluations   = 3
	stiffness matrix reformations = 1
	step from line search         = 1.000000
	convergence norms :     INITIAL         CURRENT         REQUIRED
	   residual            1.188044e+01    1.170436e-16    0.000000e+00 
	   energy              5.930609e-02    8.361328e-16    5.930609e-04 
	   displacement        2.667716e-03    2.292700e-13    2.667709e-09 

convergence summary
    number of iterations   : 2
    number of reformations : 1

------- converged at time : 5


Data Record #1
===========================================================================
Step = 50
Time = 5
Data = uz
File = feb_inputs/fiber_stiffness_c4/../../raw_logs/fiber_stiffness_c4/c4_30.0_disp.txt

Data Record #2
===========================================================================
Step = 50
Time = 5
Data = sz
File = feb_inputs/fiber_stiffness_c4/../../raw_logs/fiber_stiffness_c4/c4_30.0_stress.txt

Data Record #3
===========================================================================
Step = 50
Time = 5
Data = J
File = feb_inputs/fiber_stiffness_c4/../../raw_logs/fiber_stiffness_c4/c4_30.0_vol.txt

===== beginning time step 51 : 5.1 =====


Reforming stiffness matrix: reformation #1

 1
 Nonlinear solution status: time= 5.1
	stiffness updates             = 0
	right hand side evaluations   = 2
	stiffness matrix reformations = 1
	step from line search         = 1.000000
	convergence norms :     INITIAL         CURRENT         REQUIRED
	   residual            1.144170e+01    4.228995e-10    0.000000e+00 
	   energy              5.668755e-02    5.049415e-08    5.668755e-04 
	   displacement        2.537314e-03    2.537314e-03    2.537314e-09 
 2
 Nonlinear solution status: time= 5.1
	stiffness updates             = 1
	right hand side evaluations   = 3
	stiffness matrix reformations = 1
	step from line search         = 1.000000
	convergence norms :     INITIAL         CURRENT         REQUIRED
	   residual            1.144170e+01    1.379811e-16    0.000000e+00 
	   energy              5.668755e-02    9.247529e-16    5.668755e-04 
	   displacement        2.537314e-03    2.193409e-13    2.537309e-09 

convergence summary
    number of iterations   : 2
    number of reformations : 1

------- converged at time : 5.1


Data Record #1
===========================================================================
Step = 51
Time = 5.1
Data = uz
File = feb_inputs/fiber_stiffness_c4/../../raw_logs/fiber_stiffness_c4/c4_30.0_disp.txt

Data Record #2
===========================================================================
Step = 51
Time = 5.1
Data = sz
File = feb_inputs/fiber_stiffness_c4/../../raw_logs/fiber_stiffness_c4/c4_30.0_stress.txt

Data Record #3
===========================================================================
Step = 51
Time = 5.1
Data = J
File = feb_inputs/fiber_stiffness_c4/../../raw_logs/fiber_stiffness_c4/c4_30.0_vol.txt

===== beginning time step 52 : 5.2 =====


Reforming stiffness matrix: reformation #1

 1
 Nonlinear solution status: time= 5.2
	stiffness updates             = 0
	right hand side evaluations   = 2
	stiffness matrix reformations = 1
	step from line search         = 1.000000
	convergence norms :     INITIAL         CURRENT         REQUIRED
	   residual            1.089687e+01    4.472888e-10    0.000000e+00 
	   energy              5.398327e-02    4.813850e-08    5.398327e-04 
	   displacement        2.414606e-03    2.414606e-03    2.414606e-09 
 2
 Nonlinear solution status: time= 5.2
	stiffness updates             = 1
	right hand side evaluations   = 3
	stiffness matrix reformations = 1
	step from line search         = 1.000000
	convergence norms :     INITIAL         CURRENT         REQUIRED
	   residual            1.089687e+01    1.565562e-16    0.000000e+00 
	   energy              5.398327e-02    9.995798e-16    5.398327e-04 
	   displacement        2.414606e-03    2.127757e-13    2.414602e-09 

convergence summary
    number of iterations   : 2
    number of reformations : 1

------- converged at time : 5.2


Data Record #1
===========================================================================
Step = 52
Time = 5.2
Data = uz
File = feb_inputs/fiber_stiffness_c4/../../raw_logs/fiber_stiffness_c4/c4_30.0_disp.txt

Data Record #2
===========================================================================
Step = 52
Time = 5.2
Data = sz
File = feb_inputs/fiber_stiffness_c4/../../raw_logs/fiber_stiffness_c4/c4_30.0_stress.txt

Data Record #3
===========================================================================
Step = 52
Time = 5.2
Data = J
File = feb_inputs/fiber_stiffness_c4/../../raw_logs/fiber_stiffness_c4/c4_30.0_vol.txt

===== beginning time step 53 : 5.3 =====


Reforming stiffness matrix: reformation #1

 1
 Nonlinear solution status: time= 5.3
	stiffness updates             = 0
	right hand side evaluations   = 2
	stiffness matrix reformations = 1
	step from line search         = 1.000000
	convergence norms :     INITIAL         CURRENT         REQUIRED
	   residual            1.029562e+01    4.364326e-10    0.000000e+00 
	   energy              5.120417e-02    4.746629e-08    5.120417e-04 
	   displacement        2.298029e-03    2.298029e-03    2.298029e-09 
 2
 Nonlinear solution status: time= 5.3
	stiffness updates             = 1
	right hand side evaluations   = 3
	stiffness matrix reformations = 1
	step from line search         = 1.000000
	convergence norms :     INITIAL         CURRENT         REQUIRED
	   residual            1.029562e+01    1.500255e-16    0.000000e+00 
	   energy              5.120417e-02    1.083811e-15    5.120417e-04 
	   displacement        2.298029e-03    2.134338e-13    2.298026e-09 

convergence summary
    number of iterations   : 2
    number of reformations : 1

------- converged at time : 5.3


Data Record #1
===========================================================================
Step = 53
Time = 5.3
Data = uz
File = feb_inputs/fiber_stiffness_c4/../../raw_logs/fiber_stiffness_c4/c4_30.0_disp.txt

Data Record #2
===========================================================================
Step = 53
Time = 5.3
Data = sz
File = feb_inputs/fiber_stiffness_c4/../../raw_logs/fiber_stiffness_c4/c4_30.0_stress.txt

Data Record #3
===========================================================================
Step = 53
Time = 5.3
Data = J
File = feb_inputs/fiber_stiffness_c4/../../raw_logs/fiber_stiffness_c4/c4_30.0_vol.txt

===== beginning time step 54 : 5.4 =====


Reforming stiffness matrix: reformation #1

 1
 Nonlinear solution status: time= 5.4
	stiffness updates             = 0
	right hand side evaluations   = 2
	stiffness matrix reformations = 1
	step from line search         = 1.000000
	convergence norms :     INITIAL         CURRENT         REQUIRED
	   residual            9.657789e+00    3.833984e-10    0.000000e+00 
	   energy              4.835471e-02    4.621364e-08    4.835471e-04 
	   displacement        2.180884e-03    2.180884e-03    2.180884e-09 
 2
 Nonlinear solution status: time= 5.4
	stiffness updates             = 1
	right hand side evaluations   = 3
	stiffness matrix reformations = 1
	step from line search         = 1.000000
	convergence norms :     INITIAL         CURRENT         REQUIRED
	   residual            9.657789e+00    1.277436e-16    0.000000e+00 
	   energy              4.835471e-02    1.092541e-15    4.835471e-04 
	   displacement        2.180884e-03    2.125494e-13    2.180881e-09 

convergence summary
    number of iterations   : 2
    number of reformations : 1

------- converged at time : 5.4


Data Record #1
===========================================================================
Step = 54
Time = 5.4
Data = uz
File = feb_inputs/fiber_stiffness_c4/../../raw_logs/fiber_stiffness_c4/c4_30.0_disp.txt

Data Record #2
===========================================================================
Step = 54
Time = 5.4
Data = sz
File = feb_inputs/fiber_stiffness_c4/../../raw_logs/fiber_stiffness_c4/c4_30.0_stress.txt

Data Record #3
===========================================================================
Step = 54
Time = 5.4
Data = J
File = feb_inputs/fiber_stiffness_c4/../../raw_logs/fiber_stiffness_c4/c4_30.0_vol.txt

===== beginning time step 55 : 5.5 =====


Reforming stiffness matrix: reformation #1

 1
 Nonlinear solution status: time= 5.5
	stiffness updates             = 0
	right hand side evaluations   = 2
	stiffness matrix reformations = 1
	step from line search         = 1.000000
	convergence norms :     INITIAL         CURRENT         REQUIRED
	   residual            8.992572e+00    2.930690e-10    0.000000e+00 
	   energy              4.545898e-02    4.268172e-08    4.545898e-04 
	   displacement        2.060605e-03    2.060605e-03    2.060605e-09 
 2
 Nonlinear solution status: time= 5.5
	stiffness updates             = 1
	right hand side evaluations   = 3
	stiffness matrix reformations = 1
	step from line search         = 1.000000
	convergence norms :     INITIAL         CURRENT         REQUIRED
	   residual            8.992572e+00    1.054192e-16    0.000000e+00 
	   energy              4.545898e-02    9.955076e-16    4.545898e-04 
	   displacement        2.060605e-03    2.014356e-13    2.060602e-09 

convergence summary
    number of iterations   : 2
    number of reformations : 1

------- converged at time : 5.5


Data Record #1
===========================================================================
Step = 55
Time = 5.5
Data = uz
File = feb_inputs/fiber_stiffness_c4/../../raw_logs/fiber_stiffness_c4/c4_30.0_disp.txt

Data Record #2
===========================================================================
Step = 55
Time = 5.5
Data = sz
File = feb_inputs/fiber_stiffness_c4/../../raw_logs/fiber_stiffness_c4/c4_30.0_stress.txt

Data Record #3
===========================================================================
Step = 55
Time = 5.5
Data = J
File = feb_inputs/fiber_stiffness_c4/../../raw_logs/fiber_stiffness_c4/c4_30.0_vol.txt

===== beginning time step 56 : 5.6 =====


Reforming stiffness matrix: reformation #1

 1
 Nonlinear solution status: time= 5.6
	stiffness updates             = 0
	right hand side evaluations   = 2
	stiffness matrix reformations = 1
	step from line search         = 1.000000
	convergence norms :     INITIAL         CURRENT         REQUIRED
	   residual            8.308307e+00    2.025898e-10    0.000000e+00 
	   energy              4.256535e-02    3.845368e-08    4.256535e-04 
	   displacement        1.942669e-03    1.942669e-03    1.942669e-09 
 2
 Nonlinear solution status: time= 5.6
	stiffness updates             = 1
	right hand side evaluations   = 3
	stiffness matrix reformations = 1
	step from line search         = 1.000000
	convergence norms :     INITIAL         CURRENT         REQUIRED
	   residual            8.308307e+00    7.654928e-17    0.000000e+00 
	   energy              4.256535e-02    8.385871e-16    4.256535e-04 
	   displacement        1.942669e-03    1.887889e-13    1.942664e-09 

convergence summary
    number of iterations   : 2
    number of reformations : 1

------- converged at time : 5.6


Data Record #1
===========================================================================
Step = 56
Time = 5.6
Data = uz
File = feb_inputs/fiber_stiffness_c4/../../raw_logs/fiber_stiffness_c4/c4_30.0_disp.txt

Data Record #2
===========================================================================
Step = 56
Time = 5.6
Data = sz
File = feb_inputs/fiber_stiffness_c4/../../raw_logs/fiber_stiffness_c4/c4_30.0_stress.txt

Data Record #3
===========================================================================
Step = 56
Time = 5.6
Data = J
File = feb_inputs/fiber_stiffness_c4/../../raw_logs/fiber_stiffness_c4/c4_30.0_vol.txt

===== beginning time step 57 : 5.7 =====


Reforming stiffness matrix: reformation #1

 1
 Nonlinear solution status: time= 5.7
	stiffness updates             = 0
	right hand side evaluations   = 2
	stiffness matrix reformations = 1
	step from line search         = 1.000000
	convergence norms :     INITIAL         CURRENT         REQUIRED
	   residual            7.616799e+00    1.393071e-10    0.000000e+00 
	   energy              3.973104e-02    3.806166e-08    3.973104e-04 
	   displacement        1.830739e-03    1.830739e-03    1.830739e-09 
 2
 Nonlinear solution status: time= 5.7
	stiffness updates             = 1
	right hand side evaluations   = 3
	stiffness matrix reformations = 1
	step from line search         = 1.000000
	convergence norms :     INITIAL         CURRENT         REQUIRED
	   residual            7.616799e+00    4.893444e-17    0.000000e+00 
	   energy              3.973104e-02    7.545869e-16    3.973104e-04 
	   displacement        1.830739e-03    2.015224e-13    1.830732e-09 

convergence summary
    number of iterations   : 2
    number of reformations : 1

------- converged at time : 5.7


Data Record #1
===========================================================================
Step = 57
Time = 5.7
Data = uz
File = feb_inputs/fiber_stiffness_c4/../../raw_logs/fiber_stiffness_c4/c4_30.0_disp.txt

Data Record #2
===========================================================================
Step = 57
Time = 5.7
Data = sz
File = feb_inputs/fiber_stiffness_c4/../../raw_logs/fiber_stiffness_c4/c4_30.0_stress.txt

Data Record #3
===========================================================================
Step = 57
Time = 5.7
Data = J
File = feb_inputs/fiber_stiffness_c4/../../raw_logs/fiber_stiffness_c4/c4_30.0_vol.txt

===== beginning time step 58 : 5.8 =====


Reforming stiffness matrix: reformation #1

 1
 Nonlinear solution status: time= 5.8
	stiffness updates             = 0
	right hand side evaluations   = 2
	stiffness matrix reformations = 1
	step from line search         = 1.000000
	convergence norms :     INITIAL         CURRENT         REQUIRED
	   residual            6.952595e+00    1.016198e-10    0.000000e+00 
	   energy              3.702087e-02    4.269449e-08    3.702087e-04 
	   displacement        1.724477e-03    1.724477e-03    1.724477e-09 
 2
 Nonlinear solution status: time= 5.8
	stiffness updates             = 1
	right hand side evaluations   = 3
	stiffness matrix reformations = 1
	step from line search         = 1.000000
	convergence norms :     INITIAL         CURRENT         REQUIRED
	   residual            6.952595e+00    3.777465e-17    0.000000e+00 
	   energy              3.702087e-02    6.937427e-16    3.702087e-04 
	   displacement        1.724477e-03    2.189969e-13    1.724467e-09 

convergence summary
    number of iterations   : 2
    number of reformations : 1

------- converged at time : 5.8


Data Record #1
===========================================================================
Step = 58
Time = 5.8
Data = uz
File = feb_inputs/fiber_stiffness_c4/../../raw_logs/fiber_stiffness_c4/c4_30.0_disp.txt

Data Record #2
===========================================================================
Step = 58
Time = 5.8
Data = sz
File = feb_inputs/fiber_stiffness_c4/../../raw_logs/fiber_stiffness_c4/c4_30.0_stress.txt

Data Record #3
===========================================================================
Step = 58
Time = 5.8
Data = J
File = feb_inputs/fiber_stiffness_c4/../../raw_logs/fiber_stiffness_c4/c4_30.0_vol.txt

===== beginning time step 59 : 5.9 =====


Reforming stiffness matrix: reformation #1

 1
 Nonlinear solution status: time= 5.9
	stiffness updates             = 0
	right hand side evaluations   = 2
	stiffness matrix reformations = 1
	step from line search         = 1.000000
	convergence norms :     INITIAL         CURRENT         REQUIRED
	   residual            6.343914e+00    6.131472e-11    0.000000e+00 
	   energy              3.450231e-02    5.026777e-08    3.450231e-04 
	   displacement        1.624735e-03    1.624735e-03    1.624735e-09 
 2
 Nonlinear solution status: time= 5.9
	stiffness updates             = 1
	right hand side evaluations   = 3
	stiffness matrix reformations = 1
	step from line search         = 1.000000
	convergence norms :     INITIAL         CURRENT         REQUIRED
	   residual            6.343914e+00    2.956708e-17    0.000000e+00 
	   energy              3.450231e-02    6.392417e-16    3.450231e-04 
	   displacement        1.624735e-03    2.314614e-13    1.624722e-09 

convergence summary
    number of iterations   : 2
    number of reformations : 1

------- converged at time : 5.9


Data Record #1
===========================================================================
Step = 59
Time = 5.9
Data = uz
File = feb_inputs/fiber_stiffness_c4/../../raw_logs/fiber_stiffness_c4/c4_30.0_disp.txt

Data Record #2
===========================================================================
Step = 59
Time = 5.9
Data = sz
File = feb_inputs/fiber_stiffness_c4/../../raw_logs/fiber_stiffness_c4/c4_30.0_stress.txt

Data Record #3
===========================================================================
Step = 59
Time = 5.9
Data = J
File = feb_inputs/fiber_stiffness_c4/../../raw_logs/fiber_stiffness_c4/c4_30.0_vol.txt

===== beginning time step 60 : 6 =====


Reforming stiffness matrix: reformation #1

 1
 Nonlinear solution status: time= 6
	stiffness updates             = 0
	right hand side evaluations   = 2
	stiffness matrix reformations = 1
	step from line search         = 1.000000
	convergence norms :     INITIAL         CURRENT         REQUIRED
	   residual            5.789022e+00    4.417051e-11    0.000000e+00 
	   energy              3.222115e-02    5.833240e-08    3.222115e-04 
	   displacement        1.533839e-03    1.533839e-03    1.533839e-09 
 2
 Nonlinear solution status: time= 6
	stiffness updates             = 1
	right hand side evaluations   = 3
	stiffness matrix reformations = 1
	step from line search         = 1.000000
	convergence norms :     INITIAL         CURRENT         REQUIRED
	   residual            5.789022e+00    2.225859e-17    0.000000e+00 
	   energy              3.222115e-02    5.611553e-16    3.222115e-04 
	   displacement        1.533839e-03    2.446462e-13    1.533823e-09 

convergence summary
    number of iterations   : 2
    number of reformations : 1

------- converged at time : 6


Data Record #1
===========================================================================
Step = 60
Time = 6
Data = uz
File = feb_inputs/fiber_stiffness_c4/../../raw_logs/fiber_stiffness_c4/c4_30.0_disp.txt

Data Record #2
===========================================================================
Step = 60
Time = 6
Data = sz
File = feb_inputs/fiber_stiffness_c4/../../raw_logs/fiber_stiffness_c4/c4_30.0_stress.txt

Data Record #3
===========================================================================
Step = 60
Time = 6
Data = J
File = feb_inputs/fiber_stiffness_c4/../../raw_logs/fiber_stiffness_c4/c4_30.0_vol.txt

===== beginning time step 61 : 6.1 =====


Reforming stiffness matrix: reformation #1

 1
 Nonlinear solution status: time= 6.1
	stiffness updates             = 0
	right hand side evaluations   = 2
	stiffness matrix reformations = 1
	step from line search         = 1.000000
	convergence norms :     INITIAL         CURRENT         REQUIRED
	   residual            5.263647e+00    4.453966e-11    0.000000e+00 
	   energy              3.018135e-02    6.480644e-08    3.018135e-04 
	   displacement        1.458674e-03    1.458674e-03    1.458674e-09 
 2
 Nonlinear solution status: time= 6.1
	stiffness updates             = 1
	right hand side evaluations   = 3
	stiffness matrix reformations = 1
	step from line search         = 1.000000
	convergence norms :     INITIAL         CURRENT         REQUIRED
	   residual            5.263647e+00    1.776311e-17    0.000000e+00 
	   energy              3.018135e-02    5.163249e-16    3.018135e-04 
	   displacement        1.458674e-03    2.651429e-13    1.458656e-09 

convergence summary
    number of iterations   : 2
    number of reformations : 1

------- converged at time : 6.1


Data Record #1
===========================================================================
Step = 61
Time = 6.1
Data = uz
File = feb_inputs/fiber_stiffness_c4/../../raw_logs/fiber_stiffness_c4/c4_30.0_disp.txt

Data Record #2
===========================================================================
Step = 61
Time = 6.1
Data = sz
File = feb_inputs/fiber_stiffness_c4/../../raw_logs/fiber_stiffness_c4/c4_30.0_stress.txt

Data Record #3
===========================================================================
Step = 61
Time = 6.1
Data = J
File = feb_inputs/fiber_stiffness_c4/../../raw_logs/fiber_stiffness_c4/c4_30.0_vol.txt

===== beginning time step 62 : 6.2 =====


Reforming stiffness matrix: reformation #1

 1
 Nonlinear solution status: time= 6.2
	stiffness updates             = 0
	right hand side evaluations   = 2
	stiffness matrix reformations = 1
	step from line search         = 1.000000
	convergence norms :     INITIAL         CURRENT         REQUIRED
	   residual            4.750210e+00    4.448462e-11    0.000000e+00 
	   energy              2.833525e-02    6.827737e-08    2.833525e-04 
	   displacement        1.400495e-03    1.400495e-03    1.400495e-09 
 2
 Nonlinear solution status: time= 6.2
	stiffness updates             = 1
	right hand side evaluations   = 3
	stiffness matrix reformations = 1
	step from line search         = 1.000000
	convergence norms :     INITIAL         CURRENT         REQUIRED
	   residual            4.750210e+00    1.506323e-17    0.000000e+00 
	   energy              2.833525e-02    5.128887e-16    2.833525e-04 
	   displacement        1.400495e-03    2.840845e-13    1.400476e-09 

convergence summary
    number of iterations   : 2
    number of reformations : 1

------- converged at time : 6.2


Data Record #1
===========================================================================
Step = 62
Time = 6.2
Data = uz
File = feb_inputs/fiber_stiffness_c4/../../raw_logs/fiber_stiffness_c4/c4_30.0_disp.txt

Data Record #2
===========================================================================
Step = 62
Time = 6.2
Data = sz
File = feb_inputs/fiber_stiffness_c4/../../raw_logs/fiber_stiffness_c4/c4_30.0_stress.txt

Data Record #3
===========================================================================
Step = 62
Time = 6.2
Data = J
File = feb_inputs/fiber_stiffness_c4/../../raw_logs/fiber_stiffness_c4/c4_30.0_vol.txt

===== beginning time step 63 : 6.3 =====


Reforming stiffness matrix: reformation #1

 1
 Nonlinear solution status: time= 6.3
	stiffness updates             = 0
	right hand side evaluations   = 2
	stiffness matrix reformations = 1
	step from line search         = 1.000000
	convergence norms :     INITIAL         CURRENT         REQUIRED
	   residual            4.265166e+00    7.493396e-11    0.000000e+00 
	   energy              2.658819e-02    7.104925e-08    2.658819e-04 
	   displacement        1.346549e-03    1.346549e-03    1.346549e-09 
 2
 Nonlinear solution status: time= 6.3
	stiffness updates             = 1
	right hand side evaluations   = 3
	stiffness matrix reformations = 1
	step from line search         = 1.000000
	convergence norms :     INITIAL         CURRENT         REQUIRED
	   residual            4.265166e+00    2.073097e-17    0.000000e+00 
	   energy              2.658819e-02    5.475573e-16    2.658819e-04 
	   displacement        1.346549e-03    2.914742e-13    1.346530e-09 

convergence summary
    number of iterations   : 2
    number of reformations : 1

------- converged at time : 6.3


Data Record #1
===========================================================================
Step = 63
Time = 6.3
Data = uz
File = feb_inputs/fiber_stiffness_c4/../../raw_logs/fiber_stiffness_c4/c4_30.0_disp.txt

Data Record #2
===========================================================================
Step = 63
Time = 6.3
Data = sz
File = feb_inputs/fiber_stiffness_c4/../../raw_logs/fiber_stiffness_c4/c4_30.0_stress.txt

Data Record #3
===========================================================================
Step = 63
Time = 6.3
Data = J
File = feb_inputs/fiber_stiffness_c4/../../raw_logs/fiber_stiffness_c4/c4_30.0_vol.txt

===== beginning time step 64 : 6.4 =====


Reforming stiffness matrix: reformation #1

 1
 Nonlinear solution status: time= 6.4
	stiffness updates             = 0
	right hand side evaluations   = 2
	stiffness matrix reformations = 1
	step from line search         = 1.000000
	convergence norms :     INITIAL         CURRENT         REQUIRED
	   residual            3.830717e+00    1.047549e-10    0.000000e+00 
	   energy              2.481133e-02    7.480747e-08    2.481133e-04 
	   displacement        1.282955e-03    1.282955e-03    1.282955e-09 
 2
 Nonlinear solution status: time= 6.4
	stiffness updates             = 1
	right hand side evaluations   = 3
	stiffness matrix reformations = 1
	step from line search         = 1.000000
	convergence norms :     INITIAL         CURRENT         REQUIRED
	   residual            3.830717e+00    2.754382e-17    0.000000e+00 
	   energy              2.481133e-02    5.621230e-16    2.481133e-04 
	   displacement        1.282955e-03    2.980284e-13    1.282936e-09 

convergence summary
    number of iterations   : 2
    number of reformations : 1

------- converged at time : 6.4


Data Record #1
===========================================================================
Step = 64
Time = 6.4
Data = uz
File = feb_inputs/fiber_stiffness_c4/../../raw_logs/fiber_stiffness_c4/c4_30.0_disp.txt

Data Record #2
===========================================================================
Step = 64
Time = 6.4
Data = sz
File = feb_inputs/fiber_stiffness_c4/../../raw_logs/fiber_stiffness_c4/c4_30.0_stress.txt

Data Record #3
===========================================================================
Step = 64
Time = 6.4
Data = J
File = feb_inputs/fiber_stiffness_c4/../../raw_logs/fiber_stiffness_c4/c4_30.0_vol.txt

===== beginning time step 65 : 6.5 =====


Reforming stiffness matrix: reformation #1

 1
 Nonlinear solution status: time= 6.5
	stiffness updates             = 0
	right hand side evaluations   = 2
	stiffness matrix reformations = 1
	step from line search         = 1.000000
	convergence norms :     INITIAL         CURRENT         REQUIRED
	   residual            3.438709e+00    1.193276e-10    0.000000e+00 
	   energy              2.288794e-02    7.780067e-08    2.288794e-04 
	   displacement        1.202182e-03    1.202182e-03    1.202182e-09 
 2
 Nonlinear solution status: time= 6.5
	stiffness updates             = 1
	right hand side evaluations   = 3
	stiffness matrix reformations = 1
	step from line search         = 1.000000
	convergence norms :     INITIAL         CURRENT         REQUIRED
	   residual            3.438709e+00    3.080245e-17    0.000000e+00 
	   energy              2.288794e-02    5.874724e-16    2.288794e-04 
	   displacement        1.202182e-03    3.174422e-13    1.202163e-09 

convergence summary
    number of iterations   : 2
    number of reformations : 1

------- converged at time : 6.5


Data Record #1
===========================================================================
Step = 65
Time = 6.5
Data = uz
File = feb_inputs/fiber_stiffness_c4/../../raw_logs/fiber_stiffness_c4/c4_30.0_disp.txt

Data Record #2
===========================================================================
Step = 65
Time = 6.5
Data = sz
File = feb_inputs/fiber_stiffness_c4/../../raw_logs/fiber_stiffness_c4/c4_30.0_stress.txt

Data Record #3
===========================================================================
Step = 65
Time = 6.5
Data = J
File = feb_inputs/fiber_stiffness_c4/../../raw_logs/fiber_stiffness_c4/c4_30.0_vol.txt

===== beginning time step 66 : 6.6 =====


Reforming stiffness matrix: reformation #1

 1
 Nonlinear solution status: time= 6.6
	stiffness updates             = 0
	right hand side evaluations   = 2
	stiffness matrix reformations = 1
	step from line search         = 1.000000
	convergence norms :     INITIAL         CURRENT         REQUIRED
	   residual            3.060569e+00    1.389894e-10    0.000000e+00 
	   energy              2.075663e-02    7.676048e-08    2.075663e-04 
	   displacement        1.102267e-03    1.102267e-03    1.102267e-09 
 2
 Nonlinear solution status: time= 6.6
	stiffness updates             = 1
	right hand side evaluations   = 3
	stiffness matrix reformations = 1
	step from line search         = 1.000000
	convergence norms :     INITIAL         CURRENT         REQUIRED
	   residual            3.060569e+00    3.024328e-17    0.000000e+00 
	   energy              2.075663e-02    6.047736e-16    2.075663e-04 
	   displacement        1.102267e-03    3.208526e-13    1.102248e-09 

convergence summary
    number of iterations   : 2
    number of reformations : 1

------- converged at time : 6.6


Data Record #1
===========================================================================
Step = 66
Time = 6.6
Data = uz
File = feb_inputs/fiber_stiffness_c4/../../raw_logs/fiber_stiffness_c4/c4_30.0_disp.txt

Data Record #2
===========================================================================
Step = 66
Time = 6.6
Data = sz
File = feb_inputs/fiber_stiffness_c4/../../raw_logs/fiber_stiffness_c4/c4_30.0_stress.txt

Data Record #3
===========================================================================
Step = 66
Time = 6.6
Data = J
File = feb_inputs/fiber_stiffness_c4/../../raw_logs/fiber_stiffness_c4/c4_30.0_vol.txt

===== beginning time step 67 : 6.7 =====


Reforming stiffness matrix: reformation #1

 1
 Nonlinear solution status: time= 6.7
	stiffness updates             = 0
	right hand side evaluations   = 2
	stiffness matrix reformations = 1
	step from line search         = 1.000000
	convergence norms :     INITIAL         CURRENT         REQUIRED
	   residual            2.683212e+00    1.288523e-10    0.000000e+00 
	   energy              1.842539e-02    6.996836e-08    1.842539e-04 
	   displacement        9.865098e-04    9.865098e-04    9.865098e-10 
 2
 Nonlinear solution status: time= 6.7
	stiffness updates             = 1
	right hand side evaluations   = 3
	stiffness matrix reformations = 1
	step from line search         = 1.000000
	convergence norms :     INITIAL         CURRENT         REQUIRED
	   residual            2.683212e+00    3.118062e-17    0.000000e+00 
	   energy              1.842539e-02    5.381520e-16    1.842539e-04 
	   displacement        9.865098e-04    2.722249e-13    9.864933e-10 

convergence summary
    number of iterations   : 2
    number of reformations : 1

------- converged at time : 6.7


Data Record #1
===========================================================================
Step = 67
Time = 6.7
Data = uz
File = feb_inputs/fiber_stiffness_c4/../../raw_logs/fiber_stiffness_c4/c4_30.0_disp.txt

Data Record #2
===========================================================================
Step = 67
Time = 6.7
Data = sz
File = feb_inputs/fiber_stiffness_c4/../../raw_logs/fiber_stiffness_c4/c4_30.0_stress.txt

Data Record #3
===========================================================================
Step = 67
Time = 6.7
Data = J
File = feb_inputs/fiber_stiffness_c4/../../raw_logs/fiber_stiffness_c4/c4_30.0_vol.txt

===== beginning time step 68 : 6.8 =====


Reforming stiffness matrix: reformation #1

 1
 Nonlinear solution status: time= 6.8
	stiffness updates             = 0
	right hand side evaluations   = 2
	stiffness matrix reformations = 1
	step from line search         = 1.000000
	convergence norms :     INITIAL         CURRENT         REQUIRED
	   residual            2.311990e+00    1.156427e-10    0.000000e+00 
	   energy              1.596120e-02    5.985042e-08    1.596120e-04 
	   displacement        8.582466e-04    8.582466e-04    8.582466e-10 
 2
 Nonlinear solution status: time= 6.8
	stiffness updates             = 1
	right hand side evaluations   = 3
	stiffness matrix reformations = 1
	step from line search         = 1.000000
	convergence norms :     INITIAL         CURRENT         REQUIRED
	   residual            2.311990e+00    3.309729e-17    0.000000e+00 
	   energy              1.596120e-02    5.268057e-16    1.596120e-04 
	   displacement        8.582466e-04    2.346137e-13    8.582326e-10 

convergence summary
    number of iterations   : 2
    number of reformations : 1

------- converged at time : 6.8


Data Record #1
===========================================================================
Step = 68
Time = 6.8
Data = uz
File = feb_inputs/fiber_stiffness_c4/../../raw_logs/fiber_stiffness_c4/c4_30.0_disp.txt

Data Record #2
===========================================================================
Step = 68
Time = 6.8
Data = sz
File = feb_inputs/fiber_stiffness_c4/../../raw_logs/fiber_stiffness_c4/c4_30.0_stress.txt

Data Record #3
===========================================================================
Step = 68
Time = 6.8
Data = J
File = feb_inputs/fiber_stiffness_c4/../../raw_logs/fiber_stiffness_c4/c4_30.0_vol.txt

===== beginning time step 69 : 6.9 =====


Reforming stiffness matrix: reformation #1

 1
 Nonlinear solution status: time= 6.9
	stiffness updates             = 0
	right hand side evaluations   = 2
	stiffness matrix reformations = 1
	step from line search         = 1.000000
	convergence norms :     INITIAL         CURRENT         REQUIRED
	   residual            1.953857e+00    1.047837e-10    0.000000e+00 
	   energy              1.346462e-02    5.059984e-08    1.346462e-04 
	   displacement        7.226691e-04    7.226691e-04    7.226691e-10 
 2
 Nonlinear solution status: time= 6.9
	stiffness updates             = 1
	right hand side evaluations   = 3
	stiffness matrix reformations = 1
	step from line search         = 1.000000
	convergence norms :     INITIAL         CURRENT         REQUIRED
	   residual            1.953857e+00    3.196961e-17    0.000000e+00 
	   energy              1.346462e-02    5.416244e-16    1.346462e-04 
	   displacement        7.226691e-04    2.212311e-13    7.226560e-10 

convergence summary
    number of iterations   : 2
    number of reformations : 1

------- converged at time : 6.9


Data Record #1
===========================================================================
Step = 69
Time = 6.9
Data = uz
File = feb_inputs/fiber_stiffness_c4/../../raw_logs/fiber_stiffness_c4/c4_30.0_disp.txt

Data Record #2
===========================================================================
Step = 69
Time = 6.9
Data = sz
File = feb_inputs/fiber_stiffness_c4/../../raw_logs/fiber_stiffness_c4/c4_30.0_stress.txt

Data Record #3
===========================================================================
Step = 69
Time = 6.9
Data = J
File = feb_inputs/fiber_stiffness_c4/../../raw_logs/fiber_stiffness_c4/c4_30.0_vol.txt

===== beginning time step 70 : 7 =====


Reforming stiffness matrix: reformation #1

 1
 Nonlinear solution status: time= 7
	stiffness updates             = 0
	right hand side evaluations   = 2
	stiffness matrix reformations = 1
	step from line search         = 1.000000
	convergence norms :     INITIAL         CURRENT         REQUIRED
	   residual            1.618980e+00    1.112972e-10    0.000000e+00 
	   energy              1.105349e-02    4.433673e-08    1.105349e-04 
	   displacement        5.906753e-04    5.906753e-04    5.906753e-10 
 2
 Nonlinear solution status: time= 7
	stiffness updates             = 1
	right hand side evaluations   = 3
	stiffness matrix reformations = 1
	step from line search         = 1.000000
	convergence norms :     INITIAL         CURRENT         REQUIRED
	   residual            1.618980e+00    3.422727e-17    0.000000e+00 
	   energy              1.105349e-02    5.713421e-16    1.105349e-04 
	   displacement        5.906753e-04    2.168072e-13    5.906627e-10 

convergence summary
    number of iterations   : 2
    number of reformations : 1

------- converged at time : 7


Data Record #1
===========================================================================
Step = 70
Time = 7
Data = uz
File = feb_inputs/fiber_stiffness_c4/../../raw_logs/fiber_stiffness_c4/c4_30.0_disp.txt

Data Record #2
===========================================================================
Step = 70
Time = 7
Data = sz
File = feb_inputs/fiber_stiffness_c4/../../raw_logs/fiber_stiffness_c4/c4_30.0_stress.txt

Data Record #3
===========================================================================
Step = 70
Time = 7
Data = J
File = feb_inputs/fiber_stiffness_c4/../../raw_logs/fiber_stiffness_c4/c4_30.0_vol.txt

===== beginning time step 71 : 7.1 =====


Reforming stiffness matrix: reformation #1

 1
 Nonlinear solution status: time= 7.1
	stiffness updates             = 0
	right hand side evaluations   = 2
	stiffness matrix reformations = 1
	step from line search         = 1.000000
	convergence norms :     INITIAL         CURRENT         REQUIRED
	   residual            1.312870e+00    1.144421e-10    0.000000e+00 
	   energy              8.841210e-03    4.037442e-08    8.841210e-05 
	   displacement        4.718739e-04    4.718739e-04    4.718739e-10 
 2
 Nonlinear solution status: time= 7.1
	stiffness updates             = 1
	right hand side evaluations   = 3
	stiffness matrix reformations = 1
	step from line search         = 1.000000
	convergence norms :     INITIAL         CURRENT         REQUIRED
	   residual            1.312870e+00    3.242966e-17    0.000000e+00 
	   energy              8.841210e-03    5.905492e-16    8.841210e-05 
	   displacement        4.718739e-04    2.216975e-13    4.718624e-10 

convergence summary
    number of iterations   : 2
    number of reformations : 1

------- converged at time : 7.1


Data Record #1
===========================================================================
Step = 71
Time = 7.1
Data = uz
File = feb_inputs/fiber_stiffness_c4/../../raw_logs/fiber_stiffness_c4/c4_30.0_disp.txt

Data Record #2
===========================================================================
Step = 71
Time = 7.1
Data = sz
File = feb_inputs/fiber_stiffness_c4/../../raw_logs/fiber_stiffness_c4/c4_30.0_stress.txt

Data Record #3
===========================================================================
Step = 71
Time = 7.1
Data = J
File = feb_inputs/fiber_stiffness_c4/../../raw_logs/fiber_stiffness_c4/c4_30.0_vol.txt

===== beginning time step 72 : 7.2 =====


Reforming stiffness matrix: reformation #1

 1
 Nonlinear solution status: time= 7.2
	stiffness updates             = 0
	right hand side evaluations   = 2
	stiffness matrix reformations = 1
	step from line search         = 1.000000
	convergence norms :     INITIAL         CURRENT         REQUIRED
	   residual            1.037156e+00    1.140739e-10    0.000000e+00 
	   energy              6.915815e-03    3.623404e-08    6.915815e-05 
	   displacement        3.711276e-04    3.711276e-04    3.711276e-10 
 2
 Nonlinear solution status: time= 7.2
	stiffness updates             = 1
	right hand side evaluations   = 3
	stiffness matrix reformations = 1
	step from line search         = 1.000000
	convergence norms :     INITIAL         CURRENT         REQUIRED
	   residual            1.037156e+00    3.593840e-17    0.000000e+00 
	   energy              6.915815e-03    6.141875e-16    6.915815e-05 
	   displacement        3.711276e-04    2.254461e-13    3.711175e-10 

convergence summary
    number of iterations   : 2
    number of reformations : 1

------- converged at time : 7.2


Data Record #1
===========================================================================
Step = 72
Time = 7.2
Data = uz
File = feb_inputs/fiber_stiffness_c4/../../raw_logs/fiber_stiffness_c4/c4_30.0_disp.txt

Data Record #2
===========================================================================
Step = 72
Time = 7.2
Data = sz
File = feb_inputs/fiber_stiffness_c4/../../raw_logs/fiber_stiffness_c4/c4_30.0_stress.txt

Data Record #3
===========================================================================
Step = 72
Time = 7.2
Data = J
File = feb_inputs/fiber_stiffness_c4/../../raw_logs/fiber_stiffness_c4/c4_30.0_vol.txt

===== beginning time step 73 : 7.3 =====


Reforming stiffness matrix: reformation #1

 1
 Nonlinear solution status: time= 7.3
	stiffness updates             = 0
	right hand side evaluations   = 2
	stiffness matrix reformations = 1
	step from line search         = 1.000000
	convergence norms :     INITIAL         CURRENT         REQUIRED
	   residual            7.965460e-01    9.125560e-11    0.000000e+00 
	   energy              5.305179e-03    3.039471e-08    5.305179e-05 
	   displacement        2.877935e-04    2.877935e-04    2.877935e-10 
 2
 Nonlinear solution status: time= 7.3
	stiffness updates             = 1
	right hand side evaluations   = 3
	stiffness matrix reformations = 1
	step from line search         = 1.000000
	convergence norms :     INITIAL         CURRENT         REQUIRED
	   residual            7.965460e-01    3.328295e-17    0.000000e+00 
	   energy              5.305179e-03    5.993391e-16    5.305179e-05 
	   displacement        2.877935e-04    2.169977e-13    2.877844e-10 

convergence summary
    number of iterations   : 2
    number of reformations : 1

------- converged at time : 7.3


Data Record #1
===========================================================================
Step = 73
Time = 7.3
Data = uz
File = feb_inputs/fiber_stiffness_c4/../../raw_logs/fiber_stiffness_c4/c4_30.0_disp.txt

Data Record #2
===========================================================================
Step = 73
Time = 7.3
Data = sz
File = feb_inputs/fiber_stiffness_c4/../../raw_logs/fiber_stiffness_c4/c4_30.0_stress.txt

Data Record #3
===========================================================================
Step = 73
Time = 7.3
Data = J
File = feb_inputs/fiber_stiffness_c4/../../raw_logs/fiber_stiffness_c4/c4_30.0_vol.txt

===== beginning time step 74 : 7.4 =====


Reforming stiffness matrix: reformation #1

 1
 Nonlinear solution status: time= 7.4
	stiffness updates             = 0
	right hand side evaluations   = 2
	stiffness matrix reformations = 1
	step from line search         = 1.000000
	convergence norms :     INITIAL         CURRENT         REQUIRED
	   residual            5.967393e-01    7.632418e-11    0.000000e+00 
	   energy              3.997128e-03    2.428957e-08    3.997128e-05 
	   displacement        2.188907e-04    2.188907e-04    2.188907e-10 
 2
 Nonlinear solution status: time= 7.4
	stiffness updates             = 1
	right hand side evaluations   = 3
	stiffness matrix reformations = 1
	step from line search         = 1.000000
	convergence norms :     INITIAL         CURRENT         REQUIRED
	   residual            5.967393e-01    3.158263e-17    0.000000e+00 
	   energy              3.997128e-03    5.901432e-16    3.997128e-05 
	   displacement        2.188907e-04    2.061273e-13    2.188829e-10 

convergence summary
    number of iterations   : 2
    number of reformations : 1

------- converged at time : 7.4


Data Record #1
===========================================================================
Step = 74
Time = 7.4
Data = uz
File = feb_inputs/fiber_stiffness_c4/../../raw_logs/fiber_stiffness_c4/c4_30.0_disp.txt

Data Record #2
===========================================================================
Step = 74
Time = 7.4
Data = sz
File = feb_inputs/fiber_stiffness_c4/../../raw_logs/fiber_stiffness_c4/c4_30.0_stress.txt

Data Record #3
===========================================================================
Step = 74
Time = 7.4
Data = J
File = feb_inputs/fiber_stiffness_c4/../../raw_logs/fiber_stiffness_c4/c4_30.0_vol.txt

===== beginning time step 75 : 7.5 =====


Reforming stiffness matrix: reformation #1

 1
 Nonlinear solution status: time= 7.5
	stiffness updates             = 0
	right hand side evaluations   = 2
	stiffness matrix reformations = 1
	step from line search         = 1.000000
	convergence norms :     INITIAL         CURRENT         REQUIRED
	   residual            4.432822e-01    6.009962e-11    0.000000e+00 
	   energy              2.978051e-03    1.881843e-08    2.978051e-05 
	   displacement        1.648021e-04    1.648021e-04    1.648021e-10 
 2
 Nonlinear solution status: time= 7.5
	stiffness updates             = 1
	right hand side evaluations   = 3
	stiffness matrix reformations = 1
	step from line search         = 1.000000
	convergence norms :     INITIAL         CURRENT         REQUIRED
	   residual            4.432822e-01    2.923717e-17    0.000000e+00 
	   energy              2.978051e-03    5.271322e-16    2.978051e-05 
	   displacement        1.648021e-04    1.771306e-13    1.647960e-10 

convergence summary
    number of iterations   : 2
    number of reformations : 1

------- converged at time : 7.5


Data Record #1
===========================================================================
Step = 75
Time = 7.5
Data = uz
File = feb_inputs/fiber_stiffness_c4/../../raw_logs/fiber_stiffness_c4/c4_30.0_disp.txt

Data Record #2
===========================================================================
Step = 75
Time = 7.5
Data = sz
File = feb_inputs/fiber_stiffness_c4/../../raw_logs/fiber_stiffness_c4/c4_30.0_stress.txt

Data Record #3
===========================================================================
Step = 75
Time = 7.5
Data = J
File = feb_inputs/fiber_stiffness_c4/../../raw_logs/fiber_stiffness_c4/c4_30.0_vol.txt

===== beginning time step 76 : 7.6 =====


Reforming stiffness matrix: reformation #1

 1
 Nonlinear solution status: time= 7.6
	stiffness updates             = 0
	right hand side evaluations   = 2
	stiffness matrix reformations = 1
	step from line search         = 1.000000
	convergence norms :     INITIAL         CURRENT         REQUIRED
	   residual            3.345000e-01    5.045002e-11    0.000000e+00 
	   energy              2.234577e-03    1.433728e-08    2.234577e-05 
	   displacement        1.264279e-04    1.264279e-04    1.264279e-10 
 2
 Nonlinear solution status: time= 7.6
	stiffness updates             = 1
	right hand side evaluations   = 3
	stiffness matrix reformations = 1
	step from line search         = 1.000000
	convergence norms :     INITIAL         CURRENT         REQUIRED
	   residual            3.345000e-01    2.629261e-17    0.000000e+00 
	   energy              2.234577e-03    5.016516e-16    2.234577e-05 
	   displacement        1.264279e-04    1.468301e-13    1.264238e-10 

convergence summary
    number of iterations   : 2
    number of reformations : 1

------- converged at time : 7.6


Data Record #1
===========================================================================
Step = 76
Time = 7.6
Data = uz
File = feb_inputs/fiber_stiffness_c4/../../raw_logs/fiber_stiffness_c4/c4_30.0_disp.txt

Data Record #2
===========================================================================
Step = 76
Time = 7.6
Data = sz
File = feb_inputs/fiber_stiffness_c4/../../raw_logs/fiber_stiffness_c4/c4_30.0_stress.txt

Data Record #3
===========================================================================
Step = 76
Time = 7.6
Data = J
File = feb_inputs/fiber_stiffness_c4/../../raw_logs/fiber_stiffness_c4/c4_30.0_vol.txt

===== beginning time step 77 : 7.7 =====


Reforming stiffness matrix: reformation #1

 1
 Nonlinear solution status: time= 7.7
	stiffness updates             = 0
	right hand side evaluations   = 2
	stiffness matrix reformations = 1
	step from line search         = 1.000000
	convergence norms :     INITIAL         CURRENT         REQUIRED
	   residual            2.608792e-01    5.341534e-11    0.000000e+00 
	   energy              1.748256e-03    1.175979e-08    1.748256e-05 
	   displacement        1.014099e-04    1.014099e-04    1.014099e-10 
 2
 Nonlinear solution status: time= 7.7
	stiffness updates             = 1
	right hand side evaluations   = 3
	stiffness matrix reformations = 1
	step from line search         = 1.000000
	convergence norms :     INITIAL         CURRENT         REQUIRED
	   residual            2.608792e-01    2.884636e-17    0.000000e+00 
	   energy              1.748256e-03    5.047023e-16    1.748256e-05 
	   displacement        1.014099e-04    1.354251e-13    1.014069e-10 

convergence summary
    number of iterations   : 2
    number of reformations : 1

------- converged at time : 7.7


Data Record #1
===========================================================================
Step = 77
Time = 7.7
Data = uz
File = feb_inputs/fiber_stiffness_c4/../../raw_logs/fiber_stiffness_c4/c4_30.0_disp.txt

Data Record #2
===========================================================================
Step = 77
Time = 7.7
Data = sz
File = feb_inputs/fiber_stiffness_c4/../../raw_logs/fiber_stiffness_c4/c4_30.0_stress.txt

Data Record #3
===========================================================================
Step = 77
Time = 7.7
Data = J
File = feb_inputs/fiber_stiffness_c4/../../raw_logs/fiber_stiffness_c4/c4_30.0_vol.txt

===== beginning time step 78 : 7.8 =====


Reforming stiffness matrix: reformation #1

 1
 Nonlinear solution status: time= 7.8
	stiffness updates             = 0
	right hand side evaluations   = 2
	stiffness matrix reformations = 1
	step from line search         = 1.000000
	convergence norms :     INITIAL         CURRENT         REQUIRED
	   residual            2.147022e-01    5.047303e-11    0.000000e+00 
	   energy              1.483248e-03    1.038537e-08    1.483248e-05 
	   displacement        8.750876e-05    8.750876e-05    8.750876e-11 
 2
 Nonlinear solution status: time= 7.8
	stiffness updates             = 1
	right hand side evaluations   = 3
	stiffness matrix reformations = 1
	step from line search         = 1.000000
	convergence norms :     INITIAL         CURRENT         REQUIRED
	   residual            2.147022e-01    3.030193e-17    0.000000e+00 
	   energy              1.483248e-03    4.846906e-16    1.483248e-05 
	   displacement        8.750876e-05    1.259247e-13    8.750603e-11 

convergence summary
    number of iterations   : 2
    number of reformations : 1

------- converged at time : 7.8


Data Record #1
===========================================================================
Step = 78
Time = 7.8
Data = uz
File = feb_inputs/fiber_stiffness_c4/../../raw_logs/fiber_stiffness_c4/c4_30.0_disp.txt

Data Record #2
===========================================================================
Step = 78
Time = 7.8
Data = sz
File = feb_inputs/fiber_stiffness_c4/../../raw_logs/fiber_stiffness_c4/c4_30.0_stress.txt

Data Record #3
===========================================================================
Step = 78
Time = 7.8
Data = J
File = feb_inputs/fiber_stiffness_c4/../../raw_logs/fiber_stiffness_c4/c4_30.0_vol.txt

===== beginning time step 79 : 7.9 =====


Reforming stiffness matrix: reformation #1

 1
 Nonlinear solution status: time= 7.9
	stiffness updates             = 0
	right hand side evaluations   = 2
	stiffness matrix reformations = 1
	step from line search         = 1.000000
	convergence norms :     INITIAL         CURRENT         REQUIRED
	   residual            1.893780e-01    5.031483e-11    0.000000e+00 
	   energy              1.385587e-03    9.320283e-09    1.385587e-05 
	   displacement        8.328295e-05    8.328295e-05    8.328295e-11 
 2
 Nonlinear solution status: time= 7.9
	stiffness updates             = 1
	right hand side evaluations   = 3
	stiffness matrix reformations = 1
	step from line search         = 1.000000
	convergence norms :     INITIAL         CURRENT         REQUIRED
	   residual            1.893780e-01    3.709944e-17    0.000000e+00 
	   energy              1.385587e-03    5.590077e-16    1.385587e-05 
	   displacement        8.328295e-05    1.210869e-13    8.328030e-11 

convergence summary
    number of iterations   : 2
    number of reformations : 1

------- converged at time : 7.9


Data Record #1
===========================================================================
Step = 79
Time = 7.9
Data = uz
File = feb_inputs/fiber_stiffness_c4/../../raw_logs/fiber_stiffness_c4/c4_30.0_disp.txt

Data Record #2
===========================================================================
Step = 79
Time = 7.9
Data = sz
File = feb_inputs/fiber_stiffness_c4/../../raw_logs/fiber_stiffness_c4/c4_30.0_stress.txt

Data Record #3
===========================================================================
Step = 79
Time = 7.9
Data = J
File = feb_inputs/fiber_stiffness_c4/../../raw_logs/fiber_stiffness_c4/c4_30.0_vol.txt

===== beginning time step 80 : 8 =====


Reforming stiffness matrix: reformation #1

 1
 Nonlinear solution status: time= 8
	stiffness updates             = 0
	right hand side evaluations   = 2
	stiffness matrix reformations = 1
	step from line search         = 1.000000
	convergence norms :     INITIAL         CURRENT         REQUIRED
	   residual            1.754798e-01    5.611459e-11    0.000000e+00 
	   energy              1.393623e-03    8.536545e-09    1.393623e-05 
	   displacement        8.607187e-05    8.607187e-05    8.607187e-11 
 2
 Nonlinear solution status: time= 8
	stiffness updates             = 1
	right hand side evaluations   = 3
	stiffness matrix reformations = 1
	step from line search         = 1.000000
	convergence norms :     INITIAL         CURRENT         REQUIRED
	   residual            1.754798e-01    4.395301e-17    0.000000e+00 
	   energy              1.393623e-03    6.206130e-16    1.393623e-05 
	   displacement        8.607187e-05    1.171344e-13    8.606928e-11 

convergence summary
    number of iterations   : 2
    number of reformations : 1

------- converged at time : 8


Data Record #1
===========================================================================
Step = 80
Time = 8
Data = uz
File = feb_inputs/fiber_stiffness_c4/../../raw_logs/fiber_stiffness_c4/c4_30.0_disp.txt

Data Record #2
===========================================================================
Step = 80
Time = 8
Data = sz
File = feb_inputs/fiber_stiffness_c4/../../raw_logs/fiber_stiffness_c4/c4_30.0_stress.txt

Data Record #3
===========================================================================
Step = 80
Time = 8
Data = J
File = feb_inputs/fiber_stiffness_c4/../../raw_logs/fiber_stiffness_c4/c4_30.0_vol.txt

===== beginning time step 81 : 8.1 =====


Reforming stiffness matrix: reformation #1

 1
 Nonlinear solution status: time= 8.1
	stiffness updates             = 0
	right hand side evaluations   = 2
	stiffness matrix reformations = 1
	step from line search         = 1.000000
	convergence norms :     INITIAL         CURRENT         REQUIRED
	   residual            1.685784e-01    7.371991e-11    0.000000e+00 
	   energy              1.463052e-03    9.483982e-09    1.463052e-05 
	   displacement        9.325424e-05    9.325424e-05    9.325424e-11 
 2
 Nonlinear solution status: time= 8.1
	stiffness updates             = 1
	right hand side evaluations   = 3
	stiffness matrix reformations = 1
	step from line search         = 1.000000
	convergence norms :     INITIAL         CURRENT         REQUIRED
	   residual            1.685784e-01    4.704561e-17    0.000000e+00 
	   energy              1.463052e-03    6.334172e-16    1.463052e-05 
	   displacement        9.325424e-05    1.226234e-13    9.325140e-11 

convergence summary
    number of iterations   : 2
    number of reformations : 1

------- converged at time : 8.1


Data Record #1
===========================================================================
Step = 81
Time = 8.1
Data = uz
File = feb_inputs/fiber_stiffness_c4/../../raw_logs/fiber_stiffness_c4/c4_30.0_disp.txt

Data Record #2
===========================================================================
Step = 81
Time = 8.1
Data = sz
File = feb_inputs/fiber_stiffness_c4/../../raw_logs/fiber_stiffness_c4/c4_30.0_stress.txt

Data Record #3
===========================================================================
Step = 81
Time = 8.1
Data = J
File = feb_inputs/fiber_stiffness_c4/../../raw_logs/fiber_stiffness_c4/c4_30.0_vol.txt

===== beginning time step 82 : 8.2 =====


Reforming stiffness matrix: reformation #1

 1
 Nonlinear solution status: time= 8.2
	stiffness updates             = 0
	right hand side evaluations   = 2
	stiffness matrix reformations = 1
	step from line search         = 1.000000
	convergence norms :     INITIAL         CURRENT         REQUIRED
	   residual            1.723951e-01    9.829094e-11    0.000000e+00 
	   energy              1.584560e-03    1.353604e-08    1.584560e-05 
	   displacement        1.025372e-04    1.025372e-04    1.025372e-10 
 2
 Nonlinear solution status: time= 8.2
	stiffness updates             = 1
	right hand side evaluations   = 3
	stiffness matrix reformations = 1
	step from line search         = 1.000000
	convergence norms :     INITIAL         CURRENT         REQUIRED
	   residual            1.723951e-01    5.890043e-17    0.000000e+00 
	   energy              1.584560e-03    7.151470e-16    1.584560e-05 
	   displacement        1.025372e-04    1.461448e-13    1.025331e-10 

convergence summary
    number of iterations   : 2
    number of reformations : 1

------- converged at time : 8.2


Data Record #1
===========================================================================
Step = 82
Time = 8.2
Data = uz
File = feb_inputs/fiber_stiffness_c4/../../raw_logs/fiber_stiffness_c4/c4_30.0_disp.txt

Data Record #2
===========================================================================
Step = 82
Time = 8.2
Data = sz
File = feb_inputs/fiber_stiffness_c4/../../raw_logs/fiber_stiffness_c4/c4_30.0_stress.txt

Data Record #3
===========================================================================
Step = 82
Time = 8.2
Data = J
File = feb_inputs/fiber_stiffness_c4/../../raw_logs/fiber_stiffness_c4/c4_30.0_vol.txt

===== beginning time step 83 : 8.3 =====


Reforming stiffness matrix: reformation #1

 1
 Nonlinear solution status: time= 8.3
	stiffness updates             = 0
	right hand side evaluations   = 2
	stiffness matrix reformations = 1
	step from line search         = 1.000000
	convergence norms :     INITIAL         CURRENT         REQUIRED
	   residual            1.939989e-01    1.263155e-10    0.000000e+00 
	   energy              1.780102e-03    1.965200e-08    1.780102e-05 
	   displacement        1.141635e-04    1.141635e-04    1.141635e-10 
 2
 Nonlinear solution status: time= 8.3
	stiffness updates             = 1
	right hand side evaluations   = 3
	stiffness matrix reformations = 1
	step from line search         = 1.000000
	convergence norms :     INITIAL         CURRENT         REQUIRED
	   residual            1.939989e-01    7.293834e-17    0.000000e+00 
	   energy              1.780102e-03    8.250922e-16    1.780102e-05 
	   displacement        1.141635e-04    1.831313e-13    1.141580e-10 

convergence summary
    number of iterations   : 2
    number of reformations : 1

------- converged at time : 8.3


Data Record #1
===========================================================================
Step = 83
Time = 8.3
Data = uz
File = feb_inputs/fiber_stiffness_c4/../../raw_logs/fiber_stiffness_c4/c4_30.0_disp.txt

Data Record #2
===========================================================================
Step = 83
Time = 8.3
Data = sz
File = feb_inputs/fiber_stiffness_c4/../../raw_logs/fiber_stiffness_c4/c4_30.0_stress.txt

Data Record #3
===========================================================================
Step = 83
Time = 8.3
Data = J
File = feb_inputs/fiber_stiffness_c4/../../raw_logs/fiber_stiffness_c4/c4_30.0_vol.txt

===== beginning time step 84 : 8.4 =====


Reforming stiffness matrix: reformation #1

 1
 Nonlinear solution status: time= 8.4
	stiffness updates             = 0
	right hand side evaluations   = 2
	stiffness matrix reformations = 1
	step from line search         = 1.000000
	convergence norms :     INITIAL         CURRENT         REQUIRED
	   residual            2.371455e-01    1.722768e-10    0.000000e+00 
	   energy              2.068142e-03    2.684556e-08    2.068142e-05 
	   displacement        1.306710e-04    1.306710e-04    1.306710e-10 
 2
 Nonlinear solution status: time= 8.4
	stiffness updates             = 1
	right hand side evaluations   = 3
	stiffness matrix reformations = 1
	step from line search         = 1.000000
	convergence norms :     INITIAL         CURRENT         REQUIRED
	   residual            2.371455e-01    8.117776e-17    0.000000e+00 
	   energy              2.068142e-03    8.286755e-16    2.068142e-05 
	   displacement        1.306710e-04    2.052512e-13    1.306642e-10 

convergence summary
    number of iterations   : 2
    number of reformations : 1

------- converged at time : 8.4


Data Record #1
===========================================================================
Step = 84
Time = 8.4
Data = uz
File = feb_inputs/fiber_stiffness_c4/../../raw_logs/fiber_stiffness_c4/c4_30.0_disp.txt

Data Record #2
===========================================================================
Step = 84
Time = 8.4
Data = sz
File = feb_inputs/fiber_stiffness_c4/../../raw_logs/fiber_stiffness_c4/c4_30.0_stress.txt

Data Record #3
===========================================================================
Step = 84
Time = 8.4
Data = J
File = feb_inputs/fiber_stiffness_c4/../../raw_logs/fiber_stiffness_c4/c4_30.0_vol.txt

===== beginning time step 85 : 8.5 =====


Reforming stiffness matrix: reformation #1

 1
 Nonlinear solution status: time= 8.5
	stiffness updates             = 0
	right hand side evaluations   = 2
	stiffness matrix reformations = 1
	step from line search         = 1.000000
	convergence norms :     INITIAL         CURRENT         REQUIRED
	   residual            3.032304e-01    2.228293e-10    0.000000e+00 
	   energy              2.454825e-03    3.421042e-08    2.454825e-05 
	   displacement        1.531401e-04    1.531401e-04    1.531401e-10 
 2
 Nonlinear solution status: time= 8.5
	stiffness updates             = 1
	right hand side evaluations   = 3
	stiffness matrix reformations = 1
	step from line search         = 1.000000
	convergence norms :     INITIAL         CURRENT         REQUIRED
	   residual            3.032304e-01    8.561351e-17    0.000000e+00 
	   energy              2.454825e-03    8.594922e-16    2.454825e-05 
	   displacement        1.531401e-04    2.244617e-13    1.531321e-10 

convergence summary
    number of iterations   : 2
    number of reformations : 1

------- converged at time : 8.5


Data Record #1
===========================================================================
Step = 85
Time = 8.5
Data = uz
File = feb_inputs/fiber_stiffness_c4/../../raw_logs/fiber_stiffness_c4/c4_30.0_disp.txt

Data Record #2
===========================================================================
Step = 85
Time = 8.5
Data = sz
File = feb_inputs/fiber_stiffness_c4/../../raw_logs/fiber_stiffness_c4/c4_30.0_stress.txt

Data Record #3
===========================================================================
Step = 85
Time = 8.5
Data = J
File = feb_inputs/fiber_stiffness_c4/../../raw_logs/fiber_stiffness_c4/c4_30.0_vol.txt

===== beginning time step 86 : 8.6 =====


Reforming stiffness matrix: reformation #1

 1
 Nonlinear solution status: time= 8.6
	stiffness updates             = 0
	right hand side evaluations   = 2
	stiffness matrix reformations = 1
	step from line search         = 1.000000
	convergence norms :     INITIAL         CURRENT         REQUIRED
	   residual            3.982534e-01    2.424168e-10    0.000000e+00 
	   energy              2.964117e-03    4.062910e-08    2.964117e-05 
	   displacement        1.803823e-04    1.803823e-04    1.803823e-10 
 2
 Nonlinear solution status: time= 8.6
	stiffness updates             = 1
	right hand side evaluations   = 3
	stiffness matrix reformations = 1
	step from line search         = 1.000000
	convergence norms :     INITIAL         CURRENT         REQUIRED
	   residual            3.982534e-01    1.056993e-16    0.000000e+00 
	   energy              2.964117e-03    1.005492e-15    2.964117e-05 
	   displacement        1.803823e-04    2.538264e-13    1.803730e-10 

convergence summary
    number of iterations   : 2
    number of reformations : 1

------- converged at time : 8.6


Data Record #1
===========================================================================
Step = 86
Time = 8.6
Data = uz
File = feb_inputs/fiber_stiffness_c4/../../raw_logs/fiber_stiffness_c4/c4_30.0_disp.txt

Data Record #2
===========================================================================
Step = 86
Time = 8.6
Data = sz
File = feb_inputs/fiber_stiffness_c4/../../raw_logs/fiber_stiffness_c4/c4_30.0_stress.txt

Data Record #3
===========================================================================
Step = 86
Time = 8.6
Data = J
File = feb_inputs/fiber_stiffness_c4/../../raw_logs/fiber_stiffness_c4/c4_30.0_vol.txt

===== beginning time step 87 : 8.7 =====


Reforming stiffness matrix: reformation #1

 1
 Nonlinear solution status: time= 8.7
	stiffness updates             = 0
	right hand side evaluations   = 2
	stiffness matrix reformations = 1
	step from line search         = 1.000000
	convergence norms :     INITIAL         CURRENT         REQUIRED
	   residual            5.257781e-01    2.838694e-10    0.000000e+00 
	   energy              3.628619e-03    4.606774e-08    3.628619e-05 
	   displacement        2.135492e-04    2.135492e-04    2.135492e-10 
 2
 Nonlinear solution status: time= 8.7
	stiffness updates             = 1
	right hand side evaluations   = 3
	stiffness matrix reformations = 1
	step from line search         = 1.000000
	convergence norms :     INITIAL         CURRENT         REQUIRED
	   residual            5.257781e-01    1.573211e-16    0.000000e+00 
	   energy              3.628619e-03    1.324969e-15    3.628619e-05 
	   displacement        2.135492e-04    2.997135e-13    2.135385e-10 

convergence summary
    number of iterations   : 2
    number of reformations : 1

------- converged at time : 8.7


Data Record #1
===========================================================================
Step = 87
Time = 8.7
Data = uz
File = feb_inputs/fiber_stiffness_c4/../../raw_logs/fiber_stiffness_c4/c4_30.0_disp.txt

Data Record #2
===========================================================================
Step = 87
Time = 8.7
Data = sz
File = feb_inputs/fiber_stiffness_c4/../../raw_logs/fiber_stiffness_c4/c4_30.0_stress.txt

Data Record #3
===========================================================================
Step = 87
Time = 8.7
Data = J
File = feb_inputs/fiber_stiffness_c4/../../raw_logs/fiber_stiffness_c4/c4_30.0_vol.txt

===== beginning time step 88 : 8.8 =====


Reforming stiffness matrix: reformation #1

 1
 Nonlinear solution status: time= 8.8
	stiffness updates             = 0
	right hand side evaluations   = 2
	stiffness matrix reformations = 1
	step from line search         = 1.000000
	convergence norms :     INITIAL         CURRENT         REQUIRED
	   residual            6.767160e-01    3.626007e-10    0.000000e+00 
	   energy              4.441769e-03    5.147834e-08    4.441769e-05 
	   displacement        2.556412e-04    2.556412e-04    2.556412e-10 
 2
 Nonlinear solution status: time= 8.8
	stiffness updates             = 1
	right hand side evaluations   = 3
	stiffness matrix reformations = 1
	step from line search         = 1.000000
	convergence norms :     INITIAL         CURRENT         REQUIRED
	   residual            6.767160e-01    1.925675e-16    0.000000e+00 
	   energy              4.441769e-03    1.567336e-15    4.441769e-05 
	   displacement        2.556412e-04    3.416708e-13    2.556292e-10 

convergence summary
    number of iterations   : 2
    number of reformations : 1

------- converged at time : 8.8


Data Record #1
===========================================================================
Step = 88
Time = 8.8
Data = uz
File = feb_inputs/fiber_stiffness_c4/../../raw_logs/fiber_stiffness_c4/c4_30.0_disp.txt

Data Record #2
===========================================================================
Step = 88
Time = 8.8
Data = sz
File = feb_inputs/fiber_stiffness_c4/../../raw_logs/fiber_stiffness_c4/c4_30.0_stress.txt

Data Record #3
===========================================================================
Step = 88
Time = 8.8
Data = J
File = feb_inputs/fiber_stiffness_c4/../../raw_logs/fiber_stiffness_c4/c4_30.0_vol.txt

===== beginning time step 89 : 8.9 =====


Reforming stiffness matrix: reformation #1

 1
 Nonlinear solution status: time= 8.9
	stiffness updates             = 0
	right hand side evaluations   = 2
	stiffness matrix reformations = 1
	step from line search         = 1.000000
	convergence norms :     INITIAL         CURRENT         REQUIRED
	   residual            8.408506e-01    4.264370e-10    0.000000e+00 
	   energy              5.346085e-03    5.709543e-08    5.346085e-05 
	   displacement        3.040696e-04    3.040696e-04    3.040696e-10 
 2
 Nonlinear solution status: time= 8.9
	stiffness updates             = 1
	right hand side evaluations   = 3
	stiffness matrix reformations = 1
	step from line search         = 1.000000
	convergence norms :     INITIAL         CURRENT         REQUIRED
	   residual            8.408506e-01    2.148371e-16    0.000000e+00 
	   energy              5.346085e-03    1.651976e-15    5.346085e-05 
	   displacement        3.040696e-04    3.613776e-13    3.040569e-10 

convergence summary
    number of iterations   : 2
    number of reformations : 1

------- converged at time : 8.9


Data Record #1
===========================================================================
Step = 89
Time = 8.9
Data = uz
File = feb_inputs/fiber_stiffness_c4/../../raw_logs/fiber_stiffness_c4/c4_30.0_disp.txt

Data Record #2
===========================================================================
Step = 89
Time = 8.9
Data = sz
File = feb_inputs/fiber_stiffness_c4/../../raw_logs/fiber_stiffness_c4/c4_30.0_stress.txt

Data Record #3
===========================================================================
Step = 89
Time = 8.9
Data = J
File = feb_inputs/fiber_stiffness_c4/../../raw_logs/fiber_stiffness_c4/c4_30.0_vol.txt

===== beginning time step 90 : 9 =====


Reforming stiffness matrix: reformation #1

 1
 Nonlinear solution status: time= 9
	stiffness updates             = 0
	right hand side evaluations   = 2
	stiffness matrix reformations = 1
	step from line search         = 1.000000
	convergence norms :     INITIAL         CURRENT         REQUIRED
	   residual            1.007588e+00    4.252464e-10    0.000000e+00 
	   energy              6.252923e-03    6.183192e-08    6.252923e-05 
	   displacement        3.503351e-04    3.503351e-04    3.503351e-10 
 2
 Nonlinear solution status: time= 9
	stiffness updates             = 1
	right hand side evaluations   = 3
	stiffness matrix reformations = 1
	step from line search         = 1.000000
	convergence norms :     INITIAL         CURRENT         REQUIRED
	   residual            1.007588e+00    2.521311e-16    0.000000e+00 
	   energy              6.252923e-03    1.688645e-15    6.252923e-05 
	   displacement        3.503351e-04    3.538967e-13    3.503221e-10 

convergence summary
    number of iterations   : 2
    number of reformations : 1

------- converged at time : 9


Data Record #1
===========================================================================
Step = 90
Time = 9
Data = uz
File = feb_inputs/fiber_stiffness_c4/../../raw_logs/fiber_stiffness_c4/c4_30.0_disp.txt

Data Record #2
===========================================================================
Step = 90
Time = 9
Data = sz
File = feb_inputs/fiber_stiffness_c4/../../raw_logs/fiber_stiffness_c4/c4_30.0_stress.txt

Data Record #3
===========================================================================
Step = 90
Time = 9
Data = J
File = feb_inputs/fiber_stiffness_c4/../../raw_logs/fiber_stiffness_c4/c4_30.0_vol.txt

===== beginning time step 91 : 9.1 =====


Reforming stiffness matrix: reformation #1

 1
 Nonlinear solution status: time= 9.1
	stiffness updates             = 0
	right hand side evaluations   = 2
	stiffness matrix reformations = 1
	step from line search         = 1.000000
	convergence norms :     INITIAL         CURRENT         REQUIRED
	   residual            1.151393e+00    4.449934e-10    0.000000e+00 
	   energy              7.062835e-03    6.534595e-08    7.062835e-05 
	   displacement        3.896171e-04    3.896171e-04    3.896171e-10 
 2
 Nonlinear solution status: time= 9.1
	stiffness updates             = 1
	right hand side evaluations   = 3
	stiffness matrix reformations = 1
	step from line search         = 1.000000
	convergence norms :     INITIAL         CURRENT         REQUIRED
	   residual            1.151393e+00    2.757417e-16    0.000000e+00 
	   energy              7.062835e-03    1.825210e-15    7.062835e-05 
	   displacement        3.896171e-04    3.611380e-13    3.896040e-10 

convergence summary
    number of iterations   : 2
    number of reformations : 1

------- converged at time : 9.1


Data Record #1
===========================================================================
Step = 91
Time = 9.1
Data = uz
File = feb_inputs/fiber_stiffness_c4/../../raw_logs/fiber_stiffness_c4/c4_30.0_disp.txt

Data Record #2
===========================================================================
Step = 91
Time = 9.1
Data = sz
File = feb_inputs/fiber_stiffness_c4/../../raw_logs/fiber_stiffness_c4/c4_30.0_stress.txt

Data Record #3
===========================================================================
Step = 91
Time = 9.1
Data = J
File = feb_inputs/fiber_stiffness_c4/../../raw_logs/fiber_stiffness_c4/c4_30.0_vol.txt

===== beginning time step 92 : 9.2 =====


Reforming stiffness matrix: reformation #1

 1
 Nonlinear solution status: time= 9.2
	stiffness updates             = 0
	right hand side evaluations   = 2
	stiffness matrix reformations = 1
	step from line search         = 1.000000
	convergence norms :     INITIAL         CURRENT         REQUIRED
	   residual            1.245435e+00    4.345968e-10    0.000000e+00 
	   energy              7.683584e-03    6.603284e-08    7.683584e-05 
	   displacement        4.210656e-04    4.210656e-04    4.210656e-10 
 2
 Nonlinear solution status: time= 9.2
	stiffness updates             = 1
	right hand side evaluations   = 3
	stiffness matrix reformations = 1
	step from line search         = 1.000000
	convergence norms :     INITIAL         CURRENT         REQUIRED
	   residual            1.245435e+00    2.438258e-16    0.000000e+00 
	   energy              7.683584e-03    1.765306e-15    7.683584e-05 
	   displacement        4.210656e-04    3.769379e-13    4.210521e-10 

convergence summary
    number of iterations   : 2
    number of reformations : 1

------- converged at time : 9.2


Data Record #1
===========================================================================
Step = 92
Time = 9.2
Data = uz
File = feb_inputs/fiber_stiffness_c4/../../raw_logs/fiber_stiffness_c4/c4_30.0_disp.txt

Data Record #2
===========================================================================
Step = 92
Time = 9.2
Data = sz
File = feb_inputs/fiber_stiffness_c4/../../raw_logs/fiber_stiffness_c4/c4_30.0_stress.txt

Data Record #3
===========================================================================
Step = 92
Time = 9.2
Data = J
File = feb_inputs/fiber_stiffness_c4/../../raw_logs/fiber_stiffness_c4/c4_30.0_vol.txt

===== beginning time step 93 : 9.3 =====


Reforming stiffness matrix: reformation #1

 1
 Nonlinear solution status: time= 9.3
	stiffness updates             = 0
	right hand side evaluations   = 2
	stiffness matrix reformations = 1
	step from line search         = 1.000000
	convergence norms :     INITIAL         CURRENT         REQUIRED
	   residual            1.284897e+00    4.312670e-10    0.000000e+00 
	   energy              8.066219e-03    6.443876e-08    8.066219e-05 
	   displacement        4.428201e-04    4.428201e-04    4.428201e-10 
 2
 Nonlinear solution status: time= 9.3
	stiffness updates             = 1
	right hand side evaluations   = 3
	stiffness matrix reformations = 1
	step from line search         = 1.000000
	convergence norms :     INITIAL         CURRENT         REQUIRED
	   residual            1.284897e+00    2.509257e-16    0.000000e+00 
	   energy              8.066219e-03    1.750064e-15    8.066219e-05 
	   displacement        4.428201e-04    3.891094e-13    4.428057e-10 

convergence summary
    number of iterations   : 2
    number of reformations : 1

------- converged at time : 9.3


Data Record #1
===========================================================================
Step = 93
Time = 9.3
Data = uz
File = feb_inputs/fiber_stiffness_c4/../../raw_logs/fiber_stiffness_c4/c4_30.0_disp.txt

Data Record #2
===========================================================================
Step = 93
Time = 9.3
Data = sz
File = feb_inputs/fiber_stiffness_c4/../../raw_logs/fiber_stiffness_c4/c4_30.0_stress.txt

Data Record #3
===========================================================================
Step = 93
Time = 9.3
Data = J
File = feb_inputs/fiber_stiffness_c4/../../raw_logs/fiber_stiffness_c4/c4_30.0_vol.txt

===== beginning time step 94 : 9.4 =====


Reforming stiffness matrix: reformation #1

 1
 Nonlinear solution status: time= 9.4
	stiffness updates             = 0
	right hand side evaluations   = 2
	stiffness matrix reformations = 1
	step from line search         = 1.000000
	convergence norms :     INITIAL         CURRENT         REQUIRED
	   residual            1.283440e+00    4.058966e-10    0.000000e+00 
	   energy              8.230044e-03    6.383826e-08    8.230044e-05 
	   displacement        4.539589e-04    4.539589e-04    4.539589e-10 
 2
 Nonlinear solution status: time= 9.4
	stiffness updates             = 1
	right hand side evaluations   = 3
	stiffness matrix reformations = 1
	step from line search         = 1.000000
	convergence norms :     INITIAL         CURRENT         REQUIRED
	   residual            1.283440e+00    2.579163e-16    0.000000e+00 
	   energy              8.230044e-03    1.800498e-15    8.230044e-05 
	   displacement        4.539589e-04    4.204343e-13    4.539430e-10 

convergence summary
    number of iterations   : 2
    number of reformations : 1

------- converged at time : 9.4


Data Record #1
===========================================================================
Step = 94
Time = 9.4
Data = uz
File = feb_inputs/fiber_stiffness_c4/../../raw_logs/fiber_stiffness_c4/c4_30.0_disp.txt

Data Record #2
===========================================================================
Step = 94
Time = 9.4
Data = sz
File = feb_inputs/fiber_stiffness_c4/../../raw_logs/fiber_stiffness_c4/c4_30.0_stress.txt

Data Record #3
===========================================================================
Step = 94
Time = 9.4
Data = J
File = feb_inputs/fiber_stiffness_c4/../../raw_logs/fiber_stiffness_c4/c4_30.0_vol.txt

===== beginning time step 95 : 9.5 =====


Reforming stiffness matrix: reformation #1

 1
 Nonlinear solution status: time= 9.5
	stiffness updates             = 0
	right hand side evaluations   = 2
	stiffness matrix reformations = 1
	step from line search         = 1.000000
	convergence norms :     INITIAL         CURRENT         REQUIRED
	   residual            1.259005e+00    3.578713e-10    0.000000e+00 
	   energy              8.248979e-03    6.473881e-08    8.248979e-05 
	   displacement        4.564267e-04    4.564267e-04    4.564267e-10 
 2
 Nonlinear solution status: time= 9.5
	stiffness updates             = 1
	right hand side evaluations   = 3
	stiffness matrix reformations = 1
	step from line search         = 1.000000
	convergence norms :     INITIAL         CURRENT         REQUIRED
	   residual            1.259005e+00    2.419937e-16    0.000000e+00 
	   energy              8.248979e-03    1.788675e-15    8.248979e-05 
	   displacement        4.564267e-04    4.534907e-13    4.564096e-10 

convergence summary
    number of iterations   : 2
    number of reformations : 1

------- converged at time : 9.5


Data Record #1
===========================================================================
Step = 95
Time = 9.5
Data = uz
File = feb_inputs/fiber_stiffness_c4/../../raw_logs/fiber_stiffness_c4/c4_30.0_disp.txt

Data Record #2
===========================================================================
Step = 95
Time = 9.5
Data = sz
File = feb_inputs/fiber_stiffness_c4/../../raw_logs/fiber_stiffness_c4/c4_30.0_stress.txt

Data Record #3
===========================================================================
Step = 95
Time = 9.5
Data = J
File = feb_inputs/fiber_stiffness_c4/../../raw_logs/fiber_stiffness_c4/c4_30.0_vol.txt

===== beginning time step 96 : 9.6 =====


Reforming stiffness matrix: reformation #1

 1
 Nonlinear solution status: time= 9.6
	stiffness updates             = 0
	right hand side evaluations   = 2
	stiffness matrix reformations = 1
	step from line search         = 1.000000
	convergence norms :     INITIAL         CURRENT         REQUIRED
	   residual            1.231630e+00    3.185268e-10    0.000000e+00 
	   energy              8.226775e-03    6.471763e-08    8.226775e-05 
	   displacement        4.562470e-04    4.562470e-04    4.562470e-10 
 2
 Nonlinear solution status: time= 9.6
	stiffness updates             = 1
	right hand side evaluations   = 3
	stiffness matrix reformations = 1
	step from line search         = 1.000000
	convergence norms :     INITIAL         CURRENT         REQUIRED
	   residual            1.231630e+00    1.896641e-16    0.000000e+00 
	   energy              8.226775e-03    1.720705e-15    8.226775e-05 
	   displacement        4.562470e-04    4.679329e-13    4.562297e-10 

convergence summary
    number of iterations   : 2
    number of reformations : 1

------- converged at time : 9.6


Data Record #1
===========================================================================
Step = 96
Time = 9.6
Data = uz
File = feb_inputs/fiber_stiffness_c4/../../raw_logs/fiber_stiffness_c4/c4_30.0_disp.txt

Data Record #2
===========================================================================
Step = 96
Time = 9.6
Data = sz
File = feb_inputs/fiber_stiffness_c4/../../raw_logs/fiber_stiffness_c4/c4_30.0_stress.txt

Data Record #3
===========================================================================
Step = 96
Time = 9.6
Data = J
File = feb_inputs/fiber_stiffness_c4/../../raw_logs/fiber_stiffness_c4/c4_30.0_vol.txt

===== beginning time step 97 : 9.7 =====


Reforming stiffness matrix: reformation #1

 1
 Nonlinear solution status: time= 9.7
	stiffness updates             = 0
	right hand side evaluations   = 2
	stiffness matrix reformations = 1
	step from line search         = 1.000000
	convergence norms :     INITIAL         CURRENT         REQUIRED
	   residual            1.227291e+00    2.658912e-10    0.000000e+00 
	   energy              8.275399e-03    6.111723e-08    8.275399e-05 
	   displacement        4.597252e-04    4.597252e-04    4.597252e-10 
 2
 Nonlinear solution status: time= 9.7
	stiffness updates             = 1
	right hand side evaluations   = 3
	stiffness matrix reformations = 1
	step from line search         = 1.000000
	convergence norms :     INITIAL         CURRENT         REQUIRED
	   residual            1.227291e+00    1.261858e-16    0.000000e+00 
	   energy              8.275399e-03    1.459787e-15    8.275399e-05 
	   displacement        4.597252e-04    4.406537e-13    4.597083e-10 

convergence summary
    number of iterations   : 2
    number of reformations : 1

------- converged at time : 9.7


Data Record #1
===========================================================================
Step = 97
Time = 9.7
Data = uz
File = feb_inputs/fiber_stiffness_c4/../../raw_logs/fiber_stiffness_c4/c4_30.0_disp.txt

Data Record #2
===========================================================================
Step = 97
Time = 9.7
Data = sz
File = feb_inputs/fiber_stiffness_c4/../../raw_logs/fiber_stiffness_c4/c4_30.0_stress.txt

Data Record #3
===========================================================================
Step = 97
Time = 9.7
Data = J
File = feb_inputs/fiber_stiffness_c4/../../raw_logs/fiber_stiffness_c4/c4_30.0_vol.txt

===== beginning time step 98 : 9.8 =====


Reforming stiffness matrix: reformation #1

 1
 Nonlinear solution status: time= 9.8
	stiffness updates             = 0
	right hand side evaluations   = 2
	stiffness matrix reformations = 1
	step from line search         = 1.000000
	convergence norms :     INITIAL         CURRENT         REQUIRED
	   residual            1.271303e+00    2.339417e-10    0.000000e+00 
	   energy              8.490517e-03    5.431500e-08    8.490517e-05 
	   displacement        4.702705e-04    4.702705e-04    4.702705e-10 
 2
 Nonlinear solution status: time= 9.8
	stiffness updates             = 1
	right hand side evaluations   = 3
	stiffness matrix reformations = 1
	step from line search         = 1.000000
	convergence norms :     INITIAL         CURRENT         REQUIRED
	   residual            1.271303e+00    4.414403e-15    0.000000e+00 
	   energy              8.490517e-03    4.666442e-15    8.490517e-05 
	   displacement        4.702705e-04    4.008867e-13    4.702549e-10 

convergence summary
    number of iterations   : 2
    number of reformations : 1

------- converged at time : 9.8


Data Record #1
===========================================================================
Step = 98
Time = 9.8
Data = uz
File = feb_inputs/fiber_stiffness_c4/../../raw_logs/fiber_stiffness_c4/c4_30.0_disp.txt

Data Record #2
===========================================================================
Step = 98
Time = 9.8
Data = sz
File = feb_inputs/fiber_stiffness_c4/../../raw_logs/fiber_stiffness_c4/c4_30.0_stress.txt

Data Record #3
===========================================================================
Step = 98
Time = 9.8
Data = J
File = feb_inputs/fiber_stiffness_c4/../../raw_logs/fiber_stiffness_c4/c4_30.0_vol.txt

===== beginning time step 99 : 9.9 =====


Reforming stiffness matrix: reformation #1

 1
 Nonlinear solution status: time= 9.9
	stiffness updates             = 0
	right hand side evaluations   = 2
	stiffness matrix reformations = 1
	step from line search         = 1.000000
	convergence norms :     INITIAL         CURRENT         REQUIRED
	   residual            1.378643e+00    1.369783e-10    0.000000e+00 
	   energy              8.926014e-03    4.701266e-08    8.926014e-05 
	   displacement        4.894588e-04    4.894588e-04    4.894588e-10 
 2
 Nonlinear solution status: time= 9.9
	stiffness updates             = 1
	right hand side evaluations   = 3
	stiffness matrix reformations = 1
	step from line search         = 1.000000
	convergence norms :     INITIAL         CURRENT         REQUIRED
	   residual            1.378643e+00    1.240546e-16    0.000000e+00 
	   energy              8.926014e-03    1.418218e-15    8.926014e-05 
	   displacement        4.894588e-04    3.854659e-13    4.894444e-10 

convergence summary
    number of iterations   : 2
    number of reformations : 1

------- converged at time : 9.9


Data Record #1
===========================================================================
Step = 99
Time = 9.9
Data = uz
File = feb_inputs/fiber_stiffness_c4/../../raw_logs/fiber_stiffness_c4/c4_30.0_disp.txt

Data Record #2
===========================================================================
Step = 99
Time = 9.9
Data = sz
File = feb_inputs/fiber_stiffness_c4/../../raw_logs/fiber_stiffness_c4/c4_30.0_stress.txt

Data Record #3
===========================================================================
Step = 99
Time = 9.9
Data = J
File = feb_inputs/fiber_stiffness_c4/../../raw_logs/fiber_stiffness_c4/c4_30.0_vol.txt

===== beginning time step 100 : 10 =====


Reforming stiffness matrix: reformation #1

 1
 Nonlinear solution status: time= 10
	stiffness updates             = 0
	right hand side evaluations   = 2
	stiffness matrix reformations = 1
	step from line search         = 1.000000
	convergence norms :     INITIAL         CURRENT         REQUIRED
	   residual            1.547504e+00    1.122066e-10    0.000000e+00 
	   energy              9.591519e-03    4.159511e-08    9.591519e-05 
	   displacement        5.174864e-04    5.174864e-04    5.174864e-10 
 2
 Nonlinear solution status: time= 10
	stiffness updates             = 1
	right hand side evaluations   = 3
	stiffness matrix reformations = 1
	step from line search         = 1.000000
	convergence norms :     INITIAL         CURRENT         REQUIRED
	   residual            1.547504e+00    1.264988e-16    0.000000e+00 
	   energy              9.591519e-03    1.413305e-15    9.591519e-05 
	   displacement        5.174864e-04    3.749117e-13    5.174732e-10 

convergence summary
    number of iterations   : 2
    number of reformations : 1

------- converged at time : 10


Data Record #1
===========================================================================
Step = 100
Time = 10
Data = uz
File = feb_inputs/fiber_stiffness_c4/../../raw_logs/fiber_stiffness_c4/c4_30.0_disp.txt

Data Record #2
===========================================================================
Step = 100
Time = 10
Data = sz
File = feb_inputs/fiber_stiffness_c4/../../raw_logs/fiber_stiffness_c4/c4_30.0_stress.txt

Data Record #3
===========================================================================
Step = 100
Time = 10
Data = J
File = feb_inputs/fiber_stiffness_c4/../../raw_logs/fiber_stiffness_c4/c4_30.0_vol.txt

===== beginning time step 101 : 10.1 =====


Reforming stiffness matrix: reformation #1

 1
 Nonlinear solution status: time= 10.1
	stiffness updates             = 0
	right hand side evaluations   = 2
	stiffness matrix reformations = 1
	step from line search         = 1.000000
	convergence norms :     INITIAL         CURRENT         REQUIRED
	   residual            1.766346e+00    9.265628e-11    0.000000e+00 
	   energy              1.047816e-02    3.822202e-08    1.047816e-04 
	   displacement        5.538388e-04    5.538388e-04    5.538388e-10 
 2
 Nonlinear solution status: time= 10.1
	stiffness updates             = 1
	right hand side evaluations   = 3
	stiffness matrix reformations = 1
	step from line search         = 1.000000
	convergence norms :     INITIAL         CURRENT         REQUIRED
	   residual            1.766346e+00    1.166283e-16    0.000000e+00 
	   energy              1.047816e-02    1.254657e-15    1.047816e-04 
	   displacement        5.538388e-04    3.347536e-13    5.538274e-10 

convergence summary
    number of iterations   : 2
    number of reformations : 1

------- converged at time : 10.1


Data Record #1
===========================================================================
Step = 101
Time = 10.1
Data = uz
File = feb_inputs/fiber_stiffness_c4/../../raw_logs/fiber_stiffness_c4/c4_30.0_disp.txt

Data Record #2
===========================================================================
Step = 101
Time = 10.1
Data = sz
File = feb_inputs/fiber_stiffness_c4/../../raw_logs/fiber_stiffness_c4/c4_30.0_stress.txt

Data Record #3
===========================================================================
Step = 101
Time = 10.1
Data = J
File = feb_inputs/fiber_stiffness_c4/../../raw_logs/fiber_stiffness_c4/c4_30.0_vol.txt

===== beginning time step 102 : 10.2 =====


Reforming stiffness matrix: reformation #1

 1
 Nonlinear solution status: time= 10.2
	stiffness updates             = 0
	right hand side evaluations   = 2
	stiffness matrix reformations = 1
	step from line search         = 1.000000
	convergence norms :     INITIAL         CURRENT         REQUIRED
	   residual            2.028578e+00    8.779031e-11    0.000000e+00 
	   energy              1.156428e-02    3.768993e-08    1.156428e-04 
	   displacement        5.976573e-04    5.976573e-04    5.976573e-10 
 2
 Nonlinear solution status: time= 10.2
	stiffness updates             = 1
	right hand side evaluations   = 3
	stiffness matrix reformations = 1
	step from line search         = 1.000000
	convergence norms :     INITIAL         CURRENT         REQUIRED
	   residual            2.028578e+00    1.049500e-16    0.000000e+00 
	   energy              1.156428e-02    1.250127e-15    1.156428e-04 
	   displacement        5.976573e-04    3.194316e-13    5.976469e-10 

convergence summary
    number of iterations   : 2
    number of reformations : 1

------- converged at time : 10.2


Data Record #1
===========================================================================
Step = 102
Time = 10.2
Data = uz
File = feb_inputs/fiber_stiffness_c4/../../raw_logs/fiber_stiffness_c4/c4_30.0_disp.txt

Data Record #2
===========================================================================
Step = 102
Time = 10.2
Data = sz
File = feb_inputs/fiber_stiffness_c4/../../raw_logs/fiber_stiffness_c4/c4_30.0_stress.txt

Data Record #3
===========================================================================
Step = 102
Time = 10.2
Data = J
File = feb_inputs/fiber_stiffness_c4/../../raw_logs/fiber_stiffness_c4/c4_30.0_vol.txt

===== beginning time step 103 : 10.3 =====


Reforming stiffness matrix: reformation #1

 1
 Nonlinear solution status: time= 10.3
	stiffness updates             = 0
	right hand side evaluations   = 2
	stiffness matrix reformations = 1
	step from line search         = 1.000000
	convergence norms :     INITIAL         CURRENT         REQUIRED
	   residual            2.335517e+00    1.403290e-10    0.000000e+00 
	   energy              1.281124e-02    3.844132e-08    1.281124e-04 
	   displacement        6.463002e-04    6.463002e-04    6.463002e-10 
 2
 Nonlinear solution status: time= 10.3
	stiffness updates             = 1
	right hand side evaluations   = 3
	stiffness matrix reformations = 1
	step from line search         = 1.000000
	convergence norms :     INITIAL         CURRENT         REQUIRED
	   residual            2.335517e+00    1.427311e-16    0.000000e+00 
	   energy              1.281124e-02    1.536880e-15    1.281124e-04 
	   displacement        6.463002e-04    3.362655e-13    6.462906e-10 

convergence summary
    number of iterations   : 2
    number of reformations : 1

------- converged at time : 10.3


Data Record #1
===========================================================================
Step = 103
Time = 10.3
Data = uz
File = feb_inputs/fiber_stiffness_c4/../../raw_logs/fiber_stiffness_c4/c4_30.0_disp.txt

Data Record #2
===========================================================================
Step = 103
Time = 10.3
Data = sz
File = feb_inputs/fiber_stiffness_c4/../../raw_logs/fiber_stiffness_c4/c4_30.0_stress.txt

Data Record #3
===========================================================================
Step = 103
Time = 10.3
Data = J
File = feb_inputs/fiber_stiffness_c4/../../raw_logs/fiber_stiffness_c4/c4_30.0_vol.txt

===== beginning time step 104 : 10.4 =====


Reforming stiffness matrix: reformation #1

 1
 Nonlinear solution status: time= 10.4
	stiffness updates             = 0
	right hand side evaluations   = 2
	stiffness matrix reformations = 1
	step from line search         = 1.000000
	convergence norms :     INITIAL         CURRENT         REQUIRED
	   residual            2.681520e+00    2.391725e-10    0.000000e+00 
	   energy              1.418443e-02    3.830041e-08    1.418443e-04 
	   displacement        6.966848e-04    6.966848e-04    6.966848e-10 
 2
 Nonlinear solution status: time= 10.4
	stiffness updates             = 1
	right hand side evaluations   = 3
	stiffness matrix reformations = 1
	step from line search         = 1.000000
	convergence norms :     INITIAL         CURRENT         REQUIRED
	   residual            2.681520e+00    9.184362e-16    0.000000e+00 
	   energy              1.418443e-02    1.337374e-15    1.418443e-04 
	   displacement        6.966848e-04    3.627177e-13    6.966765e-10 

convergence summary
    number of iterations   : 2
    number of reformations : 1

------- converged at time : 10.4


Data Record #1
===========================================================================
Step = 104
Time = 10.4
Data = uz
File = feb_inputs/fiber_stiffness_c4/../../raw_logs/fiber_stiffness_c4/c4_30.0_disp.txt

Data Record #2
===========================================================================
Step = 104
Time = 10.4
Data = sz
File = feb_inputs/fiber_stiffness_c4/../../raw_logs/fiber_stiffness_c4/c4_30.0_stress.txt

Data Record #3
===========================================================================
Step = 104
Time = 10.4
Data = J
File = feb_inputs/fiber_stiffness_c4/../../raw_logs/fiber_stiffness_c4/c4_30.0_vol.txt

===== beginning time step 105 : 10.5 =====


Reforming stiffness matrix: reformation #1

 1
 Nonlinear solution status: time= 10.5
	stiffness updates             = 0
	right hand side evaluations   = 2
	stiffness matrix reformations = 1
	step from line search         = 1.000000
	convergence norms :     INITIAL         CURRENT         REQUIRED
	   residual            3.052229e+00    2.753762e-10    0.000000e+00 
	   energy              1.568785e-02    3.747192e-08    1.568785e-04 
	   displacement        7.510241e-04    7.510241e-04    7.510241e-10 
 2
 Nonlinear solution status: time= 10.5
	stiffness updates             = 1
	right hand side evaluations   = 3
	stiffness matrix reformations = 1
	step from line search         = 1.000000
	convergence norms :     INITIAL         CURRENT         REQUIRED
	   residual            3.052229e+00    2.950964e-16    0.000000e+00 
	   energy              1.568785e-02    2.587017e-15    1.568785e-04 
	   displacement        7.510241e-04    3.783770e-13    7.510172e-10 

convergence summary
    number of iterations   : 2
    number of reformations : 1

------- converged at time : 10.5


Data Record #1
===========================================================================
Step = 105
Time = 10.5
Data = uz
File = feb_inputs/fiber_stiffness_c4/../../raw_logs/fiber_stiffness_c4/c4_30.0_disp.txt

Data Record #2
===========================================================================
Step = 105
Time = 10.5
Data = sz
File = feb_inputs/fiber_stiffness_c4/../../raw_logs/fiber_stiffness_c4/c4_30.0_stress.txt

Data Record #3
===========================================================================
Step = 105
Time = 10.5
Data = J
File = feb_inputs/fiber_stiffness_c4/../../raw_logs/fiber_stiffness_c4/c4_30.0_vol.txt

===== beginning time step 106 : 10.6 =====


Reforming stiffness matrix: reformation #1

 1
 Nonlinear solution status: time= 10.6
	stiffness updates             = 0
	right hand side evaluations   = 2
	stiffness matrix reformations = 1
	step from line search         = 1.000000
	convergence norms :     INITIAL         CURRENT         REQUIRED
	   residual            3.437653e+00    2.920406e-10    0.000000e+00 
	   energy              1.736174e-02    3.756807e-08    1.736174e-04 
	   displacement        8.148655e-04    8.148655e-04    8.148655e-10 
 2
 Nonlinear solution status: time= 10.6
	stiffness updates             = 1
	right hand side evaluations   = 3
	stiffness matrix reformations = 1
	step from line search         = 1.000000
	convergence norms :     INITIAL         CURRENT         REQUIRED
	   residual            3.437653e+00    3.365295e-16    0.000000e+00 
	   energy              1.736174e-02    2.970518e-15    1.736174e-04 
	   displacement        8.148655e-04    4.021638e-13    8.148590e-10 

convergence summary
    number of iterations   : 2
    number of reformations : 1

------- converged at time : 10.6


Data Record #1
===========================================================================
Step = 106
Time = 10.6
Data = uz
File = feb_inputs/fiber_stiffness_c4/../../raw_logs/fiber_stiffness_c4/c4_30.0_disp.txt

Data Record #2
===========================================================================
Step = 106
Time = 10.6
Data = sz
File = feb_inputs/fiber_stiffness_c4/../../raw_logs/fiber_stiffness_c4/c4_30.0_stress.txt

Data Record #3
===========================================================================
Step = 106
Time = 10.6
Data = J
File = feb_inputs/fiber_stiffness_c4/../../raw_logs/fiber_stiffness_c4/c4_30.0_vol.txt

===== beginning time step 107 : 10.7 =====


Reforming stiffness matrix: reformation #1

 1
 Nonlinear solution status: time= 10.7
	stiffness updates             = 0
	right hand side evaluations   = 2
	stiffness matrix reformations = 1
	step from line search         = 1.000000
	convergence norms :     INITIAL         CURRENT         REQUIRED
	   residual            3.838220e+00    3.029508e-10    0.000000e+00 
	   energy              1.924298e-02    4.009770e-08    1.924298e-04 
	   displacement        8.916063e-04    8.916063e-04    8.916063e-10 
 2
 Nonlinear solution status: time= 10.7
	stiffness updates             = 1
	right hand side evaluations   = 3
	stiffness matrix reformations = 1
	step from line search         = 1.000000
	convergence norms :     INITIAL         CURRENT         REQUIRED
	   residual            3.838220e+00    3.564149e-16    0.000000e+00 
	   energy              1.924298e-02    3.041903e-15    1.924298e-04 
	   displacement        8.916063e-04    4.259748e-13    8.915987e-10 

convergence summary
    number of iterations   : 2
    number of reformations : 1

------- converged at time : 10.7


Data Record #1
===========================================================================
Step = 107
Time = 10.7
Data = uz
File = feb_inputs/fiber_stiffness_c4/../../raw_logs/fiber_stiffness_c4/c4_30.0_disp.txt

Data Record #2
===========================================================================
Step = 107
Time = 10.7
Data = sz
File = feb_inputs/fiber_stiffness_c4/../../raw_logs/fiber_stiffness_c4/c4_30.0_stress.txt

Data Record #3
===========================================================================
Step = 107
Time = 10.7
Data = J
File = feb_inputs/fiber_stiffness_c4/../../raw_logs/fiber_stiffness_c4/c4_30.0_vol.txt

===== beginning time step 108 : 10.8 =====


Reforming stiffness matrix: reformation #1

 1
 Nonlinear solution status: time= 10.8
	stiffness updates             = 0
	right hand side evaluations   = 2
	stiffness matrix reformations = 1
	step from line search         = 1.000000
	convergence norms :     INITIAL         CURRENT         REQUIRED
	   residual            4.250926e+00    3.212608e-10    0.000000e+00 
	   energy              2.134197e-02    4.616689e-08    2.134197e-04 
	   displacement        9.837315e-04    9.837315e-04    9.837315e-10 
 2
 Nonlinear solution status: time= 10.8
	stiffness updates             = 1
	right hand side evaluations   = 3
	stiffness matrix reformations = 1
	step from line search         = 1.000000
	convergence norms :     INITIAL         CURRENT         REQUIRED
	   residual            4.250926e+00    3.780917e-16    0.000000e+00 
	   energy              2.134197e-02    3.182810e-15    2.134197e-04 
	   displacement        9.837315e-04    4.764169e-13    9.837215e-10 

convergence summary
    number of iterations   : 2
    number of reformations : 1

------- converged at time : 10.8


Data Record #1
===========================================================================
Step = 108
Time = 10.8
Data = uz
File = feb_inputs/fiber_stiffness_c4/../../raw_logs/fiber_stiffness_c4/c4_30.0_disp.txt

Data Record #2
===========================================================================
Step = 108
Time = 10.8
Data = sz
File = feb_inputs/fiber_stiffness_c4/../../raw_logs/fiber_stiffness_c4/c4_30.0_stress.txt

Data Record #3
===========================================================================
Step = 108
Time = 10.8
Data = J
File = feb_inputs/fiber_stiffness_c4/../../raw_logs/fiber_stiffness_c4/c4_30.0_vol.txt

===== beginning time step 109 : 10.9 =====


Reforming stiffness matrix: reformation #1

 1
 Nonlinear solution status: time= 10.9
	stiffness updates             = 0
	right hand side evaluations   = 2
	stiffness matrix reformations = 1
	step from line search         = 1.000000
	convergence norms :     INITIAL         CURRENT         REQUIRED
	   residual            4.655731e+00    3.274215e-10    0.000000e+00 
	   energy              2.364940e-02    5.474736e-08    2.364940e-04 
	   displacement        1.093291e-03    1.093291e-03    1.093291e-09 
 2
 Nonlinear solution status: time= 10.9
	stiffness updates             = 1
	right hand side evaluations   = 3
	stiffness matrix reformations = 1
	step from line search         = 1.000000
	convergence norms :     INITIAL         CURRENT         REQUIRED
	   residual            4.655731e+00    4.131242e-16    0.000000e+00 
	   energy              2.364940e-02    3.301764e-15    2.364940e-04 
	   displacement        1.093291e-03    5.410276e-13    1.093278e-09 

convergence summary
    number of iterations   : 2
    number of reformations : 1

------- converged at time : 10.9


Data Record #1
===========================================================================
Step = 109
Time = 10.9
Data = uz
File = feb_inputs/fiber_stiffness_c4/../../raw_logs/fiber_stiffness_c4/c4_30.0_disp.txt

Data Record #2
===========================================================================
Step = 109
Time = 10.9
Data = sz
File = feb_inputs/fiber_stiffness_c4/../../raw_logs/fiber_stiffness_c4/c4_30.0_stress.txt

Data Record #3
===========================================================================
Step = 109
Time = 10.9
Data = J
File = feb_inputs/fiber_stiffness_c4/../../raw_logs/fiber_stiffness_c4/c4_30.0_vol.txt

===== beginning time step 110 : 11 =====


Reforming stiffness matrix: reformation #1

 1
 Nonlinear solution status: time= 11
	stiffness updates             = 0
	right hand side evaluations   = 2
	stiffness matrix reformations = 1
	step from line search         = 1.000000
	convergence norms :     INITIAL         CURRENT         REQUIRED
	   residual            5.034422e+00    2.702397e-10    0.000000e+00 
	   energy              2.616074e-02    6.256467e-08    2.616074e-04 
	   displacement        1.222645e-03    1.222645e-03    1.222645e-09 
 2
 Nonlinear solution status: time= 11
	stiffness updates             = 1
	right hand side evaluations   = 3
	stiffness matrix reformations = 1
	step from line search         = 1.000000
	convergence norms :     INITIAL         CURRENT         REQUIRED
	   residual            5.034422e+00    3.594463e-16    0.000000e+00 
	   energy              2.616074e-02    3.032400e-15    2.616074e-04 
	   displacement        1.222645e-03    5.821542e-13    1.222630e-09 

convergence summary
    number of iterations   : 2
    number of reformations : 1

------- converged at time : 11


Data Record #1
===========================================================================
Step = 110
Time = 11
Data = uz
File = feb_inputs/fiber_stiffness_c4/../../raw_logs/fiber_stiffness_c4/c4_30.0_disp.txt

Data Record #2
===========================================================================
Step = 110
Time = 11
Data = sz
File = feb_inputs/fiber_stiffness_c4/../../raw_logs/fiber_stiffness_c4/c4_30.0_stress.txt

Data Record #3
===========================================================================
Step = 110
Time = 11
Data = J
File = feb_inputs/fiber_stiffness_c4/../../raw_logs/fiber_stiffness_c4/c4_30.0_vol.txt

===== beginning time step 111 : 11.1 =====


Reforming stiffness matrix: reformation #1

 1
 Nonlinear solution status: time= 11.1
	stiffness updates             = 0
	right hand side evaluations   = 2
	stiffness matrix reformations = 1
	step from line search         = 1.000000
	convergence norms :     INITIAL         CURRENT         REQUIRED
	   residual            5.389631e+00    2.148860e-10    0.000000e+00 
	   energy              2.889256e-02    7.017350e-08    2.889256e-04 
	   displacement        1.371822e-03    1.371822e-03    1.371822e-09 
 2
 Nonlinear solution status: time= 11.1
	stiffness updates             = 1
	right hand side evaluations   = 3
	stiffness matrix reformations = 1
	step from line search         = 1.000000
	convergence norms :     INITIAL         CURRENT         REQUIRED
	   residual            5.389631e+00    3.042037e-16    0.000000e+00 
	   energy              2.889256e-02    2.971654e-15    2.889256e-04 
	   displacement        1.371822e-03    6.328307e-13    1.371803e-09 

convergence summary
    number of iterations   : 2
    number of reformations : 1

------- converged at time : 11.1


Data Record #1
===========================================================================
Step = 111
Time = 11.1
Data = uz
File = feb_inputs/fiber_stiffness_c4/../../raw_logs/fiber_stiffness_c4/c4_30.0_disp.txt

Data Record #2
===========================================================================
Step = 111
Time = 11.1
Data = sz
File = feb_inputs/fiber_stiffness_c4/../../raw_logs/fiber_stiffness_c4/c4_30.0_stress.txt

Data Record #3
===========================================================================
Step = 111
Time = 11.1
Data = J
File = feb_inputs/fiber_stiffness_c4/../../raw_logs/fiber_stiffness_c4/c4_30.0_vol.txt

===== beginning time step 112 : 11.2 =====


Reforming stiffness matrix: reformation #1

 1
 Nonlinear solution status: time= 11.2
	stiffness updates             = 0
	right hand side evaluations   = 2
	stiffness matrix reformations = 1
	step from line search         = 1.000000
	convergence norms :     INITIAL         CURRENT         REQUIRED
	   residual            5.752077e+00    2.135036e-10    0.000000e+00 
	   energy              3.186235e-02    8.034760e-08    3.186235e-04 
	   displacement        1.533724e-03    1.533724e-03    1.533724e-09 
 2
 Nonlinear solution status: time= 11.2
	stiffness updates             = 1
	right hand side evaluations   = 3
	stiffness matrix reformations = 1
	step from line search         = 1.000000
	convergence norms :     INITIAL         CURRENT         REQUIRED
	   residual            5.752077e+00    3.035828e-16    0.000000e+00 
	   energy              3.186235e-02    3.370171e-15    3.186235e-04 
	   displacement        1.533724e-03    7.237546e-13    1.533701e-09 

convergence summary
    number of iterations   : 2
    number of reformations : 1

------- converged at time : 11.2


Data Record #1
===========================================================================
Step = 112
Time = 11.2
Data = uz
File = feb_inputs/fiber_stiffness_c4/../../raw_logs/fiber_stiffness_c4/c4_30.0_disp.txt

Data Record #2
===========================================================================
Step = 112
Time = 11.2
Data = sz
File = feb_inputs/fiber_stiffness_c4/../../raw_logs/fiber_stiffness_c4/c4_30.0_stress.txt

Data Record #3
===========================================================================
Step = 112
Time = 11.2
Data = J
File = feb_inputs/fiber_stiffness_c4/../../raw_logs/fiber_stiffness_c4/c4_30.0_vol.txt

===== beginning time step 113 : 11.3 =====


Reforming stiffness matrix: reformation #1

 1
 Nonlinear solution status: time= 11.3
	stiffness updates             = 0
	right hand side evaluations   = 2
	stiffness matrix reformations = 1
	step from line search         = 1.000000
	convergence norms :     INITIAL         CURRENT         REQUIRED
	   residual            6.162979e+00    2.094151e-10    0.000000e+00 
	   energy              3.506305e-02    9.385939e-08    3.506305e-04 
	   displacement        1.701832e-03    1.701832e-03    1.701832e-09 
 2
 Nonlinear solution status: time= 11.3
	stiffness updates             = 1
	right hand side evaluations   = 3
	stiffness matrix reformations = 1
	step from line search         = 1.000000
	convergence norms :     INITIAL         CURRENT         REQUIRED
	   residual            6.162979e+00    3.207061e-16    0.000000e+00 
	   energy              3.506305e-02    3.581313e-15    3.506305e-04 
	   displacement        1.701832e-03    8.155355e-13    1.701806e-09 

convergence summary
    number of iterations   : 2
    number of reformations : 1

------- converged at time : 11.3


Data Record #1
===========================================================================
Step = 113
Time = 11.3
Data = uz
File = feb_inputs/fiber_stiffness_c4/../../raw_logs/fiber_stiffness_c4/c4_30.0_disp.txt

Data Record #2
===========================================================================
Step = 113
Time = 11.3
Data = sz
File = feb_inputs/fiber_stiffness_c4/../../raw_logs/fiber_stiffness_c4/c4_30.0_stress.txt

Data Record #3
===========================================================================
Step = 113
Time = 11.3
Data = J
File = feb_inputs/fiber_stiffness_c4/../../raw_logs/fiber_stiffness_c4/c4_30.0_vol.txt

===== beginning time step 114 : 11.4 =====


Reforming stiffness matrix: reformation #1

 1
 Nonlinear solution status: time= 11.4
	stiffness updates             = 0
	right hand side evaluations   = 2
	stiffness matrix reformations = 1
	step from line search         = 1.000000
	convergence norms :     INITIAL         CURRENT         REQUIRED
	   residual            6.632947e+00    1.846057e-10    0.000000e+00 
	   energy              3.844658e-02    1.103006e-07    3.844658e-04 
	   displacement        1.874717e-03    1.874717e-03    1.874717e-09 
 2
 Nonlinear solution status: time= 11.4
	stiffness updates             = 1
	right hand side evaluations   = 3
	stiffness matrix reformations = 1
	step from line search         = 1.000000
	convergence norms :     INITIAL         CURRENT         REQUIRED
	   residual            6.632947e+00    2.949170e-16    0.000000e+00 
	   energy              3.844658e-02    3.646205e-15    3.844658e-04 
	   displacement        1.874717e-03    8.967652e-13    1.874687e-09 

convergence summary
    number of iterations   : 2
    number of reformations : 1

------- converged at time : 11.4


Data Record #1
===========================================================================
Step = 114
Time = 11.4
Data = uz
File = feb_inputs/fiber_stiffness_c4/../../raw_logs/fiber_stiffness_c4/c4_30.0_disp.txt

Data Record #2
===========================================================================
Step = 114
Time = 11.4
Data = sz
File = feb_inputs/fiber_stiffness_c4/../../raw_logs/fiber_stiffness_c4/c4_30.0_stress.txt

Data Record #3
===========================================================================
Step = 114
Time = 11.4
Data = J
File = feb_inputs/fiber_stiffness_c4/../../raw_logs/fiber_stiffness_c4/c4_30.0_vol.txt

===== beginning time step 115 : 11.5 =====


Reforming stiffness matrix: reformation #1

 1
 Nonlinear solution status: time= 11.5
	stiffness updates             = 0
	right hand side evaluations   = 2
	stiffness matrix reformations = 1
	step from line search         = 1.000000
	convergence norms :     INITIAL         CURRENT         REQUIRED
	   residual            7.140310e+00    1.839890e-10    0.000000e+00 
	   energy              4.191197e-02    1.286409e-07    4.191197e-04 
	   displacement        2.049476e-03    2.049476e-03    2.049476e-09 
 2
 Nonlinear solution status: time= 11.5
	stiffness updates             = 1
	right hand side evaluations   = 3
	stiffness matrix reformations = 1
	step from line search         = 1.000000
	convergence norms :     INITIAL         CURRENT         REQUIRED
	   residual            7.140310e+00    2.573597e-16    0.000000e+00 
	   energy              4.191197e-02    3.787215e-15    4.191197e-04 
	   displacement        2.049476e-03    9.794756e-13    2.049441e-09 

convergence summary
    number of iterations   : 2
    number of reformations : 1

------- converged at time : 11.5


Data Record #1
===========================================================================
Step = 115
Time = 11.5
Data = uz
File = feb_inputs/fiber_stiffness_c4/../../raw_logs/fiber_stiffness_c4/c4_30.0_disp.txt

Data Record #2
===========================================================================
Step = 115
Time = 11.5
Data = sz
File = feb_inputs/fiber_stiffness_c4/../../raw_logs/fiber_stiffness_c4/c4_30.0_stress.txt

Data Record #3
===========================================================================
Step = 115
Time = 11.5
Data = J
File = feb_inputs/fiber_stiffness_c4/../../raw_logs/fiber_stiffness_c4/c4_30.0_vol.txt

===== beginning time step 116 : 11.6 =====


Reforming stiffness matrix: reformation #1

 1
 Nonlinear solution status: time= 11.6
	stiffness updates             = 0
	right hand side evaluations   = 2
	stiffness matrix reformations = 1
	step from line search         = 1.000000
	convergence norms :     INITIAL         CURRENT         REQUIRED
	   residual            7.670012e+00    2.026996e-10    0.000000e+00 
	   energy              4.532843e-02    1.473559e-07    4.532843e-04 
	   displacement        2.219187e-03    2.219187e-03    2.219187e-09 
 2
 Nonlinear solution status: time= 11.6
	stiffness updates             = 1
	right hand side evaluations   = 3
	stiffness matrix reformations = 1
	step from line search         = 1.000000
	convergence norms :     INITIAL         CURRENT         REQUIRED
	   residual            7.670012e+00    2.488868e-16    0.000000e+00 
	   energy              4.532843e-02    3.867498e-15    4.532843e-04 
	   displacement        2.219187e-03    1.043820e-12    2.219148e-09 

convergence summary
    number of iterations   : 2
    number of reformations : 1

------- converged at time : 11.6


Data Record #1
===========================================================================
Step = 116
Time = 11.6
Data = uz
File = feb_inputs/fiber_stiffness_c4/../../raw_logs/fiber_stiffness_c4/c4_30.0_disp.txt

Data Record #2
===========================================================================
Step = 116
Time = 11.6
Data = sz
File = feb_inputs/fiber_stiffness_c4/../../raw_logs/fiber_stiffness_c4/c4_30.0_stress.txt

Data Record #3
===========================================================================
Step = 116
Time = 11.6
Data = J
File = feb_inputs/fiber_stiffness_c4/../../raw_logs/fiber_stiffness_c4/c4_30.0_vol.txt

===== beginning time step 117 : 11.7 =====


Reforming stiffness matrix: reformation #1

 1
 Nonlinear solution status: time= 11.7
	stiffness updates             = 0
	right hand side evaluations   = 2
	stiffness matrix reformations = 1
	step from line search         = 1.000000
	convergence norms :     INITIAL         CURRENT         REQUIRED
	   residual            8.218258e+00    1.998765e-10    0.000000e+00 
	   energy              4.857107e-02    1.634380e-07    4.857107e-04 
	   displacement        2.374145e-03    2.374145e-03    2.374145e-09 
 2
 Nonlinear solution status: time= 11.7
	stiffness updates             = 1
	right hand side evaluations   = 3
	stiffness matrix reformations = 1
	step from line search         = 1.000000
	convergence norms :     INITIAL         CURRENT         REQUIRED
	   residual            8.218258e+00    2.386541e-16    0.000000e+00 
	   energy              4.857107e-02    3.757452e-15    4.857107e-04 
	   displacement        2.374145e-03    1.075963e-12    2.374103e-09 

convergence summary
    number of iterations   : 2
    number of reformations : 1

------- converged at time : 11.7


Data Record #1
===========================================================================
Step = 117
Time = 11.7
Data = uz
File = feb_inputs/fiber_stiffness_c4/../../raw_logs/fiber_stiffness_c4/c4_30.0_disp.txt

Data Record #2
===========================================================================
Step = 117
Time = 11.7
Data = sz
File = feb_inputs/fiber_stiffness_c4/../../raw_logs/fiber_stiffness_c4/c4_30.0_stress.txt

Data Record #3
===========================================================================
Step = 117
Time = 11.7
Data = J
File = feb_inputs/fiber_stiffness_c4/../../raw_logs/fiber_stiffness_c4/c4_30.0_vol.txt

===== beginning time step 118 : 11.8 =====


Reforming stiffness matrix: reformation #1

 1
 Nonlinear solution status: time= 11.8
	stiffness updates             = 0
	right hand side evaluations   = 2
	stiffness matrix reformations = 1
	step from line search         = 1.000000
	convergence norms :     INITIAL         CURRENT         REQUIRED
	   residual            8.772238e+00    1.831885e-10    0.000000e+00 
	   energy              5.153161e-02    1.748343e-07    5.153161e-04 
	   displacement        2.507234e-03    2.507234e-03    2.507234e-09 
 2
 Nonlinear solution status: time= 11.8
	stiffness updates             = 1
	right hand side evaluations   = 3
	stiffness matrix reformations = 1
	step from line search         = 1.000000
	convergence norms :     INITIAL         CURRENT         REQUIRED
	   residual            8.772238e+00    2.465092e-16    0.000000e+00 
	   energy              5.153161e-02    3.951361e-15    5.153161e-04 
	   displacement        2.507234e-03    1.142932e-12    2.507189e-09 

convergence summary
    number of iterations   : 2
    number of reformations : 1

------- converged at time : 11.8


Data Record #1
===========================================================================
Step = 118
Time = 11.8
Data = uz
File = feb_inputs/fiber_stiffness_c4/../../raw_logs/fiber_stiffness_c4/c4_30.0_disp.txt

Data Record #2
===========================================================================
Step = 118
Time = 11.8
Data = sz
File = feb_inputs/fiber_stiffness_c4/../../raw_logs/fiber_stiffness_c4/c4_30.0_stress.txt

Data Record #3
===========================================================================
Step = 118
Time = 11.8
Data = J
File = feb_inputs/fiber_stiffness_c4/../../raw_logs/fiber_stiffness_c4/c4_30.0_vol.txt

===== beginning time step 119 : 11.9 =====


Reforming stiffness matrix: reformation #1

 1
 Nonlinear solution status: time= 11.9
	stiffness updates             = 0
	right hand side evaluations   = 2
	stiffness matrix reformations = 1
	step from line search         = 1.000000
	convergence norms :     INITIAL         CURRENT         REQUIRED
	   residual            9.300959e+00    1.788571e-10    0.000000e+00 
	   energy              5.410066e-02    1.792958e-07    5.410066e-04 
	   displacement        2.616610e-03    2.616610e-03    2.616610e-09 
 2
 Nonlinear solution status: time= 11.9
	stiffness updates             = 1
	right hand side evaluations   = 3
	stiffness matrix reformations = 1
	step from line search         = 1.000000
	convergence norms :     INITIAL         CURRENT         REQUIRED
	   residual            9.300959e+00    2.609906e-16    0.000000e+00 
	   energy              5.410066e-02    4.346471e-15    5.410066e-04 
	   displacement        2.616610e-03    1.210362e-12    2.616564e-09 

convergence summary
    number of iterations   : 2
    number of reformations : 1

------- converged at time : 11.9


Data Record #1
===========================================================================
Step = 119
Time = 11.9
Data = uz
File = feb_inputs/fiber_stiffness_c4/../../raw_logs/fiber_stiffness_c4/c4_30.0_disp.txt

Data Record #2
===========================================================================
Step = 119
Time = 11.9
Data = sz
File = feb_inputs/fiber_stiffness_c4/../../raw_logs/fiber_stiffness_c4/c4_30.0_stress.txt

Data Record #3
===========================================================================
Step = 119
Time = 11.9
Data = J
File = feb_inputs/fiber_stiffness_c4/../../raw_logs/fiber_stiffness_c4/c4_30.0_vol.txt

===== beginning time step 120 : 12 =====


Reforming stiffness matrix: reformation #1

 1
 Nonlinear solution status: time= 12
	stiffness updates             = 0
	right hand side evaluations   = 2
	stiffness matrix reformations = 1
	step from line search         = 1.000000
	convergence norms :     INITIAL         CURRENT         REQUIRED
	   residual            9.758201e+00    2.064611e-10    0.000000e+00 
	   energy              5.619103e-02    1.778348e-07    5.619103e-04 
	   displacement        2.703920e-03    2.703920e-03    2.703920e-09 
 2
 Nonlinear solution status: time= 12
	stiffness updates             = 1
	right hand side evaluations   = 3
	stiffness matrix reformations = 1
	step from line search         = 1.000000
	convergence norms :     INITIAL         CURRENT         REQUIRED
	   residual            9.758201e+00    3.344613e-16    0.000000e+00 
	   energy              5.619103e-02    4.728235e-15    5.619103e-04 
	   displacement        2.703920e-03    1.232452e-12    2.703875e-09 

convergence summary
    number of iterations   : 2
    number of reformations : 1

------- converged at time : 12


Data Record #1
===========================================================================
Step = 120
Time = 12
Data = uz
File = feb_inputs/fiber_stiffness_c4/../../raw_logs/fiber_stiffness_c4/c4_30.0_disp.txt

Data Record #2
===========================================================================
Step = 120
Time = 12
Data = sz
File = feb_inputs/fiber_stiffness_c4/../../raw_logs/fiber_stiffness_c4/c4_30.0_stress.txt

Data Record #3
===========================================================================
Step = 120
Time = 12
Data = J
File = feb_inputs/fiber_stiffness_c4/../../raw_logs/fiber_stiffness_c4/c4_30.0_vol.txt

===== beginning time step 121 : 12.1 =====


Reforming stiffness matrix: reformation #1

 1
 Nonlinear solution status: time= 12.1
	stiffness updates             = 0
	right hand side evaluations   = 2
	stiffness matrix reformations = 1
	step from line search         = 1.000000
	convergence norms :     INITIAL         CURRENT         REQUIRED
	   residual            1.011591e+01    2.349341e-10    0.000000e+00 
	   energy              5.777573e-02    1.766232e-07    5.777573e-04 
	   displacement        2.771207e-03    2.771207e-03    2.771207e-09 
 2
 Nonlinear solution status: time= 12.1
	stiffness updates             = 1
	right hand side evaluations   = 3
	stiffness matrix reformations = 1
	step from line search         = 1.000000
	convergence norms :     INITIAL         CURRENT         REQUIRED
	   residual            1.011591e+01    3.730608e-16    0.000000e+00 
	   energy              5.777573e-02    4.997238e-15    5.777573e-04 
	   displacement        2.771207e-03    1.252112e-12    2.771162e-09 

convergence summary
    number of iterations   : 2
    number of reformations : 1

------- converged at time : 12.1


Data Record #1
===========================================================================
Step = 121
Time = 12.1
Data = uz
File = feb_inputs/fiber_stiffness_c4/../../raw_logs/fiber_stiffness_c4/c4_30.0_disp.txt

Data Record #2
===========================================================================
Step = 121
Time = 12.1
Data = sz
File = feb_inputs/fiber_stiffness_c4/../../raw_logs/fiber_stiffness_c4/c4_30.0_stress.txt

Data Record #3
===========================================================================
Step = 121
Time = 12.1
Data = J
File = feb_inputs/fiber_stiffness_c4/../../raw_logs/fiber_stiffness_c4/c4_30.0_vol.txt

===== beginning time step 122 : 12.2 =====


Reforming stiffness matrix: reformation #1

 1
 Nonlinear solution status: time= 12.2
	stiffness updates             = 0
	right hand side evaluations   = 2
	stiffness matrix reformations = 1
	step from line search         = 1.000000
	convergence norms :     INITIAL         CURRENT         REQUIRED
	   residual            1.038816e+01    2.882549e-10    0.000000e+00 
	   energy              5.889397e-02    1.764792e-07    5.889397e-04 
	   displacement        2.819304e-03    2.819304e-03    2.819304e-09 
 2
 Nonlinear solution status: time= 12.2
	stiffness updates             = 1
	right hand side evaluations   = 3
	stiffness matrix reformations = 1
	step from line search         = 1.000000
	convergence norms :     INITIAL         CURRENT         REQUIRED
	   residual            1.038816e+01    4.389883e-16    0.000000e+00 
	   energy              5.889397e-02    5.240052e-15    5.889397e-04 
	   displacement        2.819304e-03    1.285164e-12    2.819258e-09 

convergence summary
    number of iterations   : 2
    number of reformations : 1

------- converged at time : 12.2


Data Record #1
===========================================================================
Step = 122
Time = 12.2
Data = uz
File = feb_inputs/fiber_stiffness_c4/../../raw_logs/fiber_stiffness_c4/c4_30.0_disp.txt

Data Record #2
===========================================================================
Step = 122
Time = 12.2
Data = sz
File = feb_inputs/fiber_stiffness_c4/../../raw_logs/fiber_stiffness_c4/c4_30.0_stress.txt

Data Record #3
===========================================================================
Step = 122
Time = 12.2
Data = J
File = feb_inputs/fiber_stiffness_c4/../../raw_logs/fiber_stiffness_c4/c4_30.0_vol.txt

===== beginning time step 123 : 12.3 =====


Reforming stiffness matrix: reformation #1

 1
 Nonlinear solution status: time= 12.3
	stiffness updates             = 0
	right hand side evaluations   = 2
	stiffness matrix reformations = 1
	step from line search         = 1.000000
	convergence norms :     INITIAL         CURRENT         REQUIRED
	   residual            1.062583e+01    3.107800e-10    0.000000e+00 
	   energy              5.963298e-02    1.725197e-07    5.963298e-04 
	   displacement        2.847312e-03    2.847312e-03    2.847312e-09 
 2
 Nonlinear solution status: time= 12.3
	stiffness updates             = 1
	right hand side evaluations   = 3
	stiffness matrix reformations = 1
	step from line search         = 1.000000
	convergence norms :     INITIAL         CURRENT         REQUIRED
	   residual            1.062583e+01    5.187603e-16    0.000000e+00 
	   energy              5.963298e-02    5.314051e-15    5.963298e-04 
	   displacement        2.847312e-03    1.282609e-12    2.847268e-09 

convergence summary
    number of iterations   : 2
    number of reformations : 1

------- converged at time : 12.3


Data Record #1
===========================================================================
Step = 123
Time = 12.3
Data = uz
File = feb_inputs/fiber_stiffness_c4/../../raw_logs/fiber_stiffness_c4/c4_30.0_disp.txt

Data Record #2
===========================================================================
Step = 123
Time = 12.3
Data = sz
File = feb_inputs/fiber_stiffness_c4/../../raw_logs/fiber_stiffness_c4/c4_30.0_stress.txt

Data Record #3
===========================================================================
Step = 123
Time = 12.3
Data = J
File = feb_inputs/fiber_stiffness_c4/../../raw_logs/fiber_stiffness_c4/c4_30.0_vol.txt

===== beginning time step 124 : 12.4 =====


Reforming stiffness matrix: reformation #1

 1
 Nonlinear solution status: time= 12.4
	stiffness updates             = 0
	right hand side evaluations   = 2
	stiffness matrix reformations = 1
	step from line search         = 1.000000
	convergence norms :     INITIAL         CURRENT         REQUIRED
	   residual            1.088441e+01    4.170374e-10    0.000000e+00 
	   energy              6.010878e-02    1.630246e-07    6.010878e-04 
	   displacement        2.851625e-03    2.851625e-03    2.851625e-09 
 2
 Nonlinear solution status: time= 12.4
	stiffness updates             = 1
	right hand side evaluations   = 3
	stiffness matrix reformations = 1
	step from line search         = 1.000000
	convergence norms :     INITIAL         CURRENT         REQUIRED
	   residual            1.088441e+01    6.032937e-16    0.000000e+00 
	   energy              6.010878e-02    5.952718e-15    6.010878e-04 
	   displacement        2.851625e-03    1.298276e-12    2.851587e-09 

convergence summary
    number of iterations   : 2
    number of reformations : 1

------- converged at time : 12.4


Data Record #1
===========================================================================
Step = 124
Time = 12.4
Data = uz
File = feb_inputs/fiber_stiffness_c4/../../raw_logs/fiber_stiffness_c4/c4_30.0_disp.txt

Data Record #2
===========================================================================
Step = 124
Time = 12.4
Data = sz
File = feb_inputs/fiber_stiffness_c4/../../raw_logs/fiber_stiffness_c4/c4_30.0_stress.txt

Data Record #3
===========================================================================
Step = 124
Time = 12.4
Data = J
File = feb_inputs/fiber_stiffness_c4/../../raw_logs/fiber_stiffness_c4/c4_30.0_vol.txt

===== beginning time step 125 : 12.5 =====


Reforming stiffness matrix: reformation #1

 1
 Nonlinear solution status: time= 12.5
	stiffness updates             = 0
	right hand side evaluations   = 2
	stiffness matrix reformations = 1
	step from line search         = 1.000000
	convergence norms :     INITIAL         CURRENT         REQUIRED
	   residual            1.117480e+01    5.779551e-10    0.000000e+00 
	   energy              6.044389e-02    1.466513e-07    6.044389e-04 
	   displacement        2.834851e-03    2.834851e-03    2.834851e-09 
 2
 Nonlinear solution status: time= 12.5
	stiffness updates             = 1
	right hand side evaluations   = 3
	stiffness matrix reformations = 1
	step from line search         = 1.000000
	convergence norms :     INITIAL         CURRENT         REQUIRED
	   residual            1.117480e+01    8.195639e-16    0.000000e+00 
	   energy              6.044389e-02    6.871110e-15    6.044389e-04 
	   displacement        2.834851e-03    1.245804e-12    2.834820e-09 

convergence summary
    number of iterations   : 2
    number of reformations : 1

------- converged at time : 12.5


Data Record #1
===========================================================================
Step = 125
Time = 12.5
Data = uz
File = feb_inputs/fiber_stiffness_c4/../../raw_logs/fiber_stiffness_c4/c4_30.0_disp.txt

Data Record #2
===========================================================================
Step = 125
Time = 12.5
Data = sz
File = feb_inputs/fiber_stiffness_c4/../../raw_logs/fiber_stiffness_c4/c4_30.0_stress.txt

Data Record #3
===========================================================================
Step = 125
Time = 12.5
Data = J
File = feb_inputs/fiber_stiffness_c4/../../raw_logs/fiber_stiffness_c4/c4_30.0_vol.txt

===== beginning time step 126 : 12.6 =====


Reforming stiffness matrix: reformation #1

 1
 Nonlinear solution status: time= 12.6
	stiffness updates             = 0
	right hand side evaluations   = 2
	stiffness matrix reformations = 1
	step from line search         = 1.000000
	convergence norms :     INITIAL         CURRENT         REQUIRED
	   residual            1.145908e+01    7.695670e-10    0.000000e+00 
	   energy              6.072659e-02    1.279176e-07    6.072659e-04 
	   displacement        2.813460e-03    2.813460e-03    2.813460e-09 
 2
 Nonlinear solution status: time= 12.6
	stiffness updates             = 1
	right hand side evaluations   = 3
	stiffness matrix reformations = 1
	step from line search         = 1.000000
	convergence norms :     INITIAL         CURRENT         REQUIRED
	   residual            1.145908e+01    1.124358e-15    0.000000e+00 
	   energy              6.072659e-02    7.336190e-15    6.072659e-04 
	   displacement        2.813460e-03    1.089060e-12    2.813436e-09 

convergence summary
    number of iterations   : 2
    number of reformations : 1

------- converged at time : 12.6


Data Record #1
===========================================================================
Step = 126
Time = 12.6
Data = uz
File = feb_inputs/fiber_stiffness_c4/../../raw_logs/fiber_stiffness_c4/c4_30.0_disp.txt

Data Record #2
===========================================================================
Step = 126
Time = 12.6
Data = sz
File = feb_inputs/fiber_stiffness_c4/../../raw_logs/fiber_stiffness_c4/c4_30.0_stress.txt

Data Record #3
===========================================================================
Step = 126
Time = 12.6
Data = J
File = feb_inputs/fiber_stiffness_c4/../../raw_logs/fiber_stiffness_c4/c4_30.0_vol.txt

===== beginning time step 127 : 12.7 =====


Reforming stiffness matrix: reformation #1

 1
 Nonlinear solution status: time= 12.7
	stiffness updates             = 0
	right hand side evaluations   = 2
	stiffness matrix reformations = 1
	step from line search         = 1.000000
	convergence norms :     INITIAL         CURRENT         REQUIRED
	   residual            1.169890e+01    1.063672e-09    0.000000e+00 
	   energy              6.097879e-02    1.169979e-07    6.097879e-04 
	   displacement        2.799315e-03    2.799315e-03    2.799315e-09 
 2
 Nonlinear solution status: time= 12.7
	stiffness updates             = 1
	right hand side evaluations   = 3
	stiffness matrix reformations = 1
	step from line search         = 1.000000
	convergence norms :     INITIAL         CURRENT         REQUIRED
	   residual            1.169890e+01    1.644422e-15    0.000000e+00 
	   energy              6.097879e-02    8.561105e-15    6.097879e-04 
	   displacement        2.799315e-03    1.014934e-12    2.799297e-09 

convergence summary
    number of iterations   : 2
    number of reformations : 1

------- converged at time : 12.7


Data Record #1
===========================================================================
Step = 127
Time = 12.7
Data = uz
File = feb_inputs/fiber_stiffness_c4/../../raw_logs/fiber_stiffness_c4/c4_30.0_disp.txt

Data Record #2
===========================================================================
Step = 127
Time = 12.7
Data = sz
File = feb_inputs/fiber_stiffness_c4/../../raw_logs/fiber_stiffness_c4/c4_30.0_stress.txt

Data Record #3
===========================================================================
Step = 127
Time = 12.7
Data = J
File = feb_inputs/fiber_stiffness_c4/../../raw_logs/fiber_stiffness_c4/c4_30.0_vol.txt

===== beginning time step 128 : 12.8 =====


Reforming stiffness matrix: reformation #1

 1
 Nonlinear solution status: time= 12.8
	stiffness updates             = 0
	right hand side evaluations   = 2
	stiffness matrix reformations = 1
	step from line search         = 1.000000
	convergence norms :     INITIAL         CURRENT         REQUIRED
	   residual            1.189429e+01    1.328289e-09    0.000000e+00 
	   energy              6.116542e-02    1.150505e-07    6.116542e-04 
	   displacement        2.787328e-03    2.787328e-03    2.787328e-09 
 2
 Nonlinear solution status: time= 12.8
	stiffness updates             = 1
	right hand side evaluations   = 3
	stiffness matrix reformations = 1
	step from line search         = 1.000000
	convergence norms :     INITIAL         CURRENT         REQUIRED
	   residual            1.189429e+01    2.144518e-15    0.000000e+00 
	   energy              6.116542e-02    1.027328e-14    6.116542e-04 
	   displacement        2.787328e-03    1.040622e-12    2.787314e-09 

convergence summary
    number of iterations   : 2
    number of reformations : 1

------- converged at time : 12.8


Data Record #1
===========================================================================
Step = 128
Time = 12.8
Data = uz
File = feb_inputs/fiber_stiffness_c4/../../raw_logs/fiber_stiffness_c4/c4_30.0_disp.txt

Data Record #2
===========================================================================
Step = 128
Time = 12.8
Data = sz
File = feb_inputs/fiber_stiffness_c4/../../raw_logs/fiber_stiffness_c4/c4_30.0_stress.txt

Data Record #3
===========================================================================
Step = 128
Time = 12.8
Data = J
File = feb_inputs/fiber_stiffness_c4/../../raw_logs/fiber_stiffness_c4/c4_30.0_vol.txt

===== beginning time step 129 : 12.9 =====


Reforming stiffness matrix: reformation #1

 1
 Nonlinear solution status: time= 12.9
	stiffness updates             = 0
	right hand side evaluations   = 2
	stiffness matrix reformations = 1
	step from line search         = 1.000000
	convergence norms :     INITIAL         CURRENT         REQUIRED
	   residual            1.205843e+01    1.387870e-09    0.000000e+00 
	   energy              6.122730e-02    1.162647e-07    6.122730e-04 
	   displacement        2.770176e-03    2.770176e-03    2.770176e-09 
 2
 Nonlinear solution status: time= 12.9
	stiffness updates             = 1
	right hand side evaluations   = 3
	stiffness matrix reformations = 1
	step from line search         = 1.000000
	convergence norms :     INITIAL         CURRENT         REQUIRED
	   residual            1.205843e+01    2.169891e-15    0.000000e+00 
	   energy              6.122730e-02    1.095143e-14    6.122730e-04 
	   displacement        2.770176e-03    1.054293e-12    2.770165e-09 

convergence summary
    number of iterations   : 2
    number of reformations : 1

------- converged at time : 12.9


Data Record #1
===========================================================================
Step = 129
Time = 12.9
Data = uz
File = feb_inputs/fiber_stiffness_c4/../../raw_logs/fiber_stiffness_c4/c4_30.0_disp.txt

Data Record #2
===========================================================================
Step = 129
Time = 12.9
Data = sz
File = feb_inputs/fiber_stiffness_c4/../../raw_logs/fiber_stiffness_c4/c4_30.0_stress.txt

Data Record #3
===========================================================================
Step = 129
Time = 12.9
Data = J
File = feb_inputs/fiber_stiffness_c4/../../raw_logs/fiber_stiffness_c4/c4_30.0_vol.txt

===== beginning time step 130 : 13 =====


Reforming stiffness matrix: reformation #1

 1
 Nonlinear solution status: time= 13
	stiffness updates             = 0
	right hand side evaluations   = 2
	stiffness matrix reformations = 1
	step from line search         = 1.000000
	convergence norms :     INITIAL         CURRENT         REQUIRED
	   residual            1.217263e+01    1.569610e-09    0.000000e+00 
	   energy              6.111698e-02    1.163111e-07    6.111698e-04 
	   displacement        2.749137e-03    2.749137e-03    2.749137e-09 
 2
 Nonlinear solution status: time= 13
	stiffness updates             = 1
	right hand side evaluations   = 3
	stiffness matrix reformations = 1
	step from line search         = 1.000000
	convergence norms :     INITIAL         CURRENT         REQUIRED
	   residual            1.217263e+01    2.555001e-15    0.000000e+00 
	   energy              6.111698e-02    1.295102e-14    6.111698e-04 
	   displacement        2.749137e-03    1.143013e-12    2.749129e-09 

convergence summary
    number of iterations   : 2
    number of reformations : 1

------- converged at time : 13


Data Record #1
===========================================================================
Step = 130
Time = 13
Data = uz
File = feb_inputs/fiber_stiffness_c4/../../raw_logs/fiber_stiffness_c4/c4_30.0_disp.txt

Data Record #2
===========================================================================
Step = 130
Time = 13
Data = sz
File = feb_inputs/fiber_stiffness_c4/../../raw_logs/fiber_stiffness_c4/c4_30.0_stress.txt

Data Record #3
===========================================================================
Step = 130
Time = 13
Data = J
File = feb_inputs/fiber_stiffness_c4/../../raw_logs/fiber_stiffness_c4/c4_30.0_vol.txt

===== beginning time step 131 : 13.1 =====


Reforming stiffness matrix: reformation #1

 1
 Nonlinear solution status: time= 13.1
	stiffness updates             = 0
	right hand side evaluations   = 2
	stiffness matrix reformations = 1
	step from line search         = 1.000000
	convergence norms :     INITIAL         CURRENT         REQUIRED
	   residual            1.219809e+01    1.780251e-09    0.000000e+00 
	   energy              6.080795e-02    1.129996e-07    6.080795e-04 
	   displacement        2.728754e-03    2.728754e-03    2.728754e-09 
 2
 Nonlinear solution status: time= 13.1
	stiffness updates             = 1
	right hand side evaluations   = 3
	stiffness matrix reformations = 1
	step from line search         = 1.000000
	convergence norms :     INITIAL         CURRENT         REQUIRED
	   residual            1.219809e+01    2.867090e-15    0.000000e+00 
	   energy              6.080795e-02    1.414358e-14    6.080795e-04 
	   displacement        2.728754e-03    1.155916e-12    2.728747e-09 

convergence summary
    number of iterations   : 2
    number of reformations : 1

------- converged at time : 13.1


Data Record #1
===========================================================================
Step = 131
Time = 13.1
Data = uz
File = feb_inputs/fiber_stiffness_c4/../../raw_logs/fiber_stiffness_c4/c4_30.0_disp.txt

Data Record #2
===========================================================================
Step = 131
Time = 13.1
Data = sz
File = feb_inputs/fiber_stiffness_c4/../../raw_logs/fiber_stiffness_c4/c4_30.0_stress.txt

Data Record #3
===========================================================================
Step = 131
Time = 13.1
Data = J
File = feb_inputs/fiber_stiffness_c4/../../raw_logs/fiber_stiffness_c4/c4_30.0_vol.txt

===== beginning time step 132 : 13.2 =====


Reforming stiffness matrix: reformation #1

 1
 Nonlinear solution status: time= 13.2
	stiffness updates             = 0
	right hand side evaluations   = 2
	stiffness matrix reformations = 1
	step from line search         = 1.000000
	convergence norms :     INITIAL         CURRENT         REQUIRED
	   residual            1.211319e+01    1.735304e-09    0.000000e+00 
	   energy              6.029703e-02    1.075015e-07    6.029703e-04 
	   displacement        2.710650e-03    2.710650e-03    2.710650e-09 
 2
 Nonlinear solution status: time= 13.2
	stiffness updates             = 1
	right hand side evaluations   = 3
	stiffness matrix reformations = 1
	step from line search         = 1.000000
	convergence norms :     INITIAL         CURRENT         REQUIRED
	   residual            1.211319e+01    2.641678e-15    0.000000e+00 
	   energy              6.029703e-02    1.295477e-14    6.029703e-04 
	   displacement        2.710650e-03    1.063071e-12    2.710641e-09 

convergence summary
    number of iterations   : 2
    number of reformations : 1

------- converged at time : 13.2


Data Record #1
===========================================================================
Step = 132
Time = 13.2
Data = uz
File = feb_inputs/fiber_stiffness_c4/../../raw_logs/fiber_stiffness_c4/c4_30.0_disp.txt

Data Record #2
===========================================================================
Step = 132
Time = 13.2
Data = sz
File = feb_inputs/fiber_stiffness_c4/../../raw_logs/fiber_stiffness_c4/c4_30.0_stress.txt

Data Record #3
===========================================================================
Step = 132
Time = 13.2
Data = J
File = feb_inputs/fiber_stiffness_c4/../../raw_logs/fiber_stiffness_c4/c4_30.0_vol.txt

===== beginning time step 133 : 13.3 =====


Reforming stiffness matrix: reformation #1

 1
 Nonlinear solution status: time= 13.3
	stiffness updates             = 0
	right hand side evaluations   = 2
	stiffness matrix reformations = 1
	step from line search         = 1.000000
	convergence norms :     INITIAL         CURRENT         REQUIRED
	   residual            1.192259e+01    1.566055e-09    0.000000e+00 
	   energy              5.959091e-02    1.047379e-07    5.959091e-04 
	   displacement        2.691786e-03    2.691786e-03    2.691786e-09 
 2
 Nonlinear solution status: time= 13.3
	stiffness updates             = 1
	right hand side evaluations   = 3
	stiffness matrix reformations = 1
	step from line search         = 1.000000
	convergence norms :     INITIAL         CURRENT         REQUIRED
	   residual            1.192259e+01    2.356540e-15    0.000000e+00 
	   energy              5.959091e-02    1.150577e-14    5.959091e-04 
	   displacement        2.691786e-03    1.015859e-12    2.691774e-09 

convergence summary
    number of iterations   : 2
    number of reformations : 1

------- converged at time : 13.3


Data Record #1
===========================================================================
Step = 133
Time = 13.3
Data = uz
File = feb_inputs/fiber_stiffness_c4/../../raw_logs/fiber_stiffness_c4/c4_30.0_disp.txt

Data Record #2
===========================================================================
Step = 133
Time = 13.3
Data = sz
File = feb_inputs/fiber_stiffness_c4/../../raw_logs/fiber_stiffness_c4/c4_30.0_stress.txt

Data Record #3
===========================================================================
Step = 133
Time = 13.3
Data = J
File = feb_inputs/fiber_stiffness_c4/../../raw_logs/fiber_stiffness_c4/c4_30.0_vol.txt

===== beginning time step 134 : 13.4 =====


Reforming stiffness matrix: reformation #1

 1
 Nonlinear solution status: time= 13.4
	stiffness updates             = 0
	right hand side evaluations   = 2
	stiffness matrix reformations = 1
	step from line search         = 1.000000
	convergence norms :     INITIAL         CURRENT         REQUIRED
	   residual            1.163885e+01    1.369120e-09    0.000000e+00 
	   energy              5.869052e-02    1.079421e-07    5.869052e-04 
	   displacement        2.669399e-03    2.669399e-03    2.669399e-09 
 2
 Nonlinear solution status: time= 13.4
	stiffness updates             = 1
	right hand side evaluations   = 3
	stiffness matrix reformations = 1
	step from line search         = 1.000000
	convergence norms :     INITIAL         CURRENT         REQUIRED
	   residual            1.163885e+01    2.083969e-15    0.000000e+00 
	   energy              5.869052e-02    1.060839e-14    5.869052e-04 
	   displacement        2.669399e-03    1.034791e-12    2.669386e-09 

convergence summary
    number of iterations   : 2
    number of reformations : 1

------- converged at time : 13.4


Data Record #1
===========================================================================
Step = 134
Time = 13.4
Data = uz
File = feb_inputs/fiber_stiffness_c4/../../raw_logs/fiber_stiffness_c4/c4_30.0_disp.txt

Data Record #2
===========================================================================
Step = 134
Time = 13.4
Data = sz
File = feb_inputs/fiber_stiffness_c4/../../raw_logs/fiber_stiffness_c4/c4_30.0_stress.txt

Data Record #3
===========================================================================
Step = 134
Time = 13.4
Data = J
File = feb_inputs/fiber_stiffness_c4/../../raw_logs/fiber_stiffness_c4/c4_30.0_vol.txt

===== beginning time step 135 : 13.5 =====


Reforming stiffness matrix: reformation #1

 1
 Nonlinear solution status: time= 13.5
	stiffness updates             = 0
	right hand side evaluations   = 2
	stiffness matrix reformations = 1
	step from line search         = 1.000000
	convergence norms :     INITIAL         CURRENT         REQUIRED
	   residual            1.128038e+01    1.186407e-09    0.000000e+00 
	   energy              5.761216e-02    1.160336e-07    5.761216e-04 
	   displacement        2.644570e-03    2.644570e-03    2.644570e-09 
 2
 Nonlinear solution status: time= 13.5
	stiffness updates             = 1
	right hand side evaluations   = 3
	stiffness matrix reformations = 1
	step from line search         = 1.000000
	convergence norms :     INITIAL         CURRENT         REQUIRED
	   residual            1.128038e+01    1.853339e-15    0.000000e+00 
	   energy              5.761216e-02    9.903210e-15    5.761216e-04 
	   displacement        2.644570e-03    1.094022e-12    2.644556e-09 

convergence summary
    number of iterations   : 2
    number of reformations : 1

------- converged at time : 13.5


Data Record #1
===========================================================================
Step = 135
Time = 13.5
Data = uz
File = feb_inputs/fiber_stiffness_c4/../../raw_logs/fiber_stiffness_c4/c4_30.0_disp.txt

Data Record #2
===========================================================================
Step = 135
Time = 13.5
Data = sz
File = feb_inputs/fiber_stiffness_c4/../../raw_logs/fiber_stiffness_c4/c4_30.0_stress.txt

Data Record #3
===========================================================================
Step = 135
Time = 13.5
Data = J
File = feb_inputs/fiber_stiffness_c4/../../raw_logs/fiber_stiffness_c4/c4_30.0_vol.txt

===== beginning time step 136 : 13.6 =====


Reforming stiffness matrix: reformation #1

 1
 Nonlinear solution status: time= 13.6
	stiffness updates             = 0
	right hand side evaluations   = 2
	stiffness matrix reformations = 1
	step from line search         = 1.000000
	convergence norms :     INITIAL         CURRENT         REQUIRED
	   residual            1.087716e+01    9.994374e-10    0.000000e+00 
	   energy              5.639193e-02    1.234482e-07    5.639193e-04 
	   displacement        2.615454e-03    2.615454e-03    2.615454e-09 
 2
 Nonlinear solution status: time= 13.6
	stiffness updates             = 1
	right hand side evaluations   = 3
	stiffness matrix reformations = 1
	step from line search         = 1.000000
	convergence norms :     INITIAL         CURRENT         REQUIRED
	   residual            1.087716e+01    1.574492e-15    0.000000e+00 
	   energy              5.639193e-02    8.880398e-15    5.639193e-04 
	   displacement        2.615454e-03    1.119789e-12    2.615438e-09 

convergence summary
    number of iterations   : 2
    number of reformations : 1

------- converged at time : 13.6


Data Record #1
===========================================================================
Step = 136
Time = 13.6
Data = uz
File = feb_inputs/fiber_stiffness_c4/../../raw_logs/fiber_stiffness_c4/c4_30.0_disp.txt

Data Record #2
===========================================================================
Step = 136
Time = 13.6
Data = sz
File = feb_inputs/fiber_stiffness_c4/../../raw_logs/fiber_stiffness_c4/c4_30.0_stress.txt

Data Record #3
===========================================================================
Step = 136
Time = 13.6
Data = J
File = feb_inputs/fiber_stiffness_c4/../../raw_logs/fiber_stiffness_c4/c4_30.0_vol.txt

===== beginning time step 137 : 13.7 =====


Reforming stiffness matrix: reformation #1

 1
 Nonlinear solution status: time= 13.7
	stiffness updates             = 0
	right hand side evaluations   = 2
	stiffness matrix reformations = 1
	step from line search         = 1.000000
	convergence norms :     INITIAL         CURRENT         REQUIRED
	   residual            1.045026e+01    7.746352e-10    0.000000e+00 
	   energy              5.506235e-02    1.263152e-07    5.506235e-04 
	   displacement        2.576386e-03    2.576386e-03    2.576386e-09 
 2
 Nonlinear solution status: time= 13.7
	stiffness updates             = 1
	right hand side evaluations   = 3
	stiffness matrix reformations = 1
	step from line search         = 1.000000
	convergence norms :     INITIAL         CURRENT         REQUIRED
	   residual            1.045026e+01    1.282920e-15    0.000000e+00 
	   energy              5.506235e-02    7.618486e-15    5.506235e-04 
	   displacement        2.576386e-03    1.096379e-12    2.576366e-09 

convergence summary
    number of iterations   : 2
    number of reformations : 1

------- converged at time : 13.7


Data Record #1
===========================================================================
Step = 137
Time = 13.7
Data = uz
File = feb_inputs/fiber_stiffness_c4/../../raw_logs/fiber_stiffness_c4/c4_30.0_disp.txt

Data Record #2
===========================================================================
Step = 137
Time = 13.7
Data = sz
File = feb_inputs/fiber_stiffness_c4/../../raw_logs/fiber_stiffness_c4/c4_30.0_stress.txt

Data Record #3
===========================================================================
Step = 137
Time = 13.7
Data = J
File = feb_inputs/fiber_stiffness_c4/../../raw_logs/fiber_stiffness_c4/c4_30.0_vol.txt

===== beginning time step 138 : 13.8 =====


Reforming stiffness matrix: reformation #1

 1
 Nonlinear solution status: time= 13.8
	stiffness updates             = 0
	right hand side evaluations   = 2
	stiffness matrix reformations = 1
	step from line search         = 1.000000
	convergence norms :     INITIAL         CURRENT         REQUIRED
	   residual            1.000126e+01    5.488212e-10    0.000000e+00 
	   energy              5.363770e-02    1.284849e-07    5.363770e-04 
	   displacement        2.526622e-03    2.526622e-03    2.526622e-09 
 2
 Nonlinear solution status: time= 13.8
	stiffness updates             = 1
	right hand side evaluations   = 3
	stiffness matrix reformations = 1
	step from line search         = 1.000000
	convergence norms :     INITIAL         CURRENT         REQUIRED
	   residual            1.000126e+01    9.880439e-16    0.000000e+00 
	   energy              5.363770e-02    6.683550e-15    5.363770e-04 
	   displacement        2.526622e-03    1.091951e-12    2.526597e-09 

convergence summary
    number of iterations   : 2
    number of reformations : 1

------- converged at time : 13.8


Data Record #1
===========================================================================
Step = 138
Time = 13.8
Data = uz
File = feb_inputs/fiber_stiffness_c4/../../raw_logs/fiber_stiffness_c4/c4_30.0_disp.txt

Data Record #2
===========================================================================
Step = 138
Time = 13.8
Data = sz
File = feb_inputs/fiber_stiffness_c4/../../raw_logs/fiber_stiffness_c4/c4_30.0_stress.txt

Data Record #3
===========================================================================
Step = 138
Time = 13.8
Data = J
File = feb_inputs/fiber_stiffness_c4/../../raw_logs/fiber_stiffness_c4/c4_30.0_vol.txt

===== beginning time step 139 : 13.9 =====


Reforming stiffness matrix: reformation #1

 1
 Nonlinear solution status: time= 13.9
	stiffness updates             = 0
	right hand side evaluations   = 2
	stiffness matrix reformations = 1
	step from line search         = 1.000000
	convergence norms :     INITIAL         CURRENT         REQUIRED
	   residual            9.520859e+00    3.924772e-10    0.000000e+00 
	   energy              5.211695e-02    1.351743e-07    5.211695e-04 
	   displacement        2.473729e-03    2.473729e-03    2.473729e-09 
 2
 Nonlinear solution status: time= 13.9
	stiffness updates             = 1
	right hand side evaluations   = 3
	stiffness matrix reformations = 1
	step from line search         = 1.000000
	convergence norms :     INITIAL         CURRENT         REQUIRED
	   residual            9.520859e+00    7.610919e-16    0.000000e+00 
	   energy              5.211695e-02    6.274322e-15    5.211695e-04 
	   displacement        2.473729e-03    1.144486e-12    2.473698e-09 

convergence summary
    number of iterations   : 2
    number of reformations : 1

------- converged at time : 13.9


Data Record #1
===========================================================================
Step = 139
Time = 13.9
Data = uz
File = feb_inputs/fiber_stiffness_c4/../../raw_logs/fiber_stiffness_c4/c4_30.0_disp.txt

Data Record #2
===========================================================================
Step = 139
Time = 13.9
Data = sz
File = feb_inputs/fiber_stiffness_c4/../../raw_logs/fiber_stiffness_c4/c4_30.0_stress.txt

Data Record #3
===========================================================================
Step = 139
Time = 13.9
Data = J
File = feb_inputs/fiber_stiffness_c4/../../raw_logs/fiber_stiffness_c4/c4_30.0_vol.txt

===== beginning time step 140 : 14 =====


Reforming stiffness matrix: reformation #1

 1
 Nonlinear solution status: time= 14
	stiffness updates             = 0
	right hand side evaluations   = 2
	stiffness matrix reformations = 1
	step from line search         = 1.000000
	convergence norms :     INITIAL         CURRENT         REQUIRED
	   residual            9.004089e+00    2.639717e-10    0.000000e+00 
	   energy              5.048364e-02    1.493170e-07    5.048364e-04 
	   displacement        2.423762e-03    2.423762e-03    2.423762e-09 
 2
 Nonlinear solution status: time= 14
	stiffness updates             = 1
	right hand side evaluations   = 3
	stiffness matrix reformations = 1
	step from line search         = 1.000000
	convergence norms :     INITIAL         CURRENT         REQUIRED
	   residual            9.004089e+00    4.662931e-16    0.000000e+00 
	   energy              5.048364e-02    5.184367e-15    5.048364e-04 
	   displacement        2.423762e-03    1.210737e-12    2.423728e-09 

convergence summary
    number of iterations   : 2
    number of reformations : 1

------- converged at time : 14


Data Record #1
===========================================================================
Step = 140
Time = 14
Data = uz
File = feb_inputs/fiber_stiffness_c4/../../raw_logs/fiber_stiffness_c4/c4_30.0_disp.txt

Data Record #2
===========================================================================
Step = 140
Time = 14
Data = sz
File = feb_inputs/fiber_stiffness_c4/../../raw_logs/fiber_stiffness_c4/c4_30.0_stress.txt

Data Record #3
===========================================================================
Step = 140
Time = 14
Data = J
File = feb_inputs/fiber_stiffness_c4/../../raw_logs/fiber_stiffness_c4/c4_30.0_vol.txt

===== beginning time step 141 : 14.1 =====


Reforming stiffness matrix: reformation #1

 1
 Nonlinear solution status: time= 14.1
	stiffness updates             = 0
	right hand side evaluations   = 2
	stiffness matrix reformations = 1
	step from line search         = 1.000000
	convergence norms :     INITIAL         CURRENT         REQUIRED
	   residual            8.467140e+00    2.402841e-10    0.000000e+00 
	   energy              4.870760e-02    1.677072e-07    4.870760e-04 
	   displacement        2.370468e-03    2.370468e-03    2.370468e-09 
 2
 Nonlinear solution status: time= 14.1
	stiffness updates             = 1
	right hand side evaluations   = 3
	stiffness matrix reformations = 1
	step from line search         = 1.000000
	convergence norms :     INITIAL         CURRENT         REQUIRED
	   residual            8.467140e+00    3.199436e-16    0.000000e+00 
	   energy              4.870760e-02    4.554647e-15    4.870760e-04 
	   displacement        2.370468e-03    1.356778e-12    2.370429e-09 

convergence summary
    number of iterations   : 2
    number of reformations : 1

------- converged at time : 14.1


Data Record #1
===========================================================================
Step = 141
Time = 14.1
Data = uz
File = feb_inputs/fiber_stiffness_c4/../../raw_logs/fiber_stiffness_c4/c4_30.0_disp.txt

Data Record #2
===========================================================================
Step = 141
Time = 14.1
Data = sz
File = feb_inputs/fiber_stiffness_c4/../../raw_logs/fiber_stiffness_c4/c4_30.0_stress.txt

Data Record #3
===========================================================================
Step = 141
Time = 14.1
Data = J
File = feb_inputs/fiber_stiffness_c4/../../raw_logs/fiber_stiffness_c4/c4_30.0_vol.txt

===== beginning time step 142 : 14.2 =====


Reforming stiffness matrix: reformation #1

 1
 Nonlinear solution status: time= 14.2
	stiffness updates             = 0
	right hand side evaluations   = 2
	stiffness matrix reformations = 1
	step from line search         = 1.000000
	convergence norms :     INITIAL         CURRENT         REQUIRED
	   residual            7.938447e+00    2.737434e-10    0.000000e+00 
	   energy              4.675360e-02    1.793887e-07    4.675360e-04 
	   displacement        2.301445e-03    2.301445e-03    2.301445e-09 
 2
 Nonlinear solution status: time= 14.2
	stiffness updates             = 1
	right hand side evaluations   = 3
	stiffness matrix reformations = 1
	step from line search         = 1.000000
	convergence norms :     INITIAL         CURRENT         REQUIRED
	   residual            7.938447e+00    2.812091e-16    0.000000e+00 
	   energy              4.675360e-02    4.782619e-15    4.675360e-04 
	   displacement        2.301445e-03    1.515726e-12    2.301402e-09 

convergence summary
    number of iterations   : 2
    number of reformations : 1

------- converged at time : 14.2


Data Record #1
===========================================================================
Step = 142
Time = 14.2
Data = uz
File = feb_inputs/fiber_stiffness_c4/../../raw_logs/fiber_stiffness_c4/c4_30.0_disp.txt

Data Record #2
===========================================================================
Step = 142
Time = 14.2
Data = sz
File = feb_inputs/fiber_stiffness_c4/../../raw_logs/fiber_stiffness_c4/c4_30.0_stress.txt

Data Record #3
===========================================================================
Step = 142
Time = 14.2
Data = J
File = feb_inputs/fiber_stiffness_c4/../../raw_logs/fiber_stiffness_c4/c4_30.0_vol.txt

===== beginning time step 143 : 14.3 =====


Reforming stiffness matrix: reformation #1

 1
 Nonlinear solution status: time= 14.3
	stiffness updates             = 0
	right hand side evaluations   = 2
	stiffness matrix reformations = 1
	step from line search         = 1.000000
	convergence norms :     INITIAL         CURRENT         REQUIRED
	   residual            7.432087e+00    2.957588e-10    0.000000e+00 
	   energy              4.458870e-02    1.788157e-07    4.458870e-04 
	   displacement        2.211592e-03    2.211592e-03    2.211592e-09 
 2
 Nonlinear solution status: time= 14.3
	stiffness updates             = 1
	right hand side evaluations   = 3
	stiffness matrix reformations = 1
	step from line search         = 1.000000
	convergence norms :     INITIAL         CURRENT         REQUIRED
	   residual            7.432087e+00    3.081739e-16    0.000000e+00 
	   energy              4.458870e-02    5.141440e-15    4.458870e-04 
	   displacement        2.211592e-03    1.590749e-12    2.211548e-09 

convergence summary
    number of iterations   : 2
    number of reformations : 1

------- converged at time : 14.3


Data Record #1
===========================================================================
Step = 143
Time = 14.3
Data = uz
File = feb_inputs/fiber_stiffness_c4/../../raw_logs/fiber_stiffness_c4/c4_30.0_disp.txt

Data Record #2
===========================================================================
Step = 143
Time = 14.3
Data = sz
File = feb_inputs/fiber_stiffness_c4/../../raw_logs/fiber_stiffness_c4/c4_30.0_stress.txt

Data Record #3
===========================================================================
Step = 143
Time = 14.3
Data = J
File = feb_inputs/fiber_stiffness_c4/../../raw_logs/fiber_stiffness_c4/c4_30.0_vol.txt

===== beginning time step 144 : 14.4 =====


Reforming stiffness matrix: reformation #1

 1
 Nonlinear solution status: time= 14.4
	stiffness updates             = 0
	right hand side evaluations   = 2
	stiffness matrix reformations = 1
	step from line search         = 1.000000
	convergence norms :     INITIAL         CURRENT         REQUIRED
	   residual            6.943996e+00    3.110410e-10    0.000000e+00 
	   energy              4.219167e-02    1.681540e-07    4.219167e-04 
	   displacement        2.102818e-03    2.102818e-03    2.102818e-09 
 2
 Nonlinear solution status: time= 14.4
	stiffness updates             = 1
	right hand side evaluations   = 3
	stiffness matrix reformations = 1
	step from line search         = 1.000000
	convergence norms :     INITIAL         CURRENT         REQUIRED
	   residual            6.943996e+00    4.334727e-16    0.000000e+00 
	   energy              4.219167e-02    5.479891e-15    4.219167e-04 
	   displacement        2.102818e-03    1.607813e-12    2.102775e-09 

convergence summary
    number of iterations   : 2
    number of reformations : 1

------- converged at time : 14.4


Data Record #1
===========================================================================
Step = 144
Time = 14.4
Data = uz
File = feb_inputs/fiber_stiffness_c4/../../raw_logs/fiber_stiffness_c4/c4_30.0_disp.txt

Data Record #2
===========================================================================
Step = 144
Time = 14.4
Data = sz
File = feb_inputs/fiber_stiffness_c4/../../raw_logs/fiber_stiffness_c4/c4_30.0_stress.txt

Data Record #3
===========================================================================
Step = 144
Time = 14.4
Data = J
File = feb_inputs/fiber_stiffness_c4/../../raw_logs/fiber_stiffness_c4/c4_30.0_vol.txt

===== beginning time step 145 : 14.5 =====


Reforming stiffness matrix: reformation #1

 1
 Nonlinear solution status: time= 14.5
	stiffness updates             = 0
	right hand side evaluations   = 2
	stiffness matrix reformations = 1
	step from line search         = 1.000000
	convergence norms :     INITIAL         CURRENT         REQUIRED
	   residual            6.470462e+00    2.832271e-10    0.000000e+00 
	   energy              3.954856e-02    1.534179e-07    3.954856e-04 
	   displacement        1.975856e-03    1.975856e-03    1.975856e-09 
 2
 Nonlinear solution status: time= 14.5
	stiffness updates             = 1
	right hand side evaluations   = 3
	stiffness matrix reformations = 1
	step from line search         = 1.000000
	convergence norms :     INITIAL         CURRENT         REQUIRED
	   residual            6.470462e+00    5.205342e-16    0.000000e+00 
	   energy              3.954856e-02    5.634356e-15    3.954856e-04 
	   displacement        1.975856e-03    1.548157e-12    1.975815e-09 

convergence summary
    number of iterations   : 2
    number of reformations : 1

------- converged at time : 14.5


Data Record #1
===========================================================================
Step = 145
Time = 14.5
Data = uz
File = feb_inputs/fiber_stiffness_c4/../../raw_logs/fiber_stiffness_c4/c4_30.0_disp.txt

Data Record #2
===========================================================================
Step = 145
Time = 14.5
Data = sz
File = feb_inputs/fiber_stiffness_c4/../../raw_logs/fiber_stiffness_c4/c4_30.0_stress.txt

Data Record #3
===========================================================================
Step = 145
Time = 14.5
Data = J
File = feb_inputs/fiber_stiffness_c4/../../raw_logs/fiber_stiffness_c4/c4_30.0_vol.txt

===== beginning time step 146 : 14.6 =====


Reforming stiffness matrix: reformation #1

 1
 Nonlinear solution status: time= 14.6
	stiffness updates             = 0
	right hand side evaluations   = 2
	stiffness matrix reformations = 1
	step from line search         = 1.000000
	convergence norms :     INITIAL         CURRENT         REQUIRED
	   residual            6.004128e+00    2.505313e-10    0.000000e+00 
	   energy              3.665930e-02    1.421768e-07    3.665930e-04 
	   displacement        1.829357e-03    1.829357e-03    1.829357e-09 
 2
 Nonlinear solution status: time= 14.6
	stiffness updates             = 1
	right hand side evaluations   = 3
	stiffness matrix reformations = 1
	step from line search         = 1.000000
	convergence norms :     INITIAL         CURRENT         REQUIRED
	   residual            6.004128e+00    4.868818e-16    0.000000e+00 
	   energy              3.665930e-02    5.397123e-15    3.665930e-04 
	   displacement        1.829357e-03    1.480198e-12    1.829319e-09 

convergence summary
    number of iterations   : 2
    number of reformations : 1

------- converged at time : 14.6


Data Record #1
===========================================================================
Step = 146
Time = 14.6
Data = uz
File = feb_inputs/fiber_stiffness_c4/../../raw_logs/fiber_stiffness_c4/c4_30.0_disp.txt

Data Record #2
===========================================================================
Step = 146
Time = 14.6
Data = sz
File = feb_inputs/fiber_stiffness_c4/../../raw_logs/fiber_stiffness_c4/c4_30.0_stress.txt

Data Record #3
===========================================================================
Step = 146
Time = 14.6
Data = J
File = feb_inputs/fiber_stiffness_c4/../../raw_logs/fiber_stiffness_c4/c4_30.0_vol.txt

===== beginning time step 147 : 14.7 =====


Reforming stiffness matrix: reformation #1

 1
 Nonlinear solution status: time= 14.7
	stiffness updates             = 0
	right hand side evaluations   = 2
	stiffness matrix reformations = 1
	step from line search         = 1.000000
	convergence norms :     INITIAL         CURRENT         REQUIRED
	   residual            5.523699e+00    2.278558e-10    0.000000e+00 
	   energy              3.355162e-02    1.347581e-07    3.355162e-04 
	   displacement        1.667056e-03    1.667056e-03    1.667056e-09 
 2
 Nonlinear solution status: time= 14.7
	stiffness updates             = 1
	right hand side evaluations   = 3
	stiffness matrix reformations = 1
	step from line search         = 1.000000
	convergence norms :     INITIAL         CURRENT         REQUIRED
	   residual            5.523699e+00    4.369002e-16    0.000000e+00 
	   energy              3.355162e-02    5.061356e-15    3.355162e-04 
	   displacement        1.667056e-03    1.407969e-12    1.667021e-09 

convergence summary
    number of iterations   : 2
    number of reformations : 1

------- converged at time : 14.7


Data Record #1
===========================================================================
Step = 147
Time = 14.7
Data = uz
File = feb_inputs/fiber_stiffness_c4/../../raw_logs/fiber_stiffness_c4/c4_30.0_disp.txt

Data Record #2
===========================================================================
Step = 147
Time = 14.7
Data = sz
File = feb_inputs/fiber_stiffness_c4/../../raw_logs/fiber_stiffness_c4/c4_30.0_stress.txt

Data Record #3
===========================================================================
Step = 147
Time = 14.7
Data = J
File = feb_inputs/fiber_stiffness_c4/../../raw_logs/fiber_stiffness_c4/c4_30.0_vol.txt

===== beginning time step 148 : 14.8 =====


Reforming stiffness matrix: reformation #1

 1
 Nonlinear solution status: time= 14.8
	stiffness updates             = 0
	right hand side evaluations   = 2
	stiffness matrix reformations = 1
	step from line search         = 1.000000
	convergence norms :     INITIAL         CURRENT         REQUIRED
	   residual            5.012488e+00    2.572097e-10    0.000000e+00 
	   energy              3.028321e-02    1.262215e-07    3.028321e-04 
	   displacement        1.498786e-03    1.498786e-03    1.498786e-09 
 2
 Nonlinear solution status: time= 14.8
	stiffness updates             = 1
	right hand side evaluations   = 3
	stiffness matrix reformations = 1
	step from line search         = 1.000000
	convergence norms :     INITIAL         CURRENT         REQUIRED
	   residual            5.012488e+00    5.025029e-16    0.000000e+00 
	   energy              3.028321e-02    4.967011e-15    3.028321e-04 
	   displacement        1.498786e-03    1.285535e-12    1.498755e-09 

convergence summary
    number of iterations   : 2
    number of reformations : 1

------- converged at time : 14.8


Data Record #1
===========================================================================
Step = 148
Time = 14.8
Data = uz
File = feb_inputs/fiber_stiffness_c4/../../raw_logs/fiber_stiffness_c4/c4_30.0_disp.txt

Data Record #2
===========================================================================
Step = 148
Time = 14.8
Data = sz
File = feb_inputs/fiber_stiffness_c4/../../raw_logs/fiber_stiffness_c4/c4_30.0_stress.txt

Data Record #3
===========================================================================
Step = 148
Time = 14.8
Data = J
File = feb_inputs/fiber_stiffness_c4/../../raw_logs/fiber_stiffness_c4/c4_30.0_vol.txt

===== beginning time step 149 : 14.9 =====


Reforming stiffness matrix: reformation #1

 1
 Nonlinear solution status: time= 14.9
	stiffness updates             = 0
	right hand side evaluations   = 2
	stiffness matrix reformations = 1
	step from line search         = 1.000000
	convergence norms :     INITIAL         CURRENT         REQUIRED
	   residual            4.480265e+00    2.416006e-10    0.000000e+00 
	   energy              2.695153e-02    1.136187e-07    2.695153e-04 
	   displacement        1.332778e-03    1.332778e-03    1.332778e-09 
 2
 Nonlinear solution status: time= 14.9
	stiffness updates             = 1
	right hand side evaluations   = 3
	stiffness matrix reformations = 1
	step from line search         = 1.000000
	convergence norms :     INITIAL         CURRENT         REQUIRED
	   residual            4.480265e+00    4.863291e-16    0.000000e+00 
	   energy              2.695153e-02    4.668264e-15    2.695153e-04 
	   displacement        1.332778e-03    1.143715e-12    1.332751e-09 

convergence summary
    number of iterations   : 2
    number of reformations : 1

------- converged at time : 14.9


Data Record #1
===========================================================================
Step = 149
Time = 14.9
Data = uz
File = feb_inputs/fiber_stiffness_c4/../../raw_logs/fiber_stiffness_c4/c4_30.0_disp.txt

Data Record #2
===========================================================================
Step = 149
Time = 14.9
Data = sz
File = feb_inputs/fiber_stiffness_c4/../../raw_logs/fiber_stiffness_c4/c4_30.0_stress.txt

Data Record #3
===========================================================================
Step = 149
Time = 14.9
Data = J
File = feb_inputs/fiber_stiffness_c4/../../raw_logs/fiber_stiffness_c4/c4_30.0_vol.txt

===== beginning time step 150 : 15 =====


Reforming stiffness matrix: reformation #1

 1
 Nonlinear solution status: time= 15
	stiffness updates             = 0
	right hand side evaluations   = 2
	stiffness matrix reformations = 1
	step from line search         = 1.000000
	convergence norms :     INITIAL         CURRENT         REQUIRED
	   residual            3.961621e+00    2.074645e-10    0.000000e+00 
	   energy              2.368872e-02    9.863382e-08    2.368872e-04 
	   displacement        1.173358e-03    1.173358e-03    1.173358e-09 
 2
 Nonlinear solution status: time= 15
	stiffness updates             = 1
	right hand side evaluations   = 3
	stiffness matrix reformations = 1
	step from line search         = 1.000000
	convergence norms :     INITIAL         CURRENT         REQUIRED
	   residual            3.961621e+00    4.325501e-16    0.000000e+00 
	   energy              2.368872e-02    4.117124e-15    2.368872e-04 
	   displacement        1.173358e-03    9.883965e-13    1.173335e-09 

convergence summary
    number of iterations   : 2
    number of reformations : 1

------- converged at time : 15


Data Record #1
===========================================================================
Step = 150
Time = 15
Data = uz
File = feb_inputs/fiber_stiffness_c4/../../raw_logs/fiber_stiffness_c4/c4_30.0_disp.txt

Data Record #2
===========================================================================
Step = 150
Time = 15
Data = sz
File = feb_inputs/fiber_stiffness_c4/../../raw_logs/fiber_stiffness_c4/c4_30.0_stress.txt

Data Record #3
===========================================================================
Step = 150
Time = 15
Data = J
File = feb_inputs/fiber_stiffness_c4/../../raw_logs/fiber_stiffness_c4/c4_30.0_vol.txt

===== beginning time step 151 : 15.1 =====


Reforming stiffness matrix: reformation #1

 1
 Nonlinear solution status: time= 15.1
	stiffness updates             = 0
	right hand side evaluations   = 2
	stiffness matrix reformations = 1
	step from line search         = 1.000000
	convergence norms :     INITIAL         CURRENT         REQUIRED
	   residual            3.485680e+00    1.898824e-10    0.000000e+00 
	   energy              2.063453e-02    8.464550e-08    2.063453e-04 
	   displacement        1.025286e-03    1.025286e-03    1.025286e-09 
 2
 Nonlinear solution status: time= 15.1
	stiffness updates             = 1
	right hand side evaluations   = 3
	stiffness matrix reformations = 1
	step from line search         = 1.000000
	convergence norms :     INITIAL         CURRENT         REQUIRED
	   residual            3.485680e+00    4.619690e-16    0.000000e+00 
	   energy              2.063453e-02    3.829666e-15    2.063453e-04 
	   displacement        1.025286e-03    8.617035e-13    1.025266e-09 

convergence summary
    number of iterations   : 2
    number of reformations : 1

------- converged at time : 15.1


Data Record #1
===========================================================================
Step = 151
Time = 15.1
Data = uz
File = feb_inputs/fiber_stiffness_c4/../../raw_logs/fiber_stiffness_c4/c4_30.0_disp.txt

Data Record #2
===========================================================================
Step = 151
Time = 15.1
Data = sz
File = feb_inputs/fiber_stiffness_c4/../../raw_logs/fiber_stiffness_c4/c4_30.0_stress.txt

Data Record #3
===========================================================================
Step = 151
Time = 15.1
Data = J
File = feb_inputs/fiber_stiffness_c4/../../raw_logs/fiber_stiffness_c4/c4_30.0_vol.txt

===== beginning time step 152 : 15.2 =====


Reforming stiffness matrix: reformation #1

 1
 Nonlinear solution status: time= 15.2
	stiffness updates             = 0
	right hand side evaluations   = 2
	stiffness matrix reformations = 1
	step from line search         = 1.000000
	convergence norms :     INITIAL         CURRENT         REQUIRED
	   residual            3.063964e+00    1.581304e-10    0.000000e+00 
	   energy              1.789244e-02    7.457891e-08    1.789244e-04 
	   displacement        8.913100e-04    8.913100e-04    8.913100e-10 
 2
 Nonlinear solution status: time= 15.2
	stiffness updates             = 1
	right hand side evaluations   = 3
	stiffness matrix reformations = 1
	step from line search         = 1.000000
	convergence norms :     INITIAL         CURRENT         REQUIRED
	   residual            3.063964e+00    4.034548e-16    0.000000e+00 
	   energy              1.789244e-02    3.700823e-15    1.789244e-04 
	   displacement        8.913100e-04    7.862541e-13    8.912915e-10 

convergence summary
    number of iterations   : 2
    number of reformations : 1

------- converged at time : 15.2


Data Record #1
===========================================================================
Step = 152
Time = 15.2
Data = uz
File = feb_inputs/fiber_stiffness_c4/../../raw_logs/fiber_stiffness_c4/c4_30.0_disp.txt

Data Record #2
===========================================================================
Step = 152
Time = 15.2
Data = sz
File = feb_inputs/fiber_stiffness_c4/../../raw_logs/fiber_stiffness_c4/c4_30.0_stress.txt

Data Record #3
===========================================================================
Step = 152
Time = 15.2
Data = J
File = feb_inputs/fiber_stiffness_c4/../../raw_logs/fiber_stiffness_c4/c4_30.0_vol.txt

===== beginning time step 153 : 15.3 =====


Reforming stiffness matrix: reformation #1

 1
 Nonlinear solution status: time= 15.3
	stiffness updates             = 0
	right hand side evaluations   = 2
	stiffness matrix reformations = 1
	step from line search         = 1.000000
	convergence norms :     INITIAL         CURRENT         REQUIRED
	   residual            2.703624e+00    1.633075e-10    0.000000e+00 
	   energy              1.550692e-02    6.948796e-08    1.550692e-04 
	   displacement        7.718340e-04    7.718340e-04    7.718340e-10 
 2
 Nonlinear solution status: time= 15.3
	stiffness updates             = 1
	right hand side evaluations   = 3
	stiffness matrix reformations = 1
	step from line search         = 1.000000
	convergence norms :     INITIAL         CURRENT         REQUIRED
	   residual            2.703624e+00    3.878830e-16    0.000000e+00 
	   energy              1.550692e-02    3.847179e-15    1.550692e-04 
	   displacement        7.718340e-04    7.622864e-13    7.718155e-10 

convergence summary
    number of iterations   : 2
    number of reformations : 1

------- converged at time : 15.3


Data Record #1
===========================================================================
Step = 153
Time = 15.3
Data = uz
File = feb_inputs/fiber_stiffness_c4/../../raw_logs/fiber_stiffness_c4/c4_30.0_disp.txt

Data Record #2
===========================================================================
Step = 153
Time = 15.3
Data = sz
File = feb_inputs/fiber_stiffness_c4/../../raw_logs/fiber_stiffness_c4/c4_30.0_stress.txt

Data Record #3
===========================================================================
Step = 153
Time = 15.3
Data = J
File = feb_inputs/fiber_stiffness_c4/../../raw_logs/fiber_stiffness_c4/c4_30.0_vol.txt

===== beginning time step 154 : 15.4 =====


Reforming stiffness matrix: reformation #1

 1
 Nonlinear solution status: time= 15.4
	stiffness updates             = 0
	right hand side evaluations   = 2
	stiffness matrix reformations = 1
	step from line search         = 1.000000
	convergence norms :     INITIAL         CURRENT         REQUIRED
	   residual            2.401924e+00    1.687433e-10    0.000000e+00 
	   energy              1.346390e-02    6.495834e-08    1.346390e-04 
	   displacement        6.677621e-04    6.677621e-04    6.677621e-10 
 2
 Nonlinear solution status: time= 15.4
	stiffness updates             = 1
	right hand side evaluations   = 3
	stiffness matrix reformations = 1
	step from line search         = 1.000000
	convergence norms :     INITIAL         CURRENT         REQUIRED
	   residual            2.401924e+00    4.278886e-16    0.000000e+00 
	   energy              1.346390e-02    4.375703e-15    1.346390e-04 
	   displacement        6.677621e-04    7.813116e-13    6.677437e-10 

convergence summary
    number of iterations   : 2
    number of reformations : 1

------- converged at time : 15.4


Data Record #1
===========================================================================
Step = 154
Time = 15.4
Data = uz
File = feb_inputs/fiber_stiffness_c4/../../raw_logs/fiber_stiffness_c4/c4_30.0_disp.txt

Data Record #2
===========================================================================
Step = 154
Time = 15.4
Data = sz
File = feb_inputs/fiber_stiffness_c4/../../raw_logs/fiber_stiffness_c4/c4_30.0_stress.txt

Data Record #3
===========================================================================
Step = 154
Time = 15.4
Data = J
File = feb_inputs/fiber_stiffness_c4/../../raw_logs/fiber_stiffness_c4/c4_30.0_vol.txt

===== beginning time step 155 : 15.5 =====


Reforming stiffness matrix: reformation #1

 1
 Nonlinear solution status: time= 15.5
	stiffness updates             = 0
	right hand side evaluations   = 2
	stiffness matrix reformations = 1
	step from line search         = 1.000000
	convergence norms :     INITIAL         CURRENT         REQUIRED
	   residual            2.141390e+00    1.518179e-10    0.000000e+00 
	   energy              1.171138e-02    5.711874e-08    1.171138e-04 
	   displacement        5.778491e-04    5.778491e-04    5.778491e-10 
 2
 Nonlinear solution status: time= 15.5
	stiffness updates             = 1
	right hand side evaluations   = 3
	stiffness matrix reformations = 1
	step from line search         = 1.000000
	convergence norms :     INITIAL         CURRENT         REQUIRED
	   residual            2.141390e+00    4.160002e-16    0.000000e+00 
	   energy              1.171138e-02    4.308230e-15    1.171138e-04 
	   displacement        5.778491e-04    7.062902e-13    5.778327e-10 

convergence summary
    number of iterations   : 2
    number of reformations : 1

------- converged at time : 15.5


Data Record #1
===========================================================================
Step = 155
Time = 15.5
Data = uz
File = feb_inputs/fiber_stiffness_c4/../../raw_logs/fiber_stiffness_c4/c4_30.0_disp.txt

Data Record #2
===========================================================================
Step = 155
Time = 15.5
Data = sz
File = feb_inputs/fiber_stiffness_c4/../../raw_logs/fiber_stiffness_c4/c4_30.0_stress.txt

Data Record #3
===========================================================================
Step = 155
Time = 15.5
Data = J
File = feb_inputs/fiber_stiffness_c4/../../raw_logs/fiber_stiffness_c4/c4_30.0_vol.txt

===== beginning time step 156 : 15.6 =====


Reforming stiffness matrix: reformation #1

 1
 Nonlinear solution status: time= 15.6
	stiffness updates             = 0
	right hand side evaluations   = 2
	stiffness matrix reformations = 1
	step from line search         = 1.000000
	convergence norms :     INITIAL         CURRENT         REQUIRED
	   residual            1.903189e+00    1.842235e-10    0.000000e+00 
	   energy              1.018825e-02    4.915402e-08    1.018825e-04 
	   displacement        5.003531e-04    5.003531e-04    5.003531e-10 
 2
 Nonlinear solution status: time= 15.6
	stiffness updates             = 1
	right hand side evaluations   = 3
	stiffness matrix reformations = 1
	step from line search         = 1.000000
	convergence norms :     INITIAL         CURRENT         REQUIRED
	   residual            1.903189e+00    4.910551e-16    0.000000e+00 
	   energy              1.018825e-02    4.553606e-15    1.018825e-04 
	   displacement        5.003531e-04    6.681144e-13    5.003384e-10 

convergence summary
    number of iterations   : 2
    number of reformations : 1

------- converged at time : 15.6


Data Record #1
===========================================================================
Step = 156
Time = 15.6
Data = uz
File = feb_inputs/fiber_stiffness_c4/../../raw_logs/fiber_stiffness_c4/c4_30.0_disp.txt

Data Record #2
===========================================================================
Step = 156
Time = 15.6
Data = sz
File = feb_inputs/fiber_stiffness_c4/../../raw_logs/fiber_stiffness_c4/c4_30.0_stress.txt

Data Record #3
===========================================================================
Step = 156
Time = 15.6
Data = J
File = feb_inputs/fiber_stiffness_c4/../../raw_logs/fiber_stiffness_c4/c4_30.0_vol.txt

===== beginning time step 157 : 15.7 =====


Reforming stiffness matrix: reformation #1

 1
 Nonlinear solution status: time= 15.7
	stiffness updates             = 0
	right hand side evaluations   = 2
	stiffness matrix reformations = 1
	step from line search         = 1.000000
	convergence norms :     INITIAL         CURRENT         REQUIRED
	   residual            1.678796e+00    2.390810e-10    0.000000e+00 
	   energy              8.834004e-03    4.300613e-08    8.834004e-05 
	   displacement        4.319928e-04    4.319928e-04    4.319928e-10 
 2
 Nonlinear solution status: time= 15.7
	stiffness updates             = 1
	right hand side evaluations   = 3
	stiffness matrix reformations = 1
	step from line search         = 1.000000
	convergence norms :     INITIAL         CURRENT         REQUIRED
	   residual            1.678796e+00    5.935005e-16    0.000000e+00 
	   energy              8.834004e-03    5.151446e-15    8.834004e-05 
	   displacement        4.319928e-04    7.115808e-13    4.319792e-10 

convergence summary
    number of iterations   : 2
    number of reformations : 1

------- converged at time : 15.7


Data Record #1
===========================================================================
Step = 157
Time = 15.7
Data = uz
File = feb_inputs/fiber_stiffness_c4/../../raw_logs/fiber_stiffness_c4/c4_30.0_disp.txt

Data Record #2
===========================================================================
Step = 157
Time = 15.7
Data = sz
File = feb_inputs/fiber_stiffness_c4/../../raw_logs/fiber_stiffness_c4/c4_30.0_stress.txt

Data Record #3
===========================================================================
Step = 157
Time = 15.7
Data = J
File = feb_inputs/fiber_stiffness_c4/../../raw_logs/fiber_stiffness_c4/c4_30.0_vol.txt

===== beginning time step 158 : 15.8 =====


Reforming stiffness matrix: reformation #1

 1
 Nonlinear solution status: time= 15.8
	stiffness updates             = 0
	right hand side evaluations   = 2
	stiffness matrix reformations = 1
	step from line search         = 1.000000
	convergence norms :     INITIAL         CURRENT         REQUIRED
	   residual            1.463319e+00    2.415159e-10    0.000000e+00 
	   energy              7.608062e-03    3.784708e-08    7.608062e-05 
	   displacement        3.694129e-04    3.694129e-04    3.694129e-10 
 2
 Nonlinear solution status: time= 15.8
	stiffness updates             = 1
	right hand side evaluations   = 3
	stiffness matrix reformations = 1
	step from line search         = 1.000000
	convergence norms :     INITIAL         CURRENT         REQUIRED
	   residual            1.463319e+00    5.415238e-16    0.000000e+00 
	   energy              7.608062e-03    5.211338e-15    7.608062e-05 
	   displacement        3.694129e-04    7.054026e-13    3.694011e-10 

convergence summary
    number of iterations   : 2
    number of reformations : 1

------- converged at time : 15.8


Data Record #1
===========================================================================
Step = 158
Time = 15.8
Data = uz
File = feb_inputs/fiber_stiffness_c4/../../raw_logs/fiber_stiffness_c4/c4_30.0_disp.txt

Data Record #2
===========================================================================
Step = 158
Time = 15.8
Data = sz
File = feb_inputs/fiber_stiffness_c4/../../raw_logs/fiber_stiffness_c4/c4_30.0_stress.txt

Data Record #3
===========================================================================
Step = 158
Time = 15.8
Data = J
File = feb_inputs/fiber_stiffness_c4/../../raw_logs/fiber_stiffness_c4/c4_30.0_vol.txt

===== beginning time step 159 : 15.9 =====


Reforming stiffness matrix: reformation #1

 1
 Nonlinear solution status: time= 15.9
	stiffness updates             = 0
	right hand side evaluations   = 2
	stiffness matrix reformations = 1
	step from line search         = 1.000000
	convergence norms :     INITIAL         CURRENT         REQUIRED
	   residual            1.253913e+00    2.425300e-10    0.000000e+00 
	   energy              6.510581e-03    3.400648e-08    6.510581e-05 
	   displacement        3.144919e-04    3.144919e-04    3.144919e-10 
 2
 Nonlinear solution status: time= 15.9
	stiffness updates             = 1
	right hand side evaluations   = 3
	stiffness matrix reformations = 1
	step from line search         = 1.000000
	convergence norms :     INITIAL         CURRENT         REQUIRED
	   residual            1.253913e+00    6.169456e-16    0.000000e+00 
	   energy              6.510581e-03    5.482654e-15    6.510581e-05 
	   displacement        3.144919e-04    6.600056e-13    3.144818e-10 

convergence summary
    number of iterations   : 2
    number of reformations : 1

------- converged at time : 15.9


Data Record #1
===========================================================================
Step = 159
Time = 15.9
Data = uz
File = feb_inputs/fiber_stiffness_c4/../../raw_logs/fiber_stiffness_c4/c4_30.0_disp.txt

Data Record #2
===========================================================================
Step = 159
Time = 15.9
Data = sz
File = feb_inputs/fiber_stiffness_c4/../../raw_logs/fiber_stiffness_c4/c4_30.0_stress.txt

Data Record #3
===========================================================================
Step = 159
Time = 15.9
Data = J
File = feb_inputs/fiber_stiffness_c4/../../raw_logs/fiber_stiffness_c4/c4_30.0_vol.txt

===== beginning time step 160 : 16 =====


Reforming stiffness matrix: reformation #1

 1
 Nonlinear solution status: time= 16
	stiffness updates             = 0
	right hand side evaluations   = 2
	stiffness matrix reformations = 1
	step from line search         = 1.000000
	convergence norms :     INITIAL         CURRENT         REQUIRED
	   residual            1.057849e+00    1.850354e-10    0.000000e+00 
	   energy              5.586166e-03    3.019558e-08    5.586166e-05 
	   displacement        2.715074e-04    2.715074e-04    2.715074e-10 
 2
 Nonlinear solution status: time= 16
	stiffness updates             = 1
	right hand side evaluations   = 3
	stiffness matrix reformations = 1
	step from line search         = 1.000000
	convergence norms :     INITIAL         CURRENT         REQUIRED
	   residual            1.057849e+00    5.748382e-16    0.000000e+00 
	   energy              5.586166e-03    4.999813e-15    5.586166e-05 
	   displacement        2.715074e-04    5.709227e-13    2.714977e-10 

convergence summary
    number of iterations   : 2
    number of reformations : 1

------- converged at time : 16


Data Record #1
===========================================================================
Step = 160
Time = 16
Data = uz
File = feb_inputs/fiber_stiffness_c4/../../raw_logs/fiber_stiffness_c4/c4_30.0_disp.txt

Data Record #2
===========================================================================
Step = 160
Time = 16
Data = sz
File = feb_inputs/fiber_stiffness_c4/../../raw_logs/fiber_stiffness_c4/c4_30.0_stress.txt

Data Record #3
===========================================================================
Step = 160
Time = 16
Data = J
File = feb_inputs/fiber_stiffness_c4/../../raw_logs/fiber_stiffness_c4/c4_30.0_vol.txt

===== beginning time step 161 : 16.1 =====


Reforming stiffness matrix: reformation #1

 1
 Nonlinear solution status: time= 16.1
	stiffness updates             = 0
	right hand side evaluations   = 2
	stiffness matrix reformations = 1
	step from line search         = 1.000000
	convergence norms :     INITIAL         CURRENT         REQUIRED
	   residual            8.924479e-01    1.640000e-10    0.000000e+00 
	   energy              4.913063e-03    2.750867e-08    4.913063e-05 
	   displacement        2.445695e-04    2.445695e-04    2.445695e-10 
 2
 Nonlinear solution status: time= 16.1
	stiffness updates             = 1
	right hand side evaluations   = 3
	stiffness matrix reformations = 1
	step from line search         = 1.000000
	convergence norms :     INITIAL         CURRENT         REQUIRED
	   residual            8.924479e-01    5.217218e-16    0.000000e+00 
	   energy              4.913063e-03    4.185208e-15    4.913063e-05 
	   displacement        2.445695e-04    4.935584e-13    2.445595e-10 

convergence summary
    number of iterations   : 2
    number of reformations : 1

------- converged at time : 16.1


Data Record #1
===========================================================================
Step = 161
Time = 16.1
Data = uz
File = feb_inputs/fiber_stiffness_c4/../../raw_logs/fiber_stiffness_c4/c4_30.0_disp.txt

Data Record #2
===========================================================================
Step = 161
Time = 16.1
Data = sz
File = feb_inputs/fiber_stiffness_c4/../../raw_logs/fiber_stiffness_c4/c4_30.0_stress.txt

Data Record #3
===========================================================================
Step = 161
Time = 16.1
Data = J
File = feb_inputs/fiber_stiffness_c4/../../raw_logs/fiber_stiffness_c4/c4_30.0_vol.txt

===== beginning time step 162 : 16.2 =====


Reforming stiffness matrix: reformation #1

 1
 Nonlinear solution status: time= 16.2
	stiffness updates             = 0
	right hand side evaluations   = 2
	stiffness matrix reformations = 1
	step from line search         = 1.000000
	convergence norms :     INITIAL         CURRENT         REQUIRED
	   residual            7.798031e-01    1.389124e-10    0.000000e+00 
	   energy              4.562268e-03    2.824340e-08    4.562268e-05 
	   displacement        2.364772e-04    2.364772e-04    2.364772e-10 
 2
 Nonlinear solution status: time= 16.2
	stiffness updates             = 1
	right hand side evaluations   = 3
	stiffness matrix reformations = 1
	step from line search         = 1.000000
	convergence norms :     INITIAL         CURRENT         REQUIRED
	   residual            7.798031e-01    4.006700e-16    0.000000e+00 
	   energy              4.562268e-03    3.194435e-15    4.562268e-05 
	   displacement        2.364772e-04    4.529165e-13    2.364668e-10 

convergence summary
    number of iterations   : 2
    number of reformations : 1

------- converged at time : 16.2


Data Record #1
===========================================================================
Step = 162
Time = 16.2
Data = uz
File = feb_inputs/fiber_stiffness_c4/../../raw_logs/fiber_stiffness_c4/c4_30.0_disp.txt

Data Record #2
===========================================================================
Step = 162
Time = 16.2
Data = sz
File = feb_inputs/fiber_stiffness_c4/../../raw_logs/fiber_stiffness_c4/c4_30.0_stress.txt

Data Record #3
===========================================================================
Step = 162
Time = 16.2
Data = J
File = feb_inputs/fiber_stiffness_c4/../../raw_logs/fiber_stiffness_c4/c4_30.0_vol.txt

===== beginning time step 163 : 16.3 =====


Reforming stiffness matrix: reformation #1

 1
 Nonlinear solution status: time= 16.3
	stiffness updates             = 0
	right hand side evaluations   = 2
	stiffness matrix reformations = 1
	step from line search         = 1.000000
	convergence norms :     INITIAL         CURRENT         REQUIRED
	   residual            7.367382e-01    2.187492e-10    0.000000e+00 
	   energy              4.565921e-03    3.524959e-08    4.565921e-05 
	   displacement        2.464373e-04    2.464373e-04    2.464373e-10 
 2
 Nonlinear solution status: time= 16.3
	stiffness updates             = 1
	right hand side evaluations   = 3
	stiffness matrix reformations = 1
	step from line search         = 1.000000
	convergence norms :     INITIAL         CURRENT         REQUIRED
	   residual            7.367382e-01    4.693523e-16    0.000000e+00 
	   energy              4.565921e-03    3.292858e-15    4.565921e-05 
	   displacement        2.464373e-04    5.287166e-13    2.464253e-10 

convergence summary
    number of iterations   : 2
    number of reformations : 1

------- converged at time : 16.3


Data Record #1
===========================================================================
Step = 163
Time = 16.3
Data = uz
File = feb_inputs/fiber_stiffness_c4/../../raw_logs/fiber_stiffness_c4/c4_30.0_disp.txt

Data Record #2
===========================================================================
Step = 163
Time = 16.3
Data = sz
File = feb_inputs/fiber_stiffness_c4/../../raw_logs/fiber_stiffness_c4/c4_30.0_stress.txt

Data Record #3
===========================================================================
Step = 163
Time = 16.3
Data = J
File = feb_inputs/fiber_stiffness_c4/../../raw_logs/fiber_stiffness_c4/c4_30.0_vol.txt

===== beginning time step 164 : 16.4 =====


Reforming stiffness matrix: reformation #1

 1
 Nonlinear solution status: time= 16.4
	stiffness updates             = 0
	right hand side evaluations   = 2
	stiffness matrix reformations = 1
	step from line search         = 1.000000
	convergence norms :     INITIAL         CURRENT         REQUIRED
	   residual            7.687675e-01    3.782224e-10    0.000000e+00 
	   energy              4.898431e-03    4.806452e-08    4.898431e-05 
	   displacement        2.709733e-04    2.709733e-04    2.709733e-10 
 2
 Nonlinear solution status: time= 16.4
	stiffness updates             = 1
	right hand side evaluations   = 3
	stiffness matrix reformations = 1
	step from line search         = 1.000000
	convergence norms :     INITIAL         CURRENT         REQUIRED
	   residual            7.687675e-01    6.617120e-16    0.000000e+00 
	   energy              4.898431e-03    4.250513e-15    4.898431e-05 
	   displacement        2.709733e-04    7.038923e-13    2.709587e-10 

convergence summary
    number of iterations   : 2
    number of reformations : 1

------- converged at time : 16.4


Data Record #1
===========================================================================
Step = 164
Time = 16.4
Data = uz
File = feb_inputs/fiber_stiffness_c4/../../raw_logs/fiber_stiffness_c4/c4_30.0_disp.txt

Data Record #2
===========================================================================
Step = 164
Time = 16.4
Data = sz
File = feb_inputs/fiber_stiffness_c4/../../raw_logs/fiber_stiffness_c4/c4_30.0_stress.txt

Data Record #3
===========================================================================
Step = 164
Time = 16.4
Data = J
File = feb_inputs/fiber_stiffness_c4/../../raw_logs/fiber_stiffness_c4/c4_30.0_vol.txt

===== beginning time step 165 : 16.5 =====


Reforming stiffness matrix: reformation #1

 1
 Nonlinear solution status: time= 16.5
	stiffness updates             = 0
	right hand side evaluations   = 2
	stiffness matrix reformations = 1
	step from line search         = 1.000000
	convergence norms :     INITIAL         CURRENT         REQUIRED
	   residual            8.681821e-01    5.667137e-10    0.000000e+00 
	   energy              5.495155e-03    6.429737e-08    5.495155e-05 
	   displacement        3.059635e-04    3.059635e-04    3.059635e-10 
 2
 Nonlinear solution status: time= 16.5
	stiffness updates             = 1
	right hand side evaluations   = 3
	stiffness matrix reformations = 1
	step from line search         = 1.000000
	convergence norms :     INITIAL         CURRENT         REQUIRED
	   residual            8.681821e-01    8.506473e-16    0.000000e+00 
	   energy              5.495155e-03    5.391473e-15    5.495155e-05 
	   displacement        3.059635e-04    9.310529e-13    3.059454e-10 

convergence summary
    number of iterations   : 2
    number of reformations : 1

------- converged at time : 16.5


Data Record #1
===========================================================================
Step = 165
Time = 16.5
Data = uz
File = feb_inputs/fiber_stiffness_c4/../../raw_logs/fiber_stiffness_c4/c4_30.0_disp.txt

Data Record #2
===========================================================================
Step = 165
Time = 16.5
Data = sz
File = feb_inputs/fiber_stiffness_c4/../../raw_logs/fiber_stiffness_c4/c4_30.0_stress.txt

Data Record #3
===========================================================================
Step = 165
Time = 16.5
Data = J
File = feb_inputs/fiber_stiffness_c4/../../raw_logs/fiber_stiffness_c4/c4_30.0_vol.txt

===== beginning time step 166 : 16.6 =====


Reforming stiffness matrix: reformation #1

 1
 Nonlinear solution status: time= 16.6
	stiffness updates             = 0
	right hand side evaluations   = 2
	stiffness matrix reformations = 1
	step from line search         = 1.000000
	convergence norms :     INITIAL         CURRENT         REQUIRED
	   residual            1.015181e+00    6.681816e-10    0.000000e+00 
	   energy              6.289316e-03    7.883738e-08    6.289316e-05 
	   displacement        3.475926e-04    3.475926e-04    3.475926e-10 
 2
 Nonlinear solution status: time= 16.6
	stiffness updates             = 1
	right hand side evaluations   = 3
	stiffness matrix reformations = 1
	step from line search         = 1.000000
	convergence norms :     INITIAL         CURRENT         REQUIRED
	   residual            1.015181e+00    9.994551e-16    0.000000e+00 
	   energy              6.289316e-03    5.742438e-15    6.289316e-05 
	   displacement        3.475926e-04    1.066867e-12    3.475716e-10 

convergence summary
    number of iterations   : 2
    number of reformations : 1

------- converged at time : 16.6


Data Record #1
===========================================================================
Step = 166
Time = 16.6
Data = uz
File = feb_inputs/fiber_stiffness_c4/../../raw_logs/fiber_stiffness_c4/c4_30.0_disp.txt

Data Record #2
===========================================================================
Step = 166
Time = 16.6
Data = sz
File = feb_inputs/fiber_stiffness_c4/../../raw_logs/fiber_stiffness_c4/c4_30.0_stress.txt

Data Record #3
===========================================================================
Step = 166
Time = 16.6
Data = J
File = feb_inputs/fiber_stiffness_c4/../../raw_logs/fiber_stiffness_c4/c4_30.0_vol.txt

===== beginning time step 167 : 16.7 =====


Reforming stiffness matrix: reformation #1

 1
 Nonlinear solution status: time= 16.7
	stiffness updates             = 0
	right hand side evaluations   = 2
	stiffness matrix reformations = 1
	step from line search         = 1.000000
	convergence norms :     INITIAL         CURRENT         REQUIRED
	   residual            1.189377e+00    7.851765e-10    0.000000e+00 
	   energy              7.221803e-03    8.929787e-08    7.221803e-05 
	   displacement        3.938326e-04    3.938326e-04    3.938326e-10 
 2
 Nonlinear solution status: time= 16.7
	stiffness updates             = 1
	right hand side evaluations   = 3
	stiffness matrix reformations = 1
	step from line search         = 1.000000
	convergence norms :     INITIAL         CURRENT         REQUIRED
	   residual            1.189377e+00    1.266654e-15    0.000000e+00 
	   energy              7.221803e-03    6.314060e-15    7.221803e-05 
	   displacement        3.938326e-04    1.140981e-12    3.938096e-10 

convergence summary
    number of iterations   : 2
    number of reformations : 1

------- converged at time : 16.7


Data Record #1
===========================================================================
Step = 167
Time = 16.7
Data = uz
File = feb_inputs/fiber_stiffness_c4/../../raw_logs/fiber_stiffness_c4/c4_30.0_disp.txt

Data Record #2
===========================================================================
Step = 167
Time = 16.7
Data = sz
File = feb_inputs/fiber_stiffness_c4/../../raw_logs/fiber_stiffness_c4/c4_30.0_stress.txt

Data Record #3
===========================================================================
Step = 167
Time = 16.7
Data = J
File = feb_inputs/fiber_stiffness_c4/../../raw_logs/fiber_stiffness_c4/c4_30.0_vol.txt

===== beginning time step 168 : 16.8 =====


Reforming stiffness matrix: reformation #1

 1
 Nonlinear solution status: time= 16.8
	stiffness updates             = 0
	right hand side evaluations   = 2
	stiffness matrix reformations = 1
	step from line search         = 1.000000
	convergence norms :     INITIAL         CURRENT         REQUIRED
	   residual            1.371934e+00    8.508126e-10    0.000000e+00 
	   energy              8.223549e-03    9.788882e-08    8.223549e-05 
	   displacement        4.438821e-04    4.438821e-04    4.438821e-10 
 2
 Nonlinear solution status: time= 16.8
	stiffness updates             = 1
	right hand side evaluations   = 3
	stiffness matrix reformations = 1
	step from line search         = 1.000000
	convergence norms :     INITIAL         CURRENT         REQUIRED
	   residual            1.371934e+00    1.358390e-15    0.000000e+00 
	   energy              8.223549e-03    7.259651e-15    8.223549e-05 
	   displacement        4.438821e-04    1.241876e-12    4.438571e-10 

convergence summary
    number of iterations   : 2
    number of reformations : 1

------- converged at time : 16.8


Data Record #1
===========================================================================
Step = 168
Time = 16.8
Data = uz
File = feb_inputs/fiber_stiffness_c4/../../raw_logs/fiber_stiffness_c4/c4_30.0_disp.txt

Data Record #2
===========================================================================
Step = 168
Time = 16.8
Data = sz
File = feb_inputs/fiber_stiffness_c4/../../raw_logs/fiber_stiffness_c4/c4_30.0_stress.txt

Data Record #3
===========================================================================
Step = 168
Time = 16.8
Data = J
File = feb_inputs/fiber_stiffness_c4/../../raw_logs/fiber_stiffness_c4/c4_30.0_vol.txt

===== beginning time step 169 : 16.9 =====


Reforming stiffness matrix: reformation #1

 1
 Nonlinear solution status: time= 16.9
	stiffness updates             = 0
	right hand side evaluations   = 2
	stiffness matrix reformations = 1
	step from line search         = 1.000000
	convergence norms :     INITIAL         CURRENT         REQUIRED
	   residual            1.542310e+00    1.009239e-09    0.000000e+00 
	   energy              9.212046e-03    1.086389e-07    9.212046e-05 
	   displacement        4.948371e-04    4.948371e-04    4.948371e-10 
 2
 Nonlinear solution status: time= 16.9
	stiffness updates             = 1
	right hand side evaluations   = 3
	stiffness matrix reformations = 1
	step from line search         = 1.000000
	convergence norms :     INITIAL         CURRENT         REQUIRED
	   residual            1.542310e+00    1.516364e-15    0.000000e+00 
	   energy              9.212046e-03    7.855302e-15    9.212046e-05 
	   displacement        4.948371e-04    1.256447e-12    4.948104e-10 

convergence summary
    number of iterations   : 2
    number of reformations : 1

------- converged at time : 16.9


Data Record #1
===========================================================================
Step = 169
Time = 16.9
Data = uz
File = feb_inputs/fiber_stiffness_c4/../../raw_logs/fiber_stiffness_c4/c4_30.0_disp.txt

Data Record #2
===========================================================================
Step = 169
Time = 16.9
Data = sz
File = feb_inputs/fiber_stiffness_c4/../../raw_logs/fiber_stiffness_c4/c4_30.0_stress.txt

Data Record #3
===========================================================================
Step = 169
Time = 16.9
Data = J
File = feb_inputs/fiber_stiffness_c4/../../raw_logs/fiber_stiffness_c4/c4_30.0_vol.txt

===== beginning time step 170 : 17 =====


Reforming stiffness matrix: reformation #1

 1
 Nonlinear solution status: time= 17
	stiffness updates             = 0
	right hand side evaluations   = 2
	stiffness matrix reformations = 1
	step from line search         = 1.000000
	convergence norms :     INITIAL         CURRENT         REQUIRED
	   residual            1.687027e+00    1.265949e-09    0.000000e+00 
	   energy              1.010698e-02    1.238973e-07    1.010698e-04 
	   displacement        5.422988e-04    5.422988e-04    5.422988e-10 
 2
 Nonlinear solution status: time= 17
	stiffness updates             = 1
	right hand side evaluations   = 3
	stiffness matrix reformations = 1
	step from line search         = 1.000000
	convergence norms :     INITIAL         CURRENT         REQUIRED
	   residual            1.687027e+00    1.967308e-15    0.000000e+00 
	   energy              1.010698e-02    8.836573e-15    1.010698e-04 
	   displacement        5.422988e-04    1.344876e-12    5.422697e-10 

convergence summary
    number of iterations   : 2
    number of reformations : 1

------- converged at time : 17


Data Record #1
===========================================================================
Step = 170
Time = 17
Data = uz
File = feb_inputs/fiber_stiffness_c4/../../raw_logs/fiber_stiffness_c4/c4_30.0_disp.txt

Data Record #2
===========================================================================
Step = 170
Time = 17
Data = sz
File = feb_inputs/fiber_stiffness_c4/../../raw_logs/fiber_stiffness_c4/c4_30.0_stress.txt

Data Record #3
===========================================================================
Step = 170
Time = 17
Data = J
File = feb_inputs/fiber_stiffness_c4/../../raw_logs/fiber_stiffness_c4/c4_30.0_vol.txt

===== beginning time step 171 : 17.1 =====


Reforming stiffness matrix: reformation #1

 1
 Nonlinear solution status: time= 17.1
	stiffness updates             = 0
	right hand side evaluations   = 2
	stiffness matrix reformations = 1
	step from line search         = 1.000000
	convergence norms :     INITIAL         CURRENT         REQUIRED
	   residual            1.800518e+00    1.600291e-09    0.000000e+00 
	   energy              1.082788e-02    1.381613e-07    1.082788e-04 
	   displacement        5.800041e-04    5.800041e-04    5.800041e-10 
 2
 Nonlinear solution status: time= 17.1
	stiffness updates             = 1
	right hand side evaluations   = 3
	stiffness matrix reformations = 1
	step from line search         = 1.000000
	convergence norms :     INITIAL         CURRENT         REQUIRED
	   residual            1.800518e+00    2.476939e-15    0.000000e+00 
	   energy              1.082788e-02    1.059532e-14    1.082788e-04 
	   displacement        5.800041e-04    1.518318e-12    5.799720e-10 

convergence summary
    number of iterations   : 2
    number of reformations : 1

------- converged at time : 17.1


Data Record #1
===========================================================================
Step = 171
Time = 17.1
Data = uz
File = feb_inputs/fiber_stiffness_c4/../../raw_logs/fiber_stiffness_c4/c4_30.0_disp.txt

Data Record #2
===========================================================================
Step = 171
Time = 17.1
Data = sz
File = feb_inputs/fiber_stiffness_c4/../../raw_logs/fiber_stiffness_c4/c4_30.0_stress.txt

Data Record #3
===========================================================================
Step = 171
Time = 17.1
Data = J
File = feb_inputs/fiber_stiffness_c4/../../raw_logs/fiber_stiffness_c4/c4_30.0_vol.txt

===== beginning time step 172 : 17.2 =====


Reforming stiffness matrix: reformation #1

 1
 Nonlinear solution status: time= 17.2
	stiffness updates             = 0
	right hand side evaluations   = 2
	stiffness matrix reformations = 1
	step from line search         = 1.000000
	convergence norms :     INITIAL         CURRENT         REQUIRED
	   residual            1.877483e+00    1.815863e-09    0.000000e+00 
	   energy              1.129474e-02    1.424699e-07    1.129474e-04 
	   displacement        6.023168e-04    6.023168e-04    6.023168e-10 
 2
 Nonlinear solution status: time= 17.2
	stiffness updates             = 1
	right hand side evaluations   = 3
	stiffness matrix reformations = 1
	step from line search         = 1.000000
	convergence norms :     INITIAL         CURRENT         REQUIRED
	   residual            1.877483e+00    2.646657e-15    0.000000e+00 
	   energy              1.129474e-02    1.133836e-14    1.129474e-04 
	   displacement        6.023168e-04    1.512900e-12    6.022843e-10 

convergence summary
    number of iterations   : 2
    number of reformations : 1

------- converged at time : 17.2


Data Record #1
===========================================================================
Step = 172
Time = 17.2
Data = uz
File = feb_inputs/fiber_stiffness_c4/../../raw_logs/fiber_stiffness_c4/c4_30.0_disp.txt

Data Record #2
===========================================================================
Step = 172
Time = 17.2
Data = sz
File = feb_inputs/fiber_stiffness_c4/../../raw_logs/fiber_stiffness_c4/c4_30.0_stress.txt

Data Record #3
===========================================================================
Step = 172
Time = 17.2
Data = J
File = feb_inputs/fiber_stiffness_c4/../../raw_logs/fiber_stiffness_c4/c4_30.0_vol.txt

===== beginning time step 173 : 17.3 =====


Reforming stiffness matrix: reformation #1

 1
 Nonlinear solution status: time= 17.3
	stiffness updates             = 0
	right hand side evaluations   = 2
	stiffness matrix reformations = 1
	step from line search         = 1.000000
	convergence norms :     INITIAL         CURRENT         REQUIRED
	   residual            1.913136e+00    1.685187e-09    0.000000e+00 
	   energy              1.145432e-02    1.354075e-07    1.145432e-04 
	   displacement        6.069356e-04    6.069356e-04    6.069356e-10 
 2
 Nonlinear solution status: time= 17.3
	stiffness updates             = 1
	right hand side evaluations   = 3
	stiffness matrix reformations = 1
	step from line search         = 1.000000
	convergence norms :     INITIAL         CURRENT         REQUIRED
	   residual            1.913136e+00    2.582715e-15    0.000000e+00 
	   energy              1.145432e-02    1.050364e-14    1.145432e-04 
	   displacement        6.069356e-04    1.364534e-12    6.069046e-10 

convergence summary
    number of iterations   : 2
    number of reformations : 1

------- converged at time : 17.3


Data Record #1
===========================================================================
Step = 173
Time = 17.3
Data = uz
File = feb_inputs/fiber_stiffness_c4/../../raw_logs/fiber_stiffness_c4/c4_30.0_disp.txt

Data Record #2
===========================================================================
Step = 173
Time = 17.3
Data = sz
File = feb_inputs/fiber_stiffness_c4/../../raw_logs/fiber_stiffness_c4/c4_30.0_stress.txt

Data Record #3
===========================================================================
Step = 173
Time = 17.3
Data = J
File = feb_inputs/fiber_stiffness_c4/../../raw_logs/fiber_stiffness_c4/c4_30.0_vol.txt

===== beginning time step 174 : 17.4 =====


Reforming stiffness matrix: reformation #1

 1
 Nonlinear solution status: time= 17.4
	stiffness updates             = 0
	right hand side evaluations   = 2
	stiffness matrix reformations = 1
	step from line search         = 1.000000
	convergence norms :     INITIAL         CURRENT         REQUIRED
	   residual            1.906007e+00    1.362854e-09    0.000000e+00 
	   energy              1.131296e-02    1.213503e-07    1.131296e-04 
	   displacement        5.933924e-04    5.933924e-04    5.933924e-10 
 2
 Nonlinear solution status: time= 17.4
	stiffness updates             = 1
	right hand side evaluations   = 3
	stiffness matrix reformations = 1
	step from line search         = 1.000000
	convergence norms :     INITIAL         CURRENT         REQUIRED
	   residual            1.906007e+00    2.255542e-15    0.000000e+00 
	   energy              1.131296e-02    9.148818e-15    1.131296e-04 
	   displacement        5.933924e-04    1.212641e-12    5.933638e-10 

convergence summary
    number of iterations   : 2
    number of reformations : 1

------- converged at time : 17.4


Data Record #1
===========================================================================
Step = 174
Time = 17.4
Data = uz
File = feb_inputs/fiber_stiffness_c4/../../raw_logs/fiber_stiffness_c4/c4_30.0_disp.txt

Data Record #2
===========================================================================
Step = 174
Time = 17.4
Data = sz
File = feb_inputs/fiber_stiffness_c4/../../raw_logs/fiber_stiffness_c4/c4_30.0_stress.txt

Data Record #3
===========================================================================
Step = 174
Time = 17.4
Data = J
File = feb_inputs/fiber_stiffness_c4/../../raw_logs/fiber_stiffness_c4/c4_30.0_vol.txt

===== beginning time step 175 : 17.5 =====


Reforming stiffness matrix: reformation #1

 1
 Nonlinear solution status: time= 17.5
	stiffness updates             = 0
	right hand side evaluations   = 2
	stiffness matrix reformations = 1
	step from line search         = 1.000000
	convergence norms :     INITIAL         CURRENT         REQUIRED
	   residual            1.866285e+00    1.099901e-09    0.000000e+00 
	   energy              1.093536e-02    1.059971e-07    1.093536e-04 
	   displacement        5.669592e-04    5.669592e-04    5.669592e-10 
 2
 Nonlinear solution status: time= 17.5
	stiffness updates             = 1
	right hand side evaluations   = 3
	stiffness matrix reformations = 1
	step from line search         = 1.000000
	convergence norms :     INITIAL         CURRENT         REQUIRED
	   residual            1.866285e+00    1.831003e-15    0.000000e+00 
	   energy              1.093536e-02    7.598631e-15    1.093536e-04 
	   displacement        5.669592e-04    1.102528e-12    5.669332e-10 

convergence summary
    number of iterations   : 2
    number of reformations : 1

------- converged at time : 17.5


Data Record #1
===========================================================================
Step = 175
Time = 17.5
Data = uz
File = feb_inputs/fiber_stiffness_c4/../../raw_logs/fiber_stiffness_c4/c4_30.0_disp.txt

Data Record #2
===========================================================================
Step = 175
Time = 17.5
Data = sz
File = feb_inputs/fiber_stiffness_c4/../../raw_logs/fiber_stiffness_c4/c4_30.0_stress.txt

Data Record #3
===========================================================================
Step = 175
Time = 17.5
Data = J
File = feb_inputs/fiber_stiffness_c4/../../raw_logs/fiber_stiffness_c4/c4_30.0_vol.txt

===== beginning time step 176 : 17.6 =====


Reforming stiffness matrix: reformation #1

 1
 Nonlinear solution status: time= 17.6
	stiffness updates             = 0
	right hand side evaluations   = 2
	stiffness matrix reformations = 1
	step from line search         = 1.000000
	convergence norms :     INITIAL         CURRENT         REQUIRED
	   residual            1.811876e+00    8.439841e-10    0.000000e+00 
	   energy              1.040670e-02    9.236430e-08    1.040670e-04 
	   displacement        5.348247e-04    5.348247e-04    5.348247e-10 
 2
 Nonlinear solution status: time= 17.6
	stiffness updates             = 1
	right hand side evaluations   = 3
	stiffness matrix reformations = 1
	step from line search         = 1.000000
	convergence norms :     INITIAL         CURRENT         REQUIRED
	   residual            1.811876e+00    1.462177e-15    0.000000e+00 
	   energy              1.040670e-02    6.957959e-15    1.040670e-04 
	   displacement        5.348247e-04    1.066324e-12    5.348011e-10 

convergence summary
    number of iterations   : 2
    number of reformations : 1

------- converged at time : 17.6


Data Record #1
===========================================================================
Step = 176
Time = 17.6
Data = uz
File = feb_inputs/fiber_stiffness_c4/../../raw_logs/fiber_stiffness_c4/c4_30.0_disp.txt

Data Record #2
===========================================================================
Step = 176
Time = 17.6
Data = sz
File = feb_inputs/fiber_stiffness_c4/../../raw_logs/fiber_stiffness_c4/c4_30.0_stress.txt

Data Record #3
===========================================================================
Step = 176
Time = 17.6
Data = J
File = feb_inputs/fiber_stiffness_c4/../../raw_logs/fiber_stiffness_c4/c4_30.0_vol.txt

===== beginning time step 177 : 17.7 =====


Reforming stiffness matrix: reformation #1

 1
 Nonlinear solution status: time= 17.7
	stiffness updates             = 0
	right hand side evaluations   = 2
	stiffness matrix reformations = 1
	step from line search         = 1.000000
	convergence norms :     INITIAL         CURRENT         REQUIRED
	   residual            1.755988e+00    6.167979e-10    0.000000e+00 
	   energy              9.821169e-03    7.798721e-08    9.821169e-05 
	   displacement        5.005543e-04    5.005543e-04    5.005543e-10 
 2
 Nonlinear solution status: time= 17.7
	stiffness updates             = 1
	right hand side evaluations   = 3
	stiffness matrix reformations = 1
	step from line search         = 1.000000
	convergence norms :     INITIAL         CURRENT         REQUIRED
	   residual            1.755988e+00    1.201833e-15    0.000000e+00 
	   energy              9.821169e-03    6.521060e-15    9.821169e-05 
	   displacement        5.005543e-04    1.013303e-12    5.005335e-10 

convergence summary
    number of iterations   : 2
    number of reformations : 1

------- converged at time : 17.7


Data Record #1
===========================================================================
Step = 177
Time = 17.7
Data = uz
File = feb_inputs/fiber_stiffness_c4/../../raw_logs/fiber_stiffness_c4/c4_30.0_disp.txt

Data Record #2
===========================================================================
Step = 177
Time = 17.7
Data = sz
File = feb_inputs/fiber_stiffness_c4/../../raw_logs/fiber_stiffness_c4/c4_30.0_stress.txt

Data Record #3
===========================================================================
Step = 177
Time = 17.7
Data = J
File = feb_inputs/fiber_stiffness_c4/../../raw_logs/fiber_stiffness_c4/c4_30.0_vol.txt

===== beginning time step 178 : 17.8 =====


Reforming stiffness matrix: reformation #1

 1
 Nonlinear solution status: time= 17.8
	stiffness updates             = 0
	right hand side evaluations   = 2
	stiffness matrix reformations = 1
	step from line search         = 1.000000
	convergence norms :     INITIAL         CURRENT         REQUIRED
	   residual            1.711393e+00    4.624064e-10    0.000000e+00 
	   energy              9.280282e-03    6.576330e-08    9.280282e-05 
	   displacement        4.685748e-04    4.685748e-04    4.685748e-10 
 2
 Nonlinear solution status: time= 17.8
	stiffness updates             = 1
	right hand side evaluations   = 3
	stiffness matrix reformations = 1
	step from line search         = 1.000000
	convergence norms :     INITIAL         CURRENT         REQUIRED
	   residual            1.711393e+00    9.894478e-16    0.000000e+00 
	   energy              9.280282e-03    6.048820e-15    9.280282e-05 
	   displacement        4.685748e-04    9.760066e-13    4.685563e-10 

convergence summary
    number of iterations   : 2
    number of reformations : 1

------- converged at time : 17.8


Data Record #1
===========================================================================
Step = 178
Time = 17.8
Data = uz
File = feb_inputs/fiber_stiffness_c4/../../raw_logs/fiber_stiffness_c4/c4_30.0_disp.txt

Data Record #2
===========================================================================
Step = 178
Time = 17.8
Data = sz
File = feb_inputs/fiber_stiffness_c4/../../raw_logs/fiber_stiffness_c4/c4_30.0_stress.txt

Data Record #3
===========================================================================
Step = 178
Time = 17.8
Data = J
File = feb_inputs/fiber_stiffness_c4/../../raw_logs/fiber_stiffness_c4/c4_30.0_vol.txt

===== beginning time step 179 : 17.9 =====


Reforming stiffness matrix: reformation #1

 1
 Nonlinear solution status: time= 17.9
	stiffness updates             = 0
	right hand side evaluations   = 2
	stiffness matrix reformations = 1
	step from line search         = 1.000000
	convergence norms :     INITIAL         CURRENT         REQUIRED
	   residual            1.686566e+00    3.466126e-10    0.000000e+00 
	   energy              8.866898e-03    5.884314e-08    8.866898e-05 
	   displacement        4.438299e-04    4.438299e-04    4.438299e-10 
 2
 Nonlinear solution status: time= 17.9
	stiffness updates             = 1
	right hand side evaluations   = 3
	stiffness matrix reformations = 1
	step from line search         = 1.000000
	convergence norms :     INITIAL         CURRENT         REQUIRED
	   residual            1.686566e+00    8.597807e-16    0.000000e+00 
	   energy              8.866898e-03    6.174110e-15    8.866898e-05 
	   displacement        4.438299e-04    1.046107e-12    4.438125e-10 

convergence summary
    number of iterations   : 2
    number of reformations : 1

------- converged at time : 17.9


Data Record #1
===========================================================================
Step = 179
Time = 17.9
Data = uz
File = feb_inputs/fiber_stiffness_c4/../../raw_logs/fiber_stiffness_c4/c4_30.0_disp.txt

Data Record #2
===========================================================================
Step = 179
Time = 17.9
Data = sz
File = feb_inputs/fiber_stiffness_c4/../../raw_logs/fiber_stiffness_c4/c4_30.0_stress.txt

Data Record #3
===========================================================================
Step = 179
Time = 17.9
Data = J
File = feb_inputs/fiber_stiffness_c4/../../raw_logs/fiber_stiffness_c4/c4_30.0_vol.txt

===== beginning time step 180 : 18 =====


Reforming stiffness matrix: reformation #1

 1
 Nonlinear solution status: time= 18
	stiffness updates             = 0
	right hand side evaluations   = 2
	stiffness matrix reformations = 1
	step from line search         = 1.000000
	convergence norms :     INITIAL         CURRENT         REQUIRED
	   residual            1.686905e+00    2.694504e-10    0.000000e+00 
	   energy              8.634663e-03    5.174845e-08    8.634663e-05 
	   displacement        4.283569e-04    4.283569e-04    4.283569e-10 
 2
 Nonlinear solution status: time= 18
	stiffness updates             = 1
	right hand side evaluations   = 3
	stiffness matrix reformations = 1
	step from line search         = 1.000000
	convergence norms :     INITIAL         CURRENT         REQUIRED
	   residual            1.686905e+00    7.968562e-16    0.000000e+00 
	   energy              8.634663e-03    5.928520e-15    8.634663e-05 
	   displacement        4.283569e-04    1.011799e-12    4.283418e-10 

convergence summary
    number of iterations   : 2
    number of reformations : 1

------- converged at time : 18


Data Record #1
===========================================================================
Step = 180
Time = 18
Data = uz
File = feb_inputs/fiber_stiffness_c4/../../raw_logs/fiber_stiffness_c4/c4_30.0_disp.txt

Data Record #2
===========================================================================
Step = 180
Time = 18
Data = sz
File = feb_inputs/fiber_stiffness_c4/../../raw_logs/fiber_stiffness_c4/c4_30.0_stress.txt

Data Record #3
===========================================================================
Step = 180
Time = 18
Data = J
File = feb_inputs/fiber_stiffness_c4/../../raw_logs/fiber_stiffness_c4/c4_30.0_vol.txt

===== beginning time step 181 : 18.1 =====


Reforming stiffness matrix: reformation #1

 1
 Nonlinear solution status: time= 18.1
	stiffness updates             = 0
	right hand side evaluations   = 2
	stiffness matrix reformations = 1
	step from line search         = 1.000000
	convergence norms :     INITIAL         CURRENT         REQUIRED
	   residual            1.717342e+00    2.360679e-10    0.000000e+00 
	   energy              8.607376e-03    4.240156e-08    8.607376e-05 
	   displacement        4.231159e-04    4.231159e-04    4.231159e-10 
 2
 Nonlinear solution status: time= 18.1
	stiffness updates             = 1
	right hand side evaluations   = 3
	stiffness matrix reformations = 1
	step from line search         = 1.000000
	convergence norms :     INITIAL         CURRENT         REQUIRED
	   residual            1.717342e+00    7.266096e-16    0.000000e+00 
	   energy              8.607376e-03    4.934250e-15    8.607376e-05 
	   displacement        4.231159e-04    8.478731e-13    4.231035e-10 

convergence summary
    number of iterations   : 2
    number of reformations : 1

------- converged at time : 18.1


Data Record #1
===========================================================================
Step = 181
Time = 18.1
Data = uz
File = feb_inputs/fiber_stiffness_c4/../../raw_logs/fiber_stiffness_c4/c4_30.0_disp.txt

Data Record #2
===========================================================================
Step = 181
Time = 18.1
Data = sz
File = feb_inputs/fiber_stiffness_c4/../../raw_logs/fiber_stiffness_c4/c4_30.0_stress.txt

Data Record #3
===========================================================================
Step = 181
Time = 18.1
Data = J
File = feb_inputs/fiber_stiffness_c4/../../raw_logs/fiber_stiffness_c4/c4_30.0_vol.txt

===== beginning time step 182 : 18.2 =====


Reforming stiffness matrix: reformation #1

 1
 Nonlinear solution status: time= 18.2
	stiffness updates             = 0
	right hand side evaluations   = 2
	stiffness matrix reformations = 1
	step from line search         = 1.000000
	convergence norms :     INITIAL         CURRENT         REQUIRED
	   residual            1.771052e+00    1.986587e-10    0.000000e+00 
	   energy              8.773987e-03    3.591840e-08    8.773987e-05 
	   displacement        4.289401e-04    4.289401e-04    4.289401e-10 
 2
 Nonlinear solution status: time= 18.2
	stiffness updates             = 1
	right hand side evaluations   = 3
	stiffness matrix reformations = 1
	step from line search         = 1.000000
	convergence norms :     INITIAL         CURRENT         REQUIRED
	   residual            1.771052e+00    6.902870e-16    0.000000e+00 
	   energy              8.773987e-03    4.655641e-15    8.773987e-05 
	   displacement        4.289401e-04    7.556759e-13    4.289292e-10 

convergence summary
    number of iterations   : 2
    number of reformations : 1

------- converged at time : 18.2


Data Record #1
===========================================================================
Step = 182
Time = 18.2
Data = uz
File = feb_inputs/fiber_stiffness_c4/../../raw_logs/fiber_stiffness_c4/c4_30.0_disp.txt

Data Record #2
===========================================================================
Step = 182
Time = 18.2
Data = sz
File = feb_inputs/fiber_stiffness_c4/../../raw_logs/fiber_stiffness_c4/c4_30.0_stress.txt

Data Record #3
===========================================================================
Step = 182
Time = 18.2
Data = J
File = feb_inputs/fiber_stiffness_c4/../../raw_logs/fiber_stiffness_c4/c4_30.0_vol.txt

===== beginning time step 183 : 18.3 =====


Reforming stiffness matrix: reformation #1

 1
 Nonlinear solution status: time= 18.3
	stiffness updates             = 0
	right hand side evaluations   = 2
	stiffness matrix reformations = 1
	step from line search         = 1.000000
	convergence norms :     INITIAL         CURRENT         REQUIRED
	   residual            1.836243e+00    2.674781e-10    0.000000e+00 
	   energy              9.087086e-03    3.457894e-08    9.087086e-05 
	   displacement        4.442519e-04    4.442519e-04    4.442519e-10 
 2
 Nonlinear solution status: time= 18.3
	stiffness updates             = 1
	right hand side evaluations   = 3
	stiffness matrix reformations = 1
	step from line search         = 1.000000
	convergence norms :     INITIAL         CURRENT         REQUIRED
	   residual            1.836243e+00    9.278165e-16    0.000000e+00 
	   energy              9.087086e-03    5.160678e-15    9.087086e-05 
	   displacement        4.442519e-04    7.541027e-13    4.442413e-10 

convergence summary
    number of iterations   : 2
    number of reformations : 1

------- converged at time : 18.3


Data Record #1
===========================================================================
Step = 183
Time = 18.3
Data = uz
File = feb_inputs/fiber_stiffness_c4/../../raw_logs/fiber_stiffness_c4/c4_30.0_disp.txt

Data Record #2
===========================================================================
Step = 183
Time = 18.3
Data = sz
File = feb_inputs/fiber_stiffness_c4/../../raw_logs/fiber_stiffness_c4/c4_30.0_stress.txt

Data Record #3
===========================================================================
Step = 183
Time = 18.3
Data = J
File = feb_inputs/fiber_stiffness_c4/../../raw_logs/fiber_stiffness_c4/c4_30.0_vol.txt

===== beginning time step 184 : 18.4 =====


Reforming stiffness matrix: reformation #1

 1
 Nonlinear solution status: time= 18.4
	stiffness updates             = 0
	right hand side evaluations   = 2
	stiffness matrix reformations = 1
	step from line search         = 1.000000
	convergence norms :     INITIAL         CURRENT         REQUIRED
	   residual            1.913498e+00    3.371068e-10    0.000000e+00 
	   energy              9.494790e-03    3.655402e-08    9.494790e-05 
	   displacement        4.653074e-04    4.653074e-04    4.653074e-10 
 2
 Nonlinear solution status: time= 18.4
	stiffness updates             = 1
	right hand side evaluations   = 3
	stiffness matrix reformations = 1
	step from line search         = 1.000000
	convergence norms :     INITIAL         CURRENT         REQUIRED
	   residual            1.913498e+00    1.123554e-15    0.000000e+00 
	   energy              9.494790e-03    5.681474e-15    9.494790e-05 
	   displacement        4.653074e-04    7.951047e-13    4.652965e-10 

convergence summary
    number of iterations   : 2
    number of reformations : 1

------- converged at time : 18.4


Data Record #1
===========================================================================
Step = 184
Time = 18.4
Data = uz
File = feb_inputs/fiber_stiffness_c4/../../raw_logs/fiber_stiffness_c4/c4_30.0_disp.txt

Data Record #2
===========================================================================
Step = 184
Time = 18.4
Data = sz
File = feb_inputs/fiber_stiffness_c4/../../raw_logs/fiber_stiffness_c4/c4_30.0_stress.txt

Data Record #3
===========================================================================
Step = 184
Time = 18.4
Data = J
File = feb_inputs/fiber_stiffness_c4/../../raw_logs/fiber_stiffness_c4/c4_30.0_vol.txt

===== beginning time step 185 : 18.5 =====


Reforming stiffness matrix: reformation #1

 1
 Nonlinear solution status: time= 18.5
	stiffness updates             = 0
	right hand side evaluations   = 2
	stiffness matrix reformations = 1
	step from line search         = 1.000000
	convergence norms :     INITIAL         CURRENT         REQUIRED
	   residual            2.006293e+00    3.736753e-10    0.000000e+00 
	   energy              9.980692e-03    3.971102e-08    9.980692e-05 
	   displacement        4.897395e-04    4.897395e-04    4.897395e-10 
 2
 Nonlinear solution status: time= 18.5
	stiffness updates             = 1
	right hand side evaluations   = 3
	stiffness matrix reformations = 1
	step from line search         = 1.000000
	convergence norms :     INITIAL         CURRENT         REQUIRED
	   residual            2.006293e+00    1.256169e-15    0.000000e+00 
	   energy              9.980692e-03    6.129164e-15    9.980692e-05 
	   displacement        4.897395e-04    8.444665e-13    4.897278e-10 

convergence summary
    number of iterations   : 2
    number of reformations : 1

------- converged at time : 18.5


Data Record #1
===========================================================================
Step = 185
Time = 18.5
Data = uz
File = feb_inputs/fiber_stiffness_c4/../../raw_logs/fiber_stiffness_c4/c4_30.0_disp.txt

Data Record #2
===========================================================================
Step = 185
Time = 18.5
Data = sz
File = feb_inputs/fiber_stiffness_c4/../../raw_logs/fiber_stiffness_c4/c4_30.0_stress.txt

Data Record #3
===========================================================================
Step = 185
Time = 18.5
Data = J
File = feb_inputs/fiber_stiffness_c4/../../raw_logs/fiber_stiffness_c4/c4_30.0_vol.txt

===== beginning time step 186 : 18.6 =====


Reforming stiffness matrix: reformation #1

 1
 Nonlinear solution status: time= 18.6
	stiffness updates             = 0
	right hand side evaluations   = 2
	stiffness matrix reformations = 1
	step from line search         = 1.000000
	convergence norms :     INITIAL         CURRENT         REQUIRED
	   residual            2.107080e+00    3.294977e-10    0.000000e+00 
	   energy              1.057171e-02    4.292428e-08    1.057171e-04 
	   displacement        5.198162e-04    5.198162e-04    5.198162e-10 
 2
 Nonlinear solution status: time= 18.6
	stiffness updates             = 1
	right hand side evaluations   = 3
	stiffness matrix reformations = 1
	step from line search         = 1.000000
	convergence norms :     INITIAL         CURRENT         REQUIRED
	   residual            2.107080e+00    1.202944e-15    0.000000e+00 
	   energy              1.057171e-02    6.488485e-15    1.057171e-04 
	   displacement        5.198162e-04    8.819422e-13    5.198034e-10 

convergence summary
    number of iterations   : 2
    number of reformations : 1

------- converged at time : 18.6


Data Record #1
===========================================================================
Step = 186
Time = 18.6
Data = uz
File = feb_inputs/fiber_stiffness_c4/../../raw_logs/fiber_stiffness_c4/c4_30.0_disp.txt

Data Record #2
===========================================================================
Step = 186
Time = 18.6
Data = sz
File = feb_inputs/fiber_stiffness_c4/../../raw_logs/fiber_stiffness_c4/c4_30.0_stress.txt

Data Record #3
===========================================================================
Step = 186
Time = 18.6
Data = J
File = feb_inputs/fiber_stiffness_c4/../../raw_logs/fiber_stiffness_c4/c4_30.0_vol.txt

===== beginning time step 187 : 18.7 =====


Reforming stiffness matrix: reformation #1

 1
 Nonlinear solution status: time= 18.7
	stiffness updates             = 0
	right hand side evaluations   = 2
	stiffness matrix reformations = 1
	step from line search         = 1.000000
	convergence norms :     INITIAL         CURRENT         REQUIRED
	   residual            2.206669e+00    3.268924e-10    0.000000e+00 
	   energy              1.131587e-02    4.743466e-08    1.131587e-04 
	   displacement        5.599774e-04    5.599774e-04    5.599774e-10 
 2
 Nonlinear solution status: time= 18.7
	stiffness updates             = 1
	right hand side evaluations   = 3
	stiffness matrix reformations = 1
	step from line search         = 1.000000
	convergence norms :     INITIAL         CURRENT         REQUIRED
	   residual            2.206669e+00    1.245965e-15    0.000000e+00 
	   energy              1.131587e-02    7.131708e-15    1.131587e-04 
	   displacement        5.599774e-04    9.543298e-13    5.599631e-10 

convergence summary
    number of iterations   : 2
    number of reformations : 1

------- converged at time : 18.7


Data Record #1
===========================================================================
Step = 187
Time = 18.7
Data = uz
File = feb_inputs/fiber_stiffness_c4/../../raw_logs/fiber_stiffness_c4/c4_30.0_disp.txt

Data Record #2
===========================================================================
Step = 187
Time = 18.7
Data = sz
File = feb_inputs/fiber_stiffness_c4/../../raw_logs/fiber_stiffness_c4/c4_30.0_stress.txt

Data Record #3
===========================================================================
Step = 187
Time = 18.7
Data = J
File = feb_inputs/fiber_stiffness_c4/../../raw_logs/fiber_stiffness_c4/c4_30.0_vol.txt

===== beginning time step 188 : 18.8 =====


Reforming stiffness matrix: reformation #1

 1
 Nonlinear solution status: time= 18.8
	stiffness updates             = 0
	right hand side evaluations   = 2
	stiffness matrix reformations = 1
	step from line search         = 1.000000
	convergence norms :     INITIAL         CURRENT         REQUIRED
	   residual            2.305743e+00    3.237270e-10    0.000000e+00 
	   energy              1.226258e-02    5.543532e-08    1.226258e-04 
	   displacement        6.131833e-04    6.131833e-04    6.131833e-10 
 2
 Nonlinear solution status: time= 18.8
	stiffness updates             = 1
	right hand side evaluations   = 3
	stiffness matrix reformations = 1
	step from line search         = 1.000000
	convergence norms :     INITIAL         CURRENT         REQUIRED
	   residual            2.305743e+00    1.248400e-15    0.000000e+00 
	   energy              1.226258e-02    7.152295e-15    1.226258e-04 
	   displacement        6.131833e-04    1.025131e-12    6.131666e-10 

convergence summary
    number of iterations   : 2
    number of reformations : 1

------- converged at time : 18.8


Data Record #1
===========================================================================
Step = 188
Time = 18.8
Data = uz
File = feb_inputs/fiber_stiffness_c4/../../raw_logs/fiber_stiffness_c4/c4_30.0_disp.txt

Data Record #2
===========================================================================
Step = 188
Time = 18.8
Data = sz
File = feb_inputs/fiber_stiffness_c4/../../raw_logs/fiber_stiffness_c4/c4_30.0_stress.txt

Data Record #3
===========================================================================
Step = 188
Time = 18.8
Data = J
File = feb_inputs/fiber_stiffness_c4/../../raw_logs/fiber_stiffness_c4/c4_30.0_vol.txt

===== beginning time step 189 : 18.9 =====


Reforming stiffness matrix: reformation #1

 1
 Nonlinear solution status: time= 18.9
	stiffness updates             = 0
	right hand side evaluations   = 2
	stiffness matrix reformations = 1
	step from line search         = 1.000000
	convergence norms :     INITIAL         CURRENT         REQUIRED
	   residual            2.419904e+00    2.612649e-10    0.000000e+00 
	   energy              1.346634e-02    6.688575e-08    1.346634e-04 
	   displacement        6.818735e-04    6.818735e-04    6.818735e-10 
 2
 Nonlinear solution status: time= 18.9
	stiffness updates             = 1
	right hand side evaluations   = 3
	stiffness matrix reformations = 1
	step from line search         = 1.000000
	convergence norms :     INITIAL         CURRENT         REQUIRED
	   residual            2.419904e+00    1.077427e-15    0.000000e+00 
	   energy              1.346634e-02    7.049536e-15    1.346634e-04 
	   displacement        6.818735e-04    1.045566e-12    6.818539e-10 

convergence summary
    number of iterations   : 2
    number of reformations : 1

------- converged at time : 18.9


Data Record #1
===========================================================================
Step = 189
Time = 18.9
Data = uz
File = feb_inputs/fiber_stiffness_c4/../../raw_logs/fiber_stiffness_c4/c4_30.0_disp.txt

Data Record #2
===========================================================================
Step = 189
Time = 18.9
Data = sz
File = feb_inputs/fiber_stiffness_c4/../../raw_logs/fiber_stiffness_c4/c4_30.0_stress.txt

Data Record #3
===========================================================================
Step = 189
Time = 18.9
Data = J
File = feb_inputs/fiber_stiffness_c4/../../raw_logs/fiber_stiffness_c4/c4_30.0_vol.txt

===== beginning time step 190 : 19 =====


Reforming stiffness matrix: reformation #1

 1
 Nonlinear solution status: time= 19
	stiffness updates             = 0
	right hand side evaluations   = 2
	stiffness matrix reformations = 1
	step from line search         = 1.000000
	convergence norms :     INITIAL         CURRENT         REQUIRED
	   residual            2.571547e+00    2.430553e-10    0.000000e+00 
	   energy              1.496452e-02    8.410346e-08    1.496452e-04 
	   displacement        7.669182e-04    7.669182e-04    7.669182e-10 
 2
 Nonlinear solution status: time= 19
	stiffness updates             = 1
	right hand side evaluations   = 3
	stiffness matrix reformations = 1
	step from line search         = 1.000000
	convergence norms :     INITIAL         CURRENT         REQUIRED
	   residual            2.571547e+00    9.518838e-16    0.000000e+00 
	   energy              1.496452e-02    7.656877e-15    1.496452e-04 
	   displacement        7.669182e-04    1.182300e-12    7.668935e-10 

convergence summary
    number of iterations   : 2
    number of reformations : 1

------- converged at time : 19


Data Record #1
===========================================================================
Step = 190
Time = 19
Data = uz
File = feb_inputs/fiber_stiffness_c4/../../raw_logs/fiber_stiffness_c4/c4_30.0_disp.txt

Data Record #2
===========================================================================
Step = 190
Time = 19
Data = sz
File = feb_inputs/fiber_stiffness_c4/../../raw_logs/fiber_stiffness_c4/c4_30.0_stress.txt

Data Record #3
===========================================================================
Step = 190
Time = 19
Data = J
File = feb_inputs/fiber_stiffness_c4/../../raw_logs/fiber_stiffness_c4/c4_30.0_vol.txt

===== beginning time step 191 : 19.1 =====


Reforming stiffness matrix: reformation #1

 1
 Nonlinear solution status: time= 19.1
	stiffness updates             = 0
	right hand side evaluations   = 2
	stiffness matrix reformations = 1
	step from line search         = 1.000000
	convergence norms :     INITIAL         CURRENT         REQUIRED
	   residual            2.768309e+00    3.029542e-10    0.000000e+00 
	   energy              1.674729e-02    1.116497e-07    1.674729e-04 
	   displacement        8.656373e-04    8.656373e-04    8.656373e-10 
 2
 Nonlinear solution status: time= 19.1
	stiffness updates             = 1
	right hand side evaluations   = 3
	stiffness matrix reformations = 1
	step from line search         = 1.000000
	convergence norms :     INITIAL         CURRENT         REQUIRED
	   residual            2.768309e+00    1.223071e-15    0.000000e+00 
	   energy              1.674729e-02    9.919640e-15    1.674729e-04 
	   displacement        8.656373e-04    1.532796e-12    8.656046e-10 

convergence summary
    number of iterations   : 2
    number of reformations : 1

------- converged at time : 19.1


Data Record #1
===========================================================================
Step = 191
Time = 19.1
Data = uz
File = feb_inputs/fiber_stiffness_c4/../../raw_logs/fiber_stiffness_c4/c4_30.0_disp.txt

Data Record #2
===========================================================================
Step = 191
Time = 19.1
Data = sz
File = feb_inputs/fiber_stiffness_c4/../../raw_logs/fiber_stiffness_c4/c4_30.0_stress.txt

Data Record #3
===========================================================================
Step = 191
Time = 19.1
Data = J
File = feb_inputs/fiber_stiffness_c4/../../raw_logs/fiber_stiffness_c4/c4_30.0_vol.txt

===== beginning time step 192 : 19.2 =====


Reforming stiffness matrix: reformation #1

 1
 Nonlinear solution status: time= 19.2
	stiffness updates             = 0
	right hand side evaluations   = 2
	stiffness matrix reformations = 1
	step from line search         = 1.000000
	convergence norms :     INITIAL         CURRENT         REQUIRED
	   residual            3.008966e+00    3.337142e-10    0.000000e+00 
	   energy              1.875572e-02    1.453490e-07    1.875572e-04 
	   displacement        9.736161e-04    9.736161e-04    9.736161e-10 
 2
 Nonlinear solution status: time= 19.2
	stiffness updates             = 1
	right hand side evaluations   = 3
	stiffness matrix reformations = 1
	step from line search         = 1.000000
	convergence norms :     INITIAL         CURRENT         REQUIRED
	   residual            3.008966e+00    1.221520e-15    0.000000e+00 
	   energy              1.875572e-02    1.039151e-14    1.875572e-04 
	   displacement        9.736161e-04    1.808205e-12    9.735747e-10 

convergence summary
    number of iterations   : 2
    number of reformations : 1

------- converged at time : 19.2


Data Record #1
===========================================================================
Step = 192
Time = 19.2
Data = uz
File = feb_inputs/fiber_stiffness_c4/../../raw_logs/fiber_stiffness_c4/c4_30.0_disp.txt

Data Record #2
===========================================================================
Step = 192
Time = 19.2
Data = sz
File = feb_inputs/fiber_stiffness_c4/../../raw_logs/fiber_stiffness_c4/c4_30.0_stress.txt

Data Record #3
===========================================================================
Step = 192
Time = 19.2
Data = J
File = feb_inputs/fiber_stiffness_c4/../../raw_logs/fiber_stiffness_c4/c4_30.0_vol.txt

===== beginning time step 193 : 19.3 =====


Reforming stiffness matrix: reformation #1

 1
 Nonlinear solution status: time= 19.3
	stiffness updates             = 0
	right hand side evaluations   = 2
	stiffness matrix reformations = 1
	step from line search         = 1.000000
	convergence norms :     INITIAL         CURRENT         REQUIRED
	   residual            3.293585e+00    4.396833e-10    0.000000e+00 
	   energy              2.090439e-02    1.751935e-07    2.090439e-04 
	   displacement        1.086862e-03    1.086862e-03    1.086862e-09 
 2
 Nonlinear solution status: time= 19.3
	stiffness updates             = 1
	right hand side evaluations   = 3
	stiffness matrix reformations = 1
	step from line search         = 1.000000
	convergence norms :     INITIAL         CURRENT         REQUIRED
	   residual            3.293585e+00    1.202753e-15    0.000000e+00 
	   energy              2.090439e-02    1.023732e-14    2.090439e-04 
	   displacement        1.086862e-03    2.058935e-12    1.086813e-09 

convergence summary
    number of iterations   : 2
    number of reformations : 1

------- converged at time : 19.3


Data Record #1
===========================================================================
Step = 193
Time = 19.3
Data = uz
File = feb_inputs/fiber_stiffness_c4/../../raw_logs/fiber_stiffness_c4/c4_30.0_disp.txt

Data Record #2
===========================================================================
Step = 193
Time = 19.3
Data = sz
File = feb_inputs/fiber_stiffness_c4/../../raw_logs/fiber_stiffness_c4/c4_30.0_stress.txt

Data Record #3
===========================================================================
Step = 193
Time = 19.3
Data = J
File = feb_inputs/fiber_stiffness_c4/../../raw_logs/fiber_stiffness_c4/c4_30.0_vol.txt

===== beginning time step 194 : 19.4 =====


Reforming stiffness matrix: reformation #1

 1
 Nonlinear solution status: time= 19.4
	stiffness updates             = 0
	right hand side evaluations   = 2
	stiffness matrix reformations = 1
	step from line search         = 1.000000
	convergence norms :     INITIAL         CURRENT         REQUIRED
	   residual            3.615911e+00    4.868173e-10    0.000000e+00 
	   energy              2.309646e-02    1.931090e-07    2.309646e-04 
	   displacement        1.197772e-03    1.197772e-03    1.197772e-09 
 2
 Nonlinear solution status: time= 19.4
	stiffness updates             = 1
	right hand side evaluations   = 3
	stiffness matrix reformations = 1
	step from line search         = 1.000000
	convergence norms :     INITIAL         CURRENT         REQUIRED
	   residual            3.615911e+00    1.212005e-15    0.000000e+00 
	   energy              2.309646e-02    1.052416e-14    2.309646e-04 
	   displacement        1.197772e-03    2.233912e-12    1.197717e-09 

convergence summary
    number of iterations   : 2
    number of reformations : 1

------- converged at time : 19.4


Data Record #1
===========================================================================
Step = 194
Time = 19.4
Data = uz
File = feb_inputs/fiber_stiffness_c4/../../raw_logs/fiber_stiffness_c4/c4_30.0_disp.txt

Data Record #2
===========================================================================
Step = 194
Time = 19.4
Data = sz
File = feb_inputs/fiber_stiffness_c4/../../raw_logs/fiber_stiffness_c4/c4_30.0_stress.txt

Data Record #3
===========================================================================
Step = 194
Time = 19.4
Data = J
File = feb_inputs/fiber_stiffness_c4/../../raw_logs/fiber_stiffness_c4/c4_30.0_vol.txt

===== beginning time step 195 : 19.5 =====


Reforming stiffness matrix: reformation #1

 1
 Nonlinear solution status: time= 19.5
	stiffness updates             = 0
	right hand side evaluations   = 2
	stiffness matrix reformations = 1
	step from line search         = 1.000000
	convergence norms :     INITIAL         CURRENT         REQUIRED
	   residual            3.963801e+00    4.606423e-10    0.000000e+00 
	   energy              2.524829e-02    2.001114e-07    2.524829e-04 
	   displacement        1.298113e-03    1.298113e-03    1.298113e-09 
 2
 Nonlinear solution status: time= 19.5
	stiffness updates             = 1
	right hand side evaluations   = 3
	stiffness matrix reformations = 1
	step from line search         = 1.000000
	convergence norms :     INITIAL         CURRENT         REQUIRED
	   residual            3.963801e+00    1.101680e-15    0.000000e+00 
	   energy              2.524829e-02    1.047823e-14    2.524829e-04 
	   displacement        1.298113e-03    2.250832e-12    1.298058e-09 

convergence summary
    number of iterations   : 2
    number of reformations : 1

------- converged at time : 19.5


Data Record #1
===========================================================================
Step = 195
Time = 19.5
Data = uz
File = feb_inputs/fiber_stiffness_c4/../../raw_logs/fiber_stiffness_c4/c4_30.0_disp.txt

Data Record #2
===========================================================================
Step = 195
Time = 19.5
Data = sz
File = feb_inputs/fiber_stiffness_c4/../../raw_logs/fiber_stiffness_c4/c4_30.0_stress.txt

Data Record #3
===========================================================================
Step = 195
Time = 19.5
Data = J
File = feb_inputs/fiber_stiffness_c4/../../raw_logs/fiber_stiffness_c4/c4_30.0_vol.txt

===== beginning time step 196 : 19.6 =====


Reforming stiffness matrix: reformation #1

 1
 Nonlinear solution status: time= 19.6
	stiffness updates             = 0
	right hand side evaluations   = 2
	stiffness matrix reformations = 1
	step from line search         = 1.000000
	convergence norms :     INITIAL         CURRENT         REQUIRED
	   residual            4.325842e+00    4.702771e-10    0.000000e+00 
	   energy              2.730543e-02    2.037991e-07    2.730543e-04 
	   displacement        1.387512e-03    1.387512e-03    1.387512e-09 
 2
 Nonlinear solution status: time= 19.6
	stiffness updates             = 1
	right hand side evaluations   = 3
	stiffness matrix reformations = 1
	step from line search         = 1.000000
	convergence norms :     INITIAL         CURRENT         REQUIRED
	   residual            4.325842e+00    1.070096e-15    0.000000e+00 
	   energy              2.730543e-02    1.094253e-14    2.730543e-04 
	   displacement        1.387512e-03    2.261531e-12    1.387458e-09 

convergence summary
    number of iterations   : 2
    number of reformations : 1

------- converged at time : 19.6


Data Record #1
===========================================================================
Step = 196
Time = 19.6
Data = uz
File = feb_inputs/fiber_stiffness_c4/../../raw_logs/fiber_stiffness_c4/c4_30.0_disp.txt

Data Record #2
===========================================================================
Step = 196
Time = 19.6
Data = sz
File = feb_inputs/fiber_stiffness_c4/../../raw_logs/fiber_stiffness_c4/c4_30.0_stress.txt

Data Record #3
===========================================================================
Step = 196
Time = 19.6
Data = J
File = feb_inputs/fiber_stiffness_c4/../../raw_logs/fiber_stiffness_c4/c4_30.0_vol.txt

===== beginning time step 197 : 19.7 =====


Reforming stiffness matrix: reformation #1

 1
 Nonlinear solution status: time= 19.7
	stiffness updates             = 0
	right hand side evaluations   = 2
	stiffness matrix reformations = 1
	step from line search         = 1.000000
	convergence norms :     INITIAL         CURRENT         REQUIRED
	   residual            4.688186e+00    4.890488e-10    0.000000e+00 
	   energy              2.924478e-02    2.076870e-07    2.924478e-04 
	   displacement        1.469892e-03    1.469892e-03    1.469892e-09 
 2
 Nonlinear solution status: time= 19.7
	stiffness updates             = 1
	right hand side evaluations   = 3
	stiffness matrix reformations = 1
	step from line search         = 1.000000
	convergence norms :     INITIAL         CURRENT         REQUIRED
	   residual            4.688186e+00    9.963029e-16    0.000000e+00 
	   energy              2.924478e-02    1.112917e-14    2.924478e-04 
	   displacement        1.469892e-03    2.295454e-12    1.469839e-09 

convergence summary
    number of iterations   : 2
    number of reformations : 1

------- converged at time : 19.7


Data Record #1
===========================================================================
Step = 197
Time = 19.7
Data = uz
File = feb_inputs/fiber_stiffness_c4/../../raw_logs/fiber_stiffness_c4/c4_30.0_disp.txt

Data Record #2
===========================================================================
Step = 197
Time = 19.7
Data = sz
File = feb_inputs/fiber_stiffness_c4/../../raw_logs/fiber_stiffness_c4/c4_30.0_stress.txt

Data Record #3
===========================================================================
Step = 197
Time = 19.7
Data = J
File = feb_inputs/fiber_stiffness_c4/../../raw_logs/fiber_stiffness_c4/c4_30.0_vol.txt

===== beginning time step 198 : 19.8 =====


Reforming stiffness matrix: reformation #1

 1
 Nonlinear solution status: time= 19.8
	stiffness updates             = 0
	right hand side evaluations   = 2
	stiffness matrix reformations = 1
	step from line search         = 1.000000
	convergence norms :     INITIAL         CURRENT         REQUIRED
	   residual            5.037574e+00    4.981327e-10    0.000000e+00 
	   energy              3.106820e-02    2.057185e-07    3.106820e-04 
	   displacement        1.546934e-03    1.546934e-03    1.546934e-09 
 2
 Nonlinear solution status: time= 19.8
	stiffness updates             = 1
	right hand side evaluations   = 3
	stiffness matrix reformations = 1
	step from line search         = 1.000000
	convergence norms :     INITIAL         CURRENT         REQUIRED
	   residual            5.037574e+00    1.216931e-15    0.000000e+00 
	   energy              3.106820e-02    1.177536e-14    3.106820e-04 
	   displacement        1.546934e-03    2.335602e-12    1.546882e-09 

convergence summary
    number of iterations   : 2
    number of reformations : 1

------- converged at time : 19.8


Data Record #1
===========================================================================
Step = 198
Time = 19.8
Data = uz
File = feb_inputs/fiber_stiffness_c4/../../raw_logs/fiber_stiffness_c4/c4_30.0_disp.txt

Data Record #2
===========================================================================
Step = 198
Time = 19.8
Data = sz
File = feb_inputs/fiber_stiffness_c4/../../raw_logs/fiber_stiffness_c4/c4_30.0_stress.txt

Data Record #3
===========================================================================
Step = 198
Time = 19.8
Data = J
File = feb_inputs/fiber_stiffness_c4/../../raw_logs/fiber_stiffness_c4/c4_30.0_vol.txt

===== beginning time step 199 : 19.9 =====


Reforming stiffness matrix: reformation #1

 1
 Nonlinear solution status: time= 19.9
	stiffness updates             = 0
	right hand side evaluations   = 2
	stiffness matrix reformations = 1
	step from line search         = 1.000000
	convergence norms :     INITIAL         CURRENT         REQUIRED
	   residual            5.370236e+00    4.243181e-10    0.000000e+00 
	   energy              3.279111e-02    1.934257e-07    3.279111e-04 
	   displacement        1.621963e-03    1.621963e-03    1.621963e-09 
 2
 Nonlinear solution status: time= 19.9
	stiffness updates             = 1
	right hand side evaluations   = 3
	stiffness matrix reformations = 1
	step from line search         = 1.000000
	convergence norms :     INITIAL         CURRENT         REQUIRED
	   residual            5.370236e+00    1.351881e-15    0.000000e+00 
	   energy              3.279111e-02    1.299911e-14    3.279111e-04 
	   displacement        1.621963e-03    2.366682e-12    1.621913e-09 

convergence summary
    number of iterations   : 2
    number of reformations : 1

------- converged at time : 19.9


Data Record #1
===========================================================================
Step = 199
Time = 19.9
Data = uz
File = feb_inputs/fiber_stiffness_c4/../../raw_logs/fiber_stiffness_c4/c4_30.0_disp.txt

Data Record #2
===========================================================================
Step = 199
Time = 19.9
Data = sz
File = feb_inputs/fiber_stiffness_c4/../../raw_logs/fiber_stiffness_c4/c4_30.0_stress.txt

Data Record #3
===========================================================================
Step = 199
Time = 19.9
Data = J
File = feb_inputs/fiber_stiffness_c4/../../raw_logs/fiber_stiffness_c4/c4_30.0_vol.txt

===== beginning time step 200 : 20 =====


Reforming stiffness matrix: reformation #1

 1
 Nonlinear solution status: time= 20
	stiffness updates             = 0
	right hand side evaluations   = 2
	stiffness matrix reformations = 1
	step from line search         = 1.000000
	convergence norms :     INITIAL         CURRENT         REQUIRED
	   residual            5.687649e+00    4.009350e-10    0.000000e+00 
	   energy              3.443237e-02    1.761726e-07    3.443237e-04 
	   displacement        1.697775e-03    1.697775e-03    1.697775e-09 
 2
 Nonlinear solution status: time= 20
	stiffness updates             = 1
	right hand side evaluations   = 3
	stiffness matrix reformations = 1
	step from line search         = 1.000000
	convergence norms :     INITIAL         CURRENT         REQUIRED
	   residual            5.687649e+00    1.265047e-15    0.000000e+00 
	   energy              3.443237e-02    1.356491e-14    3.443237e-04 
	   displacement        1.697775e-03    2.354755e-12    1.697725e-09 

convergence summary
    number of iterations   : 2
    number of reformations : 1

------- converged at time : 20


Data Record #1
===========================================================================
Step = 200
Time = 20
Data = uz
File = feb_inputs/fiber_stiffness_c4/../../raw_logs/fiber_stiffness_c4/c4_30.0_disp.txt

Data Record #2
===========================================================================
Step = 200
Time = 20
Data = sz
File = feb_inputs/fiber_stiffness_c4/../../raw_logs/fiber_stiffness_c4/c4_30.0_stress.txt

Data Record #3
===========================================================================
Step = 200
Time = 20
Data = J
File = feb_inputs/fiber_stiffness_c4/../../raw_logs/fiber_stiffness_c4/c4_30.0_vol.txt

===== beginning time step 201 : 20.1 =====


Reforming stiffness matrix: reformation #1

 1
 Nonlinear solution status: time= 20.1
	stiffness updates             = 0
	right hand side evaluations   = 2
	stiffness matrix reformations = 1
	step from line search         = 1.000000
	convergence norms :     INITIAL         CURRENT         REQUIRED
	   residual            6.005412e+00    4.518189e-10    0.000000e+00 
	   energy              3.601572e-02    1.635473e-07    3.601572e-04 
	   displacement        1.772326e-03    1.772326e-03    1.772326e-09 
 2
 Nonlinear solution status: time= 20.1
	stiffness updates             = 1
	right hand side evaluations   = 3
	stiffness matrix reformations = 1
	step from line search         = 1.000000
	convergence norms :     INITIAL         CURRENT         REQUIRED
	   residual            6.005412e+00    1.346416e-15    0.000000e+00 
	   energy              3.601572e-02    1.361002e-14    3.601572e-04 
	   displacement        1.772326e-03    2.320141e-12    1.772279e-09 

convergence summary
    number of iterations   : 2
    number of reformations : 1

------- converged at time : 20.1


Data Record #1
===========================================================================
Step = 201
Time = 20.1
Data = uz
File = feb_inputs/fiber_stiffness_c4/../../raw_logs/fiber_stiffness_c4/c4_30.0_disp.txt

Data Record #2
===========================================================================
Step = 201
Time = 20.1
Data = sz
File = feb_inputs/fiber_stiffness_c4/../../raw_logs/fiber_stiffness_c4/c4_30.0_stress.txt

Data Record #3
===========================================================================
Step = 201
Time = 20.1
Data = J
File = feb_inputs/fiber_stiffness_c4/../../raw_logs/fiber_stiffness_c4/c4_30.0_vol.txt

===== beginning time step 202 : 20.2 =====


Reforming stiffness matrix: reformation #1

 1
 Nonlinear solution status: time= 20.2
	stiffness updates             = 0
	right hand side evaluations   = 2
	stiffness matrix reformations = 1
	step from line search         = 1.000000
	convergence norms :     INITIAL         CURRENT         REQUIRED
	   residual            6.360459e+00    5.085622e-10    0.000000e+00 
	   energy              3.757834e-02    1.604147e-07    3.757834e-04 
	   displacement        1.841553e-03    1.841553e-03    1.841553e-09 
 2
 Nonlinear solution status: time= 20.2
	stiffness updates             = 1
	right hand side evaluations   = 3
	stiffness matrix reformations = 1
	step from line search         = 1.000000
	convergence norms :     INITIAL         CURRENT         REQUIRED
	   residual            6.360459e+00    1.805965e-15    0.000000e+00 
	   energy              3.757834e-02    1.516181e-14    3.757834e-04 
	   displacement        1.841553e-03    2.337446e-12    1.841512e-09 

convergence summary
    number of iterations   : 2
    number of reformations : 1

------- converged at time : 20.2


Data Record #1
===========================================================================
Step = 202
Time = 20.2
Data = uz
File = feb_inputs/fiber_stiffness_c4/../../raw_logs/fiber_stiffness_c4/c4_30.0_disp.txt

Data Record #2
===========================================================================
Step = 202
Time = 20.2
Data = sz
File = feb_inputs/fiber_stiffness_c4/../../raw_logs/fiber_stiffness_c4/c4_30.0_stress.txt

Data Record #3
===========================================================================
Step = 202
Time = 20.2
Data = J
File = feb_inputs/fiber_stiffness_c4/../../raw_logs/fiber_stiffness_c4/c4_30.0_vol.txt

===== beginning time step 203 : 20.3 =====


Reforming stiffness matrix: reformation #1

 1
 Nonlinear solution status: time= 20.3
	stiffness updates             = 0
	right hand side evaluations   = 2
	stiffness matrix reformations = 1
	step from line search         = 1.000000
	convergence norms :     INITIAL         CURRENT         REQUIRED
	   residual            6.782854e+00    6.665824e-10    0.000000e+00 
	   energy              3.916995e-02    1.594668e-07    3.916995e-04 
	   displacement        1.903291e-03    1.903291e-03    1.903291e-09 
 2
 Nonlinear solution status: time= 20.3
	stiffness updates             = 1
	right hand side evaluations   = 3
	stiffness matrix reformations = 1
	step from line search         = 1.000000
	convergence norms :     INITIAL         CURRENT         REQUIRED
	   residual            6.782854e+00    2.517182e-15    0.000000e+00 
	   energy              3.916995e-02    1.643320e-14    3.916995e-04 
	   displacement        1.903291e-03    2.330810e-12    1.903256e-09 

convergence summary
    number of iterations   : 2
    number of reformations : 1

------- converged at time : 20.3


Data Record #1
===========================================================================
Step = 203
Time = 20.3
Data = uz
File = feb_inputs/fiber_stiffness_c4/../../raw_logs/fiber_stiffness_c4/c4_30.0_disp.txt

Data Record #2
===========================================================================
Step = 203
Time = 20.3
Data = sz
File = feb_inputs/fiber_stiffness_c4/../../raw_logs/fiber_stiffness_c4/c4_30.0_stress.txt

Data Record #3
===========================================================================
Step = 203
Time = 20.3
Data = J
File = feb_inputs/fiber_stiffness_c4/../../raw_logs/fiber_stiffness_c4/c4_30.0_vol.txt

===== beginning time step 204 : 20.4 =====


Reforming stiffness matrix: reformation #1

 1
 Nonlinear solution status: time= 20.4
	stiffness updates             = 0
	right hand side evaluations   = 2
	stiffness matrix reformations = 1
	step from line search         = 1.000000
	convergence norms :     INITIAL         CURRENT         REQUIRED
	   residual            7.279644e+00    9.191174e-10    0.000000e+00 
	   energy              4.086577e-02    1.537493e-07    4.086577e-04 
	   displacement        1.961945e-03    1.961945e-03    1.961945e-09 
 2
 Nonlinear solution status: time= 20.4
	stiffness updates             = 1
	right hand side evaluations   = 3
	stiffness matrix reformations = 1
	step from line search         = 1.000000
	convergence norms :     INITIAL         CURRENT         REQUIRED
	   residual            7.279644e+00    3.486422e-15    0.000000e+00 
	   energy              4.086577e-02    1.837128e-14    4.086577e-04 
	   displacement        1.961945e-03    2.243852e-12    1.961917e-09 

convergence summary
    number of iterations   : 2
    number of reformations : 1

------- converged at time : 20.4


Data Record #1
===========================================================================
Step = 204
Time = 20.4
Data = uz
File = feb_inputs/fiber_stiffness_c4/../../raw_logs/fiber_stiffness_c4/c4_30.0_disp.txt

Data Record #2
===========================================================================
Step = 204
Time = 20.4
Data = sz
File = feb_inputs/fiber_stiffness_c4/../../raw_logs/fiber_stiffness_c4/c4_30.0_stress.txt

Data Record #3
===========================================================================
Step = 204
Time = 20.4
Data = J
File = feb_inputs/fiber_stiffness_c4/../../raw_logs/fiber_stiffness_c4/c4_30.0_vol.txt

===== beginning time step 205 : 20.5 =====


Reforming stiffness matrix: reformation #1

 1
 Nonlinear solution status: time= 20.5
	stiffness updates             = 0
	right hand side evaluations   = 2
	stiffness matrix reformations = 1
	step from line search         = 1.000000
	convergence norms :     INITIAL         CURRENT         REQUIRED
	   residual            7.842767e+00    1.399670e-09    0.000000e+00 
	   energy              4.273841e-02    1.459240e-07    4.273841e-04 
	   displacement        2.026652e-03    2.026652e-03    2.026652e-09 
 2
 Nonlinear solution status: time= 20.5
	stiffness updates             = 1
	right hand side evaluations   = 3
	stiffness matrix reformations = 1
	step from line search         = 1.000000
	convergence norms :     INITIAL         CURRENT         REQUIRED
	   residual            7.842767e+00    4.838664e-15    0.000000e+00 
	   energy              4.273841e-02    2.278618e-14    4.273841e-04 
	   displacement        2.026652e-03    2.168832e-12    2.026631e-09 

convergence summary
    number of iterations   : 2
    number of reformations : 1

------- converged at time : 20.5


Data Record #1
===========================================================================
Step = 205
Time = 20.5
Data = uz
File = feb_inputs/fiber_stiffness_c4/../../raw_logs/fiber_stiffness_c4/c4_30.0_disp.txt

Data Record #2
===========================================================================
Step = 205
Time = 20.5
Data = sz
File = feb_inputs/fiber_stiffness_c4/../../raw_logs/fiber_stiffness_c4/c4_30.0_stress.txt

Data Record #3
===========================================================================
Step = 205
Time = 20.5
Data = J
File = feb_inputs/fiber_stiffness_c4/../../raw_logs/fiber_stiffness_c4/c4_30.0_vol.txt

===== beginning time step 206 : 20.6 =====


Reforming stiffness matrix: reformation #1

 1
 Nonlinear solution status: time= 20.6
	stiffness updates             = 0
	right hand side evaluations   = 2
	stiffness matrix reformations = 1
	step from line search         = 1.000000
	convergence norms :     INITIAL         CURRENT         REQUIRED
	   residual            8.440611e+00    1.935950e-09    0.000000e+00 
	   energy              4.480369e-02    1.405399e-07    4.480369e-04 
	   displacement        2.102137e-03    2.102137e-03    2.102137e-09 
 2
 Nonlinear solution status: time= 20.6
	stiffness updates             = 1
	right hand side evaluations   = 3
	stiffness matrix reformations = 1
	step from line search         = 1.000000
	convergence norms :     INITIAL         CURRENT         REQUIRED
	   residual            8.440611e+00    6.219796e-15    0.000000e+00 
	   energy              4.480369e-02    2.588184e-14    4.480369e-04 
	   displacement        2.102137e-03    2.082761e-12    2.102123e-09 

convergence summary
    number of iterations   : 2
    number of reformations : 1

------- converged at time : 20.6


Data Record #1
===========================================================================
Step = 206
Time = 20.6
Data = uz
File = feb_inputs/fiber_stiffness_c4/../../raw_logs/fiber_stiffness_c4/c4_30.0_disp.txt

Data Record #2
===========================================================================
Step = 206
Time = 20.6
Data = sz
File = feb_inputs/fiber_stiffness_c4/../../raw_logs/fiber_stiffness_c4/c4_30.0_stress.txt

Data Record #3
===========================================================================
Step = 206
Time = 20.6
Data = J
File = feb_inputs/fiber_stiffness_c4/../../raw_logs/fiber_stiffness_c4/c4_30.0_vol.txt

===== beginning time step 207 : 20.7 =====


Reforming stiffness matrix: reformation #1

 1
 Nonlinear solution status: time= 20.7
	stiffness updates             = 0
	right hand side evaluations   = 2
	stiffness matrix reformations = 1
	step from line search         = 1.000000
	convergence norms :     INITIAL         CURRENT         REQUIRED
	   residual            9.026684e+00    2.275012e-09    0.000000e+00 
	   energy              4.700386e-02    1.414878e-07    4.700386e-04 
	   displacement        2.187963e-03    2.187963e-03    2.187963e-09 
 2
 Nonlinear solution status: time= 20.7
	stiffness updates             = 1
	right hand side evaluations   = 3
	stiffness matrix reformations = 1
	step from line search         = 1.000000
	convergence norms :     INITIAL         CURRENT         REQUIRED
	   residual            9.026684e+00    7.049579e-15    0.000000e+00 
	   energy              4.700386e-02    2.771429e-14    4.700386e-04 
	   displacement        2.187963e-03    2.059438e-12    2.187951e-09 

convergence summary
    number of iterations   : 2
    number of reformations : 1

------- converged at time : 20.7


Data Record #1
===========================================================================
Step = 207
Time = 20.7
Data = uz
File = feb_inputs/fiber_stiffness_c4/../../raw_logs/fiber_stiffness_c4/c4_30.0_disp.txt

Data Record #2
===========================================================================
Step = 207
Time = 20.7
Data = sz
File = feb_inputs/fiber_stiffness_c4/../../raw_logs/fiber_stiffness_c4/c4_30.0_stress.txt

Data Record #3
===========================================================================
Step = 207
Time = 20.7
Data = J
File = feb_inputs/fiber_stiffness_c4/../../raw_logs/fiber_stiffness_c4/c4_30.0_vol.txt

===== beginning time step 208 : 20.8 =====


Reforming stiffness matrix: reformation #1

 1
 Nonlinear solution status: time= 20.8
	stiffness updates             = 0
	right hand side evaluations   = 2
	stiffness matrix reformations = 1
	step from line search         = 1.000000
	convergence norms :     INITIAL         CURRENT         REQUIRED
	   residual            9.570499e+00    2.454506e-09    0.000000e+00 
	   energy              4.924006e-02    1.498887e-07    4.924006e-04 
	   displacement        2.284256e-03    2.284256e-03    2.284256e-09 
 2
 Nonlinear solution status: time= 20.8
	stiffness updates             = 1
	right hand side evaluations   = 3
	stiffness matrix reformations = 1
	step from line search         = 1.000000
	convergence norms :     INITIAL         CURRENT         REQUIRED
	   residual            9.570499e+00    7.693973e-15    0.000000e+00 
	   energy              4.924006e-02    2.935777e-14    4.924006e-04 
	   displacement        2.284256e-03    2.134095e-12    2.284241e-09 

convergence summary
    number of iterations   : 2
    number of reformations : 1

------- converged at time : 20.8


Data Record #1
===========================================================================
Step = 208
Time = 20.8
Data = uz
File = feb_inputs/fiber_stiffness_c4/../../raw_logs/fiber_stiffness_c4/c4_30.0_disp.txt

Data Record #2
===========================================================================
Step = 208
Time = 20.8
Data = sz
File = feb_inputs/fiber_stiffness_c4/../../raw_logs/fiber_stiffness_c4/c4_30.0_stress.txt

Data Record #3
===========================================================================
Step = 208
Time = 20.8
Data = J
File = feb_inputs/fiber_stiffness_c4/../../raw_logs/fiber_stiffness_c4/c4_30.0_vol.txt

===== beginning time step 209 : 20.9 =====


Reforming stiffness matrix: reformation #1

 1
 Nonlinear solution status: time= 20.9
	stiffness updates             = 0
	right hand side evaluations   = 2
	stiffness matrix reformations = 1
	step from line search         = 1.000000
	convergence norms :     INITIAL         CURRENT         REQUIRED
	   residual            1.005845e+01    2.325244e-09    0.000000e+00 
	   energy              5.141542e-02    1.612338e-07    5.141542e-04 
	   displacement        2.386775e-03    2.386775e-03    2.386775e-09 
 2
 Nonlinear solution status: time= 20.9
	stiffness updates             = 1
	right hand side evaluations   = 3
	stiffness matrix reformations = 1
	step from line search         = 1.000000
	convergence norms :     INITIAL         CURRENT         REQUIRED
	   residual            1.005845e+01    7.705834e-15    0.000000e+00 
	   energy              5.141542e-02    2.903549e-14    5.141542e-04 
	   displacement        2.386775e-03    2.220530e-12    2.386759e-09 

convergence summary
    number of iterations   : 2
    number of reformations : 1

------- converged at time : 20.9


Data Record #1
===========================================================================
Step = 209
Time = 20.9
Data = uz
File = feb_inputs/fiber_stiffness_c4/../../raw_logs/fiber_stiffness_c4/c4_30.0_disp.txt

Data Record #2
===========================================================================
Step = 209
Time = 20.9
Data = sz
File = feb_inputs/fiber_stiffness_c4/../../raw_logs/fiber_stiffness_c4/c4_30.0_stress.txt

Data Record #3
===========================================================================
Step = 209
Time = 20.9
Data = J
File = feb_inputs/fiber_stiffness_c4/../../raw_logs/fiber_stiffness_c4/c4_30.0_vol.txt

===== beginning time step 210 : 21 =====


Reforming stiffness matrix: reformation #1

 1
 Nonlinear solution status: time= 21
	stiffness updates             = 0
	right hand side evaluations   = 2
	stiffness matrix reformations = 1
	step from line search         = 1.000000
	convergence norms :     INITIAL         CURRENT         REQUIRED
	   residual            1.047814e+01    2.174961e-09    0.000000e+00 
	   energy              5.344193e-02    1.668335e-07    5.344193e-04 
	   displacement        2.486408e-03    2.486408e-03    2.486408e-09 
 2
 Nonlinear solution status: time= 21
	stiffness updates             = 1
	right hand side evaluations   = 3
	stiffness matrix reformations = 1
	step from line search         = 1.000000
	convergence norms :     INITIAL         CURRENT         REQUIRED
	   residual            1.047814e+01    7.380084e-15    0.000000e+00 
	   energy              5.344193e-02    2.764269e-14    5.344193e-04 
	   displacement        2.486408e-03    2.261938e-12    2.486392e-09 

convergence summary
    number of iterations   : 2
    number of reformations : 1

------- converged at time : 21


Data Record #1
===========================================================================
Step = 210
Time = 21
Data = uz
File = feb_inputs/fiber_stiffness_c4/../../raw_logs/fiber_stiffness_c4/c4_30.0_disp.txt

Data Record #2
===========================================================================
Step = 210
Time = 21
Data = sz
File = feb_inputs/fiber_stiffness_c4/../../raw_logs/fiber_stiffness_c4/c4_30.0_stress.txt

Data Record #3
===========================================================================
Step = 210
Time = 21
Data = J
File = feb_inputs/fiber_stiffness_c4/../../raw_logs/fiber_stiffness_c4/c4_30.0_vol.txt

===== beginning time step 211 : 21.1 =====


Reforming stiffness matrix: reformation #1

 1
 Nonlinear solution status: time= 21.1
	stiffness updates             = 0
	right hand side evaluations   = 2
	stiffness matrix reformations = 1
	step from line search         = 1.000000
	convergence norms :     INITIAL         CURRENT         REQUIRED
	   residual            1.080468e+01    2.133138e-09    0.000000e+00 
	   energy              5.522502e-02    1.610015e-07    5.522502e-04 
	   displacement        2.577388e-03    2.577388e-03    2.577388e-09 
 2
 Nonlinear solution status: time= 21.1
	stiffness updates             = 1
	right hand side evaluations   = 3
	stiffness matrix reformations = 1
	step from line search         = 1.000000
	convergence norms :     INITIAL         CURRENT         REQUIRED
	   residual            1.080468e+01    7.551460e-15    0.000000e+00 
	   energy              5.522502e-02    2.801678e-14    5.522502e-04 
	   displacement        2.577388e-03    2.241035e-12    2.577372e-09 

convergence summary
    number of iterations   : 2
    number of reformations : 1

------- converged at time : 21.1


Data Record #1
===========================================================================
Step = 211
Time = 21.1
Data = uz
File = feb_inputs/fiber_stiffness_c4/../../raw_logs/fiber_stiffness_c4/c4_30.0_disp.txt

Data Record #2
===========================================================================
Step = 211
Time = 21.1
Data = sz
File = feb_inputs/fiber_stiffness_c4/../../raw_logs/fiber_stiffness_c4/c4_30.0_stress.txt

Data Record #3
===========================================================================
Step = 211
Time = 21.1
Data = J
File = feb_inputs/fiber_stiffness_c4/../../raw_logs/fiber_stiffness_c4/c4_30.0_vol.txt

===== beginning time step 212 : 21.2 =====


Reforming stiffness matrix: reformation #1

 1
 Nonlinear solution status: time= 21.2
	stiffness updates             = 0
	right hand side evaluations   = 2
	stiffness matrix reformations = 1
	step from line search         = 1.000000
	convergence norms :     INITIAL         CURRENT         REQUIRED
	   residual            1.101179e+01    2.383020e-09    0.000000e+00 
	   energy              5.669094e-02    1.512780e-07    5.669094e-04 
	   displacement        2.656804e-03    2.656804e-03    2.656804e-09 
 2
 Nonlinear solution status: time= 21.2
	stiffness updates             = 1
	right hand side evaluations   = 3
	stiffness matrix reformations = 1
	step from line search         = 1.000000
	convergence norms :     INITIAL         CURRENT         REQUIRED
	   residual            1.101179e+01    8.172932e-15    0.000000e+00 
	   energy              5.669094e-02    3.090736e-14    5.669094e-04 
	   displacement        2.656804e-03    2.268308e-12    2.656788e-09 

convergence summary
    number of iterations   : 2
    number of reformations : 1

------- converged at time : 21.2


Data Record #1
===========================================================================
Step = 212
Time = 21.2
Data = uz
File = feb_inputs/fiber_stiffness_c4/../../raw_logs/fiber_stiffness_c4/c4_30.0_disp.txt

Data Record #2
===========================================================================
Step = 212
Time = 21.2
Data = sz
File = feb_inputs/fiber_stiffness_c4/../../raw_logs/fiber_stiffness_c4/c4_30.0_stress.txt

Data Record #3
===========================================================================
Step = 212
Time = 21.2
Data = J
File = feb_inputs/fiber_stiffness_c4/../../raw_logs/fiber_stiffness_c4/c4_30.0_vol.txt

===== beginning time step 213 : 21.3 =====


Reforming stiffness matrix: reformation #1

 1
 Nonlinear solution status: time= 21.3
	stiffness updates             = 0
	right hand side evaluations   = 2
	stiffness matrix reformations = 1
	step from line search         = 1.000000
	convergence norms :     INITIAL         CURRENT         REQUIRED
	   residual            1.111217e+01    2.583054e-09    0.000000e+00 
	   energy              5.781661e-02    1.499470e-07    5.781661e-04 
	   displacement        2.722251e-03    2.722251e-03    2.722251e-09 
 2
 Nonlinear solution status: time= 21.3
	stiffness updates             = 1
	right hand side evaluations   = 3
	stiffness matrix reformations = 1
	step from line search         = 1.000000
	convergence norms :     INITIAL         CURRENT         REQUIRED
	   residual            1.111217e+01    8.848118e-15    0.000000e+00 
	   energy              5.781661e-02    3.324645e-14    5.781661e-04 
	   displacement        2.722251e-03    2.392344e-12    2.722234e-09 

convergence summary
    number of iterations   : 2
    number of reformations : 1

------- converged at time : 21.3


Data Record #1
===========================================================================
Step = 213
Time = 21.3
Data = uz
File = feb_inputs/fiber_stiffness_c4/../../raw_logs/fiber_stiffness_c4/c4_30.0_disp.txt

Data Record #2
===========================================================================
Step = 213
Time = 21.3
Data = sz
File = feb_inputs/fiber_stiffness_c4/../../raw_logs/fiber_stiffness_c4/c4_30.0_stress.txt

Data Record #3
===========================================================================
Step = 213
Time = 21.3
Data = J
File = feb_inputs/fiber_stiffness_c4/../../raw_logs/fiber_stiffness_c4/c4_30.0_vol.txt

===== beginning time step 214 : 21.4 =====


Reforming stiffness matrix: reformation #1

 1
 Nonlinear solution status: time= 21.4
	stiffness updates             = 0
	right hand side evaluations   = 2
	stiffness matrix reformations = 1
	step from line search         = 1.000000
	convergence norms :     INITIAL         CURRENT         REQUIRED
	   residual            1.114704e+01    2.393894e-09    0.000000e+00 
	   energy              5.863555e-02    1.582100e-07    5.863555e-04 
	   displacement        2.771024e-03    2.771024e-03    2.771024e-09 
 2
 Nonlinear solution status: time= 21.4
	stiffness updates             = 1
	right hand side evaluations   = 3
	stiffness matrix reformations = 1
	step from line search         = 1.000000
	convergence norms :     INITIAL         CURRENT         REQUIRED
	   residual            1.114704e+01    8.049545e-15    0.000000e+00 
	   energy              5.863555e-02    3.314618e-14    5.863555e-04 
	   displacement        2.771024e-03    2.558609e-12    2.771007e-09 

convergence summary
    number of iterations   : 2
    number of reformations : 1

------- converged at time : 21.4


Data Record #1
===========================================================================
Step = 214
Time = 21.4
Data = uz
File = feb_inputs/fiber_stiffness_c4/../../raw_logs/fiber_stiffness_c4/c4_30.0_disp.txt

Data Record #2
===========================================================================
Step = 214
Time = 21.4
Data = sz
File = feb_inputs/fiber_stiffness_c4/../../raw_logs/fiber_stiffness_c4/c4_30.0_stress.txt

Data Record #3
===========================================================================
Step = 214
Time = 21.4
Data = J
File = feb_inputs/fiber_stiffness_c4/../../raw_logs/fiber_stiffness_c4/c4_30.0_vol.txt

===== beginning time step 215 : 21.5 =====


Reforming stiffness matrix: reformation #1

 1
 Nonlinear solution status: time= 21.5
	stiffness updates             = 0
	right hand side evaluations   = 2
	stiffness matrix reformations = 1
	step from line search         = 1.000000
	convergence norms :     INITIAL         CURRENT         REQUIRED
	   residual            1.114166e+01    2.059973e-09    0.000000e+00 
	   energy              5.923163e-02    1.689487e-07    5.923163e-04 
	   displacement        2.802035e-03    2.802035e-03    2.802035e-09 
 2
 Nonlinear solution status: time= 21.5
	stiffness updates             = 1
	right hand side evaluations   = 3
	stiffness matrix reformations = 1
	step from line search         = 1.000000
	convergence norms :     INITIAL         CURRENT         REQUIRED
	   residual            1.114166e+01    7.145532e-15    0.000000e+00 
	   energy              5.923163e-02    3.165630e-14    5.923163e-04 
	   displacement        2.802035e-03    2.695363e-12    2.802016e-09 

convergence summary
    number of iterations   : 2
    number of reformations : 1

------- converged at time : 21.5


Data Record #1
===========================================================================
Step = 215
Time = 21.5
Data = uz
File = feb_inputs/fiber_stiffness_c4/../../raw_logs/fiber_stiffness_c4/c4_30.0_disp.txt

Data Record #2
===========================================================================
Step = 215
Time = 21.5
Data = sz
File = feb_inputs/fiber_stiffness_c4/../../raw_logs/fiber_stiffness_c4/c4_30.0_stress.txt

Data Record #3
===========================================================================
Step = 215
Time = 21.5
Data = J
File = feb_inputs/fiber_stiffness_c4/../../raw_logs/fiber_stiffness_c4/c4_30.0_vol.txt

===== beginning time step 216 : 21.6 =====


Reforming stiffness matrix: reformation #1

 1
 Nonlinear solution status: time= 21.6
	stiffness updates             = 0
	right hand side evaluations   = 2
	stiffness matrix reformations = 1
	step from line search         = 1.000000
	convergence norms :     INITIAL         CURRENT         REQUIRED
	   residual            1.110500e+01    1.759325e-09    0.000000e+00 
	   energy              5.971192e-02    1.788242e-07    5.971192e-04 
	   displacement        2.824062e-03    2.824062e-03    2.824062e-09 
 2
 Nonlinear solution status: time= 21.6
	stiffness updates             = 1
	right hand side evaluations   = 3
	stiffness matrix reformations = 1
	step from line search         = 1.000000
	convergence norms :     INITIAL         CURRENT         REQUIRED
	   residual            1.110500e+01    6.908020e-15    0.000000e+00 
	   energy              5.971192e-02    2.994139e-14    5.971192e-04 
	   displacement        2.824062e-03    2.729029e-12    2.824040e-09 

convergence summary
    number of iterations   : 2
    number of reformations : 1

------- converged at time : 21.6


Data Record #1
===========================================================================
Step = 216
Time = 21.6
Data = uz
File = feb_inputs/fiber_stiffness_c4/../../raw_logs/fiber_stiffness_c4/c4_30.0_disp.txt

Data Record #2
===========================================================================
Step = 216
Time = 21.6
Data = sz
File = feb_inputs/fiber_stiffness_c4/../../raw_logs/fiber_stiffness_c4/c4_30.0_stress.txt

Data Record #3
===========================================================================
Step = 216
Time = 21.6
Data = J
File = feb_inputs/fiber_stiffness_c4/../../raw_logs/fiber_stiffness_c4/c4_30.0_vol.txt

===== beginning time step 217 : 21.7 =====


Reforming stiffness matrix: reformation #1

 1
 Nonlinear solution status: time= 21.7
	stiffness updates             = 0
	right hand side evaluations   = 2
	stiffness matrix reformations = 1
	step from line search         = 1.000000
	convergence norms :     INITIAL         CURRENT         REQUIRED
	   residual            1.103745e+01    1.536722e-09    0.000000e+00 
	   energy              6.014574e-02    1.883898e-07    6.014574e-04 
	   displacement        2.848120e-03    2.848120e-03    2.848120e-09 
 2
 Nonlinear solution status: time= 21.7
	stiffness updates             = 1
	right hand side evaluations   = 3
	stiffness matrix reformations = 1
	step from line search         = 1.000000
	convergence norms :     INITIAL         CURRENT         REQUIRED
	   residual            1.103745e+01    5.813358e-15    0.000000e+00 
	   energy              6.014574e-02    2.576274e-14    6.014574e-04 
	   displacement        2.848120e-03    2.682464e-12    2.848093e-09 

convergence summary
    number of iterations   : 2
    number of reformations : 1

------- converged at time : 21.7


Data Record #1
===========================================================================
Step = 217
Time = 21.7
Data = uz
File = feb_inputs/fiber_stiffness_c4/../../raw_logs/fiber_stiffness_c4/c4_30.0_disp.txt

Data Record #2
===========================================================================
Step = 217
Time = 21.7
Data = sz
File = feb_inputs/fiber_stiffness_c4/../../raw_logs/fiber_stiffness_c4/c4_30.0_stress.txt

Data Record #3
===========================================================================
Step = 217
Time = 21.7
Data = J
File = feb_inputs/fiber_stiffness_c4/../../raw_logs/fiber_stiffness_c4/c4_30.0_vol.txt

===== beginning time step 218 : 21.8 =====


Reforming stiffness matrix: reformation #1

 1
 Nonlinear solution status: time= 21.8
	stiffness updates             = 0
	right hand side evaluations   = 2
	stiffness matrix reformations = 1
	step from line search         = 1.000000
	convergence norms :     INITIAL         CURRENT         REQUIRED
	   residual            1.092872e+01    1.225366e-09    0.000000e+00 
	   energy              6.052637e-02    2.006416e-07    6.052637e-04 
	   displacement        2.877584e-03    2.877584e-03    2.877584e-09 
 2
 Nonlinear solution status: time= 21.8
	stiffness updates             = 1
	right hand side evaluations   = 3
	stiffness matrix reformations = 1
	step from line search         = 1.000000
	convergence norms :     INITIAL         CURRENT         REQUIRED
	   residual            1.092872e+01    4.533406e-15    0.000000e+00 
	   energy              6.052637e-02    2.183851e-14    6.052637e-04 
	   displacement        2.877584e-03    2.776488e-12    2.877553e-09 

convergence summary
    number of iterations   : 2
    number of reformations : 1

------- converged at time : 21.8


Data Record #1
===========================================================================
Step = 218
Time = 21.8
Data = uz
File = feb_inputs/fiber_stiffness_c4/../../raw_logs/fiber_stiffness_c4/c4_30.0_disp.txt

Data Record #2
===========================================================================
Step = 218
Time = 21.8
Data = sz
File = feb_inputs/fiber_stiffness_c4/../../raw_logs/fiber_stiffness_c4/c4_30.0_stress.txt

Data Record #3
===========================================================================
Step = 218
Time = 21.8
Data = J
File = feb_inputs/fiber_stiffness_c4/../../raw_logs/fiber_stiffness_c4/c4_30.0_vol.txt

===== beginning time step 219 : 21.9 =====


Reforming stiffness matrix: reformation #1

 1
 Nonlinear solution status: time= 21.9
	stiffness updates             = 0
	right hand side evaluations   = 2
	stiffness matrix reformations = 1
	step from line search         = 1.000000
	convergence norms :     INITIAL         CURRENT         REQUIRED
	   residual            1.076786e+01    9.945258e-10    0.000000e+00 
	   energy              6.078670e-02    2.201603e-07    6.078670e-04 
	   displacement        2.911074e-03    2.911074e-03    2.911074e-09 
 2
 Nonlinear solution status: time= 21.9
	stiffness updates             = 1
	right hand side evaluations   = 3
	stiffness matrix reformations = 1
	step from line search         = 1.000000
	convergence norms :     INITIAL         CURRENT         REQUIRED
	   residual            1.076786e+01    4.267786e-15    0.000000e+00 
	   energy              6.078670e-02    2.105334e-14    6.078670e-04 
	   displacement        2.911074e-03    3.067498e-12    2.911036e-09 

convergence summary
    number of iterations   : 2
    number of reformations : 1

------- converged at time : 21.9


Data Record #1
===========================================================================
Step = 219
Time = 21.9
Data = uz
File = feb_inputs/fiber_stiffness_c4/../../raw_logs/fiber_stiffness_c4/c4_30.0_disp.txt

Data Record #2
===========================================================================
Step = 219
Time = 21.9
Data = sz
File = feb_inputs/fiber_stiffness_c4/../../raw_logs/fiber_stiffness_c4/c4_30.0_stress.txt

Data Record #3
===========================================================================
Step = 219
Time = 21.9
Data = J
File = feb_inputs/fiber_stiffness_c4/../../raw_logs/fiber_stiffness_c4/c4_30.0_vol.txt

===== beginning time step 220 : 22 =====


Reforming stiffness matrix: reformation #1

 1
 Nonlinear solution status: time= 22
	stiffness updates             = 0
	right hand side evaluations   = 2
	stiffness matrix reformations = 1
	step from line search         = 1.000000
	convergence norms :     INITIAL         CURRENT         REQUIRED
	   residual            1.055941e+01    8.244318e-10    0.000000e+00 
	   energy              6.082251e-02    2.472663e-07    6.082251e-04 
	   displacement        2.941524e-03    2.941524e-03    2.941524e-09 
 2
 Nonlinear solution status: time= 22
	stiffness updates             = 1
	right hand side evaluations   = 3
	stiffness matrix reformations = 1
	step from line search         = 1.000000
	convergence norms :     INITIAL         CURRENT         REQUIRED
	   residual            1.055941e+01    3.429892e-15    0.000000e+00 
	   energy              6.082251e-02    1.980533e-14    6.082251e-04 
	   displacement        2.941524e-03    3.388129e-12    2.941481e-09 

convergence summary
    number of iterations   : 2
    number of reformations : 1

------- converged at time : 22


Data Record #1
===========================================================================
Step = 220
Time = 22
Data = uz
File = feb_inputs/fiber_stiffness_c4/../../raw_logs/fiber_stiffness_c4/c4_30.0_disp.txt

Data Record #2
===========================================================================
Step = 220
Time = 22
Data = sz
File = feb_inputs/fiber_stiffness_c4/../../raw_logs/fiber_stiffness_c4/c4_30.0_stress.txt

Data Record #3
===========================================================================
Step = 220
Time = 22
Data = J
File = feb_inputs/fiber_stiffness_c4/../../raw_logs/fiber_stiffness_c4/c4_30.0_vol.txt

===== beginning time step 221 : 22.1 =====


Reforming stiffness matrix: reformation #1

 1
 Nonlinear solution status: time= 22.1
	stiffness updates             = 0
	right hand side evaluations   = 2
	stiffness matrix reformations = 1
	step from line search         = 1.000000
	convergence norms :     INITIAL         CURRENT         REQUIRED
	   residual            1.031551e+01    8.182178e-10    0.000000e+00 
	   energy              6.051445e-02    2.745632e-07    6.051445e-04 
	   displacement        2.957354e-03    2.957354e-03    2.957354e-09 
 2
 Nonlinear solution status: time= 22.1
	stiffness updates             = 1
	right hand side evaluations   = 3
	stiffness matrix reformations = 1
	step from line search         = 1.000000
	convergence norms :     INITIAL         CURRENT         REQUIRED
	   residual            1.031551e+01    2.950475e-15    0.000000e+00 
	   energy              6.051445e-02    2.033658e-14    6.051445e-04 
	   displacement        2.957354e-03    3.869354e-12    2.957305e-09 

convergence summary
    number of iterations   : 2
    number of reformations : 1

------- converged at time : 22.1


Data Record #1
===========================================================================
Step = 221
Time = 22.1
Data = uz
File = feb_inputs/fiber_stiffness_c4/../../raw_logs/fiber_stiffness_c4/c4_30.0_disp.txt

Data Record #2
===========================================================================
Step = 221
Time = 22.1
Data = sz
File = feb_inputs/fiber_stiffness_c4/../../raw_logs/fiber_stiffness_c4/c4_30.0_stress.txt

Data Record #3
===========================================================================
Step = 221
Time = 22.1
Data = J
File = feb_inputs/fiber_stiffness_c4/../../raw_logs/fiber_stiffness_c4/c4_30.0_vol.txt

===== beginning time step 222 : 22.2 =====


Reforming stiffness matrix: reformation #1

 1
 Nonlinear solution status: time= 22.2
	stiffness updates             = 0
	right hand side evaluations   = 2
	stiffness matrix reformations = 1
	step from line search         = 1.000000
	convergence norms :     INITIAL         CURRENT         REQUIRED
	   residual            1.004013e+01    7.943101e-10    0.000000e+00 
	   energy              5.974963e-02    2.869127e-07    5.974963e-04 
	   displacement        2.946490e-03    2.946490e-03    2.946490e-09 
 2
 Nonlinear solution status: time= 22.2
	stiffness updates             = 1
	right hand side evaluations   = 3
	stiffness matrix reformations = 1
	step from line search         = 1.000000
	convergence norms :     INITIAL         CURRENT         REQUIRED
	   residual            1.004013e+01    2.916767e-15    0.000000e+00 
	   energy              5.974963e-02    2.115275e-14    5.974963e-04 
	   displacement        2.946490e-03    4.092564e-12    2.946435e-09 

convergence summary
    number of iterations   : 2
    number of reformations : 1

------- converged at time : 22.2


Data Record #1
===========================================================================
Step = 222
Time = 22.2
Data = uz
File = feb_inputs/fiber_stiffness_c4/../../raw_logs/fiber_stiffness_c4/c4_30.0_disp.txt

Data Record #2
===========================================================================
Step = 222
Time = 22.2
Data = sz
File = feb_inputs/fiber_stiffness_c4/../../raw_logs/fiber_stiffness_c4/c4_30.0_stress.txt

Data Record #3
===========================================================================
Step = 222
Time = 22.2
Data = J
File = feb_inputs/fiber_stiffness_c4/../../raw_logs/fiber_stiffness_c4/c4_30.0_vol.txt

===== beginning time step 223 : 22.3 =====


Reforming stiffness matrix: reformation #1

 1
 Nonlinear solution status: time= 22.3
	stiffness updates             = 0
	right hand side evaluations   = 2
	stiffness matrix reformations = 1
	step from line search         = 1.000000
	convergence norms :     INITIAL         CURRENT         REQUIRED
	   residual            9.738234e+00    7.578960e-10    0.000000e+00 
	   energy              5.847040e-02    2.796638e-07    5.847040e-04 
	   displacement        2.901741e-03    2.901741e-03    2.901741e-09 
 2
 Nonlinear solution status: time= 22.3
	stiffness updates             = 1
	right hand side evaluations   = 3
	stiffness matrix reformations = 1
	step from line search         = 1.000000
	convergence norms :     INITIAL         CURRENT         REQUIRED
	   residual            9.738234e+00    2.925186e-15    0.000000e+00 
	   energy              5.847040e-02    2.049149e-14    5.847040e-04 
	   displacement        2.901741e-03    3.850916e-12    2.901684e-09 

convergence summary
    number of iterations   : 2
    number of reformations : 1

------- converged at time : 22.3


Data Record #1
===========================================================================
Step = 223
Time = 22.3
Data = uz
File = feb_inputs/fiber_stiffness_c4/../../raw_logs/fiber_stiffness_c4/c4_30.0_disp.txt

Data Record #2
===========================================================================
Step = 223
Time = 22.3
Data = sz
File = feb_inputs/fiber_stiffness_c4/../../raw_logs/fiber_stiffness_c4/c4_30.0_stress.txt

Data Record #3
===========================================================================
Step = 223
Time = 22.3
Data = J
File = feb_inputs/fiber_stiffness_c4/../../raw_logs/fiber_stiffness_c4/c4_30.0_vol.txt

===== beginning time step 224 : 22.4 =====


Reforming stiffness matrix: reformation #1

 1
 Nonlinear solution status: time= 22.4
	stiffness updates             = 0
	right hand side evaluations   = 2
	stiffness matrix reformations = 1
	step from line search         = 1.000000
	convergence norms :     INITIAL         CURRENT         REQUIRED
	   residual            9.419212e+00    7.231769e-10    0.000000e+00 
	   energy              5.668680e-02    2.631667e-07    5.668680e-04 
	   displacement        2.820423e-03    2.820423e-03    2.820423e-09 
 2
 Nonlinear solution status: time= 22.4
	stiffness updates             = 1
	right hand side evaluations   = 3
	stiffness matrix reformations = 1
	step from line search         = 1.000000
	convergence norms :     INITIAL         CURRENT         REQUIRED
	   residual            9.419212e+00    3.123688e-15    0.000000e+00 
	   energy              5.668680e-02    2.128265e-14    5.668680e-04 
	   displacement        2.820423e-03    3.587135e-12    2.820365e-09 

convergence summary
    number of iterations   : 2
    number of reformations : 1

------- converged at time : 22.4


Data Record #1
===========================================================================
Step = 224
Time = 22.4
Data = uz
File = feb_inputs/fiber_stiffness_c4/../../raw_logs/fiber_stiffness_c4/c4_30.0_disp.txt

Data Record #2
===========================================================================
Step = 224
Time = 22.4
Data = sz
File = feb_inputs/fiber_stiffness_c4/../../raw_logs/fiber_stiffness_c4/c4_30.0_stress.txt

Data Record #3
===========================================================================
Step = 224
Time = 22.4
Data = J
File = feb_inputs/fiber_stiffness_c4/../../raw_logs/fiber_stiffness_c4/c4_30.0_vol.txt

===== beginning time step 225 : 22.5 =====


Reforming stiffness matrix: reformation #1

 1
 Nonlinear solution status: time= 22.5
	stiffness updates             = 0
	right hand side evaluations   = 2
	stiffness matrix reformations = 1
	step from line search         = 1.000000
	convergence norms :     INITIAL         CURRENT         REQUIRED
	   residual            9.084193e+00    6.069546e-10    0.000000e+00 
	   energy              5.444729e-02    2.475146e-07    5.444729e-04 
	   displacement        2.703224e-03    2.703224e-03    2.703224e-09 
 2
 Nonlinear solution status: time= 22.5
	stiffness updates             = 1
	right hand side evaluations   = 3
	stiffness matrix reformations = 1
	step from line search         = 1.000000
	convergence norms :     INITIAL         CURRENT         REQUIRED
	   residual            9.084193e+00    2.879720e-15    0.000000e+00 
	   energy              5.444729e-02    2.102092e-14    5.444729e-04 
	   displacement        2.703224e-03    3.288399e-12    2.703168e-09 

convergence summary
    number of iterations   : 2
    number of reformations : 1

------- converged at time : 22.5


Data Record #1
===========================================================================
Step = 225
Time = 22.5
Data = uz
File = feb_inputs/fiber_stiffness_c4/../../raw_logs/fiber_stiffness_c4/c4_30.0_disp.txt

Data Record #2
===========================================================================
Step = 225
Time = 22.5
Data = sz
File = feb_inputs/fiber_stiffness_c4/../../raw_logs/fiber_stiffness_c4/c4_30.0_stress.txt

Data Record #3
===========================================================================
Step = 225
Time = 22.5
Data = J
File = feb_inputs/fiber_stiffness_c4/../../raw_logs/fiber_stiffness_c4/c4_30.0_vol.txt

===== beginning time step 226 : 22.6 =====


Reforming stiffness matrix: reformation #1

 1
 Nonlinear solution status: time= 22.6
	stiffness updates             = 0
	right hand side evaluations   = 2
	stiffness matrix reformations = 1
	step from line search         = 1.000000
	convergence norms :     INITIAL         CURRENT         REQUIRED
	   residual            8.722119e+00    5.459206e-10    0.000000e+00 
	   energy              5.182842e-02    2.392932e-07    5.182842e-04 
	   displacement        2.559908e-03    2.559908e-03    2.559908e-09 
 2
 Nonlinear solution status: time= 22.6
	stiffness updates             = 1
	right hand side evaluations   = 3
	stiffness matrix reformations = 1
	step from line search         = 1.000000
	convergence norms :     INITIAL         CURRENT         REQUIRED
	   residual            8.722119e+00    2.552823e-15    0.000000e+00 
	   energy              5.182842e-02    1.901909e-14    5.182842e-04 
	   displacement        2.559908e-03    3.094512e-12    2.559855e-09 

convergence summary
    number of iterations   : 2
    number of reformations : 1

------- converged at time : 22.6


Data Record #1
===========================================================================
Step = 226
Time = 22.6
Data = uz
File = feb_inputs/fiber_stiffness_c4/../../raw_logs/fiber_stiffness_c4/c4_30.0_disp.txt

Data Record #2
===========================================================================
Step = 226
Time = 22.6
Data = sz
File = feb_inputs/fiber_stiffness_c4/../../raw_logs/fiber_stiffness_c4/c4_30.0_stress.txt

Data Record #3
===========================================================================
Step = 226
Time = 22.6
Data = J
File = feb_inputs/fiber_stiffness_c4/../../raw_logs/fiber_stiffness_c4/c4_30.0_vol.txt

===== beginning time step 227 : 22.7 =====


Reforming stiffness matrix: reformation #1

 1
 Nonlinear solution status: time= 22.7
	stiffness updates             = 0
	right hand side evaluations   = 2
	stiffness matrix reformations = 1
	step from line search         = 1.000000
	convergence norms :     INITIAL         CURRENT         REQUIRED
	   residual            8.324558e+00    5.312443e-10    0.000000e+00 
	   energy              4.892232e-02    2.317273e-07    4.892232e-04 
	   displacement        2.403521e-03    2.403521e-03    2.403521e-09 
 2
 Nonlinear solution status: time= 22.7
	stiffness updates             = 1
	right hand side evaluations   = 3
	stiffness matrix reformations = 1
	step from line search         = 1.000000
	convergence norms :     INITIAL         CURRENT         REQUIRED
	   residual            8.324558e+00    2.596487e-15    0.000000e+00 
	   energy              4.892232e-02    1.917042e-14    4.892232e-04 
	   displacement        2.403521e-03    3.084065e-12    2.403468e-09 

convergence summary
    number of iterations   : 2
    number of reformations : 1

------- converged at time : 22.7


Data Record #1
===========================================================================
Step = 227
Time = 22.7
Data = uz
File = feb_inputs/fiber_stiffness_c4/../../raw_logs/fiber_stiffness_c4/c4_30.0_disp.txt

Data Record #2
===========================================================================
Step = 227
Time = 22.7
Data = sz
File = feb_inputs/fiber_stiffness_c4/../../raw_logs/fiber_stiffness_c4/c4_30.0_stress.txt

Data Record #3
===========================================================================
Step = 227
Time = 22.7
Data = J
File = feb_inputs/fiber_stiffness_c4/../../raw_logs/fiber_stiffness_c4/c4_30.0_vol.txt

===== beginning time step 228 : 22.8 =====


Reforming stiffness matrix: reformation #1

 1
 Nonlinear solution status: time= 22.8
	stiffness updates             = 0
	right hand side evaluations   = 2
	stiffness matrix reformations = 1
	step from line search         = 1.000000
	convergence norms :     INITIAL         CURRENT         REQUIRED
	   residual            7.899077e+00    5.415475e-10    0.000000e+00 
	   energy              4.582996e-02    2.147278e-07    4.582996e-04 
	   displacement        2.241812e-03    2.241812e-03    2.241812e-09 
 2
 Nonlinear solution status: time= 22.8
	stiffness updates             = 1
	right hand side evaluations   = 3
	stiffness matrix reformations = 1
	step from line search         = 1.000000
	convergence norms :     INITIAL         CURRENT         REQUIRED
	   residual            7.899077e+00    2.845310e-15    0.000000e+00 
	   energy              4.582996e-02    1.880380e-14    4.582996e-04 
	   displacement        2.241812e-03    2.806443e-12    2.241761e-09 

convergence summary
    number of iterations   : 2
    number of reformations : 1

------- converged at time : 22.8


Data Record #1
===========================================================================
Step = 228
Time = 22.8
Data = uz
File = feb_inputs/fiber_stiffness_c4/../../raw_logs/fiber_stiffness_c4/c4_30.0_disp.txt

Data Record #2
===========================================================================
Step = 228
Time = 22.8
Data = sz
File = feb_inputs/fiber_stiffness_c4/../../raw_logs/fiber_stiffness_c4/c4_30.0_stress.txt

Data Record #3
===========================================================================
Step = 228
Time = 22.8
Data = J
File = feb_inputs/fiber_stiffness_c4/../../raw_logs/fiber_stiffness_c4/c4_30.0_vol.txt

===== beginning time step 229 : 22.9 =====


Reforming stiffness matrix: reformation #1

 1
 Nonlinear solution status: time= 22.9
	stiffness updates             = 0
	right hand side evaluations   = 2
	stiffness matrix reformations = 1
	step from line search         = 1.000000
	convergence norms :     INITIAL         CURRENT         REQUIRED
	   residual            7.466926e+00    6.821375e-10    0.000000e+00 
	   energy              4.265248e-02    1.890515e-07    4.265248e-04 
	   displacement        2.076487e-03    2.076487e-03    2.076487e-09 
 2
 Nonlinear solution status: time= 22.9
	stiffness updates             = 1
	right hand side evaluations   = 3
	stiffness matrix reformations = 1
	step from line search         = 1.000000
	convergence norms :     INITIAL         CURRENT         REQUIRED
	   residual            7.466926e+00    3.080276e-15    0.000000e+00 
	   energy              4.265248e-02    1.781009e-14    4.265248e-04 
	   displacement        2.076487e-03    2.435587e-12    2.076440e-09 

convergence summary
    number of iterations   : 2
    number of reformations : 1

------- converged at time : 22.9


Data Record #1
===========================================================================
Step = 229
Time = 22.9
Data = uz
File = feb_inputs/fiber_stiffness_c4/../../raw_logs/fiber_stiffness_c4/c4_30.0_disp.txt

Data Record #2
===========================================================================
Step = 229
Time = 22.9
Data = sz
File = feb_inputs/fiber_stiffness_c4/../../raw_logs/fiber_stiffness_c4/c4_30.0_stress.txt

Data Record #3
===========================================================================
Step = 229
Time = 22.9
Data = J
File = feb_inputs/fiber_stiffness_c4/../../raw_logs/fiber_stiffness_c4/c4_30.0_vol.txt

===== beginning time step 230 : 23 =====


Reforming stiffness matrix: reformation #1

 1
 Nonlinear solution status: time= 23
	stiffness updates             = 0
	right hand side evaluations   = 2
	stiffness matrix reformations = 1
	step from line search         = 1.000000
	convergence norms :     INITIAL         CURRENT         REQUIRED
	   residual            7.047255e+00    8.933029e-10    0.000000e+00 
	   energy              3.948757e-02    1.635864e-07    3.948757e-04 
	   displacement        1.908282e-03    1.908282e-03    1.908282e-09 
 2
 Nonlinear solution status: time= 23
	stiffness updates             = 1
	right hand side evaluations   = 3
	stiffness matrix reformations = 1
	step from line search         = 1.000000
	convergence norms :     INITIAL         CURRENT         REQUIRED
	   residual            7.047255e+00    3.731582e-15    0.000000e+00 
	   energy              3.948757e-02    1.851175e-14    3.948757e-04 
	   displacement        1.908282e-03    2.268879e-12    1.908239e-09 

convergence summary
    number of iterations   : 2
    number of reformations : 1

------- converged at time : 23


Data Record #1
===========================================================================
Step = 230
Time = 23
Data = uz
File = feb_inputs/fiber_stiffness_c4/../../raw_logs/fiber_stiffness_c4/c4_30.0_disp.txt

Data Record #2
===========================================================================
Step = 230
Time = 23
Data = sz
File = feb_inputs/fiber_stiffness_c4/../../raw_logs/fiber_stiffness_c4/c4_30.0_stress.txt

Data Record #3
===========================================================================
Step = 230
Time = 23
Data = J
File = feb_inputs/fiber_stiffness_c4/../../raw_logs/fiber_stiffness_c4/c4_30.0_vol.txt

===== beginning time step 231 : 23.1 =====


Reforming stiffness matrix: reformation #1

 1
 Nonlinear solution status: time= 23.1
	stiffness updates             = 0
	right hand side evaluations   = 2
	stiffness matrix reformations = 1
	step from line search         = 1.000000
	convergence norms :     INITIAL         CURRENT         REQUIRED
	   residual            6.642402e+00    9.299833e-10    0.000000e+00 
	   energy              3.641913e-02    1.459370e-07    3.641913e-04 
	   displacement        1.743527e-03    1.743527e-03    1.743527e-09 
 2
 Nonlinear solution status: time= 23.1
	stiffness updates             = 1
	right hand side evaluations   = 3
	stiffness matrix reformations = 1
	step from line search         = 1.000000
	convergence norms :     INITIAL         CURRENT         REQUIRED
	   residual            6.642402e+00    4.200780e-15    0.000000e+00 
	   energy              3.641913e-02    1.891994e-14    3.641913e-04 
	   displacement        1.743527e-03    2.150957e-12    1.743488e-09 

convergence summary
    number of iterations   : 2
    number of reformations : 1

------- converged at time : 23.1


Data Record #1
===========================================================================
Step = 231
Time = 23.1
Data = uz
File = feb_inputs/fiber_stiffness_c4/../../raw_logs/fiber_stiffness_c4/c4_30.0_disp.txt

Data Record #2
===========================================================================
Step = 231
Time = 23.1
Data = sz
File = feb_inputs/fiber_stiffness_c4/../../raw_logs/fiber_stiffness_c4/c4_30.0_stress.txt

Data Record #3
===========================================================================
Step = 231
Time = 23.1
Data = J
File = feb_inputs/fiber_stiffness_c4/../../raw_logs/fiber_stiffness_c4/c4_30.0_vol.txt

===== beginning time step 232 : 23.2 =====


Reforming stiffness matrix: reformation #1

 1
 Nonlinear solution status: time= 23.2
	stiffness updates             = 0
	right hand side evaluations   = 2
	stiffness matrix reformations = 1
	step from line search         = 1.000000
	convergence norms :     INITIAL         CURRENT         REQUIRED
	   residual            6.250969e+00    8.541893e-10    0.000000e+00 
	   energy              3.350601e-02    1.397952e-07    3.350601e-04 
	   displacement        1.587522e-03    1.587522e-03    1.587522e-09 
 2
 Nonlinear solution status: time= 23.2
	stiffness updates             = 1
	right hand side evaluations   = 3
	stiffness matrix reformations = 1
	step from line search         = 1.000000
	convergence norms :     INITIAL         CURRENT         REQUIRED
	   residual            6.250969e+00    4.168054e-15    0.000000e+00 
	   energy              3.350601e-02    1.946242e-14    3.350601e-04 
	   displacement        1.587522e-03    2.162810e-12    1.587485e-09 

convergence summary
    number of iterations   : 2
    number of reformations : 1

------- converged at time : 23.2


Data Record #1
===========================================================================
Step = 232
Time = 23.2
Data = uz
File = feb_inputs/fiber_stiffness_c4/../../raw_logs/fiber_stiffness_c4/c4_30.0_disp.txt

Data Record #2
===========================================================================
Step = 232
Time = 23.2
Data = sz
File = feb_inputs/fiber_stiffness_c4/../../raw_logs/fiber_stiffness_c4/c4_30.0_stress.txt

Data Record #3
===========================================================================
Step = 232
Time = 23.2
Data = J
File = feb_inputs/fiber_stiffness_c4/../../raw_logs/fiber_stiffness_c4/c4_30.0_vol.txt

===== beginning time step 233 : 23.3 =====


Reforming stiffness matrix: reformation #1

 1
 Nonlinear solution status: time= 23.3
	stiffness updates             = 0
	right hand side evaluations   = 2
	stiffness matrix reformations = 1
	step from line search         = 1.000000
	convergence norms :     INITIAL         CURRENT         REQUIRED
	   residual            5.874292e+00    8.200791e-10    0.000000e+00 
	   energy              3.077086e-02    1.380699e-07    3.077086e-04 
	   displacement        1.439753e-03    1.439753e-03    1.439753e-09 
 2
 Nonlinear solution status: time= 23.3
	stiffness updates             = 1
	right hand side evaluations   = 3
	stiffness matrix reformations = 1
	step from line search         = 1.000000
	convergence norms :     INITIAL         CURRENT         REQUIRED
	   residual            5.874292e+00    3.652372e-15    0.000000e+00 
	   energy              3.077086e-02    1.978285e-14    3.077086e-04 
	   displacement        1.439753e-03    2.204765e-12    1.439720e-09 

convergence summary
    number of iterations   : 2
    number of reformations : 1

------- converged at time : 23.3


Data Record #1
===========================================================================
Step = 233
Time = 23.3
Data = uz
File = feb_inputs/fiber_stiffness_c4/../../raw_logs/fiber_stiffness_c4/c4_30.0_disp.txt

Data Record #2
===========================================================================
Step = 233
Time = 23.3
Data = sz
File = feb_inputs/fiber_stiffness_c4/../../raw_logs/fiber_stiffness_c4/c4_30.0_stress.txt

Data Record #3
===========================================================================
Step = 233
Time = 23.3
Data = J
File = feb_inputs/fiber_stiffness_c4/../../raw_logs/fiber_stiffness_c4/c4_30.0_vol.txt

===== beginning time step 234 : 23.4 =====


Reforming stiffness matrix: reformation #1

 1
 Nonlinear solution status: time= 23.4
	stiffness updates             = 0
	right hand side evaluations   = 2
	stiffness matrix reformations = 1
	step from line search         = 1.000000
	convergence norms :     INITIAL         CURRENT         REQUIRED
	   residual            5.503530e+00    8.369615e-10    0.000000e+00 
	   energy              2.821725e-02    1.290356e-07    2.821725e-04 
	   displacement        1.301748e-03    1.301748e-03    1.301748e-09 
 2
 Nonlinear solution status: time= 23.4
	stiffness updates             = 1
	right hand side evaluations   = 3
	stiffness matrix reformations = 1
	step from line search         = 1.000000
	convergence norms :     INITIAL         CURRENT         REQUIRED
	   residual            5.503530e+00    3.638272e-15    0.000000e+00 
	   energy              2.821725e-02    1.922709e-14    2.821725e-04 
	   displacement        1.301748e-03    2.024325e-12    1.301722e-09 

convergence summary
    number of iterations   : 2
    number of reformations : 1

------- converged at time : 23.4


Data Record #1
===========================================================================
Step = 234
Time = 23.4
Data = uz
File = feb_inputs/fiber_stiffness_c4/../../raw_logs/fiber_stiffness_c4/c4_30.0_disp.txt

Data Record #2
===========================================================================
Step = 234
Time = 23.4
Data = sz
File = feb_inputs/fiber_stiffness_c4/../../raw_logs/fiber_stiffness_c4/c4_30.0_stress.txt

Data Record #3
===========================================================================
Step = 234
Time = 23.4
Data = J
File = feb_inputs/fiber_stiffness_c4/../../raw_logs/fiber_stiffness_c4/c4_30.0_vol.txt

===== beginning time step 235 : 23.5 =====


Reforming stiffness matrix: reformation #1

 1
 Nonlinear solution status: time= 23.5
	stiffness updates             = 0
	right hand side evaluations   = 2
	stiffness matrix reformations = 1
	step from line search         = 1.000000
	convergence norms :     INITIAL         CURRENT         REQUIRED
	   residual            5.124667e+00    1.013936e-09    0.000000e+00 
	   energy              2.584627e-02    1.115580e-07    2.584627e-04 
	   displacement        1.178731e-03    1.178731e-03    1.178731e-09 
 2
 Nonlinear solution status: time= 23.5
	stiffness updates             = 1
	right hand side evaluations   = 3
	stiffness matrix reformations = 1
	step from line search         = 1.000000
	convergence norms :     INITIAL         CURRENT         REQUIRED
	   residual            5.124667e+00    4.573949e-15    0.000000e+00 
	   energy              2.584627e-02    2.211124e-14    2.584627e-04 
	   displacement        1.178731e-03    1.921629e-12    1.178711e-09 

convergence summary
    number of iterations   : 2
    number of reformations : 1

------- converged at time : 23.5


Data Record #1
===========================================================================
Step = 235
Time = 23.5
Data = uz
File = feb_inputs/fiber_stiffness_c4/../../raw_logs/fiber_stiffness_c4/c4_30.0_disp.txt

Data Record #2
===========================================================================
Step = 235
Time = 23.5
Data = sz
File = feb_inputs/fiber_stiffness_c4/../../raw_logs/fiber_stiffness_c4/c4_30.0_stress.txt

Data Record #3
===========================================================================
Step = 235
Time = 23.5
Data = J
File = feb_inputs/fiber_stiffness_c4/../../raw_logs/fiber_stiffness_c4/c4_30.0_vol.txt

===== beginning time step 236 : 23.6 =====


Reforming stiffness matrix: reformation #1

 1
 Nonlinear solution status: time= 23.6
	stiffness updates             = 0
	right hand side evaluations   = 2
	stiffness matrix reformations = 1
	step from line search         = 1.000000
	convergence norms :     INITIAL         CURRENT         REQUIRED
	   residual            4.731391e+00    1.333709e-09    0.000000e+00 
	   energy              2.364698e-02    9.246167e-08    2.364698e-04 
	   displacement        1.072535e-03    1.072535e-03    1.072535e-09 
 2
 Nonlinear solution status: time= 23.6
	stiffness updates             = 1
	right hand side evaluations   = 3
	stiffness matrix reformations = 1
	step from line search         = 1.000000
	convergence norms :     INITIAL         CURRENT         REQUIRED
	   residual            4.731391e+00    6.056251e-15    0.000000e+00 
	   energy              2.364698e-02    2.712010e-14    2.364698e-04 
	   displacement        1.072535e-03    1.891755e-12    1.072522e-09 

convergence summary
    number of iterations   : 2
    number of reformations : 1

------- converged at time : 23.6


Data Record #1
===========================================================================
Step = 236
Time = 23.6
Data = uz
File = feb_inputs/fiber_stiffness_c4/../../raw_logs/fiber_stiffness_c4/c4_30.0_disp.txt

Data Record #2
===========================================================================
Step = 236
Time = 23.6
Data = sz
File = feb_inputs/fiber_stiffness_c4/../../raw_logs/fiber_stiffness_c4/c4_30.0_stress.txt

Data Record #3
===========================================================================
Step = 236
Time = 23.6
Data = J
File = feb_inputs/fiber_stiffness_c4/../../raw_logs/fiber_stiffness_c4/c4_30.0_vol.txt

===== beginning time step 237 : 23.7 =====


Reforming stiffness matrix: reformation #1

 1
 Nonlinear solution status: time= 23.7
	stiffness updates             = 0
	right hand side evaluations   = 2
	stiffness matrix reformations = 1
	step from line search         = 1.000000
	convergence norms :     INITIAL         CURRENT         REQUIRED
	   residual            4.326349e+00    1.433630e-09    0.000000e+00 
	   energy              2.160755e-02    7.963750e-08    2.160755e-04 
	   displacement        9.796976e-04    9.796976e-04    9.796976e-10 
 2
 Nonlinear solution status: time= 23.7
	stiffness updates             = 1
	right hand side evaluations   = 3
	stiffness matrix reformations = 1
	step from line search         = 1.000000
	convergence norms :     INITIAL         CURRENT         REQUIRED
	   residual            4.326349e+00    6.888191e-15    0.000000e+00 
	   energy              2.160755e-02    2.887901e-14    2.160755e-04 
	   displacement        9.796976e-04    1.824286e-12    9.796884e-10 

convergence summary
    number of iterations   : 2
    number of reformations : 1

------- converged at time : 23.7


Data Record #1
===========================================================================
Step = 237
Time = 23.7
Data = uz
File = feb_inputs/fiber_stiffness_c4/../../raw_logs/fiber_stiffness_c4/c4_30.0_disp.txt

Data Record #2
===========================================================================
Step = 237
Time = 23.7
Data = sz
File = feb_inputs/fiber_stiffness_c4/../../raw_logs/fiber_stiffness_c4/c4_30.0_stress.txt

Data Record #3
===========================================================================
Step = 237
Time = 23.7
Data = J
File = feb_inputs/fiber_stiffness_c4/../../raw_logs/fiber_stiffness_c4/c4_30.0_vol.txt

===== beginning time step 238 : 23.8 =====


Reforming stiffness matrix: reformation #1

 1
 Nonlinear solution status: time= 23.8
	stiffness updates             = 0
	right hand side evaluations   = 2
	stiffness matrix reformations = 1
	step from line search         = 1.000000
	convergence norms :     INITIAL         CURRENT         REQUIRED
	   residual            3.921909e+00    1.427682e-09    0.000000e+00 
	   energy              1.973755e-02    7.486309e-08    1.973755e-04 
	   displacement        8.971828e-04    8.971828e-04    8.971828e-10 
 2
 Nonlinear solution status: time= 23.8
	stiffness updates             = 1
	right hand side evaluations   = 3
	stiffness matrix reformations = 1
	step from line search         = 1.000000
	convergence norms :     INITIAL         CURRENT         REQUIRED
	   residual            3.921909e+00    6.799454e-15    0.000000e+00 
	   energy              1.973755e-02    2.853112e-14    1.973755e-04 
	   displacement        8.971828e-04    1.821843e-12    8.971714e-10 

convergence summary
    number of iterations   : 2
    number of reformations : 1

------- converged at time : 23.8


Data Record #1
===========================================================================
Step = 238
Time = 23.8
Data = uz
File = feb_inputs/fiber_stiffness_c4/../../raw_logs/fiber_stiffness_c4/c4_30.0_disp.txt

Data Record #2
===========================================================================
Step = 238
Time = 23.8
Data = sz
File = feb_inputs/fiber_stiffness_c4/../../raw_logs/fiber_stiffness_c4/c4_30.0_stress.txt

Data Record #3
===========================================================================
Step = 238
Time = 23.8
Data = J
File = feb_inputs/fiber_stiffness_c4/../../raw_logs/fiber_stiffness_c4/c4_30.0_vol.txt

===== beginning time step 239 : 23.9 =====


Reforming stiffness matrix: reformation #1

 1
 Nonlinear solution status: time= 23.9
	stiffness updates             = 0
	right hand side evaluations   = 2
	stiffness matrix reformations = 1
	step from line search         = 1.000000
	convergence norms :     INITIAL         CURRENT         REQUIRED
	   residual            3.542152e+00    1.181286e-09    0.000000e+00 
	   energy              1.807630e-02    7.321493e-08    1.807630e-04 
	   displacement        8.258875e-04    8.258875e-04    8.258875e-10 
 2
 Nonlinear solution status: time= 23.9
	stiffness updates             = 1
	right hand side evaluations   = 3
	stiffness matrix reformations = 1
	step from line search         = 1.000000
	convergence norms :     INITIAL         CURRENT         REQUIRED
	   residual            3.542152e+00    5.749124e-15    0.000000e+00 
	   energy              1.807630e-02    2.422101e-14    1.807630e-04 
	   displacement        8.258875e-04    1.721273e-12    8.258712e-10 

convergence summary
    number of iterations   : 2
    number of reformations : 1

------- converged at time : 23.9


Data Record #1
===========================================================================
Step = 239
Time = 23.9
Data = uz
File = feb_inputs/fiber_stiffness_c4/../../raw_logs/fiber_stiffness_c4/c4_30.0_disp.txt

Data Record #2
===========================================================================
Step = 239
Time = 23.9
Data = sz
File = feb_inputs/fiber_stiffness_c4/../../raw_logs/fiber_stiffness_c4/c4_30.0_stress.txt

Data Record #3
===========================================================================
Step = 239
Time = 23.9
Data = J
File = feb_inputs/fiber_stiffness_c4/../../raw_logs/fiber_stiffness_c4/c4_30.0_vol.txt

===== beginning time step 240 : 24 =====


Reforming stiffness matrix: reformation #1

 1
 Nonlinear solution status: time= 24
	stiffness updates             = 0
	right hand side evaluations   = 2
	stiffness matrix reformations = 1
	step from line search         = 1.000000
	convergence norms :     INITIAL         CURRENT         REQUIRED
	   residual            3.211778e+00    7.586334e-10    0.000000e+00 
	   energy              1.668675e-02    7.284195e-08    1.668675e-04 
	   displacement        7.690949e-04    7.690949e-04    7.690949e-10 
 2
 Nonlinear solution status: time= 24
	stiffness updates             = 1
	right hand side evaluations   = 3
	stiffness matrix reformations = 1
	step from line search         = 1.000000
	convergence norms :     INITIAL         CURRENT         REQUIRED
	   residual            3.211778e+00    4.322789e-15    0.000000e+00 
	   energy              1.668675e-02    1.727384e-14    1.668675e-04 
	   displacement        7.690949e-04    1.499874e-12    7.690738e-10 

convergence summary
    number of iterations   : 2
    number of reformations : 1

------- converged at time : 24


Data Record #1
===========================================================================
Step = 240
Time = 24
Data = uz
File = feb_inputs/fiber_stiffness_c4/../../raw_logs/fiber_stiffness_c4/c4_30.0_disp.txt

Data Record #2
===========================================================================
Step = 240
Time = 24
Data = sz
File = feb_inputs/fiber_stiffness_c4/../../raw_logs/fiber_stiffness_c4/c4_30.0_stress.txt

Data Record #3
===========================================================================
Step = 240
Time = 24
Data = J
File = feb_inputs/fiber_stiffness_c4/../../raw_logs/fiber_stiffness_c4/c4_30.0_vol.txt

===== beginning time step 241 : 24.1 =====


Reforming stiffness matrix: reformation #1

 1
 Nonlinear solution status: time= 24.1
	stiffness updates             = 0
	right hand side evaluations   = 2
	stiffness matrix reformations = 1
	step from line search         = 1.000000
	convergence norms :     INITIAL         CURRENT         REQUIRED
	   residual            2.945029e+00    5.564075e-10    0.000000e+00 
	   energy              1.562637e-02    7.588036e-08    1.562637e-04 
	   displacement        7.299635e-04    7.299635e-04    7.299635e-10 
 2
 Nonlinear solution status: time= 24.1
	stiffness updates             = 1
	right hand side evaluations   = 3
	stiffness matrix reformations = 1
	step from line search         = 1.000000
	convergence norms :     INITIAL         CURRENT         REQUIRED
	   residual            2.945029e+00    3.066807e-15    0.000000e+00 
	   energy              1.562637e-02    1.274712e-14    1.562637e-04 
	   displacement        7.299635e-04    1.376825e-12    7.299374e-10 

convergence summary
    number of iterations   : 2
    number of reformations : 1

------- converged at time : 24.1


Data Record #1
===========================================================================
Step = 241
Time = 24.1
Data = uz
File = feb_inputs/fiber_stiffness_c4/../../raw_logs/fiber_stiffness_c4/c4_30.0_disp.txt

Data Record #2
===========================================================================
Step = 241
Time = 24.1
Data = sz
File = feb_inputs/fiber_stiffness_c4/../../raw_logs/fiber_stiffness_c4/c4_30.0_stress.txt

Data Record #3
===========================================================================
Step = 241
Time = 24.1
Data = J
File = feb_inputs/fiber_stiffness_c4/../../raw_logs/fiber_stiffness_c4/c4_30.0_vol.txt

===== beginning time step 242 : 24.2 =====


Reforming stiffness matrix: reformation #1

 1
 Nonlinear solution status: time= 24.2
	stiffness updates             = 0
	right hand side evaluations   = 2
	stiffness matrix reformations = 1
	step from line search         = 1.000000
	convergence norms :     INITIAL         CURRENT         REQUIRED
	   residual            2.757122e+00    4.550081e-10    0.000000e+00 
	   energy              1.493474e-02    8.474034e-08    1.493474e-04 
	   displacement        7.087319e-04    7.087319e-04    7.087319e-10 
 2
 Nonlinear solution status: time= 24.2
	stiffness updates             = 1
	right hand side evaluations   = 3
	stiffness matrix reformations = 1
	step from line search         = 1.000000
	convergence norms :     INITIAL         CURRENT         REQUIRED
	   residual            2.757122e+00    2.199355e-15    0.000000e+00 
	   energy              1.493474e-02    1.141943e-14    1.493474e-04 
	   displacement        7.087319e-04    1.565009e-12    7.086990e-10 

convergence summary
    number of iterations   : 2
    number of reformations : 1

------- converged at time : 24.2


Data Record #1
===========================================================================
Step = 242
Time = 24.2
Data = uz
File = feb_inputs/fiber_stiffness_c4/../../raw_logs/fiber_stiffness_c4/c4_30.0_disp.txt

Data Record #2
===========================================================================
Step = 242
Time = 24.2
Data = sz
File = feb_inputs/fiber_stiffness_c4/../../raw_logs/fiber_stiffness_c4/c4_30.0_stress.txt

Data Record #3
===========================================================================
Step = 242
Time = 24.2
Data = J
File = feb_inputs/fiber_stiffness_c4/../../raw_logs/fiber_stiffness_c4/c4_30.0_vol.txt

===== beginning time step 243 : 24.3 =====


Reforming stiffness matrix: reformation #1

 1
 Nonlinear solution status: time= 24.3
	stiffness updates             = 0
	right hand side evaluations   = 2
	stiffness matrix reformations = 1
	step from line search         = 1.000000
	convergence norms :     INITIAL         CURRENT         REQUIRED
	   residual            2.661400e+00    4.124349e-10    0.000000e+00 
	   energy              1.463571e-02    1.000034e-07    1.463571e-04 
	   displacement        7.026346e-04    7.026346e-04    7.026346e-10 
 2
 Nonlinear solution status: time= 24.3
	stiffness updates             = 1
	right hand side evaluations   = 3
	stiffness matrix reformations = 1
	step from line search         = 1.000000
	convergence norms :     INITIAL         CURRENT         REQUIRED
	   residual            2.661400e+00    1.659101e-15    0.000000e+00 
	   energy              1.463571e-02    1.224019e-14    1.463571e-04 
	   displacement        7.026346e-04    1.874750e-12    7.025959e-10 

convergence summary
    number of iterations   : 2
    number of reformations : 1

------- converged at time : 24.3


Data Record #1
===========================================================================
Step = 243
Time = 24.3
Data = uz
File = feb_inputs/fiber_stiffness_c4/../../raw_logs/fiber_stiffness_c4/c4_30.0_disp.txt

Data Record #2
===========================================================================
Step = 243
Time = 24.3
Data = sz
File = feb_inputs/fiber_stiffness_c4/../../raw_logs/fiber_stiffness_c4/c4_30.0_stress.txt

Data Record #3
===========================================================================
Step = 243
Time = 24.3
Data = J
File = feb_inputs/fiber_stiffness_c4/../../raw_logs/fiber_stiffness_c4/c4_30.0_vol.txt

===== beginning time step 244 : 24.4 =====


Reforming stiffness matrix: reformation #1

 1
 Nonlinear solution status: time= 24.4
	stiffness updates             = 0
	right hand side evaluations   = 2
	stiffness matrix reformations = 1
	step from line search         = 1.000000
	convergence norms :     INITIAL         CURRENT         REQUIRED
	   residual            2.649434e+00    5.867701e-10    0.000000e+00 
	   energy              1.472349e-02    1.207920e-07    1.472349e-04 
	   displacement        7.117688e-04    7.117688e-04    7.117688e-10 
 2
 Nonlinear solution status: time= 24.4
	stiffness updates             = 1
	right hand side evaluations   = 3
	stiffness matrix reformations = 1
	step from line search         = 1.000000
	convergence norms :     INITIAL         CURRENT         REQUIRED
	   residual            2.649434e+00    1.769814e-15    0.000000e+00 
	   energy              1.472349e-02    1.212202e-14    1.472349e-04 
	   displacement        7.117688e-04    2.058196e-12    7.117268e-10 

convergence summary
    number of iterations   : 2
    number of reformations : 1

------- converged at time : 24.4


Data Record #1
===========================================================================
Step = 244
Time = 24.4
Data = uz
File = feb_inputs/fiber_stiffness_c4/../../raw_logs/fiber_stiffness_c4/c4_30.0_disp.txt

Data Record #2
===========================================================================
Step = 244
Time = 24.4
Data = sz
File = feb_inputs/fiber_stiffness_c4/../../raw_logs/fiber_stiffness_c4/c4_30.0_stress.txt

Data Record #3
===========================================================================
Step = 244
Time = 24.4
Data = J
File = feb_inputs/fiber_stiffness_c4/../../raw_logs/fiber_stiffness_c4/c4_30.0_vol.txt

===== beginning time step 245 : 24.5 =====


Reforming stiffness matrix: reformation #1

 1
 Nonlinear solution status: time= 24.5
	stiffness updates             = 0
	right hand side evaluations   = 2
	stiffness matrix reformations = 1
	step from line search         = 1.000000
	convergence norms :     INITIAL         CURRENT         REQUIRED
	   residual            2.691497e+00    8.288934e-10    0.000000e+00 
	   energy              1.514306e-02    1.477498e-07    1.514306e-04 
	   displacement        7.388737e-04    7.388737e-04    7.388737e-10 
 2
 Nonlinear solution status: time= 24.5
	stiffness updates             = 1
	right hand side evaluations   = 3
	stiffness matrix reformations = 1
	step from line search         = 1.000000
	convergence norms :     INITIAL         CURRENT         REQUIRED
	   residual            2.691497e+00    2.234060e-15    0.000000e+00 
	   energy              1.514306e-02    1.370234e-14    1.514306e-04 
	   displacement        7.388737e-04    2.350523e-12    7.388272e-10 

convergence summary
    number of iterations   : 2
    number of reformations : 1

------- converged at time : 24.5


Data Record #1
===========================================================================
Step = 245
Time = 24.5
Data = uz
File = feb_inputs/fiber_stiffness_c4/../../raw_logs/fiber_stiffness_c4/c4_30.0_disp.txt

Data Record #2
===========================================================================
Step = 245
Time = 24.5
Data = sz
File = feb_inputs/fiber_stiffness_c4/../../raw_logs/fiber_stiffness_c4/c4_30.0_stress.txt

Data Record #3
===========================================================================
Step = 245
Time = 24.5
Data = J
File = feb_inputs/fiber_stiffness_c4/../../raw_logs/fiber_stiffness_c4/c4_30.0_vol.txt

===== beginning time step 246 : 24.6 =====


Reforming stiffness matrix: reformation #1

 1
 Nonlinear solution status: time= 24.6
	stiffness updates             = 0
	right hand side evaluations   = 2
	stiffness matrix reformations = 1
	step from line search         = 1.000000
	convergence norms :     INITIAL         CURRENT         REQUIRED
	   residual            2.758546e+00    1.259256e-09    0.000000e+00 
	   energy              1.577031e-02    1.749288e-07    1.577031e-04 
	   displacement        7.796592e-04    7.796592e-04    7.796592e-10 
 2
 Nonlinear solution status: time= 24.6
	stiffness updates             = 1
	right hand side evaluations   = 3
	stiffness matrix reformations = 1
	step from line search         = 1.000000
	convergence norms :     INITIAL         CURRENT         REQUIRED
	   residual            2.758546e+00    3.260699e-15    0.000000e+00 
	   energy              1.577031e-02    1.694027e-14    1.577031e-04 
	   displacement        7.796592e-04    2.631241e-12    7.796086e-10 

convergence summary
    number of iterations   : 2
    number of reformations : 1

------- converged at time : 24.6


Data Record #1
===========================================================================
Step = 246
Time = 24.6
Data = uz
File = feb_inputs/fiber_stiffness_c4/../../raw_logs/fiber_stiffness_c4/c4_30.0_disp.txt

Data Record #2
===========================================================================
Step = 246
Time = 24.6
Data = sz
File = feb_inputs/fiber_stiffness_c4/../../raw_logs/fiber_stiffness_c4/c4_30.0_stress.txt

Data Record #3
===========================================================================
Step = 246
Time = 24.6
Data = J
File = feb_inputs/fiber_stiffness_c4/../../raw_logs/fiber_stiffness_c4/c4_30.0_vol.txt

===== beginning time step 247 : 24.7 =====


Reforming stiffness matrix: reformation #1

 1
 Nonlinear solution status: time= 24.7
	stiffness updates             = 0
	right hand side evaluations   = 2
	stiffness matrix reformations = 1
	step from line search         = 1.000000
	convergence norms :     INITIAL         CURRENT         REQUIRED
	   residual            2.833805e+00    1.761294e-09    0.000000e+00 
	   energy              1.643187e-02    1.981972e-07    1.643187e-04 
	   displacement        8.224088e-04    8.224088e-04    8.224088e-10 
 2
 Nonlinear solution status: time= 24.7
	stiffness updates             = 1
	right hand side evaluations   = 3
	stiffness matrix reformations = 1
	step from line search         = 1.000000
	convergence norms :     INITIAL         CURRENT         REQUIRED
	   residual            2.833805e+00    4.601399e-15    0.000000e+00 
	   energy              1.643187e-02    1.852703e-14    1.643187e-04 
	   displacement        8.224088e-04    2.691482e-12    8.223572e-10 

convergence summary
    number of iterations   : 2
    number of reformations : 1

------- converged at time : 24.7


Data Record #1
===========================================================================
Step = 247
Time = 24.7
Data = uz
File = feb_inputs/fiber_stiffness_c4/../../raw_logs/fiber_stiffness_c4/c4_30.0_disp.txt

Data Record #2
===========================================================================
Step = 247
Time = 24.7
Data = sz
File = feb_inputs/fiber_stiffness_c4/../../raw_logs/fiber_stiffness_c4/c4_30.0_stress.txt

Data Record #3
===========================================================================
Step = 247
Time = 24.7
Data = J
File = feb_inputs/fiber_stiffness_c4/../../raw_logs/fiber_stiffness_c4/c4_30.0_vol.txt

===== beginning time step 248 : 24.8 =====


Reforming stiffness matrix: reformation #1

 1
 Nonlinear solution status: time= 24.8
	stiffness updates             = 0
	right hand side evaluations   = 2
	stiffness matrix reformations = 1
	step from line search         = 1.000000
	convergence norms :     INITIAL         CURRENT         REQUIRED
	   residual            2.902760e+00    2.257296e-09    0.000000e+00 
	   energy              1.694676e-02    2.144726e-07    1.694676e-04 
	   displacement        8.552863e-04    8.552863e-04    8.552863e-10 
 2
 Nonlinear solution status: time= 24.8
	stiffness updates             = 1
	right hand side evaluations   = 3
	stiffness matrix reformations = 1
	step from line search         = 1.000000
	convergence norms :     INITIAL         CURRENT         REQUIRED
	   residual            2.902760e+00    6.480157e-15    0.000000e+00 
	   energy              1.694676e-02    2.213159e-14    1.694676e-04 
	   displacement        8.552863e-04    2.807687e-12    8.552337e-10 

convergence summary
    number of iterations   : 2
    number of reformations : 1

------- converged at time : 24.8


Data Record #1
===========================================================================
Step = 248
Time = 24.8
Data = uz
File = feb_inputs/fiber_stiffness_c4/../../raw_logs/fiber_stiffness_c4/c4_30.0_disp.txt

Data Record #2
===========================================================================
Step = 248
Time = 24.8
Data = sz
File = feb_inputs/fiber_stiffness_c4/../../raw_logs/fiber_stiffness_c4/c4_30.0_stress.txt

Data Record #3
===========================================================================
Step = 248
Time = 24.8
Data = J
File = feb_inputs/fiber_stiffness_c4/../../raw_logs/fiber_stiffness_c4/c4_30.0_vol.txt

===== beginning time step 249 : 24.9 =====


Reforming stiffness matrix: reformation #1

 1
 Nonlinear solution status: time= 24.9
	stiffness updates             = 0
	right hand side evaluations   = 2
	stiffness matrix reformations = 1
	step from line search         = 1.000000
	convergence norms :     INITIAL         CURRENT         REQUIRED
	   residual            2.949239e+00    2.519794e-09    0.000000e+00 
	   energy              1.717435e-02    2.189210e-07    1.717435e-04 
	   displacement        8.698684e-04    8.698684e-04    8.698684e-10 
 2
 Nonlinear solution status: time= 24.9
	stiffness updates             = 1
	right hand side evaluations   = 3
	stiffness matrix reformations = 1
	step from line search         = 1.000000
	convergence norms :     INITIAL         CURRENT         REQUIRED
	   residual            2.949239e+00    8.008882e-15    0.000000e+00 
	   energy              1.717435e-02    2.489866e-14    1.717435e-04 
	   displacement        8.698684e-04    2.893072e-12    8.698136e-10 

convergence summary
    number of iterations   : 2
    number of reformations : 1

------- converged at time : 24.9


Data Record #1
===========================================================================
Step = 249
Time = 24.9
Data = uz
File = feb_inputs/fiber_stiffness_c4/../../raw_logs/fiber_stiffness_c4/c4_30.0_disp.txt

Data Record #2
===========================================================================
Step = 249
Time = 24.9
Data = sz
File = feb_inputs/fiber_stiffness_c4/../../raw_logs/fiber_stiffness_c4/c4_30.0_stress.txt

Data Record #3
===========================================================================
Step = 249
Time = 24.9
Data = J
File = feb_inputs/fiber_stiffness_c4/../../raw_logs/fiber_stiffness_c4/c4_30.0_vol.txt

===== beginning time step 250 : 25 =====


Reforming stiffness matrix: reformation #1

 1
 Nonlinear solution status: time= 25
	stiffness updates             = 0
	right hand side evaluations   = 2
	stiffness matrix reformations = 1
	step from line search         = 1.000000
	convergence norms :     INITIAL         CURRENT         REQUIRED
	   residual            2.958615e+00    2.560818e-09    0.000000e+00 
	   energy              1.705321e-02    2.142912e-07    1.705321e-04 
	   displacement        8.625339e-04    8.625339e-04    8.625339e-10 
 2
 Nonlinear solution status: time= 25
	stiffness updates             = 1
	right hand side evaluations   = 3
	stiffness matrix reformations = 1
	step from line search         = 1.000000
	convergence norms :     INITIAL         CURRENT         REQUIRED
	   residual            2.958615e+00    7.549949e-15    0.000000e+00 
	   energy              1.705321e-02    2.340381e-14    1.705321e-04 
	   displacement        8.625339e-04    2.830505e-12    8.624786e-10 

convergence summary
    number of iterations   : 2
    number of reformations : 1

------- converged at time : 25


Data Record #1
===========================================================================
Step = 250
Time = 25
Data = uz
File = feb_inputs/fiber_stiffness_c4/../../raw_logs/fiber_stiffness_c4/c4_30.0_disp.txt

Data Record #2
===========================================================================
Step = 250
Time = 25
Data = sz
File = feb_inputs/fiber_stiffness_c4/../../raw_logs/fiber_stiffness_c4/c4_30.0_stress.txt

Data Record #3
===========================================================================
Step = 250
Time = 25
Data = J
File = feb_inputs/fiber_stiffness_c4/../../raw_logs/fiber_stiffness_c4/c4_30.0_vol.txt

===== beginning time step 251 : 25.1 =====


Reforming stiffness matrix: reformation #1

 1
 Nonlinear solution status: time= 25.1
	stiffness updates             = 0
	right hand side evaluations   = 2
	stiffness matrix reformations = 1
	step from line search         = 1.000000
	convergence norms :     INITIAL         CURRENT         REQUIRED
	   residual            2.925713e+00    2.408144e-09    0.000000e+00 
	   energy              1.660417e-02    2.016958e-07    1.660417e-04 
	   displacement        8.357817e-04    8.357817e-04    8.357817e-10 
 2
 Nonlinear solution status: time= 25.1
	stiffness updates             = 1
	right hand side evaluations   = 3
	stiffness matrix reformations = 1
	step from line search         = 1.000000
	convergence norms :     INITIAL         CURRENT         REQUIRED
	   residual            2.925713e+00    6.703924e-15    0.000000e+00 
	   energy              1.660417e-02    2.174403e-14    1.660417e-04 
	   displacement        8.357817e-04    2.709763e-12    8.357295e-10 

convergence summary
    number of iterations   : 2
    number of reformations : 1

------- converged at time : 25.1


Data Record #1
===========================================================================
Step = 251
Time = 25.1
Data = uz
File = feb_inputs/fiber_stiffness_c4/../../raw_logs/fiber_stiffness_c4/c4_30.0_disp.txt

Data Record #2
===========================================================================
Step = 251
Time = 25.1
Data = sz
File = feb_inputs/fiber_stiffness_c4/../../raw_logs/fiber_stiffness_c4/c4_30.0_stress.txt

Data Record #3
===========================================================================
Step = 251
Time = 25.1
Data = J
File = feb_inputs/fiber_stiffness_c4/../../raw_logs/fiber_stiffness_c4/c4_30.0_vol.txt

===== beginning time step 252 : 25.2 =====


Reforming stiffness matrix: reformation #1

 1
 Nonlinear solution status: time= 25.2
	stiffness updates             = 0
	right hand side evaluations   = 2
	stiffness matrix reformations = 1
	step from line search         = 1.000000
	convergence norms :     INITIAL         CURRENT         REQUIRED
	   residual            2.865339e+00    2.073684e-09    0.000000e+00 
	   energy              1.591308e-02    1.788422e-07    1.591308e-04 
	   displacement        7.964637e-04    7.964637e-04    7.964637e-10 
 2
 Nonlinear solution status: time= 25.2
	stiffness updates             = 1
	right hand side evaluations   = 3
	stiffness matrix reformations = 1
	step from line search         = 1.000000
	convergence norms :     INITIAL         CURRENT         REQUIRED
	   residual            2.865339e+00    5.705067e-15    0.000000e+00 
	   energy              1.591308e-02    1.927760e-14    1.591308e-04 
	   displacement        7.964637e-04    2.498514e-12    7.964170e-10 

convergence summary
    number of iterations   : 2
    number of reformations : 1

------- converged at time : 25.2


Data Record #1
===========================================================================
Step = 252
Time = 25.2
Data = uz
File = feb_inputs/fiber_stiffness_c4/../../raw_logs/fiber_stiffness_c4/c4_30.0_disp.txt

Data Record #2
===========================================================================
Step = 252
Time = 25.2
Data = sz
File = feb_inputs/fiber_stiffness_c4/../../raw_logs/fiber_stiffness_c4/c4_30.0_stress.txt

Data Record #3
===========================================================================
Step = 252
Time = 25.2
Data = J
File = feb_inputs/fiber_stiffness_c4/../../raw_logs/fiber_stiffness_c4/c4_30.0_vol.txt

===== beginning time step 253 : 25.3 =====


Reforming stiffness matrix: reformation #1

 1
 Nonlinear solution status: time= 25.3
	stiffness updates             = 0
	right hand side evaluations   = 2
	stiffness matrix reformations = 1
	step from line search         = 1.000000
	convergence norms :     INITIAL         CURRENT         REQUIRED
	   residual            2.793641e+00    1.734600e-09    0.000000e+00 
	   energy              1.508471e-02    1.496615e-07    1.508471e-04 
	   displacement        7.499282e-04    7.499282e-04    7.499282e-10 
 2
 Nonlinear solution status: time= 25.3
	stiffness updates             = 1
	right hand side evaluations   = 3
	stiffness matrix reformations = 1
	step from line search         = 1.000000
	convergence norms :     INITIAL         CURRENT         REQUIRED
	   residual            2.793641e+00    4.744700e-15    0.000000e+00 
	   energy              1.508471e-02    1.696099e-14    1.508471e-04 
	   displacement        7.499282e-04    2.324048e-12    7.498865e-10 

convergence summary
    number of iterations   : 2
    number of reformations : 1

------- converged at time : 25.3


Data Record #1
===========================================================================
Step = 253
Time = 25.3
Data = uz
File = feb_inputs/fiber_stiffness_c4/../../raw_logs/fiber_stiffness_c4/c4_30.0_disp.txt

Data Record #2
===========================================================================
Step = 253
Time = 25.3
Data = sz
File = feb_inputs/fiber_stiffness_c4/../../raw_logs/fiber_stiffness_c4/c4_30.0_stress.txt

Data Record #3
===========================================================================
Step = 253
Time = 25.3
Data = J
File = feb_inputs/fiber_stiffness_c4/../../raw_logs/fiber_stiffness_c4/c4_30.0_vol.txt

===== beginning time step 254 : 25.4 =====


Reforming stiffness matrix: reformation #1

 1
 Nonlinear solution status: time= 25.4
	stiffness updates             = 0
	right hand side evaluations   = 2
	stiffness matrix reformations = 1
	step from line search         = 1.000000
	convergence norms :     INITIAL         CURRENT         REQUIRED
	   residual            2.710373e+00    1.526244e-09    0.000000e+00 
	   energy              1.421660e-02    1.235749e-07    1.421660e-04 
	   displacement        7.009292e-04    7.009292e-04    7.009292e-10 
 2
 Nonlinear solution status: time= 25.4
	stiffness updates             = 1
	right hand side evaluations   = 3
	stiffness matrix reformations = 1
	step from line search         = 1.000000
	convergence norms :     INITIAL         CURRENT         REQUIRED
	   residual            2.710373e+00    4.523451e-15    0.000000e+00 
	   energy              1.421660e-02    1.654682e-14    1.421660e-04 
	   displacement        7.009292e-04    2.266337e-12    7.008918e-10 

convergence summary
    number of iterations   : 2
    number of reformations : 1

------- converged at time : 25.4


Data Record #1
===========================================================================
Step = 254
Time = 25.4
Data = uz
File = feb_inputs/fiber_stiffness_c4/../../raw_logs/fiber_stiffness_c4/c4_30.0_disp.txt

Data Record #2
===========================================================================
Step = 254
Time = 25.4
Data = sz
File = feb_inputs/fiber_stiffness_c4/../../raw_logs/fiber_stiffness_c4/c4_30.0_stress.txt

Data Record #3
===========================================================================
Step = 254
Time = 25.4
Data = J
File = feb_inputs/fiber_stiffness_c4/../../raw_logs/fiber_stiffness_c4/c4_30.0_vol.txt

===== beginning time step 255 : 25.5 =====


Reforming stiffness matrix: reformation #1

 1
 Nonlinear solution status: time= 25.5
	stiffness updates             = 0
	right hand side evaluations   = 2
	stiffness matrix reformations = 1
	step from line search         = 1.000000
	convergence norms :     INITIAL         CURRENT         REQUIRED
	   residual            2.614972e+00    1.241407e-09    0.000000e+00 
	   energy              1.338366e-02    1.033704e-07    1.338366e-04 
	   displacement        6.561690e-04    6.561690e-04    6.561690e-10 
 2
 Nonlinear solution status: time= 25.5
	stiffness updates             = 1
	right hand side evaluations   = 3
	stiffness matrix reformations = 1
	step from line search         = 1.000000
	convergence norms :     INITIAL         CURRENT         REQUIRED
	   residual            2.614972e+00    3.880639e-15    0.000000e+00 
	   energy              1.338366e-02    1.424685e-14    1.338366e-04 
	   displacement        6.561690e-04    2.239287e-12    6.561354e-10 

convergence summary
    number of iterations   : 2
    number of reformations : 1

------- converged at time : 25.5


Data Record #1
===========================================================================
Step = 255
Time = 25.5
Data = uz
File = feb_inputs/fiber_stiffness_c4/../../raw_logs/fiber_stiffness_c4/c4_30.0_disp.txt

Data Record #2
===========================================================================
Step = 255
Time = 25.5
Data = sz
File = feb_inputs/fiber_stiffness_c4/../../raw_logs/fiber_stiffness_c4/c4_30.0_stress.txt

Data Record #3
===========================================================================
Step = 255
Time = 25.5
Data = J
File = feb_inputs/fiber_stiffness_c4/../../raw_logs/fiber_stiffness_c4/c4_30.0_vol.txt

===== beginning time step 256 : 25.6 =====


Reforming stiffness matrix: reformation #1

 1
 Nonlinear solution status: time= 25.6
	stiffness updates             = 0
	right hand side evaluations   = 2
	stiffness matrix reformations = 1
	step from line search         = 1.000000
	convergence norms :     INITIAL         CURRENT         REQUIRED
	   residual            2.519292e+00    1.054266e-09    0.000000e+00 
	   energy              1.263355e-02    8.699747e-08    1.263355e-04 
	   displacement        6.191281e-04    6.191281e-04    6.191281e-10 
 2
 Nonlinear solution status: time= 25.6
	stiffness updates             = 1
	right hand side evaluations   = 3
	stiffness matrix reformations = 1
	step from line search         = 1.000000
	convergence norms :     INITIAL         CURRENT         REQUIRED
	   residual            2.519292e+00    3.482118e-15    0.000000e+00 
	   energy              1.263355e-02    1.214094e-14    1.263355e-04 
	   displacement        6.191281e-04    2.172629e-12    6.190985e-10 

convergence summary
    number of iterations   : 2
    number of reformations : 1

------- converged at time : 25.6


Data Record #1
===========================================================================
Step = 256
Time = 25.6
Data = uz
File = feb_inputs/fiber_stiffness_c4/../../raw_logs/fiber_stiffness_c4/c4_30.0_disp.txt

Data Record #2
===========================================================================
Step = 256
Time = 25.6
Data = sz
File = feb_inputs/fiber_stiffness_c4/../../raw_logs/fiber_stiffness_c4/c4_30.0_stress.txt

Data Record #3
===========================================================================
Step = 256
Time = 25.6
Data = J
File = feb_inputs/fiber_stiffness_c4/../../raw_logs/fiber_stiffness_c4/c4_30.0_vol.txt

===== beginning time step 257 : 25.7 =====


Reforming stiffness matrix: reformation #1

 1
 Nonlinear solution status: time= 25.7
	stiffness updates             = 0
	right hand side evaluations   = 2
	stiffness matrix reformations = 1
	step from line search         = 1.000000
	convergence norms :     INITIAL         CURRENT         REQUIRED
	   residual            2.435487e+00    9.014401e-10    0.000000e+00 
	   energy              1.198532e-02    7.278714e-08    1.198532e-04 
	   displacement        5.866446e-04    5.866446e-04    5.866446e-10 
 2
 Nonlinear solution status: time= 25.7
	stiffness updates             = 1
	right hand side evaluations   = 3
	stiffness matrix reformations = 1
	step from line search         = 1.000000
	convergence norms :     INITIAL         CURRENT         REQUIRED
	   residual            2.435487e+00    3.346252e-15    0.000000e+00 
	   energy              1.198532e-02    1.075274e-14    1.198532e-04 
	   displacement        5.866446e-04    1.909184e-12    5.866198e-10 

convergence summary
    number of iterations   : 2
    number of reformations : 1

------- converged at time : 25.7


Data Record #1
===========================================================================
Step = 257
Time = 25.7
Data = uz
File = feb_inputs/fiber_stiffness_c4/../../raw_logs/fiber_stiffness_c4/c4_30.0_disp.txt

Data Record #2
===========================================================================
Step = 257
Time = 25.7
Data = sz
File = feb_inputs/fiber_stiffness_c4/../../raw_logs/fiber_stiffness_c4/c4_30.0_stress.txt

Data Record #3
===========================================================================
Step = 257
Time = 25.7
Data = J
File = feb_inputs/fiber_stiffness_c4/../../raw_logs/fiber_stiffness_c4/c4_30.0_vol.txt

===== beginning time step 258 : 25.8 =====


Reforming stiffness matrix: reformation #1

 1
 Nonlinear solution status: time= 25.8
	stiffness updates             = 0
	right hand side evaluations   = 2
	stiffness matrix reformations = 1
	step from line search         = 1.000000
	convergence norms :     INITIAL         CURRENT         REQUIRED
	   residual            2.368761e+00    7.517983e-10    0.000000e+00 
	   energy              1.145110e-02    6.213993e-08    1.145110e-04 
	   displacement        5.545811e-04    5.545811e-04    5.545811e-10 
 2
 Nonlinear solution status: time= 25.8
	stiffness updates             = 1
	right hand side evaluations   = 3
	stiffness matrix reformations = 1
	step from line search         = 1.000000
	convergence norms :     INITIAL         CURRENT         REQUIRED
	   residual            2.368761e+00    3.646173e-15    0.000000e+00 
	   energy              1.145110e-02    1.095895e-14    1.145110e-04 
	   displacement        5.545811e-04    1.764507e-12    5.545596e-10 

convergence summary
    number of iterations   : 2
    number of reformations : 1

------- converged at time : 25.8


Data Record #1
===========================================================================
Step = 258
Time = 25.8
Data = uz
File = feb_inputs/fiber_stiffness_c4/../../raw_logs/fiber_stiffness_c4/c4_30.0_disp.txt

Data Record #2
===========================================================================
Step = 258
Time = 25.8
Data = sz
File = feb_inputs/fiber_stiffness_c4/../../raw_logs/fiber_stiffness_c4/c4_30.0_stress.txt

Data Record #3
===========================================================================
Step = 258
Time = 25.8
Data = J
File = feb_inputs/fiber_stiffness_c4/../../raw_logs/fiber_stiffness_c4/c4_30.0_vol.txt

===== beginning time step 259 : 25.9 =====


Reforming stiffness matrix: reformation #1

 1
 Nonlinear solution status: time= 25.9
	stiffness updates             = 0
	right hand side evaluations   = 2
	stiffness matrix reformations = 1
	step from line search         = 1.000000
	convergence norms :     INITIAL         CURRENT         REQUIRED
	   residual            2.321728e+00    7.085636e-10    0.000000e+00 
	   energy              1.103365e-02    5.388074e-08    1.103365e-04 
	   displacement        5.232206e-04    5.232206e-04    5.232206e-10 
 2
 Nonlinear solution status: time= 25.9
	stiffness updates             = 1
	right hand side evaluations   = 3
	stiffness matrix reformations = 1
	step from line search         = 1.000000
	convergence norms :     INITIAL         CURRENT         REQUIRED
	   residual            2.321728e+00    4.272862e-15    0.000000e+00 
	   energy              1.103365e-02    1.395567e-14    1.103365e-04 
	   displacement        5.232206e-04    1.669876e-12    5.232024e-10 

convergence summary
    number of iterations   : 2
    number of reformations : 1

------- converged at time : 25.9


Data Record #1
===========================================================================
Step = 259
Time = 25.9
Data = uz
File = feb_inputs/fiber_stiffness_c4/../../raw_logs/fiber_stiffness_c4/c4_30.0_disp.txt

Data Record #2
===========================================================================
Step = 259
Time = 25.9
Data = sz
File = feb_inputs/fiber_stiffness_c4/../../raw_logs/fiber_stiffness_c4/c4_30.0_stress.txt

Data Record #3
===========================================================================
Step = 259
Time = 25.9
Data = J
File = feb_inputs/fiber_stiffness_c4/../../raw_logs/fiber_stiffness_c4/c4_30.0_vol.txt

===== beginning time step 260 : 26 =====


Reforming stiffness matrix: reformation #1

 1
 Nonlinear solution status: time= 26
	stiffness updates             = 0
	right hand side evaluations   = 2
	stiffness matrix reformations = 1
	step from line search         = 1.000000
	convergence norms :     INITIAL         CURRENT         REQUIRED
	   residual            2.291208e+00    5.860608e-10    0.000000e+00 
	   energy              1.070620e-02    4.884018e-08    1.070620e-04 
	   displacement        4.960094e-04    4.960094e-04    4.960094e-10 
 2
 Nonlinear solution status: time= 26
	stiffness updates             = 1
	right hand side evaluations   = 3
	stiffness matrix reformations = 1
	step from line search         = 1.000000
	convergence norms :     INITIAL         CURRENT         REQUIRED
	   residual            2.291208e+00    3.871657e-15    0.000000e+00 
	   energy              1.070620e-02    1.483047e-14    1.070620e-04 
	   displacement        4.960094e-04    1.484874e-12    4.959941e-10 

convergence summary
    number of iterations   : 2
    number of reformations : 1

------- converged at time : 26


Data Record #1
===========================================================================
Step = 260
Time = 26
Data = uz
File = feb_inputs/fiber_stiffness_c4/../../raw_logs/fiber_stiffness_c4/c4_30.0_disp.txt

Data Record #2
===========================================================================
Step = 260
Time = 26
Data = sz
File = feb_inputs/fiber_stiffness_c4/../../raw_logs/fiber_stiffness_c4/c4_30.0_stress.txt

Data Record #3
===========================================================================
Step = 260
Time = 26
Data = J
File = feb_inputs/fiber_stiffness_c4/../../raw_logs/fiber_stiffness_c4/c4_30.0_vol.txt

===== beginning time step 261 : 26.1 =====


Reforming stiffness matrix: reformation #1

 1
 Nonlinear solution status: time= 26.1
	stiffness updates             = 0
	right hand side evaluations   = 2
	stiffness matrix reformations = 1
	step from line search         = 1.000000
	convergence norms :     INITIAL         CURRENT         REQUIRED
	   residual            2.257188e+00    4.685608e-10    0.000000e+00 
	   energy              1.043215e-02    4.867134e-08    1.043215e-04 
	   displacement        4.749880e-04    4.749880e-04    4.749880e-10 
 2
 Nonlinear solution status: time= 26.1
	stiffness updates             = 1
	right hand side evaluations   = 3
	stiffness matrix reformations = 1
	step from line search         = 1.000000
	convergence norms :     INITIAL         CURRENT         REQUIRED
	   residual            2.257188e+00    3.092619e-15    0.000000e+00 
	   energy              1.043215e-02    1.348969e-14    1.043215e-04 
	   displacement        4.749880e-04    1.407405e-12    4.749735e-10 

convergence summary
    number of iterations   : 2
    number of reformations : 1

------- converged at time : 26.1


Data Record #1
===========================================================================
Step = 261
Time = 26.1
Data = uz
File = feb_inputs/fiber_stiffness_c4/../../raw_logs/fiber_stiffness_c4/c4_30.0_disp.txt

Data Record #2
===========================================================================
Step = 261
Time = 26.1
Data = sz
File = feb_inputs/fiber_stiffness_c4/../../raw_logs/fiber_stiffness_c4/c4_30.0_stress.txt

Data Record #3
===========================================================================
Step = 261
Time = 26.1
Data = J
File = feb_inputs/fiber_stiffness_c4/../../raw_logs/fiber_stiffness_c4/c4_30.0_vol.txt

===== beginning time step 262 : 26.2 =====


Reforming stiffness matrix: reformation #1

 1
 Nonlinear solution status: time= 26.2
	stiffness updates             = 0
	right hand side evaluations   = 2
	stiffness matrix reformations = 1
	step from line search         = 1.000000
	convergence norms :     INITIAL         CURRENT         REQUIRED
	   residual            2.196945e+00    5.620944e-10    0.000000e+00 
	   energy              1.017637e-02    5.083671e-08    1.017637e-04 
	   displacement        4.604595e-04    4.604595e-04    4.604595e-10 
 2
 Nonlinear solution status: time= 26.2
	stiffness updates             = 1
	right hand side evaluations   = 3
	stiffness matrix reformations = 1
	step from line search         = 1.000000
	convergence norms :     INITIAL         CURRENT         REQUIRED
	   residual            2.196945e+00    3.198699e-15    0.000000e+00 
	   energy              1.017637e-02    1.335874e-14    1.017637e-04 
	   displacement        4.604595e-04    1.385484e-12    4.604451e-10 

convergence summary
    number of iterations   : 2
    number of reformations : 1

------- converged at time : 26.2


Data Record #1
===========================================================================
Step = 262
Time = 26.2
Data = uz
File = feb_inputs/fiber_stiffness_c4/../../raw_logs/fiber_stiffness_c4/c4_30.0_disp.txt

Data Record #2
===========================================================================
Step = 262
Time = 26.2
Data = sz
File = feb_inputs/fiber_stiffness_c4/../../raw_logs/fiber_stiffness_c4/c4_30.0_stress.txt

Data Record #3
===========================================================================
Step = 262
Time = 26.2
Data = J
File = feb_inputs/fiber_stiffness_c4/../../raw_logs/fiber_stiffness_c4/c4_30.0_vol.txt

===== beginning time step 263 : 26.3 =====


Reforming stiffness matrix: reformation #1

 1
 Nonlinear solution status: time= 26.3
	stiffness updates             = 0
	right hand side evaluations   = 2
	stiffness matrix reformations = 1
	step from line search         = 1.000000
	convergence norms :     INITIAL         CURRENT         REQUIRED
	   residual            2.107886e+00    5.855910e-10    0.000000e+00 
	   energy              9.905339e-03    5.311331e-08    9.905339e-05 
	   displacement        4.504670e-04    4.504670e-04    4.504670e-10 
 2
 Nonlinear solution status: time= 26.3
	stiffness updates             = 1
	right hand side evaluations   = 3
	stiffness matrix reformations = 1
	step from line search         = 1.000000
	convergence norms :     INITIAL         CURRENT         REQUIRED
	   residual            2.107886e+00    3.553603e-15    0.000000e+00 
	   energy              9.905339e-03    1.423303e-14    9.905339e-05 
	   displacement        4.504670e-04    1.391705e-12    4.504526e-10 

convergence summary
    number of iterations   : 2
    number of reformations : 1

------- converged at time : 26.3


Data Record #1
===========================================================================
Step = 263
Time = 26.3
Data = uz
File = feb_inputs/fiber_stiffness_c4/../../raw_logs/fiber_stiffness_c4/c4_30.0_disp.txt

Data Record #2
===========================================================================
Step = 263
Time = 26.3
Data = sz
File = feb_inputs/fiber_stiffness_c4/../../raw_logs/fiber_stiffness_c4/c4_30.0_stress.txt

Data Record #3
===========================================================================
Step = 263
Time = 26.3
Data = J
File = feb_inputs/fiber_stiffness_c4/../../raw_logs/fiber_stiffness_c4/c4_30.0_vol.txt

===== beginning time step 264 : 26.4 =====


Reforming stiffness matrix: reformation #1

 1
 Nonlinear solution status: time= 26.4
	stiffness updates             = 0
	right hand side evaluations   = 2
	stiffness matrix reformations = 1
	step from line search         = 1.000000
	convergence norms :     INITIAL         CURRENT         REQUIRED
	   residual            2.009352e+00    5.835015e-10    0.000000e+00 
	   energy              9.611568e-03    5.224448e-08    9.611568e-05 
	   displacement        4.406053e-04    4.406053e-04    4.406053e-10 
 2
 Nonlinear solution status: time= 26.4
	stiffness updates             = 1
	right hand side evaluations   = 3
	stiffness matrix reformations = 1
	step from line search         = 1.000000
	convergence norms :     INITIAL         CURRENT         REQUIRED
	   residual            2.009352e+00    3.748171e-15    0.000000e+00 
	   energy              9.611568e-03    1.563767e-14    9.611568e-05 
	   displacement        4.406053e-04    1.362050e-12    4.405915e-10 

convergence summary
    number of iterations   : 2
    number of reformations : 1

------- converged at time : 26.4


Data Record #1
===========================================================================
Step = 264
Time = 26.4
Data = uz
File = feb_inputs/fiber_stiffness_c4/../../raw_logs/fiber_stiffness_c4/c4_30.0_disp.txt

Data Record #2
===========================================================================
Step = 264
Time = 26.4
Data = sz
File = feb_inputs/fiber_stiffness_c4/../../raw_logs/fiber_stiffness_c4/c4_30.0_stress.txt

Data Record #3
===========================================================================
Step = 264
Time = 26.4
Data = J
File = feb_inputs/fiber_stiffness_c4/../../raw_logs/fiber_stiffness_c4/c4_30.0_vol.txt

===== beginning time step 265 : 26.5 =====


Reforming stiffness matrix: reformation #1

 1
 Nonlinear solution status: time= 26.5
	stiffness updates             = 0
	right hand side evaluations   = 2
	stiffness matrix reformations = 1
	step from line search         = 1.000000
	convergence norms :     INITIAL         CURRENT         REQUIRED
	   residual            1.922477e+00    5.561475e-10    0.000000e+00 
	   energy              9.323602e-03    5.105327e-08    9.323602e-05 
	   displacement        4.290556e-04    4.290556e-04    4.290556e-10 
 2
 Nonlinear solution status: time= 26.5
	stiffness updates             = 1
	right hand side evaluations   = 3
	stiffness matrix reformations = 1
	step from line search         = 1.000000
	convergence norms :     INITIAL         CURRENT         REQUIRED
	   residual            1.922477e+00    3.013189e-15    0.000000e+00 
	   energy              9.323602e-03    1.479459e-14    9.323602e-05 
	   displacement        4.290556e-04    1.321157e-12    4.290420e-10 

convergence summary
    number of iterations   : 2
    number of reformations : 1

------- converged at time : 26.5


Data Record #1
===========================================================================
Step = 265
Time = 26.5
Data = uz
File = feb_inputs/fiber_stiffness_c4/../../raw_logs/fiber_stiffness_c4/c4_30.0_disp.txt

Data Record #2
===========================================================================
Step = 265
Time = 26.5
Data = sz
File = feb_inputs/fiber_stiffness_c4/../../raw_logs/fiber_stiffness_c4/c4_30.0_stress.txt

Data Record #3
===========================================================================
Step = 265
Time = 26.5
Data = J
File = feb_inputs/fiber_stiffness_c4/../../raw_logs/fiber_stiffness_c4/c4_30.0_vol.txt

===== beginning time step 266 : 26.6 =====


Reforming stiffness matrix: reformation #1

 1
 Nonlinear solution status: time= 26.6
	stiffness updates             = 0
	right hand side evaluations   = 2
	stiffness matrix reformations = 1
	step from line search         = 1.000000
	convergence norms :     INITIAL         CURRENT         REQUIRED
	   residual            1.845801e+00    5.937274e-10    0.000000e+00 
	   energy              9.082216e-03    5.469416e-08    9.082216e-05 
	   displacement        4.195005e-04    4.195005e-04    4.195005e-10 
 2
 Nonlinear solution status: time= 26.6
	stiffness updates             = 1
	right hand side evaluations   = 3
	stiffness matrix reformations = 1
	step from line search         = 1.000000
	convergence norms :     INITIAL         CURRENT         REQUIRED
	   residual            1.845801e+00    3.042514e-15    0.000000e+00 
	   energy              9.082216e-03    1.426919e-14    9.082216e-05 
	   displacement        4.195005e-04    1.369022e-12    4.194844e-10 

convergence summary
    number of iterations   : 2
    number of reformations : 1

------- converged at time : 26.6


Data Record #1
===========================================================================
Step = 266
Time = 26.6
Data = uz
File = feb_inputs/fiber_stiffness_c4/../../raw_logs/fiber_stiffness_c4/c4_30.0_disp.txt

Data Record #2
===========================================================================
Step = 266
Time = 26.6
Data = sz
File = feb_inputs/fiber_stiffness_c4/../../raw_logs/fiber_stiffness_c4/c4_30.0_stress.txt

Data Record #3
===========================================================================
Step = 266
Time = 26.6
Data = J
File = feb_inputs/fiber_stiffness_c4/../../raw_logs/fiber_stiffness_c4/c4_30.0_vol.txt

===== beginning time step 267 : 26.7 =====


Reforming stiffness matrix: reformation #1

 1
 Nonlinear solution status: time= 26.7
	stiffness updates             = 0
	right hand side evaluations   = 2
	stiffness matrix reformations = 1
	step from line search         = 1.000000
	convergence norms :     INITIAL         CURRENT         REQUIRED
	   residual            1.767896e+00    6.400738e-10    0.000000e+00 
	   energy              8.927157e-03    6.552328e-08    8.927157e-05 
	   displacement        4.165651e-04    4.165651e-04    4.165651e-10 
 2
 Nonlinear solution status: time= 26.7
	stiffness updates             = 1
	right hand side evaluations   = 3
	stiffness matrix reformations = 1
	step from line search         = 1.000000
	convergence norms :     INITIAL         CURRENT         REQUIRED
	   residual            1.767896e+00    3.154274e-15    0.000000e+00 
	   energy              8.927157e-03    1.497086e-14    8.927157e-05 
	   displacement        4.165651e-04    1.573948e-12    4.165441e-10 

convergence summary
    number of iterations   : 2
    number of reformations : 1

------- converged at time : 26.7


Data Record #1
===========================================================================
Step = 267
Time = 26.7
Data = uz
File = feb_inputs/fiber_stiffness_c4/../../raw_logs/fiber_stiffness_c4/c4_30.0_disp.txt

Data Record #2
===========================================================================
Step = 267
Time = 26.7
Data = sz
File = feb_inputs/fiber_stiffness_c4/../../raw_logs/fiber_stiffness_c4/c4_30.0_stress.txt

Data Record #3
===========================================================================
Step = 267
Time = 26.7
Data = J
File = feb_inputs/fiber_stiffness_c4/../../raw_logs/fiber_stiffness_c4/c4_30.0_vol.txt

===== beginning time step 268 : 26.8 =====


Reforming stiffness matrix: reformation #1

 1
 Nonlinear solution status: time= 26.8
	stiffness updates             = 0
	right hand side evaluations   = 2
	stiffness matrix reformations = 1
	step from line search         = 1.000000
	convergence norms :     INITIAL         CURRENT         REQUIRED
	   residual            1.698120e+00    7.630885e-10    0.000000e+00 
	   energy              8.910981e-03    8.174214e-08    8.910981e-05 
	   displacement        4.240357e-04    4.240357e-04    4.240357e-10 
 2
 Nonlinear solution status: time= 26.8
	stiffness updates             = 1
	right hand side evaluations   = 3
	stiffness matrix reformations = 1
	step from line search         = 1.000000
	convergence norms :     INITIAL         CURRENT         REQUIRED
	   residual            1.698120e+00    3.340857e-15    0.000000e+00 
	   energy              8.910981e-03    1.666967e-14    8.910981e-05 
	   displacement        4.240357e-04    1.906430e-12    4.240092e-10 

convergence summary
    number of iterations   : 2
    number of reformations : 1

------- converged at time : 26.8


Data Record #1
===========================================================================
Step = 268
Time = 26.8
Data = uz
File = feb_inputs/fiber_stiffness_c4/../../raw_logs/fiber_stiffness_c4/c4_30.0_disp.txt

Data Record #2
===========================================================================
Step = 268
Time = 26.8
Data = sz
File = feb_inputs/fiber_stiffness_c4/../../raw_logs/fiber_stiffness_c4/c4_30.0_stress.txt

Data Record #3
===========================================================================
Step = 268
Time = 26.8
Data = J
File = feb_inputs/fiber_stiffness_c4/../../raw_logs/fiber_stiffness_c4/c4_30.0_vol.txt

===== beginning time step 269 : 26.9 =====


Reforming stiffness matrix: reformation #1

 1
 Nonlinear solution status: time= 26.9
	stiffness updates             = 0
	right hand side evaluations   = 2
	stiffness matrix reformations = 1
	step from line search         = 1.000000
	convergence norms :     INITIAL         CURRENT         REQUIRED
	   residual            1.658083e+00    9.398824e-10    0.000000e+00 
	   energy              9.102037e-03    1.006764e-07    9.102037e-05 
	   displacement        4.458382e-04    4.458382e-04    4.458382e-10 
 2
 Nonlinear solution status: time= 26.9
	stiffness updates             = 1
	right hand side evaluations   = 3
	stiffness matrix reformations = 1
	step from line search         = 1.000000
	convergence norms :     INITIAL         CURRENT         REQUIRED
	   residual            1.658083e+00    3.702772e-15    0.000000e+00 
	   energy              9.102037e-03    1.842984e-14    9.102037e-05 
	   displacement        4.458382e-04    2.224698e-12    4.458063e-10 

convergence summary
    number of iterations   : 2
    number of reformations : 1

------- converged at time : 26.9


Data Record #1
===========================================================================
Step = 269
Time = 26.9
Data = uz
File = feb_inputs/fiber_stiffness_c4/../../raw_logs/fiber_stiffness_c4/c4_30.0_disp.txt

Data Record #2
===========================================================================
Step = 269
Time = 26.9
Data = sz
File = feb_inputs/fiber_stiffness_c4/../../raw_logs/fiber_stiffness_c4/c4_30.0_stress.txt

Data Record #3
===========================================================================
Step = 269
Time = 26.9
Data = J
File = feb_inputs/fiber_stiffness_c4/../../raw_logs/fiber_stiffness_c4/c4_30.0_vol.txt

===== beginning time step 270 : 27 =====


Reforming stiffness matrix: reformation #1

 1
 Nonlinear solution status: time= 27
	stiffness updates             = 0
	right hand side evaluations   = 2
	stiffness matrix reformations = 1
	step from line search         = 1.000000
	convergence norms :     INITIAL         CURRENT         REQUIRED
	   residual            1.653542e+00    1.216927e-09    0.000000e+00 
	   energy              9.549722e-03    1.209895e-07    9.549722e-05 
	   displacement        4.823432e-04    4.823432e-04    4.823432e-10 
 2
 Nonlinear solution status: time= 27
	stiffness updates             = 1
	right hand side evaluations   = 3
	stiffness matrix reformations = 1
	step from line search         = 1.000000
	convergence norms :     INITIAL         CURRENT         REQUIRED
	   residual            1.653542e+00    4.540355e-15    0.000000e+00 
	   energy              9.549722e-03    2.100474e-14    9.549722e-05 
	   displacement        4.823432e-04    2.477436e-12    4.823065e-10 

convergence summary
    number of iterations   : 2
    number of reformations : 1

------- converged at time : 27


Data Record #1
===========================================================================
Step = 270
Time = 27
Data = uz
File = feb_inputs/fiber_stiffness_c4/../../raw_logs/fiber_stiffness_c4/c4_30.0_disp.txt

Data Record #2
===========================================================================
Step = 270
Time = 27
Data = sz
File = feb_inputs/fiber_stiffness_c4/../../raw_logs/fiber_stiffness_c4/c4_30.0_stress.txt

Data Record #3
===========================================================================
Step = 270
Time = 27
Data = J
File = feb_inputs/fiber_stiffness_c4/../../raw_logs/fiber_stiffness_c4/c4_30.0_vol.txt

===== beginning time step 271 : 27.1 =====


Reforming stiffness matrix: reformation #1

 1
 Nonlinear solution status: time= 27.1
	stiffness updates             = 0
	right hand side evaluations   = 2
	stiffness matrix reformations = 1
	step from line search         = 1.000000
	convergence norms :     INITIAL         CURRENT         REQUIRED
	   residual            1.681894e+00    1.561220e-09    0.000000e+00 
	   energy              1.025779e-02    1.445013e-07    1.025779e-04 
	   displacement        5.309895e-04    5.309895e-04    5.309895e-10 
 2
 Nonlinear solution status: time= 27.1
	stiffness updates             = 1
	right hand side evaluations   = 3
	stiffness matrix reformations = 1
	step from line search         = 1.000000
	convergence norms :     INITIAL         CURRENT         REQUIRED
	   residual            1.681894e+00    5.643760e-15    0.000000e+00 
	   energy              1.025779e-02    2.238092e-14    1.025779e-04 
	   displacement        5.309895e-04    2.620323e-12    5.309488e-10 

convergence summary
    number of iterations   : 2
    number of reformations : 1

------- converged at time : 27.1


Data Record #1
===========================================================================
Step = 271
Time = 27.1
Data = uz
File = feb_inputs/fiber_stiffness_c4/../../raw_logs/fiber_stiffness_c4/c4_30.0_disp.txt

Data Record #2
===========================================================================
Step = 271
Time = 27.1
Data = sz
File = feb_inputs/fiber_stiffness_c4/../../raw_logs/fiber_stiffness_c4/c4_30.0_stress.txt

Data Record #3
===========================================================================
Step = 271
Time = 27.1
Data = J
File = feb_inputs/fiber_stiffness_c4/../../raw_logs/fiber_stiffness_c4/c4_30.0_vol.txt

===== beginning time step 272 : 27.2 =====


Reforming stiffness matrix: reformation #1

 1
 Nonlinear solution status: time= 27.2
	stiffness updates             = 0
	right hand side evaluations   = 2
	stiffness matrix reformations = 1
	step from line search         = 1.000000
	convergence norms :     INITIAL         CURRENT         REQUIRED
	   residual            1.747169e+00    1.750432e-09    0.000000e+00 
	   energy              1.118982e-02    1.698951e-07    1.118982e-04 
	   displacement        5.889762e-04    5.889762e-04    5.889762e-10 
 2
 Nonlinear solution status: time= 27.2
	stiffness updates             = 1
	right hand side evaluations   = 3
	stiffness matrix reformations = 1
	step from line search         = 1.000000
	convergence norms :     INITIAL         CURRENT         REQUIRED
	   residual            1.747169e+00    6.184769e-15    0.000000e+00 
	   energy              1.118982e-02    2.177658e-14    1.118982e-04 
	   displacement        5.889762e-04    2.733457e-12    5.889321e-10 

convergence summary
    number of iterations   : 2
    number of reformations : 1

------- converged at time : 27.2


Data Record #1
===========================================================================
Step = 272
Time = 27.2
Data = uz
File = feb_inputs/fiber_stiffness_c4/../../raw_logs/fiber_stiffness_c4/c4_30.0_disp.txt

Data Record #2
===========================================================================
Step = 272
Time = 27.2
Data = sz
File = feb_inputs/fiber_stiffness_c4/../../raw_logs/fiber_stiffness_c4/c4_30.0_stress.txt

Data Record #3
===========================================================================
Step = 272
Time = 27.2
Data = J
File = feb_inputs/fiber_stiffness_c4/../../raw_logs/fiber_stiffness_c4/c4_30.0_vol.txt

===== beginning time step 273 : 27.3 =====


Reforming stiffness matrix: reformation #1

 1
 Nonlinear solution status: time= 27.3
	stiffness updates             = 0
	right hand side evaluations   = 2
	stiffness matrix reformations = 1
	step from line search         = 1.000000
	convergence norms :     INITIAL         CURRENT         REQUIRED
	   residual            1.854879e+00    1.943276e-09    0.000000e+00 
	   energy              1.227723e-02    1.891194e-07    1.227723e-04 
	   displacement        6.513749e-04    6.513749e-04    6.513749e-10 
 2
 Nonlinear solution status: time= 27.3
	stiffness updates             = 1
	right hand side evaluations   = 3
	stiffness matrix reformations = 1
	step from line search         = 1.000000
	convergence norms :     INITIAL         CURRENT         REQUIRED
	   residual            1.854879e+00    6.556917e-15    0.000000e+00 
	   energy              1.227723e-02    2.444142e-14    1.227723e-04 
	   displacement        6.513749e-04    2.970424e-12    6.513279e-10 

convergence summary
    number of iterations   : 2
    number of reformations : 1

------- converged at time : 27.3


Data Record #1
===========================================================================
Step = 273
Time = 27.3
Data = uz
File = feb_inputs/fiber_stiffness_c4/../../raw_logs/fiber_stiffness_c4/c4_30.0_disp.txt

Data Record #2
===========================================================================
Step = 273
Time = 27.3
Data = sz
File = feb_inputs/fiber_stiffness_c4/../../raw_logs/fiber_stiffness_c4/c4_30.0_stress.txt

Data Record #3
===========================================================================
Step = 273
Time = 27.3
Data = J
File = feb_inputs/fiber_stiffness_c4/../../raw_logs/fiber_stiffness_c4/c4_30.0_vol.txt

===== beginning time step 274 : 27.4 =====


Reforming stiffness matrix: reformation #1

 1
 Nonlinear solution status: time= 27.4
	stiffness updates             = 0
	right hand side evaluations   = 2
	stiffness matrix reformations = 1
	step from line search         = 1.000000
	convergence norms :     INITIAL         CURRENT         REQUIRED
	   residual            1.994751e+00    2.161373e-09    0.000000e+00 
	   energy              1.341749e-02    1.989940e-07    1.341749e-04 
	   displacement        7.124731e-04    7.124731e-04    7.124731e-10 
 2
 Nonlinear solution status: time= 27.4
	stiffness updates             = 1
	right hand side evaluations   = 3
	stiffness matrix reformations = 1
	step from line search         = 1.000000
	convergence norms :     INITIAL         CURRENT         REQUIRED
	   residual            1.994751e+00    6.939405e-15    0.000000e+00 
	   energy              1.341749e-02    2.800495e-14    1.341749e-04 
	   displacement        7.124731e-04    3.161606e-12    7.124252e-10 

convergence summary
    number of iterations   : 2
    number of reformations : 1

------- converged at time : 27.4


Data Record #1
===========================================================================
Step = 274
Time = 27.4
Data = uz
File = feb_inputs/fiber_stiffness_c4/../../raw_logs/fiber_stiffness_c4/c4_30.0_disp.txt

Data Record #2
===========================================================================
Step = 274
Time = 27.4
Data = sz
File = feb_inputs/fiber_stiffness_c4/../../raw_logs/fiber_stiffness_c4/c4_30.0_stress.txt

Data Record #3
===========================================================================
Step = 274
Time = 27.4
Data = J
File = feb_inputs/fiber_stiffness_c4/../../raw_logs/fiber_stiffness_c4/c4_30.0_vol.txt

===== beginning time step 275 : 27.5 =====


Reforming stiffness matrix: reformation #1

 1
 Nonlinear solution status: time= 27.5
	stiffness updates             = 0
	right hand side evaluations   = 2
	stiffness matrix reformations = 1
	step from line search         = 1.000000
	convergence norms :     INITIAL         CURRENT         REQUIRED
	   residual            2.139234e+00    1.967112e-09    0.000000e+00 
	   energy              1.450459e-02    2.055879e-07    1.450459e-04 
	   displacement        7.684699e-04    7.684699e-04    7.684699e-10 
 2
 Nonlinear solution status: time= 27.5
	stiffness updates             = 1
	right hand side evaluations   = 3
	stiffness matrix reformations = 1
	step from line search         = 1.000000
	convergence norms :     INITIAL         CURRENT         REQUIRED
	   residual            2.139234e+00    6.674875e-15    0.000000e+00 
	   energy              1.450459e-02    2.821354e-14    1.450459e-04 
	   displacement        7.684699e-04    3.387398e-12    7.684207e-10 

convergence summary
    number of iterations   : 2
    number of reformations : 1

------- converged at time : 27.5


Data Record #1
===========================================================================
Step = 275
Time = 27.5
Data = uz
File = feb_inputs/fiber_stiffness_c4/../../raw_logs/fiber_stiffness_c4/c4_30.0_disp.txt

Data Record #2
===========================================================================
Step = 275
Time = 27.5
Data = sz
File = feb_inputs/fiber_stiffness_c4/../../raw_logs/fiber_stiffness_c4/c4_30.0_stress.txt

Data Record #3
===========================================================================
Step = 275
Time = 27.5
Data = J
File = feb_inputs/fiber_stiffness_c4/../../raw_logs/fiber_stiffness_c4/c4_30.0_vol.txt

===== beginning time step 276 : 27.6 =====


Reforming stiffness matrix: reformation #1

 1
 Nonlinear solution status: time= 27.6
	stiffness updates             = 0
	right hand side evaluations   = 2
	stiffness matrix reformations = 1
	step from line search         = 1.000000
	convergence norms :     INITIAL         CURRENT         REQUIRED
	   residual            2.268293e+00    1.618073e-09    0.000000e+00 
	   energy              1.547639e-02    2.110998e-07    1.547639e-04 
	   displacement        8.183588e-04    8.183588e-04    8.183588e-10 
 2
 Nonlinear solution status: time= 27.6
	stiffness updates             = 1
	right hand side evaluations   = 3
	stiffness matrix reformations = 1
	step from line search         = 1.000000
	convergence norms :     INITIAL         CURRENT         REQUIRED
	   residual            2.268293e+00    6.403679e-15    0.000000e+00 
	   energy              1.547639e-02    2.892129e-14    1.547639e-04 
	   displacement        8.183588e-04    3.676700e-12    8.183056e-10 

convergence summary
    number of iterations   : 2
    number of reformations : 1

------- converged at time : 27.6


Data Record #1
===========================================================================
Step = 276
Time = 27.6
Data = uz
File = feb_inputs/fiber_stiffness_c4/../../raw_logs/fiber_stiffness_c4/c4_30.0_disp.txt

Data Record #2
===========================================================================
Step = 276
Time = 27.6
Data = sz
File = feb_inputs/fiber_stiffness_c4/../../raw_logs/fiber_stiffness_c4/c4_30.0_stress.txt

Data Record #3
===========================================================================
Step = 276
Time = 27.6
Data = J
File = feb_inputs/fiber_stiffness_c4/../../raw_logs/fiber_stiffness_c4/c4_30.0_vol.txt

===== beginning time step 277 : 27.7 =====


Reforming stiffness matrix: reformation #1

 1
 Nonlinear solution status: time= 27.7
	stiffness updates             = 0
	right hand side evaluations   = 2
	stiffness matrix reformations = 1
	step from line search         = 1.000000
	convergence norms :     INITIAL         CURRENT         REQUIRED
	   residual            2.386530e+00    1.306411e-09    0.000000e+00 
	   energy              1.633523e-02    2.123979e-07    1.633523e-04 
	   displacement        8.633106e-04    8.633106e-04    8.633106e-10 
 2
 Nonlinear solution status: time= 27.7
	stiffness updates             = 1
	right hand side evaluations   = 3
	stiffness matrix reformations = 1
	step from line search         = 1.000000
	convergence norms :     INITIAL         CURRENT         REQUIRED
	   residual            2.386530e+00    5.620776e-15    0.000000e+00 
	   energy              1.633523e-02    2.776326e-14    1.633523e-04 
	   displacement        8.633106e-04    3.766084e-12    8.632539e-10 

convergence summary
    number of iterations   : 2
    number of reformations : 1

------- converged at time : 27.7


Data Record #1
===========================================================================
Step = 277
Time = 27.7
Data = uz
File = feb_inputs/fiber_stiffness_c4/../../raw_logs/fiber_stiffness_c4/c4_30.0_disp.txt

Data Record #2
===========================================================================
Step = 277
Time = 27.7
Data = sz
File = feb_inputs/fiber_stiffness_c4/../../raw_logs/fiber_stiffness_c4/c4_30.0_stress.txt

Data Record #3
===========================================================================
Step = 277
Time = 27.7
Data = J
File = feb_inputs/fiber_stiffness_c4/../../raw_logs/fiber_stiffness_c4/c4_30.0_vol.txt

===== beginning time step 278 : 27.8 =====


Reforming stiffness matrix: reformation #1

 1
 Nonlinear solution status: time= 27.8
	stiffness updates             = 0
	right hand side evaluations   = 2
	stiffness matrix reformations = 1
	step from line search         = 1.000000
	convergence norms :     INITIAL         CURRENT         REQUIRED
	   residual            2.508365e+00    9.464609e-10    0.000000e+00 
	   energy              1.714200e-02    2.100418e-07    1.714200e-04 
	   displacement        9.058096e-04    9.058096e-04    9.058096e-10 
 2
 Nonlinear solution status: time= 27.8
	stiffness updates             = 1
	right hand side evaluations   = 3
	stiffness matrix reformations = 1
	step from line search         = 1.000000
	convergence norms :     INITIAL         CURRENT         REQUIRED
	   residual            2.508365e+00    4.750871e-15    0.000000e+00 
	   energy              1.714200e-02    2.607657e-14    1.714200e-04 
	   displacement        9.058096e-04    3.757301e-12    9.057523e-10 

convergence summary
    number of iterations   : 2
    number of reformations : 1

------- converged at time : 27.8


Data Record #1
===========================================================================
Step = 278
Time = 27.8
Data = uz
File = feb_inputs/fiber_stiffness_c4/../../raw_logs/fiber_stiffness_c4/c4_30.0_disp.txt

Data Record #2
===========================================================================
Step = 278
Time = 27.8
Data = sz
File = feb_inputs/fiber_stiffness_c4/../../raw_logs/fiber_stiffness_c4/c4_30.0_stress.txt

Data Record #3
===========================================================================
Step = 278
Time = 27.8
Data = J
File = feb_inputs/fiber_stiffness_c4/../../raw_logs/fiber_stiffness_c4/c4_30.0_vol.txt

===== beginning time step 279 : 27.9 =====


Reforming stiffness matrix: reformation #1

 1
 Nonlinear solution status: time= 27.9
	stiffness updates             = 0
	right hand side evaluations   = 2
	stiffness matrix reformations = 1
	step from line search         = 1.000000
	convergence norms :     INITIAL         CURRENT         REQUIRED
	   residual            2.647381e+00    7.830251e-10    0.000000e+00 
	   energy              1.798879e-02    2.006230e-07    1.798879e-04 
	   displacement        9.508427e-04    9.508427e-04    9.508427e-10 
 2
 Nonlinear solution status: time= 27.9
	stiffness updates             = 1
	right hand side evaluations   = 3
	stiffness matrix reformations = 1
	step from line search         = 1.000000
	convergence norms :     INITIAL         CURRENT         REQUIRED
	   residual            2.647381e+00    4.398304e-15    0.000000e+00 
	   energy              1.798879e-02    2.777613e-14    1.798879e-04 
	   displacement        9.508427e-04    3.811962e-12    9.507873e-10 

convergence summary
    number of iterations   : 2
    number of reformations : 1

------- converged at time : 27.9


Data Record #1
===========================================================================
Step = 279
Time = 27.9
Data = uz
File = feb_inputs/fiber_stiffness_c4/../../raw_logs/fiber_stiffness_c4/c4_30.0_disp.txt

Data Record #2
===========================================================================
Step = 279
Time = 27.9
Data = sz
File = feb_inputs/fiber_stiffness_c4/../../raw_logs/fiber_stiffness_c4/c4_30.0_stress.txt

Data Record #3
===========================================================================
Step = 279
Time = 27.9
Data = J
File = feb_inputs/fiber_stiffness_c4/../../raw_logs/fiber_stiffness_c4/c4_30.0_vol.txt

===== beginning time step 280 : 28 =====


Reforming stiffness matrix: reformation #1

 1
 Nonlinear solution status: time= 28
	stiffness updates             = 0
	right hand side evaluations   = 2
	stiffness matrix reformations = 1
	step from line search         = 1.000000
	convergence norms :     INITIAL         CURRENT         REQUIRED
	   residual            2.825470e+00    7.160674e-10    0.000000e+00 
	   energy              1.897641e-02    1.810611e-07    1.897641e-04 
	   displacement        1.002948e-03    1.002948e-03    1.002948e-09 
 2
 Nonlinear solution status: time= 28
	stiffness updates             = 1
	right hand side evaluations   = 3
	stiffness matrix reformations = 1
	step from line search         = 1.000000
	convergence norms :     INITIAL         CURRENT         REQUIRED
	   residual            2.825470e+00    4.086057e-15    0.000000e+00 
	   energy              1.897641e-02    2.744217e-14    1.897641e-04 
	   displacement        1.002948e-03    3.605659e-12    1.002896e-09 

convergence summary
    number of iterations   : 2
    number of reformations : 1

------- converged at time : 28


Data Record #1
===========================================================================
Step = 280
Time = 28
Data = uz
File = feb_inputs/fiber_stiffness_c4/../../raw_logs/fiber_stiffness_c4/c4_30.0_disp.txt

Data Record #2
===========================================================================
Step = 280
Time = 28
Data = sz
File = feb_inputs/fiber_stiffness_c4/../../raw_logs/fiber_stiffness_c4/c4_30.0_stress.txt

Data Record #3
===========================================================================
Step = 280
Time = 28
Data = J
File = feb_inputs/fiber_stiffness_c4/../../raw_logs/fiber_stiffness_c4/c4_30.0_vol.txt

===== beginning time step 281 : 28.1 =====


Reforming stiffness matrix: reformation #1

 1
 Nonlinear solution status: time= 28.1
	stiffness updates             = 0
	right hand side evaluations   = 2
	stiffness matrix reformations = 1
	step from line search         = 1.000000
	convergence norms :     INITIAL         CURRENT         REQUIRED
	   residual            3.068994e+00    6.142717e-10    0.000000e+00 
	   energy              2.018962e-02    1.585555e-07    2.018962e-04 
	   displacement        1.063536e-03    1.063536e-03    1.063536e-09 
 2
 Nonlinear solution status: time= 28.1
	stiffness updates             = 1
	right hand side evaluations   = 3
	stiffness matrix reformations = 1
	step from line search         = 1.000000
	convergence norms :     INITIAL         CURRENT         REQUIRED
	   residual            3.068994e+00    3.533305e-15    0.000000e+00 
	   energy              2.018962e-02    2.429781e-14    2.018962e-04 
	   displacement        1.063536e-03    3.145078e-12    1.063491e-09 

convergence summary
    number of iterations   : 2
    number of reformations : 1

------- converged at time : 28.1


Data Record #1
===========================================================================
Step = 281
Time = 28.1
Data = uz
File = feb_inputs/fiber_stiffness_c4/../../raw_logs/fiber_stiffness_c4/c4_30.0_disp.txt

Data Record #2
===========================================================================
Step = 281
Time = 28.1
Data = sz
File = feb_inputs/fiber_stiffness_c4/../../raw_logs/fiber_stiffness_c4/c4_30.0_stress.txt

Data Record #3
===========================================================================
Step = 281
Time = 28.1
Data = J
File = feb_inputs/fiber_stiffness_c4/../../raw_logs/fiber_stiffness_c4/c4_30.0_vol.txt

===== beginning time step 282 : 28.2 =====


Reforming stiffness matrix: reformation #1

 1
 Nonlinear solution status: time= 28.2
	stiffness updates             = 0
	right hand side evaluations   = 2
	stiffness matrix reformations = 1
	step from line search         = 1.000000
	convergence norms :     INITIAL         CURRENT         REQUIRED
	   residual            3.399214e+00    5.041376e-10    0.000000e+00 
	   energy              2.168609e-02    1.420223e-07    2.168609e-04 
	   displacement        1.135326e-03    1.135326e-03    1.135326e-09 
 2
 Nonlinear solution status: time= 28.2
	stiffness updates             = 1
	right hand side evaluations   = 3
	stiffness matrix reformations = 1
	step from line search         = 1.000000
	convergence norms :     INITIAL         CURRENT         REQUIRED
	   residual            3.399214e+00    3.582982e-15    0.000000e+00 
	   energy              2.168609e-02    2.217096e-14    2.168609e-04 
	   displacement        1.135326e-03    2.709050e-12    1.135287e-09 

convergence summary
    number of iterations   : 2
    number of reformations : 1

------- converged at time : 28.2


Data Record #1
===========================================================================
Step = 282
Time = 28.2
Data = uz
File = feb_inputs/fiber_stiffness_c4/../../raw_logs/fiber_stiffness_c4/c4_30.0_disp.txt

Data Record #2
===========================================================================
Step = 282
Time = 28.2
Data = sz
File = feb_inputs/fiber_stiffness_c4/../../raw_logs/fiber_stiffness_c4/c4_30.0_stress.txt

Data Record #3
===========================================================================
Step = 282
Time = 28.2
Data = J
File = feb_inputs/fiber_stiffness_c4/../../raw_logs/fiber_stiffness_c4/c4_30.0_vol.txt

===== beginning time step 283 : 28.3 =====


Reforming stiffness matrix: reformation #1

 1
 Nonlinear solution status: time= 28.3
	stiffness updates             = 0
	right hand side evaluations   = 2
	stiffness matrix reformations = 1
	step from line search         = 1.000000
	convergence norms :     INITIAL         CURRENT         REQUIRED
	   residual            3.827029e+00    4.768457e-10    0.000000e+00 
	   energy              2.348701e-02    1.339440e-07    2.348701e-04 
	   displacement        1.218733e-03    1.218733e-03    1.218733e-09 
 2
 Nonlinear solution status: time= 28.3
	stiffness updates             = 1
	right hand side evaluations   = 3
	stiffness matrix reformations = 1
	step from line search         = 1.000000
	convergence norms :     INITIAL         CURRENT         REQUIRED
	   residual            3.827029e+00    3.626679e-15    0.000000e+00 
	   energy              2.348701e-02    2.240278e-14    2.348701e-04 
	   displacement        1.218733e-03    2.515839e-12    1.218700e-09 

convergence summary
    number of iterations   : 2
    number of reformations : 1

------- converged at time : 28.3


Data Record #1
===========================================================================
Step = 283
Time = 28.3
Data = uz
File = feb_inputs/fiber_stiffness_c4/../../raw_logs/fiber_stiffness_c4/c4_30.0_disp.txt

Data Record #2
===========================================================================
Step = 283
Time = 28.3
Data = sz
File = feb_inputs/fiber_stiffness_c4/../../raw_logs/fiber_stiffness_c4/c4_30.0_stress.txt

Data Record #3
===========================================================================
Step = 283
Time = 28.3
Data = J
File = feb_inputs/fiber_stiffness_c4/../../raw_logs/fiber_stiffness_c4/c4_30.0_vol.txt

===== beginning time step 284 : 28.4 =====


Reforming stiffness matrix: reformation #1

 1
 Nonlinear solution status: time= 28.4
	stiffness updates             = 0
	right hand side evaluations   = 2
	stiffness matrix reformations = 1
	step from line search         = 1.000000
	convergence norms :     INITIAL         CURRENT         REQUIRED
	   residual            4.341174e+00    6.914363e-10    0.000000e+00 
	   energy              2.557032e-02    1.327092e-07    2.557032e-04 
	   displacement        1.309933e-03    1.309933e-03    1.309933e-09 
 2
 Nonlinear solution status: time= 28.4
	stiffness updates             = 1
	right hand side evaluations   = 3
	stiffness matrix reformations = 1
	step from line search         = 1.000000
	convergence norms :     INITIAL         CURRENT         REQUIRED
	   residual            4.341174e+00    4.801784e-15    0.000000e+00 
	   energy              2.557032e-02    2.653231e-14    2.557032e-04 
	   displacement        1.309933e-03    2.548060e-12    1.309907e-09 

convergence summary
    number of iterations   : 2
    number of reformations : 1

------- converged at time : 28.4


Data Record #1
===========================================================================
Step = 284
Time = 28.4
Data = uz
File = feb_inputs/fiber_stiffness_c4/../../raw_logs/fiber_stiffness_c4/c4_30.0_disp.txt

Data Record #2
===========================================================================
Step = 284
Time = 28.4
Data = sz
File = feb_inputs/fiber_stiffness_c4/../../raw_logs/fiber_stiffness_c4/c4_30.0_stress.txt

Data Record #3
===========================================================================
Step = 284
Time = 28.4
Data = J
File = feb_inputs/fiber_stiffness_c4/../../raw_logs/fiber_stiffness_c4/c4_30.0_vol.txt

===== beginning time step 285 : 28.5 =====


Reforming stiffness matrix: reformation #1

 1
 Nonlinear solution status: time= 28.5
	stiffness updates             = 0
	right hand side evaluations   = 2
	stiffness matrix reformations = 1
	step from line search         = 1.000000
	convergence norms :     INITIAL         CURRENT         REQUIRED
	   residual            4.906730e+00    9.270912e-10    0.000000e+00 
	   energy              2.786296e-02    1.333666e-07    2.786296e-04 
	   displacement        1.406449e-03    1.406449e-03    1.406449e-09 
 2
 Nonlinear solution status: time= 28.5
	stiffness updates             = 1
	right hand side evaluations   = 3
	stiffness matrix reformations = 1
	step from line search         = 1.000000
	convergence norms :     INITIAL         CURRENT         REQUIRED
	   residual            4.906730e+00    6.359935e-15    0.000000e+00 
	   energy              2.786296e-02    3.020888e-14    2.786296e-04 
	   displacement        1.406449e-03    2.577813e-12    1.406427e-09 

convergence summary
    number of iterations   : 2
    number of reformations : 1

------- converged at time : 28.5


Data Record #1
===========================================================================
Step = 285
Time = 28.5
Data = uz
File = feb_inputs/fiber_stiffness_c4/../../raw_logs/fiber_stiffness_c4/c4_30.0_disp.txt

Data Record #2
===========================================================================
Step = 285
Time = 28.5
Data = sz
File = feb_inputs/fiber_stiffness_c4/../../raw_logs/fiber_stiffness_c4/c4_30.0_stress.txt

Data Record #3
===========================================================================
Step = 285
Time = 28.5
Data = J
File = feb_inputs/fiber_stiffness_c4/../../raw_logs/fiber_stiffness_c4/c4_30.0_vol.txt

===== beginning time step 286 : 28.6 =====


Reforming stiffness matrix: reformation #1

 1
 Nonlinear solution status: time= 28.6
	stiffness updates             = 0
	right hand side evaluations   = 2
	stiffness matrix reformations = 1
	step from line search         = 1.000000
	convergence norms :     INITIAL         CURRENT         REQUIRED
	   residual            5.477200e+00    1.206512e-09    0.000000e+00 
	   energy              3.027164e-02    1.308407e-07    3.027164e-04 
	   displacement        1.506975e-03    1.506975e-03    1.506975e-09 
 2
 Nonlinear solution status: time= 28.6
	stiffness updates             = 1
	right hand side evaluations   = 3
	stiffness matrix reformations = 1
	step from line search         = 1.000000
	convergence norms :     INITIAL         CURRENT         REQUIRED
	   residual            5.477200e+00    8.357273e-15    0.000000e+00 
	   energy              3.027164e-02    3.469564e-14    3.027164e-04 
	   displacement        1.506975e-03    2.632709e-12    1.506955e-09 

convergence summary
    number of iterations   : 2
    number of reformations : 1

------- converged at time : 28.6


Data Record #1
===========================================================================
Step = 286
Time = 28.6
Data = uz
File = feb_inputs/fiber_stiffness_c4/../../raw_logs/fiber_stiffness_c4/c4_30.0_disp.txt

Data Record #2
===========================================================================
Step = 286
Time = 28.6
Data = sz
File = feb_inputs/fiber_stiffness_c4/../../raw_logs/fiber_stiffness_c4/c4_30.0_stress.txt

Data Record #3
===========================================================================
Step = 286
Time = 28.6
Data = J
File = feb_inputs/fiber_stiffness_c4/../../raw_logs/fiber_stiffness_c4/c4_30.0_vol.txt

===== beginning time step 287 : 28.7 =====


Reforming stiffness matrix: reformation #1

 1
 Nonlinear solution status: time= 28.7
	stiffness updates             = 0
	right hand side evaluations   = 2
	stiffness matrix reformations = 1
	step from line search         = 1.000000
	convergence norms :     INITIAL         CURRENT         REQUIRED
	   residual            6.017376e+00    1.567029e-09    0.000000e+00 
	   energy              3.272476e-02    1.227608e-07    3.272476e-04 
	   displacement        1.610734e-03    1.610734e-03    1.610734e-09 
 2
 Nonlinear solution status: time= 28.7
	stiffness updates             = 1
	right hand side evaluations   = 3
	stiffness matrix reformations = 1
	step from line search         = 1.000000
	convergence norms :     INITIAL         CURRENT         REQUIRED
	   residual            6.017376e+00    1.026803e-14    0.000000e+00 
	   energy              3.272476e-02    3.747732e-14    3.272476e-04 
	   displacement        1.610734e-03    2.536391e-12    1.610721e-09 

convergence summary
    number of iterations   : 2
    number of reformations : 1

------- converged at time : 28.7


Data Record #1
===========================================================================
Step = 287
Time = 28.7
Data = uz
File = feb_inputs/fiber_stiffness_c4/../../raw_logs/fiber_stiffness_c4/c4_30.0_disp.txt

Data Record #2
===========================================================================
Step = 287
Time = 28.7
Data = sz
File = feb_inputs/fiber_stiffness_c4/../../raw_logs/fiber_stiffness_c4/c4_30.0_stress.txt

Data Record #3
===========================================================================
Step = 287
Time = 28.7
Data = J
File = feb_inputs/fiber_stiffness_c4/../../raw_logs/fiber_stiffness_c4/c4_30.0_vol.txt

===== beginning time step 288 : 28.8 =====


Reforming stiffness matrix: reformation #1

 1
 Nonlinear solution status: time= 28.8
	stiffness updates             = 0
	right hand side evaluations   = 2
	stiffness matrix reformations = 1
	step from line search         = 1.000000
	convergence norms :     INITIAL         CURRENT         REQUIRED
	   residual            6.523985e+00    2.257506e-09    0.000000e+00 
	   energy              3.520110e-02    1.183230e-07    3.520110e-04 
	   displacement        1.718663e-03    1.718663e-03    1.718663e-09 
 2
 Nonlinear solution status: time= 28.8
	stiffness updates             = 1
	right hand side evaluations   = 3
	stiffness matrix reformations = 1
	step from line search         = 1.000000
	convergence norms :     INITIAL         CURRENT         REQUIRED
	   residual            6.523985e+00    1.377074e-14    0.000000e+00 
	   energy              3.520110e-02    4.321302e-14    3.520110e-04 
	   displacement        1.718663e-03    2.477666e-12    1.718655e-09 

convergence summary
    number of iterations   : 2
    number of reformations : 1

------- converged at time : 28.8


Data Record #1
===========================================================================
Step = 288
Time = 28.8
Data = uz
File = feb_inputs/fiber_stiffness_c4/../../raw_logs/fiber_stiffness_c4/c4_30.0_disp.txt

Data Record #2
===========================================================================
Step = 288
Time = 28.8
Data = sz
File = feb_inputs/fiber_stiffness_c4/../../raw_logs/fiber_stiffness_c4/c4_30.0_stress.txt

Data Record #3
===========================================================================
Step = 288
Time = 28.8
Data = J
File = feb_inputs/fiber_stiffness_c4/../../raw_logs/fiber_stiffness_c4/c4_30.0_vol.txt

===== beginning time step 289 : 28.9 =====


Reforming stiffness matrix: reformation #1

 1
 Nonlinear solution status: time= 28.9
	stiffness updates             = 0
	right hand side evaluations   = 2
	stiffness matrix reformations = 1
	step from line search         = 1.000000
	convergence norms :     INITIAL         CURRENT         REQUIRED
	   residual            7.000107e+00    3.073699e-09    0.000000e+00 
	   energy              3.771169e-02    1.272547e-07    3.771169e-04 
	   displacement        1.831977e-03    1.831977e-03    1.831977e-09 
 2
 Nonlinear solution status: time= 28.9
	stiffness updates             = 1
	right hand side evaluations   = 3
	stiffness matrix reformations = 1
	step from line search         = 1.000000
	convergence norms :     INITIAL         CURRENT         REQUIRED
	   residual            7.000107e+00    1.869082e-14    0.000000e+00 
	   energy              3.771169e-02    5.468783e-14    3.771169e-04 
	   displacement        1.831977e-03    2.855151e-12    1.831969e-09 

convergence summary
    number of iterations   : 2
    number of reformations : 1

------- converged at time : 28.9


Data Record #1
===========================================================================
Step = 289
Time = 28.9
Data = uz
File = feb_inputs/fiber_stiffness_c4/../../raw_logs/fiber_stiffness_c4/c4_30.0_disp.txt

Data Record #2
===========================================================================
Step = 289
Time = 28.9
Data = sz
File = feb_inputs/fiber_stiffness_c4/../../raw_logs/fiber_stiffness_c4/c4_30.0_stress.txt

Data Record #3
===========================================================================
Step = 289
Time = 28.9
Data = J
File = feb_inputs/fiber_stiffness_c4/../../raw_logs/fiber_stiffness_c4/c4_30.0_vol.txt

===== beginning time step 290 : 29 =====


Reforming stiffness matrix: reformation #1

 1
 Nonlinear solution status: time= 29
	stiffness updates             = 0
	right hand side evaluations   = 2
	stiffness matrix reformations = 1
	step from line search         = 1.000000
	convergence norms :     INITIAL         CURRENT         REQUIRED
	   residual            7.431447e+00    3.530659e-09    0.000000e+00 
	   energy              4.025632e-02    1.471532e-07    4.025632e-04 
	   displacement        1.952443e-03    1.952443e-03    1.952443e-09 
 2
 Nonlinear solution status: time= 29
	stiffness updates             = 1
	right hand side evaluations   = 3
	stiffness matrix reformations = 1
	step from line search         = 1.000000
	convergence norms :     INITIAL         CURRENT         REQUIRED
	   residual            7.431447e+00    2.069136e-14    0.000000e+00 
	   energy              4.025632e-02    6.383232e-14    4.025632e-04 
	   displacement        1.952443e-03    3.546188e-12    1.952433e-09 

convergence summary
    number of iterations   : 2
    number of reformations : 1

------- converged at time : 29


Data Record #1
===========================================================================
Step = 290
Time = 29
Data = uz
File = feb_inputs/fiber_stiffness_c4/../../raw_logs/fiber_stiffness_c4/c4_30.0_disp.txt

Data Record #2
===========================================================================
Step = 290
Time = 29
Data = sz
File = feb_inputs/fiber_stiffness_c4/../../raw_logs/fiber_stiffness_c4/c4_30.0_stress.txt

Data Record #3
===========================================================================
Step = 290
Time = 29
Data = J
File = feb_inputs/fiber_stiffness_c4/../../raw_logs/fiber_stiffness_c4/c4_30.0_vol.txt

===== beginning time step 291 : 29.1 =====


Reforming stiffness matrix: reformation #1

 1
 Nonlinear solution status: time= 29.1
	stiffness updates             = 0
	right hand side evaluations   = 2
	stiffness matrix reformations = 1
	step from line search         = 1.000000
	convergence norms :     INITIAL         CURRENT         REQUIRED
	   residual            7.805166e+00    3.921875e-09    0.000000e+00 
	   energy              4.281313e-02    1.667449e-07    4.281313e-04 
	   displacement        2.081699e-03    2.081699e-03    2.081699e-09 
 2
 Nonlinear solution status: time= 29.1
	stiffness updates             = 1
	right hand side evaluations   = 3
	stiffness matrix reformations = 1
	step from line search         = 1.000000
	convergence norms :     INITIAL         CURRENT         REQUIRED
	   residual            7.805166e+00    2.152240e-14    0.000000e+00 
	   energy              4.281313e-02    6.983821e-14    4.281313e-04 
	   displacement        2.081699e-03    4.252487e-12    2.081688e-09 

convergence summary
    number of iterations   : 2
    number of reformations : 1

------- converged at time : 29.1


Data Record #1
===========================================================================
Step = 291
Time = 29.1
Data = uz
File = feb_inputs/fiber_stiffness_c4/../../raw_logs/fiber_stiffness_c4/c4_30.0_disp.txt

Data Record #2
===========================================================================
Step = 291
Time = 29.1
Data = sz
File = feb_inputs/fiber_stiffness_c4/../../raw_logs/fiber_stiffness_c4/c4_30.0_stress.txt

Data Record #3
===========================================================================
Step = 291
Time = 29.1
Data = J
File = feb_inputs/fiber_stiffness_c4/../../raw_logs/fiber_stiffness_c4/c4_30.0_vol.txt

===== beginning time step 292 : 29.2 =====


Reforming stiffness matrix: reformation #1

 1
 Nonlinear solution status: time= 29.2
	stiffness updates             = 0
	right hand side evaluations   = 2
	stiffness matrix reformations = 1
	step from line search         = 1.000000
	convergence norms :     INITIAL         CURRENT         REQUIRED
	   residual            8.145128e+00    3.986342e-09    0.000000e+00 
	   energy              4.536340e-02    1.747999e-07    4.536340e-04 
	   displacement        2.217380e-03    2.217380e-03    2.217380e-09 
 2
 Nonlinear solution status: time= 29.2
	stiffness updates             = 1
	right hand side evaluations   = 3
	stiffness matrix reformations = 1
	step from line search         = 1.000000
	convergence norms :     INITIAL         CURRENT         REQUIRED
	   residual            8.145128e+00    2.176697e-14    0.000000e+00 
	   energy              4.536340e-02    7.065350e-14    4.536340e-04 
	   displacement        2.217380e-03    4.432517e-12    2.217369e-09 

convergence summary
    number of iterations   : 2
    number of reformations : 1

------- converged at time : 29.2


Data Record #1
===========================================================================
Step = 292
Time = 29.2
Data = uz
File = feb_inputs/fiber_stiffness_c4/../../raw_logs/fiber_stiffness_c4/c4_30.0_disp.txt

Data Record #2
===========================================================================
Step = 292
Time = 29.2
Data = sz
File = feb_inputs/fiber_stiffness_c4/../../raw_logs/fiber_stiffness_c4/c4_30.0_stress.txt

Data Record #3
===========================================================================
Step = 292
Time = 29.2
Data = J
File = feb_inputs/fiber_stiffness_c4/../../raw_logs/fiber_stiffness_c4/c4_30.0_vol.txt

===== beginning time step 293 : 29.3 =====


Reforming stiffness matrix: reformation #1

 1
 Nonlinear solution status: time= 29.3
	stiffness updates             = 0
	right hand side evaluations   = 2
	stiffness matrix reformations = 1
	step from line search         = 1.000000
	convergence norms :     INITIAL         CURRENT         REQUIRED
	   residual            8.503015e+00    3.819076e-09    0.000000e+00 
	   energy              4.791198e-02    1.718620e-07    4.791198e-04 
	   displacement        2.352667e-03    2.352667e-03    2.352667e-09 
 2
 Nonlinear solution status: time= 29.3
	stiffness updates             = 1
	right hand side evaluations   = 3
	stiffness matrix reformations = 1
	step from line search         = 1.000000
	convergence norms :     INITIAL         CURRENT         REQUIRED
	   residual            8.503015e+00    2.233721e-14    0.000000e+00 
	   energy              4.791198e-02    6.726145e-14    4.791198e-04 
	   displacement        2.352667e-03    4.149803e-12    2.352657e-09 

convergence summary
    number of iterations   : 2
    number of reformations : 1

------- converged at time : 29.3


Data Record #1
===========================================================================
Step = 293
Time = 29.3
Data = uz
File = feb_inputs/fiber_stiffness_c4/../../raw_logs/fiber_stiffness_c4/c4_30.0_disp.txt

Data Record #2
===========================================================================
Step = 293
Time = 29.3
Data = sz
File = feb_inputs/fiber_stiffness_c4/../../raw_logs/fiber_stiffness_c4/c4_30.0_stress.txt

Data Record #3
===========================================================================
Step = 293
Time = 29.3
Data = J
File = feb_inputs/fiber_stiffness_c4/../../raw_logs/fiber_stiffness_c4/c4_30.0_vol.txt

===== beginning time step 294 : 29.4 =====


Reforming stiffness matrix: reformation #1

 1
 Nonlinear solution status: time= 29.4
	stiffness updates             = 0
	right hand side evaluations   = 2
	stiffness matrix reformations = 1
	step from line search         = 1.000000
	convergence norms :     INITIAL         CURRENT         REQUIRED
	   residual            8.900767e+00    3.526270e-09    0.000000e+00 
	   energy              5.047001e-02    1.704564e-07    5.047001e-04 
	   displacement        2.481945e-03    2.481945e-03    2.481945e-09 
 2
 Nonlinear solution status: time= 29.4
	stiffness updates             = 1
	right hand side evaluations   = 3
	stiffness matrix reformations = 1
	step from line search         = 1.000000
	convergence norms :     INITIAL         CURRENT         REQUIRED
	   residual            8.900767e+00    2.207577e-14    0.000000e+00 
	   energy              5.047001e-02    6.133776e-14    5.047001e-04 
	   displacement        2.481945e-03    3.854570e-12    2.481933e-09 

convergence summary
    number of iterations   : 2
    number of reformations : 1

------- converged at time : 29.4


Data Record #1
===========================================================================
Step = 294
Time = 29.4
Data = uz
File = feb_inputs/fiber_stiffness_c4/../../raw_logs/fiber_stiffness_c4/c4_30.0_disp.txt

Data Record #2
===========================================================================
Step = 294
Time = 29.4
Data = sz
File = feb_inputs/fiber_stiffness_c4/../../raw_logs/fiber_stiffness_c4/c4_30.0_stress.txt

Data Record #3
===========================================================================
Step = 294
Time = 29.4
Data = J
File = feb_inputs/fiber_stiffness_c4/../../raw_logs/fiber_stiffness_c4/c4_30.0_vol.txt

===== beginning time step 295 : 29.5 =====


Reforming stiffness matrix: reformation #1

 1
 Nonlinear solution status: time= 29.5
	stiffness updates             = 0
	right hand side evaluations   = 2
	stiffness matrix reformations = 1
	step from line search         = 1.000000
	convergence norms :     INITIAL         CURRENT         REQUIRED
	   residual            9.306820e+00    2.967700e-09    0.000000e+00 
	   energy              5.304226e-02    1.847236e-07    5.304226e-04 
	   displacement        2.606915e-03    2.606915e-03    2.606915e-09 
 2
 Nonlinear solution status: time= 29.5
	stiffness updates             = 1
	right hand side evaluations   = 3
	stiffness matrix reformations = 1
	step from line search         = 1.000000
	convergence norms :     INITIAL         CURRENT         REQUIRED
	   residual            9.306820e+00    1.755543e-14    0.000000e+00 
	   energy              5.304226e-02    5.514096e-14    5.304226e-04 
	   displacement        2.606915e-03    3.927466e-12    2.606899e-09 

convergence summary
    number of iterations   : 2
    number of reformations : 1

------- converged at time : 29.5


Data Record #1
===========================================================================
Step = 295
Time = 29.5
Data = uz
File = feb_inputs/fiber_stiffness_c4/../../raw_logs/fiber_stiffness_c4/c4_30.0_disp.txt

Data Record #2
===========================================================================
Step = 295
Time = 29.5
Data = sz
File = feb_inputs/fiber_stiffness_c4/../../raw_logs/fiber_stiffness_c4/c4_30.0_stress.txt

Data Record #3
===========================================================================
Step = 295
Time = 29.5
Data = J
File = feb_inputs/fiber_stiffness_c4/../../raw_logs/fiber_stiffness_c4/c4_30.0_vol.txt

===== beginning time step 296 : 29.6 =====


Reforming stiffness matrix: reformation #1

 1
 Nonlinear solution status: time= 29.6
	stiffness updates             = 0
	right hand side evaluations   = 2
	stiffness matrix reformations = 1
	step from line search         = 1.000000
	convergence norms :     INITIAL         CURRENT         REQUIRED
	   residual            9.675179e+00    2.255090e-09    0.000000e+00 
	   energy              5.560565e-02    2.183195e-07    5.560565e-04 
	   displacement        2.733070e-03    2.733070e-03    2.733070e-09 
 2
 Nonlinear solution status: time= 29.6
	stiffness updates             = 1
	right hand side evaluations   = 3
	stiffness matrix reformations = 1
	step from line search         = 1.000000
	convergence norms :     INITIAL         CURRENT         REQUIRED
	   residual            9.675179e+00    1.328839e-14    0.000000e+00 
	   energy              5.560565e-02    4.904061e-14    5.560565e-04 
	   displacement        2.733070e-03    4.257732e-12    2.733045e-09 

convergence summary
    number of iterations   : 2
    number of reformations : 1

------- converged at time : 29.6


Data Record #1
===========================================================================
Step = 296
Time = 29.6
Data = uz
File = feb_inputs/fiber_stiffness_c4/../../raw_logs/fiber_stiffness_c4/c4_30.0_disp.txt

Data Record #2
===========================================================================
Step = 296
Time = 29.6
Data = sz
File = feb_inputs/fiber_stiffness_c4/../../raw_logs/fiber_stiffness_c4/c4_30.0_stress.txt

Data Record #3
===========================================================================
Step = 296
Time = 29.6
Data = J
File = feb_inputs/fiber_stiffness_c4/../../raw_logs/fiber_stiffness_c4/c4_30.0_vol.txt

===== beginning time step 297 : 29.7 =====


Reforming stiffness matrix: reformation #1

 1
 Nonlinear solution status: time= 29.7
	stiffness updates             = 0
	right hand side evaluations   = 2
	stiffness matrix reformations = 1
	step from line search         = 1.000000
	convergence norms :     INITIAL         CURRENT         REQUIRED
	   residual            9.989886e+00    1.433398e-09    0.000000e+00 
	   energy              5.809782e-02    2.638783e-07    5.809782e-04 
	   displacement        2.863741e-03    2.863741e-03    2.863741e-09 
 2
 Nonlinear solution status: time= 29.7
	stiffness updates             = 1
	right hand side evaluations   = 3
	stiffness matrix reformations = 1
	step from line search         = 1.000000
	convergence norms :     INITIAL         CURRENT         REQUIRED
	   residual            9.989886e+00    9.663684e-15    0.000000e+00 
	   energy              5.809782e-02    4.144167e-14    5.809782e-04 
	   displacement        2.863741e-03    4.687879e-12    2.863704e-09 

convergence summary
    number of iterations   : 2
    number of reformations : 1

------- converged at time : 29.7


Data Record #1
===========================================================================
Step = 297
Time = 29.7
Data = uz
File = feb_inputs/fiber_stiffness_c4/../../raw_logs/fiber_stiffness_c4/c4_30.0_disp.txt

Data Record #2
===========================================================================
Step = 297
Time = 29.7
Data = sz
File = feb_inputs/fiber_stiffness_c4/../../raw_logs/fiber_stiffness_c4/c4_30.0_stress.txt

Data Record #3
===========================================================================
Step = 297
Time = 29.7
Data = J
File = feb_inputs/fiber_stiffness_c4/../../raw_logs/fiber_stiffness_c4/c4_30.0_vol.txt

===== beginning time step 298 : 29.8 =====


Reforming stiffness matrix: reformation #1

 1
 Nonlinear solution status: time= 29.8
	stiffness updates             = 0
	right hand side evaluations   = 2
	stiffness matrix reformations = 1
	step from line search         = 1.000000
	convergence norms :     INITIAL         CURRENT         REQUIRED
	   residual            1.025407e+01    1.155284e-09    0.000000e+00 
	   energy              6.042062e-02    3.107262e-07    6.042062e-04 
	   displacement        2.994538e-03    2.994538e-03    2.994538e-09 
 2
 Nonlinear solution status: time= 29.8
	stiffness updates             = 1
	right hand side evaluations   = 3
	stiffness matrix reformations = 1
	step from line search         = 1.000000
	convergence norms :     INITIAL         CURRENT         REQUIRED
	   residual            1.025407e+01    6.713335e-15    0.000000e+00 
	   energy              6.042062e-02    3.613420e-14    6.042062e-04 
	   displacement        2.994538e-03    5.286691e-12    2.994488e-09 

convergence summary
    number of iterations   : 2
    number of reformations : 1

------- converged at time : 29.8


Data Record #1
===========================================================================
Step = 298
Time = 29.8
Data = uz
File = feb_inputs/fiber_stiffness_c4/../../raw_logs/fiber_stiffness_c4/c4_30.0_disp.txt

Data Record #2
===========================================================================
Step = 298
Time = 29.8
Data = sz
File = feb_inputs/fiber_stiffness_c4/../../raw_logs/fiber_stiffness_c4/c4_30.0_stress.txt

Data Record #3
===========================================================================
Step = 298
Time = 29.8
Data = J
File = feb_inputs/fiber_stiffness_c4/../../raw_logs/fiber_stiffness_c4/c4_30.0_vol.txt

===== beginning time step 299 : 29.9 =====


Reforming stiffness matrix: reformation #1

 1
 Nonlinear solution status: time= 29.9
	stiffness updates             = 0
	right hand side evaluations   = 2
	stiffness matrix reformations = 1
	step from line search         = 1.000000
	convergence norms :     INITIAL         CURRENT         REQUIRED
	   residual            1.046606e+01    1.042919e-09    0.000000e+00 
	   energy              6.244854e-02    3.481693e-07    6.244854e-04 
	   displacement        3.113311e-03    3.113311e-03    3.113311e-09 
 2
 Nonlinear solution status: time= 29.9
	stiffness updates             = 1
	right hand side evaluations   = 3
	stiffness matrix reformations = 1
	step from line search         = 1.000000
	convergence norms :     INITIAL         CURRENT         REQUIRED
	   residual            1.046606e+01    5.353740e-15    0.000000e+00 
	   energy              6.244854e-02    3.479746e-14    6.244854e-04 
	   displacement        3.113311e-03    5.800350e-12    3.113245e-09 

convergence summary
    number of iterations   : 2
    number of reformations : 1

------- converged at time : 29.9


Data Record #1
===========================================================================
Step = 299
Time = 29.9
Data = uz
File = feb_inputs/fiber_stiffness_c4/../../raw_logs/fiber_stiffness_c4/c4_30.0_disp.txt

Data Record #2
===========================================================================
Step = 299
Time = 29.9
Data = sz
File = feb_inputs/fiber_stiffness_c4/../../raw_logs/fiber_stiffness_c4/c4_30.0_stress.txt

Data Record #3
===========================================================================
Step = 299
Time = 29.9
Data = J
File = feb_inputs/fiber_stiffness_c4/../../raw_logs/fiber_stiffness_c4/c4_30.0_vol.txt

===== beginning time step 300 : 30 =====


Reforming stiffness matrix: reformation #1

 1
 Nonlinear solution status: time= 30
	stiffness updates             = 0
	right hand side evaluations   = 2
	stiffness matrix reformations = 1
	step from line search         = 1.000000
	convergence norms :     INITIAL         CURRENT         REQUIRED
	   residual            1.063020e+01    1.090580e-09    0.000000e+00 
	   energy              6.405403e-02    3.791773e-07    6.405403e-04 
	   displacement        3.207930e-03    3.207930e-03    3.207930e-09 
 2
 Nonlinear solution status: time= 30
	stiffness updates             = 1
	right hand side evaluations   = 3
	stiffness matrix reformations = 1
	step from line search         = 1.000000
	convergence norms :     INITIAL         CURRENT         REQUIRED
	   residual            1.063020e+01    5.578088e-15    0.000000e+00 
	   energy              6.405403e-02    3.616011e-14    6.405403e-04 
	   displacement        3.207930e-03    6.287925e-12    3.207848e-09 

convergence summary
    number of iterations   : 2
    number of reformations : 1

------- converged at time : 30


Data Record #1
===========================================================================
Step = 300
Time = 30
Data = uz
File = feb_inputs/fiber_stiffness_c4/../../raw_logs/fiber_stiffness_c4/c4_30.0_disp.txt

Data Record #2
===========================================================================
Step = 300
Time = 30
Data = sz
File = feb_inputs/fiber_stiffness_c4/../../raw_logs/fiber_stiffness_c4/c4_30.0_stress.txt

Data Record #3
===========================================================================
Step = 300
Time = 30
Data = J
File = feb_inputs/fiber_stiffness_c4/../../raw_logs/fiber_stiffness_c4/c4_30.0_vol.txt


 N O N L I N E A R   I T E R A T I O N   I N F O R M A T I O N

	Number of time steps completed .................... : 300

	Total number of equilibrium iterations ............ : 603

	Average number of equilibrium iterations .......... : 2.01

	Total number of right hand evaluations ............ : 903

	Total number of stiffness reformations ............ : 300


 L I N E A R   S O L V E R   S T A T S

	Total calls to linear solver ........ : 603

	Avg iterations per solve ............ : 1

	Time in linear solver: 0:00:18


 Elapsed time : 0:00:34

 T I M I N G   I N F O R M A T I O N

	Input time ...................... : 0:00:00 (0.064659 sec)

	Initialization time ............. : 0:00:00 (0.0130208 sec)

	Solve time ...................... : 0:00:34 (33.995 sec)

	   IO-time (plot, dmp, data) .... : 0:00:09 (9.46142 sec)

	   reforming stiffness .......... : 0:00:00 (0.0213839 sec)

	   evaluating stiffness ......... : 0:00:03 (3.31269 sec)

	   evaluating residual .......... : 0:00:02 (1.86633 sec)

	   model update ................. : 0:00:01 (1.00611 sec)

	   QN updates ................... : 0:00:00 (0.0183604 sec)

	   time in linear solver ........ : 0:00:18 (17.6066 sec)

	Total elapsed time .............. : 0:00:34 (34.1003 sec)


 N O R M A L   T E R M I N A T I O N

