===========================================================================
         ________    _________   _______       __     _________            
        |        |\ |        |\ |       \\    |  |\  /         \\          
        |    ____|| |    ____|| |    __  ||   |__|| |    ___    ||         
        |   |\___\| |   |\___\| |   |\_| ||    \_\| |   //  \   ||         
        |   ||__    |   ||__    |   ||_| ||   |  |\ |  ||    |  ||         
        |       |\  |       |\  |         \\  |  || |  ||    |  ||         
        |    ___||  |    ___||  |    ___   || |  || |  ||    |  ||         
        |   |\__\|  |   |\__\|  |   |\__|  || |  || |  ||    |  ||         
        |   ||      |   ||___   |   ||__|  || |  || |   \\__/   ||         
        |   ||      |        |\ |          || |  || |           ||         
        |___||      |________|| |_________//  |__||  \_________//          
                                                                           
      F I N I T E   E L E M E N T S   F O R   B I O M E C H A N I C S      
                                                                           
  version 4.12.0
  FEBio is a registered trademark.                                         
  copyright (c) 2006-2026 - All rights reserved                            
                                                                           
===========================================================================





 FILES USED
===========================================================================
	Input file : feb_inputs/active_camax/biceps_camax_8.7.feb
	Plot file  : feb_inputs/active_camax/biceps_camax_8.7.xplt
	Log file   : feb_inputs/active_camax/biceps_camax_8.7.log


 MESH INFO
===========================================================================
	Number of materials ............................ : 1
	Number of domains .............................. : 1
	Number of nodes ................................ : 4671
	Number of solid elements ....................... : 15813


 MODULE
===========================================================================
	Module type ....................................... : solid


 CONTROL DATA
===========================================================================
	analysis .......................................... : DYNAMIC (1)
	time_steps ........................................ : 300
	step_size ......................................... : 0.1
	plot_zero_state ................................... : no (0)
	plot_range ........................................ : 0,-1
	plot_level ........................................ : PLOT_MAJOR_ITRS (1)
	output_level ...................................... : OUTPUT_MAJOR_ITRS (1)
	plot_stride ....................................... : 1
	output_stride ..................................... : 1
	adaptor_re_solve .................................. : yes (1)
	Auto time stepper activated ....................... : no
 SOLVER PARAMETERS
===========================================================================
	symmetric_stiffness ............................... : symmetric (1)
	equation_scheme ................................... : staggered (0)
	equation_order .................................... : default (0)
	optimize_bw ....................................... : no (0)
	lstol ............................................. : 0.9
	lsmin ............................................. : 0.01
	lsiter ............................................ : 5
	ls_check_jacobians ................................ : no (0)
	max_refs .......................................... : 15
	check_zero_diagonal ............................... : no (0)
	zero_diagonal_tol ................................. : 0
	force_partition ................................... : 0
	reform_each_time_step ............................. : yes (1)
	reform_augment .................................... : no (0)
	diverge_reform .................................... : yes (1)
	min_residual ...................................... : 1e-20
	max_residual ...................................... : 0
	dtol .............................................. : 0.001
	etol .............................................. : 0.01
	rtol .............................................. : 0
	rhoi .............................................. : -2
	alpha ............................................. : 1
	beta .............................................. : 0.25
	gamma ............................................. : 0.5
	logSolve .......................................... : no (0)
	arc_length ........................................ : 0
	arc_length_scale .................................. : 0






 MATERIAL DATA
===========================================================================
  1 - Material1 (type: trans iso Mooney-Rivlin)
	density ........................................... : 1
	k ................................................. : 100
	pressure_model .................................... : default (0)
	c1 ................................................ : 13.85
	c2 ................................................ : 0
	c3 ................................................ : 2.07
	c4 ................................................ : 61.44
	c5 ................................................ : 640.7
	lam_max ........................................... : 1.03
	fiber: (type: vector)
	  vector .......................................... : 0,0,1
	active_contraction: (type: active_contraction)
	  ascl ............................................ : 0
	  Tmax ............................................ : 1
	  ca0 ............................................. : 4.35
	  camax ........................................... : 8.7
	  beta ............................................ : 4.75
	  l0 .............................................. : 1.58
	  refl ............................................ : 2.04


 BOUNDARY CONDITION DATA
===========================================================================
  1 -  Type: zero displacement
	x_dof ............................................. : yes (1)
	y_dof ............................................. : yes (1)
	z_dof ............................................. : yes (1)


 LOAD CONTROLLER DATA
===========================================================================
load controller   1 - LC1 (type: math)
	var ............................................... : (can't display value)
	math .............................................. : t/20


 OUTPUT DATA
===========================================================================
 LINEAR SOLVER DATA
===========================================================================
	Default linear solver ............................. : pardiso


Data Record #1
===========================================================================
Step = 0
Time = 0
Data = uz
File = feb_inputs/active_camax/../../raw_logs/active_camax/camax_8.7_disp.txt

Data Record #2
===========================================================================
Step = 0
Time = 0
Data = sz
File = feb_inputs/active_camax/../../raw_logs/active_camax/camax_8.7_stress.txt

Data Record #3
===========================================================================
Step = 0
Time = 0
Data = J
File = feb_inputs/active_camax/../../raw_logs/active_camax/camax_8.7_vol.txt

 *************************************************************************
 * Selecting linear solver pardiso                                       *
 *************************************************************************

===== beginning time step 1 : 0.1 =====


Reforming stiffness matrix: reformation #1

===== reforming stiffness matrix:
	Nr of equations ........................... : 13953
	Nr of nonzeroes in stiffness matrix ....... : 245850
 1
 Nonlinear solution status: time= 0.1
	stiffness updates             = 0
	right hand side evaluations   = 2
	stiffness matrix reformations = 1
	step from line search         = 1.000000
	convergence norms :     INITIAL         CURRENT         REQUIRED
	   residual            2.122580e-05    2.427507e-06    0.000000e+00 
	   energy              2.047092e-06    1.869363e-07    2.047092e-08 
	   displacement        2.499681e-07    2.499681e-07    2.499681e-13 
 2
 Nonlinear solution status: time= 0.1
	stiffness updates             = 1
	right hand side evaluations   = 3
	stiffness matrix reformations = 1
	step from line search         = 1.000000
	convergence norms :     INITIAL         CURRENT         REQUIRED
	   residual            2.122580e-05    1.759322e-07    0.000000e+00 
	   energy              2.047092e-06    7.968591e-09    2.047092e-08 
	   displacement        2.499681e-07    5.369797e-09    3.161839e-13 
 3
 Nonlinear solution status: time= 0.1
	stiffness updates             = 2
	right hand side evaluations   = 4
	stiffness matrix reformations = 1
	step from line search         = 1.000000
	convergence norms :     INITIAL         CURRENT         REQUIRED
	   residual            2.122580e-05    6.644439e-09    0.000000e+00 
	   energy              2.047092e-06    3.047293e-10    2.047092e-08 
	   displacement        2.499681e-07    1.842118e-10    3.221727e-13 
 4
 Nonlinear solution status: time= 0.1
	stiffness updates             = 3
	right hand side evaluations   = 5
	stiffness matrix reformations = 1
	step from line search         = 1.000000
	convergence norms :     INITIAL         CURRENT         REQUIRED
	   residual            2.122580e-05    3.802029e-10    0.000000e+00 
	   energy              2.047092e-06    1.408284e-11    2.047092e-08 
	   displacement        2.499681e-07    4.877132e-12    3.212831e-13 
 5
 Nonlinear solution status: time= 0.1
	stiffness updates             = 4
	right hand side evaluations   = 6
	stiffness matrix reformations = 1
	step from line search         = 1.000000
	convergence norms :     INITIAL         CURRENT         REQUIRED
	   residual            2.122580e-05    1.888264e-11    0.000000e+00 
	   energy              2.047092e-06    5.201435e-13    2.047092e-08 
	   displacement        2.499681e-07    2.307404e-13    3.210223e-13 

convergence summary
    number of iterations   : 5
    number of reformations : 1

------- converged at time : 0.1


Data Record #1
===========================================================================
Step = 1
Time = 0.1
Data = uz
File = feb_inputs/active_camax/../../raw_logs/active_camax/camax_8.7_disp.txt

Data Record #2
===========================================================================
Step = 1
Time = 0.1
Data = sz
File = feb_inputs/active_camax/../../raw_logs/active_camax/camax_8.7_stress.txt

Data Record #3
===========================================================================
Step = 1
Time = 0.1
Data = J
File = feb_inputs/active_camax/../../raw_logs/active_camax/camax_8.7_vol.txt

===== beginning time step 2 : 0.2 =====


Reforming stiffness matrix: reformation #1

 1
 Nonlinear solution status: time= 0.2
	stiffness updates             = 0
	right hand side evaluations   = 2
	stiffness matrix reformations = 1
	step from line search         = 1.000000
	convergence norms :     INITIAL         CURRENT         REQUIRED
	   residual            5.055442e-04    6.081413e-07    0.000000e+00 
	   energy              2.915022e-05    1.737360e-08    2.915022e-07 
	   displacement        3.810999e-06    3.810999e-06    3.810999e-12 
 2
 Nonlinear solution status: time= 0.2
	stiffness updates             = 1
	right hand side evaluations   = 3
	stiffness matrix reformations = 1
	step from line search         = 1.000000
	convergence norms :     INITIAL         CURRENT         REQUIRED
	   residual            5.055442e-04    1.646356e-08    0.000000e+00 
	   energy              2.915022e-05    3.237916e-10    2.915022e-07 
	   displacement        3.810999e-06    2.212452e-11    3.811700e-12 
 3
 Nonlinear solution status: time= 0.2
	stiffness updates             = 2
	right hand side evaluations   = 4
	stiffness matrix reformations = 1
	step from line search         = 1.000000
	convergence norms :     INITIAL         CURRENT         REQUIRED
	   residual            5.055442e-04    6.122551e-11    0.000000e+00 
	   energy              2.915022e-05    1.090478e-12    2.915022e-07 
	   displacement        3.810999e-06    8.238799e-13    3.811173e-12 

convergence summary
    number of iterations   : 3
    number of reformations : 1

------- converged at time : 0.2


Data Record #1
===========================================================================
Step = 2
Time = 0.2
Data = uz
File = feb_inputs/active_camax/../../raw_logs/active_camax/camax_8.7_disp.txt

Data Record #2
===========================================================================
Step = 2
Time = 0.2
Data = sz
File = feb_inputs/active_camax/../../raw_logs/active_camax/camax_8.7_stress.txt

Data Record #3
===========================================================================
Step = 2
Time = 0.2
Data = J
File = feb_inputs/active_camax/../../raw_logs/active_camax/camax_8.7_vol.txt

===== beginning time step 3 : 0.3 =====


Reforming stiffness matrix: reformation #1

 1
 Nonlinear solution status: time= 0.3
	stiffness updates             = 0
	right hand side evaluations   = 2
	stiffness matrix reformations = 1
	step from line search         = 1.000000
	convergence norms :     INITIAL         CURRENT         REQUIRED
	   residual            4.761816e-03    7.523231e-07    0.000000e+00 
	   energy              1.226353e-04    2.292090e-08    1.226353e-06 
	   displacement        1.260906e-05    1.260906e-05    1.260906e-11 
 2
 Nonlinear solution status: time= 0.3
	stiffness updates             = 1
	right hand side evaluations   = 3
	stiffness matrix reformations = 1
	step from line search         = 1.000000
	convergence norms :     INITIAL         CURRENT         REQUIRED
	   residual            4.761816e-03    1.469710e-08    0.000000e+00 
	   energy              1.226353e-04    2.514861e-10    1.226353e-06 
	   displacement        1.260906e-05    1.558329e-11    1.260851e-11 
 3
 Nonlinear solution status: time= 0.3
	stiffness updates             = 2
	right hand side evaluations   = 4
	stiffness matrix reformations = 1
	step from line search         = 1.000000
	convergence norms :     INITIAL         CURRENT         REQUIRED
	   residual            4.761816e-03    7.366543e-11    0.000000e+00 
	   energy              1.226353e-04    1.323819e-12    1.226353e-06 
	   displacement        1.260906e-05    4.424237e-13    1.260802e-11 

convergence summary
    number of iterations   : 3
    number of reformations : 1

------- converged at time : 0.3


Data Record #1
===========================================================================
Step = 3
Time = 0.3
Data = uz
File = feb_inputs/active_camax/../../raw_logs/active_camax/camax_8.7_disp.txt

Data Record #2
===========================================================================
Step = 3
Time = 0.3
Data = sz
File = feb_inputs/active_camax/../../raw_logs/active_camax/camax_8.7_stress.txt

Data Record #3
===========================================================================
Step = 3
Time = 0.3
Data = J
File = feb_inputs/active_camax/../../raw_logs/active_camax/camax_8.7_vol.txt

===== beginning time step 4 : 0.4 =====


Reforming stiffness matrix: reformation #1

 1
 Nonlinear solution status: time= 0.4
	stiffness updates             = 0
	right hand side evaluations   = 2
	stiffness matrix reformations = 1
	step from line search         = 1.000000
	convergence norms :     INITIAL         CURRENT         REQUIRED
	   residual            2.024210e-02    2.979564e-06    0.000000e+00 
	   energy              3.204882e-04    5.460180e-08    3.204882e-06 
	   displacement        2.712370e-05    2.712370e-05    2.712370e-11 
 2
 Nonlinear solution status: time= 0.4
	stiffness updates             = 1
	right hand side evaluations   = 3
	stiffness matrix reformations = 1
	step from line search         = 1.000000
	convergence norms :     INITIAL         CURRENT         REQUIRED
	   residual            2.024210e-02    6.462710e-08    0.000000e+00 
	   energy              3.204882e-04    8.651368e-10    3.204882e-06 
	   displacement        2.712370e-05    3.348922e-11    2.712386e-11 
 3
 Nonlinear solution status: time= 0.4
	stiffness updates             = 2
	right hand side evaluations   = 4
	stiffness matrix reformations = 1
	step from line search         = 1.000000
	convergence norms :     INITIAL         CURRENT         REQUIRED
	   residual            2.024210e-02    1.528213e-10    0.000000e+00 
	   energy              3.204882e-04    2.432920e-12    3.204882e-06 
	   displacement        2.712370e-05    1.163145e-12    2.712273e-11 

convergence summary
    number of iterations   : 3
    number of reformations : 1

------- converged at time : 0.4


Data Record #1
===========================================================================
Step = 4
Time = 0.4
Data = uz
File = feb_inputs/active_camax/../../raw_logs/active_camax/camax_8.7_disp.txt

Data Record #2
===========================================================================
Step = 4
Time = 0.4
Data = sz
File = feb_inputs/active_camax/../../raw_logs/active_camax/camax_8.7_stress.txt

Data Record #3
===========================================================================
Step = 4
Time = 0.4
Data = J
File = feb_inputs/active_camax/../../raw_logs/active_camax/camax_8.7_vol.txt

===== beginning time step 5 : 0.5 =====


Reforming stiffness matrix: reformation #1

 1
 Nonlinear solution status: time= 0.5
	stiffness updates             = 0
	right hand side evaluations   = 2
	stiffness matrix reformations = 1
	step from line search         = 1.000000
	convergence norms :     INITIAL         CURRENT         REQUIRED
	   residual            5.223919e-02    3.449880e-08    0.000000e+00 
	   energy              6.395363e-04    7.204275e-10    6.395363e-06 
	   displacement        4.782029e-05    4.782029e-05    4.782029e-11 
 2
 Nonlinear solution status: time= 0.5
	stiffness updates             = 1
	right hand side evaluations   = 3
	stiffness matrix reformations = 1
	step from line search         = 1.000000
	convergence norms :     INITIAL         CURRENT         REQUIRED
	   residual            5.223919e-02    1.314244e-09    0.000000e+00 
	   energy              6.395363e-04    4.506941e-11    6.395363e-06 
	   displacement        4.782029e-05    4.951697e-12    4.782079e-11 

convergence summary
    number of iterations   : 2
    number of reformations : 1

------- converged at time : 0.5


Data Record #1
===========================================================================
Step = 5
Time = 0.5
Data = uz
File = feb_inputs/active_camax/../../raw_logs/active_camax/camax_8.7_disp.txt

Data Record #2
===========================================================================
Step = 5
Time = 0.5
Data = sz
File = feb_inputs/active_camax/../../raw_logs/active_camax/camax_8.7_stress.txt

Data Record #3
===========================================================================
Step = 5
Time = 0.5
Data = J
File = feb_inputs/active_camax/../../raw_logs/active_camax/camax_8.7_vol.txt

===== beginning time step 6 : 0.6 =====


Reforming stiffness matrix: reformation #1

 1
 Nonlinear solution status: time= 0.6
	stiffness updates             = 0
	right hand side evaluations   = 2
	stiffness matrix reformations = 1
	step from line search         = 1.000000
	convergence norms :     INITIAL         CURRENT         REQUIRED
	   residual            9.987982e-02    2.312392e-07    0.000000e+00 
	   energy              1.070912e-03    1.002416e-08    1.070912e-05 
	   displacement        7.377793e-05    7.377793e-05    7.377793e-11 
 2
 Nonlinear solution status: time= 0.6
	stiffness updates             = 1
	right hand side evaluations   = 3
	stiffness matrix reformations = 1
	step from line search         = 1.000000
	convergence norms :     INITIAL         CURRENT         REQUIRED
	   residual            9.987982e-02    3.236834e-09    0.000000e+00 
	   energy              1.070912e-03    9.299879e-11    1.070912e-05 
	   displacement        7.377793e-05    8.018697e-12    7.377916e-11 

convergence summary
    number of iterations   : 2
    number of reformations : 1

------- converged at time : 0.6


Data Record #1
===========================================================================
Step = 6
Time = 0.6
Data = uz
File = feb_inputs/active_camax/../../raw_logs/active_camax/camax_8.7_disp.txt

Data Record #2
===========================================================================
Step = 6
Time = 0.6
Data = sz
File = feb_inputs/active_camax/../../raw_logs/active_camax/camax_8.7_stress.txt

Data Record #3
===========================================================================
Step = 6
Time = 0.6
Data = J
File = feb_inputs/active_camax/../../raw_logs/active_camax/camax_8.7_vol.txt

===== beginning time step 7 : 0.7 =====


Reforming stiffness matrix: reformation #1

 1
 Nonlinear solution status: time= 0.7
	stiffness updates             = 0
	right hand side evaluations   = 2
	stiffness matrix reformations = 1
	step from line search         = 1.000000
	convergence norms :     INITIAL         CURRENT         REQUIRED
	   residual            1.662216e-01    4.225185e-08    0.000000e+00 
	   energy              1.593471e-03    6.113770e-09    1.593471e-05 
	   displacement        1.038425e-04    1.038425e-04    1.038425e-10 
 2
 Nonlinear solution status: time= 0.7
	stiffness updates             = 1
	right hand side evaluations   = 3
	stiffness matrix reformations = 1
	step from line search         = 1.000000
	convergence norms :     INITIAL         CURRENT         REQUIRED
	   residual            1.662216e-01    3.782719e-10    0.000000e+00 
	   energy              1.593471e-03    1.251657e-11    1.593471e-05 
	   displacement        1.038425e-04    1.834311e-12    1.038426e-10 

convergence summary
    number of iterations   : 2
    number of reformations : 1

------- converged at time : 0.7


Data Record #1
===========================================================================
Step = 7
Time = 0.7
Data = uz
File = feb_inputs/active_camax/../../raw_logs/active_camax/camax_8.7_disp.txt

Data Record #2
===========================================================================
Step = 7
Time = 0.7
Data = sz
File = feb_inputs/active_camax/../../raw_logs/active_camax/camax_8.7_stress.txt

Data Record #3
===========================================================================
Step = 7
Time = 0.7
Data = J
File = feb_inputs/active_camax/../../raw_logs/active_camax/camax_8.7_vol.txt

===== beginning time step 8 : 0.8 =====


Reforming stiffness matrix: reformation #1

 1
 Nonlinear solution status: time= 0.8
	stiffness updates             = 0
	right hand side evaluations   = 2
	stiffness matrix reformations = 1
	step from line search         = 1.000000
	convergence norms :     INITIAL         CURRENT         REQUIRED
	   residual            2.525733e-01    1.661885e-10    0.000000e+00 
	   energy              2.180210e-03    1.553152e-09    2.180210e-05 
	   displacement        1.345422e-04    1.345422e-04    1.345422e-10 
 2
 Nonlinear solution status: time= 0.8
	stiffness updates             = 1
	right hand side evaluations   = 3
	stiffness matrix reformations = 1
	step from line search         = 1.000000
	convergence norms :     INITIAL         CURRENT         REQUIRED
	   residual            2.525733e-01    5.952230e-13    0.000000e+00 
	   energy              2.180210e-03    2.414468e-14    2.180210e-05 
	   displacement        1.345422e-04    4.543422e-15    1.345420e-10 

convergence summary
    number of iterations   : 2
    number of reformations : 1

------- converged at time : 0.8


Data Record #1
===========================================================================
Step = 8
Time = 0.8
Data = uz
File = feb_inputs/active_camax/../../raw_logs/active_camax/camax_8.7_disp.txt

Data Record #2
===========================================================================
Step = 8
Time = 0.8
Data = sz
File = feb_inputs/active_camax/../../raw_logs/active_camax/camax_8.7_stress.txt

Data Record #3
===========================================================================
Step = 8
Time = 0.8
Data = J
File = feb_inputs/active_camax/../../raw_logs/active_camax/camax_8.7_vol.txt

===== beginning time step 9 : 0.9 =====


Reforming stiffness matrix: reformation #1

 1
 Nonlinear solution status: time= 0.9
	stiffness updates             = 0
	right hand side evaluations   = 2
	stiffness matrix reformations = 1
	step from line search         = 1.000000
	convergence norms :     INITIAL         CURRENT         REQUIRED
	   residual            3.511665e-01    1.933712e-06    0.000000e+00 
	   energy              2.806957e-03    5.064134e-08    2.806957e-05 
	   displacement        1.656789e-04    1.656789e-04    1.656789e-10 
 2
 Nonlinear solution status: time= 0.9
	stiffness updates             = 1
	right hand side evaluations   = 3
	stiffness matrix reformations = 1
	step from line search         = 1.000000
	convergence norms :     INITIAL         CURRENT         REQUIRED
	   residual            3.511665e-01    8.227827e-08    0.000000e+00 
	   energy              2.806957e-03    6.629827e-10    2.806957e-05 
	   displacement        1.656789e-04    2.233354e-11    1.656793e-10 

convergence summary
    number of iterations   : 2
    number of reformations : 1

------- converged at time : 0.9


Data Record #1
===========================================================================
Step = 9
Time = 0.9
Data = uz
File = feb_inputs/active_camax/../../raw_logs/active_camax/camax_8.7_disp.txt

Data Record #2
===========================================================================
Step = 9
Time = 0.9
Data = sz
File = feb_inputs/active_camax/../../raw_logs/active_camax/camax_8.7_stress.txt

Data Record #3
===========================================================================
Step = 9
Time = 0.9
Data = J
File = feb_inputs/active_camax/../../raw_logs/active_camax/camax_8.7_vol.txt

===== beginning time step 10 : 1 =====


Reforming stiffness matrix: reformation #1

 1
 Nonlinear solution status: time= 1
	stiffness updates             = 0
	right hand side evaluations   = 2
	stiffness matrix reformations = 1
	step from line search         = 1.000000
	convergence norms :     INITIAL         CURRENT         REQUIRED
	   residual            4.483089e-01    1.294092e-06    0.000000e+00 
	   energy              3.447274e-03    2.423352e-08    3.447274e-05 
	   displacement        1.986231e-04    1.986231e-04    1.986231e-10 
 2
 Nonlinear solution status: time= 1
	stiffness updates             = 1
	right hand side evaluations   = 3
	stiffness matrix reformations = 1
	step from line search         = 1.000000
	convergence norms :     INITIAL         CURRENT         REQUIRED
	   residual            4.483089e-01    3.777334e-08    0.000000e+00 
	   energy              3.447274e-03    3.446754e-10    3.447274e-05 
	   displacement        1.986231e-04    8.669176e-12    1.986230e-10 

convergence summary
    number of iterations   : 2
    number of reformations : 1

------- converged at time : 1


Data Record #1
===========================================================================
Step = 10
Time = 1
Data = uz
File = feb_inputs/active_camax/../../raw_logs/active_camax/camax_8.7_disp.txt

Data Record #2
===========================================================================
Step = 10
Time = 1
Data = sz
File = feb_inputs/active_camax/../../raw_logs/active_camax/camax_8.7_stress.txt

Data Record #3
===========================================================================
Step = 10
Time = 1
Data = J
File = feb_inputs/active_camax/../../raw_logs/active_camax/camax_8.7_vol.txt

===== beginning time step 11 : 1.1 =====


Reforming stiffness matrix: reformation #1

 1
 Nonlinear solution status: time= 1.1
	stiffness updates             = 0
	right hand side evaluations   = 2
	stiffness matrix reformations = 1
	step from line search         = 1.000000
	convergence norms :     INITIAL         CURRENT         REQUIRED
	   residual            5.327311e-01    1.585142e-07    0.000000e+00 
	   energy              4.070558e-03    9.430484e-09    4.070558e-05 
	   displacement        2.327331e-04    2.327331e-04    2.327331e-10 
 2
 Nonlinear solution status: time= 1.1
	stiffness updates             = 1
	right hand side evaluations   = 3
	stiffness matrix reformations = 1
	step from line search         = 1.000000
	convergence norms :     INITIAL         CURRENT         REQUIRED
	   residual            5.327311e-01    4.628069e-10    0.000000e+00 
	   energy              4.070558e-03    1.806973e-11    4.070558e-05 
	   displacement        2.327331e-04    1.388070e-12    2.327327e-10 

convergence summary
    number of iterations   : 2
    number of reformations : 1

------- converged at time : 1.1


Data Record #1
===========================================================================
Step = 11
Time = 1.1
Data = uz
File = feb_inputs/active_camax/../../raw_logs/active_camax/camax_8.7_disp.txt

Data Record #2
===========================================================================
Step = 11
Time = 1.1
Data = sz
File = feb_inputs/active_camax/../../raw_logs/active_camax/camax_8.7_stress.txt

Data Record #3
===========================================================================
Step = 11
Time = 1.1
Data = J
File = feb_inputs/active_camax/../../raw_logs/active_camax/camax_8.7_vol.txt

===== beginning time step 12 : 1.2 =====


Reforming stiffness matrix: reformation #1

 1
 Nonlinear solution status: time= 1.2
	stiffness updates             = 0
	right hand side evaluations   = 2
	stiffness matrix reformations = 1
	step from line search         = 1.000000
	convergence norms :     INITIAL         CURRENT         REQUIRED
	   residual            6.071135e-01    2.706858e-09    0.000000e+00 
	   energy              4.644668e-03    1.722721e-09    4.644668e-05 
	   displacement        2.647869e-04    2.647869e-04    2.647869e-10 
 2
 Nonlinear solution status: time= 1.2
	stiffness updates             = 1
	right hand side evaluations   = 3
	stiffness matrix reformations = 1
	step from line search         = 1.000000
	convergence norms :     INITIAL         CURRENT         REQUIRED
	   residual            6.071135e-01    1.015716e-10    0.000000e+00 
	   energy              4.644668e-03    1.102965e-12    4.644668e-05 
	   displacement        2.647869e-04    2.903231e-14    2.647867e-10 

convergence summary
    number of iterations   : 2
    number of reformations : 1

------- converged at time : 1.2


Data Record #1
===========================================================================
Step = 12
Time = 1.2
Data = uz
File = feb_inputs/active_camax/../../raw_logs/active_camax/camax_8.7_disp.txt

Data Record #2
===========================================================================
Step = 12
Time = 1.2
Data = sz
File = feb_inputs/active_camax/../../raw_logs/active_camax/camax_8.7_stress.txt

Data Record #3
===========================================================================
Step = 12
Time = 1.2
Data = J
File = feb_inputs/active_camax/../../raw_logs/active_camax/camax_8.7_vol.txt

===== beginning time step 13 : 1.3 =====


Reforming stiffness matrix: reformation #1

 1
 Nonlinear solution status: time= 1.3
	stiffness updates             = 0
	right hand side evaluations   = 2
	stiffness matrix reformations = 1
	step from line search         = 1.000000
	convergence norms :     INITIAL         CURRENT         REQUIRED
	   residual            6.780712e-01    3.105055e-09    0.000000e+00 
	   energy              5.150568e-03    1.908214e-09    5.150568e-05 
	   displacement        2.913428e-04    2.913428e-04    2.913428e-10 
 2
 Nonlinear solution status: time= 1.3
	stiffness updates             = 1
	right hand side evaluations   = 3
	stiffness matrix reformations = 1
	step from line search         = 1.000000
	convergence norms :     INITIAL         CURRENT         REQUIRED
	   residual            6.780712e-01    2.277089e-11    0.000000e+00 
	   energy              5.150568e-03    9.277497e-14    5.150568e-05 
	   displacement        2.913428e-04    3.319075e-14    2.913427e-10 

convergence summary
    number of iterations   : 2
    number of reformations : 1

------- converged at time : 1.3


Data Record #1
===========================================================================
Step = 13
Time = 1.3
Data = uz
File = feb_inputs/active_camax/../../raw_logs/active_camax/camax_8.7_disp.txt

Data Record #2
===========================================================================
Step = 13
Time = 1.3
Data = sz
File = feb_inputs/active_camax/../../raw_logs/active_camax/camax_8.7_stress.txt

Data Record #3
===========================================================================
Step = 13
Time = 1.3
Data = J
File = feb_inputs/active_camax/../../raw_logs/active_camax/camax_8.7_vol.txt

===== beginning time step 14 : 1.4 =====


Reforming stiffness matrix: reformation #1

 1
 Nonlinear solution status: time= 1.4
	stiffness updates             = 0
	right hand side evaluations   = 2
	stiffness matrix reformations = 1
	step from line search         = 1.000000
	convergence norms :     INITIAL         CURRENT         REQUIRED
	   residual            7.436856e-01    4.503412e-11    0.000000e+00 
	   energy              5.599071e-03    1.461874e-09    5.599071e-05 
	   displacement        3.138374e-04    3.138374e-04    3.138374e-10 
 2
 Nonlinear solution status: time= 1.4
	stiffness updates             = 1
	right hand side evaluations   = 3
	stiffness matrix reformations = 1
	step from line search         = 1.000000
	convergence norms :     INITIAL         CURRENT         REQUIRED
	   residual            7.436856e-01    3.667154e-14    0.000000e+00 
	   energy              5.599071e-03    7.551058e-15    5.599071e-05 
	   displacement        3.138374e-04    7.030240e-15    3.138373e-10 

convergence summary
    number of iterations   : 2
    number of reformations : 1

------- converged at time : 1.4


Data Record #1
===========================================================================
Step = 14
Time = 1.4
Data = uz
File = feb_inputs/active_camax/../../raw_logs/active_camax/camax_8.7_disp.txt

Data Record #2
===========================================================================
Step = 14
Time = 1.4
Data = sz
File = feb_inputs/active_camax/../../raw_logs/active_camax/camax_8.7_stress.txt

Data Record #3
===========================================================================
Step = 14
Time = 1.4
Data = J
File = feb_inputs/active_camax/../../raw_logs/active_camax/camax_8.7_vol.txt

===== beginning time step 15 : 1.5 =====


Reforming stiffness matrix: reformation #1

 1
 Nonlinear solution status: time= 1.5
	stiffness updates             = 0
	right hand side evaluations   = 2
	stiffness matrix reformations = 1
	step from line search         = 1.000000
	convergence norms :     INITIAL         CURRENT         REQUIRED
	   residual            8.092594e-01    2.981652e-10    0.000000e+00 
	   energy              6.022559e-03    9.988905e-10    6.022559e-05 
	   displacement        3.348904e-04    3.348904e-04    3.348904e-10 
 2
 Nonlinear solution status: time= 1.5
	stiffness updates             = 1
	right hand side evaluations   = 3
	stiffness matrix reformations = 1
	step from line search         = 1.000000
	convergence norms :     INITIAL         CURRENT         REQUIRED
	   residual            8.092594e-01    2.006102e-12    0.000000e+00 
	   energy              6.022559e-03    2.669260e-14    6.022559e-05 
	   displacement        3.348904e-04    8.773031e-15    3.348903e-10 

convergence summary
    number of iterations   : 2
    number of reformations : 1

------- converged at time : 1.5


Data Record #1
===========================================================================
Step = 15
Time = 1.5
Data = uz
File = feb_inputs/active_camax/../../raw_logs/active_camax/camax_8.7_disp.txt

Data Record #2
===========================================================================
Step = 15
Time = 1.5
Data = sz
File = feb_inputs/active_camax/../../raw_logs/active_camax/camax_8.7_stress.txt

Data Record #3
===========================================================================
Step = 15
Time = 1.5
Data = J
File = feb_inputs/active_camax/../../raw_logs/active_camax/camax_8.7_vol.txt

===== beginning time step 16 : 1.6 =====


Reforming stiffness matrix: reformation #1

 1
 Nonlinear solution status: time= 1.6
	stiffness updates             = 0
	right hand side evaluations   = 2
	stiffness matrix reformations = 1
	step from line search         = 1.000000
	convergence norms :     INITIAL         CURRENT         REQUIRED
	   residual            8.919775e-01    8.077919e-11    0.000000e+00 
	   energy              6.461520e-03    5.138661e-10    6.461520e-05 
	   displacement        3.541090e-04    3.541090e-04    3.541090e-10 
 2
 Nonlinear solution status: time= 1.6
	stiffness updates             = 1
	right hand side evaluations   = 3
	stiffness matrix reformations = 1
	step from line search         = 1.000000
	convergence norms :     INITIAL         CURRENT         REQUIRED
	   residual            8.919775e-01    2.771564e-13    0.000000e+00 
	   energy              6.461520e-03    1.513020e-14    6.461520e-05 
	   displacement        3.541090e-04    4.133097e-15    3.541089e-10 

convergence summary
    number of iterations   : 2
    number of reformations : 1

------- converged at time : 1.6


Data Record #1
===========================================================================
Step = 16
Time = 1.6
Data = uz
File = feb_inputs/active_camax/../../raw_logs/active_camax/camax_8.7_disp.txt

Data Record #2
===========================================================================
Step = 16
Time = 1.6
Data = sz
File = feb_inputs/active_camax/../../raw_logs/active_camax/camax_8.7_stress.txt

Data Record #3
===========================================================================
Step = 16
Time = 1.6
Data = J
File = feb_inputs/active_camax/../../raw_logs/active_camax/camax_8.7_vol.txt

===== beginning time step 17 : 1.7 =====


Reforming stiffness matrix: reformation #1

 1
 Nonlinear solution status: time= 1.7
	stiffness updates             = 0
	right hand side evaluations   = 2
	stiffness matrix reformations = 1
	step from line search         = 1.000000
	convergence norms :     INITIAL         CURRENT         REQUIRED
	   residual            1.009315e+00    4.008284e-11    0.000000e+00 
	   energy              6.960234e-03    1.648995e-10    6.960234e-05 
	   displacement        3.717474e-04    3.717474e-04    3.717474e-10 
 2
 Nonlinear solution status: time= 1.7
	stiffness updates             = 1
	right hand side evaluations   = 3
	stiffness matrix reformations = 1
	step from line search         = 1.000000
	convergence norms :     INITIAL         CURRENT         REQUIRED
	   residual            1.009315e+00    8.157888e-14    0.000000e+00 
	   energy              6.960234e-03    1.677512e-14    6.960234e-05 
	   displacement        3.717474e-04    8.856706e-15    3.717474e-10 

convergence summary
    number of iterations   : 2
    number of reformations : 1

------- converged at time : 1.7


Data Record #1
===========================================================================
Step = 17
Time = 1.7
Data = uz
File = feb_inputs/active_camax/../../raw_logs/active_camax/camax_8.7_disp.txt

Data Record #2
===========================================================================
Step = 17
Time = 1.7
Data = sz
File = feb_inputs/active_camax/../../raw_logs/active_camax/camax_8.7_stress.txt

Data Record #3
===========================================================================
Step = 17
Time = 1.7
Data = J
File = feb_inputs/active_camax/../../raw_logs/active_camax/camax_8.7_vol.txt

===== beginning time step 18 : 1.8 =====


Reforming stiffness matrix: reformation #1

 1
 Nonlinear solution status: time= 1.8
	stiffness updates             = 0
	right hand side evaluations   = 2
	stiffness matrix reformations = 1
	step from line search         = 1.000000
	convergence norms :     INITIAL         CURRENT         REQUIRED
	   residual            1.168541e+00    2.730020e-07    0.000000e+00 
	   energy              7.560869e-03    9.883780e-09    7.560869e-05 
	   displacement        3.904365e-04    3.904365e-04    3.904365e-10 
 2
 Nonlinear solution status: time= 1.8
	stiffness updates             = 1
	right hand side evaluations   = 3
	stiffness matrix reformations = 1
	step from line search         = 1.000000
	convergence norms :     INITIAL         CURRENT         REQUIRED
	   residual            1.168541e+00    1.617862e-09    0.000000e+00 
	   energy              7.560869e-03    4.398464e-11    7.560869e-05 
	   displacement        3.904365e-04    2.477848e-12    3.904369e-10 

convergence summary
    number of iterations   : 2
    number of reformations : 1

------- converged at time : 1.8


Data Record #1
===========================================================================
Step = 18
Time = 1.8
Data = uz
File = feb_inputs/active_camax/../../raw_logs/active_camax/camax_8.7_disp.txt

Data Record #2
===========================================================================
Step = 18
Time = 1.8
Data = sz
File = feb_inputs/active_camax/../../raw_logs/active_camax/camax_8.7_stress.txt

Data Record #3
===========================================================================
Step = 18
Time = 1.8
Data = J
File = feb_inputs/active_camax/../../raw_logs/active_camax/camax_8.7_vol.txt

===== beginning time step 19 : 1.9 =====


Reforming stiffness matrix: reformation #1

 1
 Nonlinear solution status: time= 1.9
	stiffness updates             = 0
	right hand side evaluations   = 2
	stiffness matrix reformations = 1
	step from line search         = 1.000000
	convergence norms :     INITIAL         CURRENT         REQUIRED
	   residual            1.365916e+00    5.398751e-07    0.000000e+00 
	   energy              8.297461e-03    2.559772e-08    8.297461e-05 
	   displacement        4.148620e-04    4.148620e-04    4.148620e-10 
 2
 Nonlinear solution status: time= 1.9
	stiffness updates             = 1
	right hand side evaluations   = 3
	stiffness matrix reformations = 1
	step from line search         = 1.000000
	convergence norms :     INITIAL         CURRENT         REQUIRED
	   residual            1.365916e+00    2.032499e-09    0.000000e+00 
	   energy              8.297461e-03    6.677665e-11    8.297461e-05 
	   displacement        4.148620e-04    4.754452e-12    4.148625e-10 

convergence summary
    number of iterations   : 2
    number of reformations : 1

------- converged at time : 1.9


Data Record #1
===========================================================================
Step = 19
Time = 1.9
Data = uz
File = feb_inputs/active_camax/../../raw_logs/active_camax/camax_8.7_disp.txt

Data Record #2
===========================================================================
Step = 19
Time = 1.9
Data = sz
File = feb_inputs/active_camax/../../raw_logs/active_camax/camax_8.7_stress.txt

Data Record #3
===========================================================================
Step = 19
Time = 1.9
Data = J
File = feb_inputs/active_camax/../../raw_logs/active_camax/camax_8.7_vol.txt

===== beginning time step 20 : 2 =====


Reforming stiffness matrix: reformation #1

 1
 Nonlinear solution status: time= 2
	stiffness updates             = 0
	right hand side evaluations   = 2
	stiffness matrix reformations = 1
	step from line search         = 1.000000
	convergence norms :     INITIAL         CURRENT         REQUIRED
	   residual            1.597824e+00    3.500268e-06    0.000000e+00 
	   energy              9.189482e-03    1.245547e-07    9.189482e-05 
	   displacement        4.477230e-04    4.477230e-04    4.477230e-10 
 2
 Nonlinear solution status: time= 2
	stiffness updates             = 1
	right hand side evaluations   = 3
	stiffness matrix reformations = 1
	step from line search         = 1.000000
	convergence norms :     INITIAL         CURRENT         REQUIRED
	   residual            1.597824e+00    4.431587e-08    0.000000e+00 
	   energy              9.189482e-03    6.701604e-10    9.189482e-05 
	   displacement        4.477230e-04    3.024871e-11    4.477256e-10 

convergence summary
    number of iterations   : 2
    number of reformations : 1

------- converged at time : 2


Data Record #1
===========================================================================
Step = 20
Time = 2
Data = uz
File = feb_inputs/active_camax/../../raw_logs/active_camax/camax_8.7_disp.txt

Data Record #2
===========================================================================
Step = 20
Time = 2
Data = sz
File = feb_inputs/active_camax/../../raw_logs/active_camax/camax_8.7_stress.txt

Data Record #3
===========================================================================
Step = 20
Time = 2
Data = J
File = feb_inputs/active_camax/../../raw_logs/active_camax/camax_8.7_vol.txt

===== beginning time step 21 : 2.1 =====


Reforming stiffness matrix: reformation #1

 1
 Nonlinear solution status: time= 2.1
	stiffness updates             = 0
	right hand side evaluations   = 2
	stiffness matrix reformations = 1
	step from line search         = 1.000000
	convergence norms :     INITIAL         CURRENT         REQUIRED
	   residual            1.862838e+00    1.912329e-06    0.000000e+00 
	   energy              1.025398e-02    7.318506e-08    1.025398e-04 
	   displacement        4.887296e-04    4.887296e-04    4.887296e-10 
 2
 Nonlinear solution status: time= 2.1
	stiffness updates             = 1
	right hand side evaluations   = 3
	stiffness matrix reformations = 1
	step from line search         = 1.000000
	convergence norms :     INITIAL         CURRENT         REQUIRED
	   residual            1.862838e+00    2.897739e-08    0.000000e+00 
	   energy              1.025398e-02    3.468884e-10    1.025398e-04 
	   displacement        4.887296e-04    1.123753e-11    4.887307e-10 

convergence summary
    number of iterations   : 2
    number of reformations : 1

------- converged at time : 2.1


Data Record #1
===========================================================================
Step = 21
Time = 2.1
Data = uz
File = feb_inputs/active_camax/../../raw_logs/active_camax/camax_8.7_disp.txt

Data Record #2
===========================================================================
Step = 21
Time = 2.1
Data = sz
File = feb_inputs/active_camax/../../raw_logs/active_camax/camax_8.7_stress.txt

Data Record #3
===========================================================================
Step = 21
Time = 2.1
Data = J
File = feb_inputs/active_camax/../../raw_logs/active_camax/camax_8.7_vol.txt

===== beginning time step 22 : 2.2 =====


Reforming stiffness matrix: reformation #1

 1
 Nonlinear solution status: time= 2.2
	stiffness updates             = 0
	right hand side evaluations   = 2
	stiffness matrix reformations = 1
	step from line search         = 1.000000
	convergence norms :     INITIAL         CURRENT         REQUIRED
	   residual            2.163974e+00    5.030135e-10    0.000000e+00 
	   energy              1.151287e-02    2.748962e-09    1.151287e-04 
	   displacement        5.391325e-04    5.391325e-04    5.391325e-10 
 2
 Nonlinear solution status: time= 2.2
	stiffness updates             = 1
	right hand side evaluations   = 3
	stiffness matrix reformations = 1
	step from line search         = 1.000000
	convergence norms :     INITIAL         CURRENT         REQUIRED
	   residual            2.163974e+00    8.637990e-13    0.000000e+00 
	   energy              1.151287e-02    9.994188e-14    1.151287e-04 
	   displacement        5.391325e-04    3.006506e-14    5.391328e-10 

convergence summary
    number of iterations   : 2
    number of reformations : 1

------- converged at time : 2.2


Data Record #1
===========================================================================
Step = 22
Time = 2.2
Data = uz
File = feb_inputs/active_camax/../../raw_logs/active_camax/camax_8.7_disp.txt

Data Record #2
===========================================================================
Step = 22
Time = 2.2
Data = sz
File = feb_inputs/active_camax/../../raw_logs/active_camax/camax_8.7_stress.txt

Data Record #3
===========================================================================
Step = 22
Time = 2.2
Data = J
File = feb_inputs/active_camax/../../raw_logs/active_camax/camax_8.7_vol.txt

===== beginning time step 23 : 2.3 =====


Reforming stiffness matrix: reformation #1

 1
 Nonlinear solution status: time= 2.3
	stiffness updates             = 0
	right hand side evaluations   = 2
	stiffness matrix reformations = 1
	step from line search         = 1.000000
	convergence norms :     INITIAL         CURRENT         REQUIRED
	   residual            2.501318e+00    4.224896e-06    0.000000e+00 
	   energy              1.297456e-02    7.513689e-08    1.297456e-04 
	   displacement        6.002146e-04    6.002146e-04    6.002146e-10 
 2
 Nonlinear solution status: time= 2.3
	stiffness updates             = 1
	right hand side evaluations   = 3
	stiffness matrix reformations = 1
	step from line search         = 1.000000
	convergence norms :     INITIAL         CURRENT         REQUIRED
	   residual            2.501318e+00    6.394197e-08    0.000000e+00 
	   energy              1.297456e-02    9.618392e-10    1.297456e-04 
	   displacement        6.002146e-04    3.644722e-11    6.002154e-10 

convergence summary
    number of iterations   : 2
    number of reformations : 1

------- converged at time : 2.3


Data Record #1
===========================================================================
Step = 23
Time = 2.3
Data = uz
File = feb_inputs/active_camax/../../raw_logs/active_camax/camax_8.7_disp.txt

Data Record #2
===========================================================================
Step = 23
Time = 2.3
Data = sz
File = feb_inputs/active_camax/../../raw_logs/active_camax/camax_8.7_stress.txt

Data Record #3
===========================================================================
Step = 23
Time = 2.3
Data = J
File = feb_inputs/active_camax/../../raw_logs/active_camax/camax_8.7_vol.txt

===== beginning time step 24 : 2.4 =====


Reforming stiffness matrix: reformation #1

 1
 Nonlinear solution status: time= 2.4
	stiffness updates             = 0
	right hand side evaluations   = 2
	stiffness matrix reformations = 1
	step from line search         = 1.000000
	convergence norms :     INITIAL         CURRENT         REQUIRED
	   residual            2.861135e+00    1.086471e-07    0.000000e+00 
	   energy              1.462016e-02    2.009916e-08    1.462016e-04 
	   displacement        6.721883e-04    6.721883e-04    6.721883e-10 
 2
 Nonlinear solution status: time= 2.4
	stiffness updates             = 1
	right hand side evaluations   = 3
	stiffness matrix reformations = 1
	step from line search         = 1.000000
	convergence norms :     INITIAL         CURRENT         REQUIRED
	   residual            2.861135e+00    7.890230e-10    0.000000e+00 
	   energy              1.462016e-02    5.541006e-11    1.462016e-04 
	   displacement        6.721883e-04    8.659340e-12    6.721889e-10 

convergence summary
    number of iterations   : 2
    number of reformations : 1

------- converged at time : 2.4


Data Record #1
===========================================================================
Step = 24
Time = 2.4
Data = uz
File = feb_inputs/active_camax/../../raw_logs/active_camax/camax_8.7_disp.txt

Data Record #2
===========================================================================
Step = 24
Time = 2.4
Data = sz
File = feb_inputs/active_camax/../../raw_logs/active_camax/camax_8.7_stress.txt

Data Record #3
===========================================================================
Step = 24
Time = 2.4
Data = J
File = feb_inputs/active_camax/../../raw_logs/active_camax/camax_8.7_vol.txt

===== beginning time step 25 : 2.5 =====


Reforming stiffness matrix: reformation #1

 1
 Nonlinear solution status: time= 2.5
	stiffness updates             = 0
	right hand side evaluations   = 2
	stiffness matrix reformations = 1
	step from line search         = 1.000000
	convergence norms :     INITIAL         CURRENT         REQUIRED
	   residual            3.231620e+00    5.423579e-06    0.000000e+00 
	   energy              1.639855e-02    2.216166e-07    1.639855e-04 
	   displacement        7.539487e-04    7.539487e-04    7.539487e-10 
 2
 Nonlinear solution status: time= 2.5
	stiffness updates             = 1
	right hand side evaluations   = 3
	stiffness matrix reformations = 1
	step from line search         = 1.000000
	convergence norms :     INITIAL         CURRENT         REQUIRED
	   residual            3.231620e+00    6.597593e-08    0.000000e+00 
	   energy              1.639855e-02    1.063452e-09    1.639855e-04 
	   displacement        7.539487e-04    4.644312e-11    7.539545e-10 

convergence summary
    number of iterations   : 2
    number of reformations : 1

------- converged at time : 2.5


Data Record #1
===========================================================================
Step = 25
Time = 2.5
Data = uz
File = feb_inputs/active_camax/../../raw_logs/active_camax/camax_8.7_disp.txt

Data Record #2
===========================================================================
Step = 25
Time = 2.5
Data = sz
File = feb_inputs/active_camax/../../raw_logs/active_camax/camax_8.7_stress.txt

Data Record #3
===========================================================================
Step = 25
Time = 2.5
Data = J
File = feb_inputs/active_camax/../../raw_logs/active_camax/camax_8.7_vol.txt

===== beginning time step 26 : 2.6 =====


Reforming stiffness matrix: reformation #1

 1
 Nonlinear solution status: time= 2.6
	stiffness updates             = 0
	right hand side evaluations   = 2
	stiffness matrix reformations = 1
	step from line search         = 1.000000
	convergence norms :     INITIAL         CURRENT         REQUIRED
	   residual            3.607764e+00    3.015869e-06    0.000000e+00 
	   energy              1.824840e-02    1.732870e-07    1.824840e-04 
	   displacement        8.396434e-04    8.396434e-04    8.396434e-10 
 2
 Nonlinear solution status: time= 2.6
	stiffness updates             = 1
	right hand side evaluations   = 3
	stiffness matrix reformations = 1
	step from line search         = 1.000000
	convergence norms :     INITIAL         CURRENT         REQUIRED
	   residual            3.607764e+00    3.467202e-08    0.000000e+00 
	   energy              1.824840e-02    8.628542e-10    1.824840e-04 
	   displacement        8.396434e-04    6.392465e-11    8.396440e-10 

convergence summary
    number of iterations   : 2
    number of reformations : 1

------- converged at time : 2.6


Data Record #1
===========================================================================
Step = 26
Time = 2.6
Data = uz
File = feb_inputs/active_camax/../../raw_logs/active_camax/camax_8.7_disp.txt

Data Record #2
===========================================================================
Step = 26
Time = 2.6
Data = sz
File = feb_inputs/active_camax/../../raw_logs/active_camax/camax_8.7_stress.txt

Data Record #3
===========================================================================
Step = 26
Time = 2.6
Data = J
File = feb_inputs/active_camax/../../raw_logs/active_camax/camax_8.7_vol.txt

===== beginning time step 27 : 2.7 =====


Reforming stiffness matrix: reformation #1

 1
 Nonlinear solution status: time= 2.7
	stiffness updates             = 0
	right hand side evaluations   = 2
	stiffness matrix reformations = 1
	step from line search         = 1.000000
	convergence norms :     INITIAL         CURRENT         REQUIRED
	   residual            3.983255e+00    4.947120e-07    0.000000e+00 
	   energy              2.011499e-02    6.441788e-08    2.011499e-04 
	   displacement        9.226487e-04    9.226487e-04    9.226487e-10 
 2
 Nonlinear solution status: time= 2.7
	stiffness updates             = 1
	right hand side evaluations   = 3
	stiffness matrix reformations = 1
	step from line search         = 1.000000
	convergence norms :     INITIAL         CURRENT         REQUIRED
	   residual            3.983255e+00    1.751962e-09    0.000000e+00 
	   energy              2.011499e-02    9.216746e-11    2.011499e-04 
	   displacement        9.226487e-04    1.134979e-11    9.226496e-10 

convergence summary
    number of iterations   : 2
    number of reformations : 1

------- converged at time : 2.7


Data Record #1
===========================================================================
Step = 27
Time = 2.7
Data = uz
File = feb_inputs/active_camax/../../raw_logs/active_camax/camax_8.7_disp.txt

Data Record #2
===========================================================================
Step = 27
Time = 2.7
Data = sz
File = feb_inputs/active_camax/../../raw_logs/active_camax/camax_8.7_stress.txt

Data Record #3
===========================================================================
Step = 27
Time = 2.7
Data = J
File = feb_inputs/active_camax/../../raw_logs/active_camax/camax_8.7_vol.txt

===== beginning time step 28 : 2.8 =====


Reforming stiffness matrix: reformation #1

 1
 Nonlinear solution status: time= 2.8
	stiffness updates             = 0
	right hand side evaluations   = 2
	stiffness matrix reformations = 1
	step from line search         = 1.000000
	convergence norms :     INITIAL         CURRENT         REQUIRED
	   residual            4.348178e+00    5.084237e-07    0.000000e+00 
	   energy              2.196127e-02    9.872537e-08    2.196127e-04 
	   displacement        1.003455e-03    1.003455e-03    1.003455e-09 
 2
 Nonlinear solution status: time= 2.8
	stiffness updates             = 1
	right hand side evaluations   = 3
	stiffness matrix reformations = 1
	step from line search         = 1.000000
	convergence norms :     INITIAL         CURRENT         REQUIRED
	   residual            4.348178e+00    7.981592e-10    0.000000e+00 
	   energy              2.196127e-02    9.317175e-11    2.196127e-04 
	   displacement        1.003455e-03    2.819219e-11    1.003457e-09 

convergence summary
    number of iterations   : 2
    number of reformations : 1

------- converged at time : 2.8


Data Record #1
===========================================================================
Step = 28
Time = 2.8
Data = uz
File = feb_inputs/active_camax/../../raw_logs/active_camax/camax_8.7_disp.txt

Data Record #2
===========================================================================
Step = 28
Time = 2.8
Data = sz
File = feb_inputs/active_camax/../../raw_logs/active_camax/camax_8.7_stress.txt

Data Record #3
===========================================================================
Step = 28
Time = 2.8
Data = J
File = feb_inputs/active_camax/../../raw_logs/active_camax/camax_8.7_vol.txt

===== beginning time step 29 : 2.9 =====


Reforming stiffness matrix: reformation #1

 1
 Nonlinear solution status: time= 2.9
	stiffness updates             = 0
	right hand side evaluations   = 2
	stiffness matrix reformations = 1
	step from line search         = 1.000000
	convergence norms :     INITIAL         CURRENT         REQUIRED
	   residual            4.685708e+00    4.745430e-06    0.000000e+00 
	   energy              2.377388e-02    3.717417e-07    2.377388e-04 
	   displacement        1.086104e-03    1.086104e-03    1.086104e-09 
 2
 Nonlinear solution status: time= 2.9
	stiffness updates             = 1
	right hand side evaluations   = 3
	stiffness matrix reformations = 1
	step from line search         = 1.000000
	convergence norms :     INITIAL         CURRENT         REQUIRED
	   residual            4.685708e+00    1.937025e-08    0.000000e+00 
	   energy              2.377388e-02    8.349405e-10    2.377388e-04 
	   displacement        1.086104e-03    8.865082e-11    1.086113e-09 

convergence summary
    number of iterations   : 2
    number of reformations : 1

------- converged at time : 2.9


Data Record #1
===========================================================================
Step = 29
Time = 2.9
Data = uz
File = feb_inputs/active_camax/../../raw_logs/active_camax/camax_8.7_disp.txt

Data Record #2
===========================================================================
Step = 29
Time = 2.9
Data = sz
File = feb_inputs/active_camax/../../raw_logs/active_camax/camax_8.7_stress.txt

Data Record #3
===========================================================================
Step = 29
Time = 2.9
Data = J
File = feb_inputs/active_camax/../../raw_logs/active_camax/camax_8.7_vol.txt

===== beginning time step 30 : 3 =====


Reforming stiffness matrix: reformation #1

 1
 Nonlinear solution status: time= 3
	stiffness updates             = 0
	right hand side evaluations   = 2
	stiffness matrix reformations = 1
	step from line search         = 1.000000
	convergence norms :     INITIAL         CURRENT         REQUIRED
	   residual            4.986099e+00    2.117177e-07    0.000000e+00 
	   energy              2.556477e-02    5.624384e-08    2.556477e-04 
	   displacement        1.172266e-03    1.172266e-03    1.172266e-09 
 2
 Nonlinear solution status: time= 3
	stiffness updates             = 1
	right hand side evaluations   = 3
	stiffness matrix reformations = 1
	step from line search         = 1.000000
	convergence norms :     INITIAL         CURRENT         REQUIRED
	   residual            4.986099e+00    2.982543e-10    0.000000e+00 
	   energy              2.556477e-02    3.353072e-11    2.556477e-04 
	   displacement        1.172266e-03    1.009980e-11    1.172267e-09 

convergence summary
    number of iterations   : 2
    number of reformations : 1

------- converged at time : 3


Data Record #1
===========================================================================
Step = 30
Time = 3
Data = uz
File = feb_inputs/active_camax/../../raw_logs/active_camax/camax_8.7_disp.txt

Data Record #2
===========================================================================
Step = 30
Time = 3
Data = sz
File = feb_inputs/active_camax/../../raw_logs/active_camax/camax_8.7_stress.txt

Data Record #3
===========================================================================
Step = 30
Time = 3
Data = J
File = feb_inputs/active_camax/../../raw_logs/active_camax/camax_8.7_vol.txt

===== beginning time step 31 : 3.1 =====


Reforming stiffness matrix: reformation #1

 1
 Nonlinear solution status: time= 3.1
	stiffness updates             = 0
	right hand side evaluations   = 2
	stiffness matrix reformations = 1
	step from line search         = 1.000000
	convergence norms :     INITIAL         CURRENT         REQUIRED
	   residual            5.251209e+00    9.495174e-08    0.000000e+00 
	   energy              2.735335e-02    1.718227e-08    2.735335e-04 
	   displacement        1.262319e-03    1.262319e-03    1.262319e-09 
 2
 Nonlinear solution status: time= 3.1
	stiffness updates             = 1
	right hand side evaluations   = 3
	stiffness matrix reformations = 1
	step from line search         = 1.000000
	convergence norms :     INITIAL         CURRENT         REQUIRED
	   residual            5.251209e+00    1.357818e-10    0.000000e+00 
	   energy              2.735335e-02    1.264412e-11    2.735335e-04 
	   displacement        1.262319e-03    3.255102e-12    1.262320e-09 

convergence summary
    number of iterations   : 2
    number of reformations : 1

------- converged at time : 3.1


Data Record #1
===========================================================================
Step = 31
Time = 3.1
Data = uz
File = feb_inputs/active_camax/../../raw_logs/active_camax/camax_8.7_disp.txt

Data Record #2
===========================================================================
Step = 31
Time = 3.1
Data = sz
File = feb_inputs/active_camax/../../raw_logs/active_camax/camax_8.7_stress.txt

Data Record #3
===========================================================================
Step = 31
Time = 3.1
Data = J
File = feb_inputs/active_camax/../../raw_logs/active_camax/camax_8.7_vol.txt

===== beginning time step 32 : 3.2 =====


Reforming stiffness matrix: reformation #1

 1
 Nonlinear solution status: time= 3.2
	stiffness updates             = 0
	right hand side evaluations   = 2
	stiffness matrix reformations = 1
	step from line search         = 1.000000
	convergence norms :     INITIAL         CURRENT         REQUIRED
	   residual            5.488476e+00    1.228755e-08    0.000000e+00 
	   energy              2.914930e-02    1.028165e-08    2.914930e-04 
	   displacement        1.357445e-03    1.357445e-03    1.357445e-09 
 2
 Nonlinear solution status: time= 3.2
	stiffness updates             = 1
	right hand side evaluations   = 3
	stiffness matrix reformations = 1
	step from line search         = 1.000000
	convergence norms :     INITIAL         CURRENT         REQUIRED
	   residual            5.488476e+00    3.812660e-12    0.000000e+00 
	   energy              2.914930e-02    1.078616e-12    2.914930e-04 
	   displacement        1.357445e-03    9.473553e-13    1.357446e-09 

convergence summary
    number of iterations   : 2
    number of reformations : 1

------- converged at time : 3.2


Data Record #1
===========================================================================
Step = 32
Time = 3.2
Data = uz
File = feb_inputs/active_camax/../../raw_logs/active_camax/camax_8.7_disp.txt

Data Record #2
===========================================================================
Step = 32
Time = 3.2
Data = sz
File = feb_inputs/active_camax/../../raw_logs/active_camax/camax_8.7_stress.txt

Data Record #3
===========================================================================
Step = 32
Time = 3.2
Data = J
File = feb_inputs/active_camax/../../raw_logs/active_camax/camax_8.7_vol.txt

===== beginning time step 33 : 3.3 =====


Reforming stiffness matrix: reformation #1

 1
 Nonlinear solution status: time= 3.3
	stiffness updates             = 0
	right hand side evaluations   = 2
	stiffness matrix reformations = 1
	step from line search         = 1.000000
	convergence norms :     INITIAL         CURRENT         REQUIRED
	   residual            5.706726e+00    3.934896e-08    0.000000e+00 
	   energy              3.095124e-02    1.903938e-08    3.095124e-04 
	   displacement        1.457555e-03    1.457555e-03    1.457555e-09 
 2
 Nonlinear solution status: time= 3.3
	stiffness updates             = 1
	right hand side evaluations   = 3
	stiffness matrix reformations = 1
	step from line search         = 1.000000
	convergence norms :     INITIAL         CURRENT         REQUIRED
	   residual            5.706726e+00    6.730864e-12    0.000000e+00 
	   energy              3.095124e-02    2.118878e-12    3.095124e-04 
	   displacement        1.457555e-03    2.084586e-12    1.457556e-09 

convergence summary
    number of iterations   : 2
    number of reformations : 1

------- converged at time : 3.3


Data Record #1
===========================================================================
Step = 33
Time = 3.3
Data = uz
File = feb_inputs/active_camax/../../raw_logs/active_camax/camax_8.7_disp.txt

Data Record #2
===========================================================================
Step = 33
Time = 3.3
Data = sz
File = feb_inputs/active_camax/../../raw_logs/active_camax/camax_8.7_stress.txt

Data Record #3
===========================================================================
Step = 33
Time = 3.3
Data = J
File = feb_inputs/active_camax/../../raw_logs/active_camax/camax_8.7_vol.txt

===== beginning time step 34 : 3.4 =====


Reforming stiffness matrix: reformation #1

 1
 Nonlinear solution status: time= 3.4
	stiffness updates             = 0
	right hand side evaluations   = 2
	stiffness matrix reformations = 1
	step from line search         = 1.000000
	convergence norms :     INITIAL         CURRENT         REQUIRED
	   residual            5.913386e+00    8.057736e-12    0.000000e+00 
	   energy              3.273275e-02    2.500311e-09    3.273275e-04 
	   displacement        1.557279e-03    1.557279e-03    1.557279e-09 
 2
 Nonlinear solution status: time= 3.4
	stiffness updates             = 1
	right hand side evaluations   = 3
	stiffness matrix reformations = 1
	step from line search         = 1.000000
	convergence norms :     INITIAL         CURRENT         REQUIRED
	   residual            5.913386e+00    8.923211e-20    0.000000e+00 
	   energy              3.273275e-02    4.959689e-18    3.273275e-04 
	   displacement        1.557279e-03    5.439619e-15    1.557280e-09 

convergence summary
    number of iterations   : 2
    number of reformations : 1

------- converged at time : 3.4


Data Record #1
===========================================================================
Step = 34
Time = 3.4
Data = uz
File = feb_inputs/active_camax/../../raw_logs/active_camax/camax_8.7_disp.txt

Data Record #2
===========================================================================
Step = 34
Time = 3.4
Data = sz
File = feb_inputs/active_camax/../../raw_logs/active_camax/camax_8.7_stress.txt

Data Record #3
===========================================================================
Step = 34
Time = 3.4
Data = J
File = feb_inputs/active_camax/../../raw_logs/active_camax/camax_8.7_vol.txt

===== beginning time step 35 : 3.5 =====


Reforming stiffness matrix: reformation #1

 1
 Nonlinear solution status: time= 3.5
	stiffness updates             = 0
	right hand side evaluations   = 2
	stiffness matrix reformations = 1
	step from line search         = 1.000000
	convergence norms :     INITIAL         CURRENT         REQUIRED
	   residual            6.122616e+00    3.131708e-09    0.000000e+00 
	   energy              3.443765e-02    4.478022e-09    3.443765e-04 
	   displacement        1.648776e-03    1.648776e-03    1.648776e-09 
 2
 Nonlinear solution status: time= 3.5
	stiffness updates             = 1
	right hand side evaluations   = 3
	stiffness matrix reformations = 1
	step from line search         = 1.000000
	convergence norms :     INITIAL         CURRENT         REQUIRED
	   residual            6.122616e+00    3.293804e-12    0.000000e+00 
	   energy              3.443765e-02    3.678752e-13    3.443765e-04 
	   displacement        1.648776e-03    1.064018e-13    1.648778e-09 

convergence summary
    number of iterations   : 2
    number of reformations : 1

------- converged at time : 3.5


Data Record #1
===========================================================================
Step = 35
Time = 3.5
Data = uz
File = feb_inputs/active_camax/../../raw_logs/active_camax/camax_8.7_disp.txt

Data Record #2
===========================================================================
Step = 35
Time = 3.5
Data = sz
File = feb_inputs/active_camax/../../raw_logs/active_camax/camax_8.7_stress.txt

Data Record #3
===========================================================================
Step = 35
Time = 3.5
Data = J
File = feb_inputs/active_camax/../../raw_logs/active_camax/camax_8.7_vol.txt

===== beginning time step 36 : 3.6 =====


Reforming stiffness matrix: reformation #1

 1
 Nonlinear solution status: time= 3.6
	stiffness updates             = 0
	right hand side evaluations   = 2
	stiffness matrix reformations = 1
	step from line search         = 1.000000
	convergence norms :     INITIAL         CURRENT         REQUIRED
	   residual            6.341152e+00    6.483647e-12    0.000000e+00 
	   energy              3.599370e-02    2.732302e-09    3.599370e-04 
	   displacement        1.725596e-03    1.725596e-03    1.725596e-09 
 2
 Nonlinear solution status: time= 3.6
	stiffness updates             = 1
	right hand side evaluations   = 3
	stiffness matrix reformations = 1
	step from line search         = 1.000000
	convergence norms :     INITIAL         CURRENT         REQUIRED
	   residual            6.341152e+00    3.715157e-20    0.000000e+00 
	   energy              3.599370e-02    3.060603e-18    3.599370e-04 
	   displacement        1.725596e-03    7.547257e-15    1.725597e-09 

convergence summary
    number of iterations   : 2
    number of reformations : 1

------- converged at time : 3.6


Data Record #1
===========================================================================
Step = 36
Time = 3.6
Data = uz
File = feb_inputs/active_camax/../../raw_logs/active_camax/camax_8.7_disp.txt

Data Record #2
===========================================================================
Step = 36
Time = 3.6
Data = sz
File = feb_inputs/active_camax/../../raw_logs/active_camax/camax_8.7_stress.txt

Data Record #3
===========================================================================
Step = 36
Time = 3.6
Data = J
File = feb_inputs/active_camax/../../raw_logs/active_camax/camax_8.7_vol.txt

===== beginning time step 37 : 3.7 =====


Reforming stiffness matrix: reformation #1

 1
 Nonlinear solution status: time= 3.7
	stiffness updates             = 0
	right hand side evaluations   = 2
	stiffness matrix reformations = 1
	step from line search         = 1.000000
	convergence norms :     INITIAL         CURRENT         REQUIRED
	   residual            6.558921e+00    2.176205e-10    0.000000e+00 
	   energy              3.733624e-02    3.600766e-09    3.733624e-04 
	   displacement        1.784635e-03    1.784635e-03    1.784635e-09 
 2
 Nonlinear solution status: time= 3.7
	stiffness updates             = 1
	right hand side evaluations   = 3
	stiffness matrix reformations = 1
	step from line search         = 1.000000
	convergence norms :     INITIAL         CURRENT         REQUIRED
	   residual            6.558921e+00    3.725577e-14    0.000000e+00 
	   energy              3.733624e-02    1.659607e-14    3.733624e-04 
	   displacement        1.784635e-03    2.850722e-14    1.784637e-09 

convergence summary
    number of iterations   : 2
    number of reformations : 1

------- converged at time : 3.7


Data Record #1
===========================================================================
Step = 37
Time = 3.7
Data = uz
File = feb_inputs/active_camax/../../raw_logs/active_camax/camax_8.7_disp.txt

Data Record #2
===========================================================================
Step = 37
Time = 3.7
Data = sz
File = feb_inputs/active_camax/../../raw_logs/active_camax/camax_8.7_stress.txt

Data Record #3
===========================================================================
Step = 37
Time = 3.7
Data = J
File = feb_inputs/active_camax/../../raw_logs/active_camax/camax_8.7_vol.txt

===== beginning time step 38 : 3.8 =====


Reforming stiffness matrix: reformation #1

 1
 Nonlinear solution status: time= 3.8
	stiffness updates             = 0
	right hand side evaluations   = 2
	stiffness matrix reformations = 1
	step from line search         = 1.000000
	convergence norms :     INITIAL         CURRENT         REQUIRED
	   residual            6.753499e+00    7.910778e-12    0.000000e+00 
	   energy              3.841732e-02    2.712419e-09    3.841732e-04 
	   displacement        1.828228e-03    1.828228e-03    1.828228e-09 
 2
 Nonlinear solution status: time= 3.8
	stiffness updates             = 1
	right hand side evaluations   = 3
	stiffness matrix reformations = 1
	step from line search         = 1.000000
	convergence norms :     INITIAL         CURRENT         REQUIRED
	   residual            6.753499e+00    4.977134e-20    0.000000e+00 
	   energy              3.841732e-02    5.561777e-18    3.841732e-04 
	   displacement        1.828228e-03    1.002513e-14    1.828230e-09 

convergence summary
    number of iterations   : 2
    number of reformations : 1

------- converged at time : 3.8


Data Record #1
===========================================================================
Step = 38
Time = 3.8
Data = uz
File = feb_inputs/active_camax/../../raw_logs/active_camax/camax_8.7_disp.txt

Data Record #2
===========================================================================
Step = 38
Time = 3.8
Data = sz
File = feb_inputs/active_camax/../../raw_logs/active_camax/camax_8.7_stress.txt

Data Record #3
===========================================================================
Step = 38
Time = 3.8
Data = J
File = feb_inputs/active_camax/../../raw_logs/active_camax/camax_8.7_vol.txt

===== beginning time step 39 : 3.9 =====


Reforming stiffness matrix: reformation #1

 1
 Nonlinear solution status: time= 3.9
	stiffness updates             = 0
	right hand side evaluations   = 2
	stiffness matrix reformations = 1
	step from line search         = 1.000000
	convergence norms :     INITIAL         CURRENT         REQUIRED
	   residual            6.899704e+00    7.663958e-12    0.000000e+00 
	   energy              3.920660e-02    2.548084e-09    3.920660e-04 
	   displacement        1.861692e-03    1.861692e-03    1.861692e-09 
 2
 Nonlinear solution status: time= 3.9
	stiffness updates             = 1
	right hand side evaluations   = 3
	stiffness matrix reformations = 1
	step from line search         = 1.000000
	convergence norms :     INITIAL         CURRENT         REQUIRED
	   residual            6.899704e+00    4.837511e-20    0.000000e+00 
	   energy              3.920660e-02    5.085074e-18    3.920660e-04 
	   displacement        1.861692e-03    9.752054e-15    1.861694e-09 

convergence summary
    number of iterations   : 2
    number of reformations : 1

------- converged at time : 3.9


Data Record #1
===========================================================================
Step = 39
Time = 3.9
Data = uz
File = feb_inputs/active_camax/../../raw_logs/active_camax/camax_8.7_disp.txt

Data Record #2
===========================================================================
Step = 39
Time = 3.9
Data = sz
File = feb_inputs/active_camax/../../raw_logs/active_camax/camax_8.7_stress.txt

Data Record #3
===========================================================================
Step = 39
Time = 3.9
Data = J
File = feb_inputs/active_camax/../../raw_logs/active_camax/camax_8.7_vol.txt

===== beginning time step 40 : 4 =====


Reforming stiffness matrix: reformation #1

 1
 Nonlinear solution status: time= 4
	stiffness updates             = 0
	right hand side evaluations   = 2
	stiffness matrix reformations = 1
	step from line search         = 1.000000
	convergence norms :     INITIAL         CURRENT         REQUIRED
	   residual            6.995312e+00    6.616395e-12    0.000000e+00 
	   energy              3.969212e-02    2.646000e-09    3.969212e-04 
	   displacement        1.886174e-03    1.886174e-03    1.886174e-09 
 2
 Nonlinear solution status: time= 4
	stiffness updates             = 1
	right hand side evaluations   = 3
	stiffness matrix reformations = 1
	step from line search         = 1.000000
	convergence norms :     INITIAL         CURRENT         REQUIRED
	   residual            6.995312e+00    4.096713e-20    0.000000e+00 
	   energy              3.969212e-02    3.490036e-18    3.969212e-04 
	   displacement        1.886174e-03    8.845116e-15    1.886176e-09 

convergence summary
    number of iterations   : 2
    number of reformations : 1

------- converged at time : 4


Data Record #1
===========================================================================
Step = 40
Time = 4
Data = uz
File = feb_inputs/active_camax/../../raw_logs/active_camax/camax_8.7_disp.txt

Data Record #2
===========================================================================
Step = 40
Time = 4
Data = sz
File = feb_inputs/active_camax/../../raw_logs/active_camax/camax_8.7_stress.txt

Data Record #3
===========================================================================
Step = 40
Time = 4
Data = J
File = feb_inputs/active_camax/../../raw_logs/active_camax/camax_8.7_vol.txt

===== beginning time step 41 : 4.1 =====


Reforming stiffness matrix: reformation #1

 1
 Nonlinear solution status: time= 4.1
	stiffness updates             = 0
	right hand side evaluations   = 2
	stiffness matrix reformations = 1
	step from line search         = 1.000000
	convergence norms :     INITIAL         CURRENT         REQUIRED
	   residual            7.055903e+00    5.617134e-12    0.000000e+00 
	   energy              3.988098e-02    2.957509e-09    3.988098e-04 
	   displacement        1.896702e-03    1.896702e-03    1.896702e-09 
 2
 Nonlinear solution status: time= 4.1
	stiffness updates             = 1
	right hand side evaluations   = 3
	stiffness matrix reformations = 1
	step from line search         = 1.000000
	convergence norms :     INITIAL         CURRENT         REQUIRED
	   residual            7.055903e+00    3.743800e-20    0.000000e+00 
	   energy              3.988098e-02    2.348654e-18    3.988098e-04 
	   displacement        1.896702e-03    8.004535e-15    1.896703e-09 

convergence summary
    number of iterations   : 2
    number of reformations : 1

------- converged at time : 4.1


Data Record #1
===========================================================================
Step = 41
Time = 4.1
Data = uz
File = feb_inputs/active_camax/../../raw_logs/active_camax/camax_8.7_disp.txt

Data Record #2
===========================================================================
Step = 41
Time = 4.1
Data = sz
File = feb_inputs/active_camax/../../raw_logs/active_camax/camax_8.7_stress.txt

Data Record #3
===========================================================================
Step = 41
Time = 4.1
Data = J
File = feb_inputs/active_camax/../../raw_logs/active_camax/camax_8.7_vol.txt

===== beginning time step 42 : 4.2 =====


Reforming stiffness matrix: reformation #1

 1
 Nonlinear solution status: time= 4.2
	stiffness updates             = 0
	right hand side evaluations   = 2
	stiffness matrix reformations = 1
	step from line search         = 1.000000
	convergence norms :     INITIAL         CURRENT         REQUIRED
	   residual            7.092154e+00    5.263415e-12    0.000000e+00 
	   energy              3.979429e-02    3.350852e-09    3.979429e-04 
	   displacement        1.890217e-03    1.890217e-03    1.890217e-09 
 2
 Nonlinear solution status: time= 4.2
	stiffness updates             = 1
	right hand side evaluations   = 3
	stiffness matrix reformations = 1
	step from line search         = 1.000000
	convergence norms :     INITIAL         CURRENT         REQUIRED
	   residual            7.092154e+00    3.758158e-20    0.000000e+00 
	   energy              3.979429e-02    1.927983e-18    3.979429e-04 
	   displacement        1.890217e-03    7.534799e-15    1.890218e-09 

convergence summary
    number of iterations   : 2
    number of reformations : 1

------- converged at time : 4.2


Data Record #1
===========================================================================
Step = 42
Time = 4.2
Data = uz
File = feb_inputs/active_camax/../../raw_logs/active_camax/camax_8.7_disp.txt

Data Record #2
===========================================================================
Step = 42
Time = 4.2
Data = sz
File = feb_inputs/active_camax/../../raw_logs/active_camax/camax_8.7_stress.txt

Data Record #3
===========================================================================
Step = 42
Time = 4.2
Data = J
File = feb_inputs/active_camax/../../raw_logs/active_camax/camax_8.7_vol.txt

===== beginning time step 43 : 4.3 =====


Reforming stiffness matrix: reformation #1

 1
 Nonlinear solution status: time= 4.3
	stiffness updates             = 0
	right hand side evaluations   = 2
	stiffness matrix reformations = 1
	step from line search         = 1.000000
	convergence norms :     INITIAL         CURRENT         REQUIRED
	   residual            7.101220e+00    6.138764e-12    0.000000e+00 
	   energy              3.945675e-02    3.836347e-09    3.945675e-04 
	   displacement        1.870059e-03    1.870059e-03    1.870059e-09 
 2
 Nonlinear solution status: time= 4.3
	stiffness updates             = 1
	right hand side evaluations   = 3
	stiffness matrix reformations = 1
	step from line search         = 1.000000
	convergence norms :     INITIAL         CURRENT         REQUIRED
	   residual            7.101220e+00    4.386602e-20    0.000000e+00 
	   energy              3.945675e-02    2.018191e-18    3.945675e-04 
	   displacement        1.870059e-03    7.450614e-15    1.870061e-09 

convergence summary
    number of iterations   : 2
    number of reformations : 1

------- converged at time : 4.3


Data Record #1
===========================================================================
Step = 43
Time = 4.3
Data = uz
File = feb_inputs/active_camax/../../raw_logs/active_camax/camax_8.7_disp.txt

Data Record #2
===========================================================================
Step = 43
Time = 4.3
Data = sz
File = feb_inputs/active_camax/../../raw_logs/active_camax/camax_8.7_stress.txt

Data Record #3
===========================================================================
Step = 43
Time = 4.3
Data = J
File = feb_inputs/active_camax/../../raw_logs/active_camax/camax_8.7_vol.txt

===== beginning time step 44 : 4.4 =====


Reforming stiffness matrix: reformation #1

 1
 Nonlinear solution status: time= 4.4
	stiffness updates             = 0
	right hand side evaluations   = 2
	stiffness matrix reformations = 1
	step from line search         = 1.000000
	convergence norms :     INITIAL         CURRENT         REQUIRED
	   residual            7.074782e+00    7.446193e-12    0.000000e+00 
	   energy              3.889322e-02    4.209284e-09    3.889322e-04 
	   displacement        1.839005e-03    1.839005e-03    1.839005e-09 
 2
 Nonlinear solution status: time= 4.4
	stiffness updates             = 1
	right hand side evaluations   = 3
	stiffness matrix reformations = 1
	step from line search         = 1.000000
	convergence norms :     INITIAL         CURRENT         REQUIRED
	   residual            7.074782e+00    5.926998e-20    0.000000e+00 
	   energy              3.889322e-02    2.450892e-18    3.889322e-04 
	   displacement        1.839005e-03    7.382024e-15    1.839006e-09 

convergence summary
    number of iterations   : 2
    number of reformations : 1

------- converged at time : 4.4


Data Record #1
===========================================================================
Step = 44
Time = 4.4
Data = uz
File = feb_inputs/active_camax/../../raw_logs/active_camax/camax_8.7_disp.txt

Data Record #2
===========================================================================
Step = 44
Time = 4.4
Data = sz
File = feb_inputs/active_camax/../../raw_logs/active_camax/camax_8.7_stress.txt

Data Record #3
===========================================================================
Step = 44
Time = 4.4
Data = J
File = feb_inputs/active_camax/../../raw_logs/active_camax/camax_8.7_vol.txt

===== beginning time step 45 : 4.5 =====


Reforming stiffness matrix: reformation #1

 1
 Nonlinear solution status: time= 4.5
	stiffness updates             = 0
	right hand side evaluations   = 2
	stiffness matrix reformations = 1
	step from line search         = 1.000000
	convergence norms :     INITIAL         CURRENT         REQUIRED
	   residual            7.016015e+00    8.893807e-12    0.000000e+00 
	   energy              3.812670e-02    4.361127e-09    3.812670e-04 
	   displacement        1.795882e-03    1.795882e-03    1.795882e-09 
 2
 Nonlinear solution status: time= 4.5
	stiffness updates             = 1
	right hand side evaluations   = 3
	stiffness matrix reformations = 1
	step from line search         = 1.000000
	convergence norms :     INITIAL         CURRENT         REQUIRED
	   residual            7.016015e+00    1.010188e-19    0.000000e+00 
	   energy              3.812670e-02    3.736417e-18    3.812670e-04 
	   displacement        1.795882e-03    7.139387e-15    1.795884e-09 

convergence summary
    number of iterations   : 2
    number of reformations : 1

------- converged at time : 4.5


Data Record #1
===========================================================================
Step = 45
Time = 4.5
Data = uz
File = feb_inputs/active_camax/../../raw_logs/active_camax/camax_8.7_disp.txt

Data Record #2
===========================================================================
Step = 45
Time = 4.5
Data = sz
File = feb_inputs/active_camax/../../raw_logs/active_camax/camax_8.7_stress.txt

Data Record #3
===========================================================================
Step = 45
Time = 4.5
Data = J
File = feb_inputs/active_camax/../../raw_logs/active_camax/camax_8.7_vol.txt

===== beginning time step 46 : 4.6 =====


Reforming stiffness matrix: reformation #1

 1
 Nonlinear solution status: time= 4.6
	stiffness updates             = 0
	right hand side evaluations   = 2
	stiffness matrix reformations = 1
	step from line search         = 1.000000
	convergence norms :     INITIAL         CURRENT         REQUIRED
	   residual            6.935867e+00    1.209675e-11    0.000000e+00 
	   energy              3.717612e-02    4.516925e-09    3.717612e-04 
	   displacement        1.740028e-03    1.740028e-03    1.740028e-09 
 2
 Nonlinear solution status: time= 4.6
	stiffness updates             = 1
	right hand side evaluations   = 3
	stiffness matrix reformations = 1
	step from line search         = 1.000000
	convergence norms :     INITIAL         CURRENT         REQUIRED
	   residual            6.935867e+00    2.120068e-19    0.000000e+00 
	   energy              3.717612e-02    7.497465e-18    3.717612e-04 
	   displacement        1.740028e-03    7.444679e-15    1.740030e-09 

convergence summary
    number of iterations   : 2
    number of reformations : 1

------- converged at time : 4.6


Data Record #1
===========================================================================
Step = 46
Time = 4.6
Data = uz
File = feb_inputs/active_camax/../../raw_logs/active_camax/camax_8.7_disp.txt

Data Record #2
===========================================================================
Step = 46
Time = 4.6
Data = sz
File = feb_inputs/active_camax/../../raw_logs/active_camax/camax_8.7_stress.txt

Data Record #3
===========================================================================
Step = 46
Time = 4.6
Data = J
File = feb_inputs/active_camax/../../raw_logs/active_camax/camax_8.7_vol.txt

===== beginning time step 47 : 4.7 =====


Reforming stiffness matrix: reformation #1

 1
 Nonlinear solution status: time= 4.7
	stiffness updates             = 0
	right hand side evaluations   = 2
	stiffness matrix reformations = 1
	step from line search         = 1.000000
	convergence norms :     INITIAL         CURRENT         REQUIRED
	   residual            6.844662e+00    1.934344e-11    0.000000e+00 
	   energy              3.606115e-02    4.801338e-09    3.606115e-04 
	   displacement        1.672303e-03    1.672303e-03    1.672303e-09 
 2
 Nonlinear solution status: time= 4.7
	stiffness updates             = 1
	right hand side evaluations   = 3
	stiffness matrix reformations = 1
	step from line search         = 1.000000
	convergence norms :     INITIAL         CURRENT         REQUIRED
	   residual            6.844662e+00    4.868288e-19    0.000000e+00 
	   energy              3.606115e-02    1.711898e-17    3.606115e-04 
	   displacement        1.672303e-03    8.851348e-15    1.672305e-09 

convergence summary
    number of iterations   : 2
    number of reformations : 1

------- converged at time : 4.7


Data Record #1
===========================================================================
Step = 47
Time = 4.7
Data = uz
File = feb_inputs/active_camax/../../raw_logs/active_camax/camax_8.7_disp.txt

Data Record #2
===========================================================================
Step = 47
Time = 4.7
Data = sz
File = feb_inputs/active_camax/../../raw_logs/active_camax/camax_8.7_stress.txt

Data Record #3
===========================================================================
Step = 47
Time = 4.7
Data = J
File = feb_inputs/active_camax/../../raw_logs/active_camax/camax_8.7_vol.txt

===== beginning time step 48 : 4.8 =====


Reforming stiffness matrix: reformation #1

 1
 Nonlinear solution status: time= 4.8
	stiffness updates             = 0
	right hand side evaluations   = 2
	stiffness matrix reformations = 1
	step from line search         = 1.000000
	convergence norms :     INITIAL         CURRENT         REQUIRED
	   residual            6.740401e+00    2.788654e-11    0.000000e+00 
	   energy              3.481271e-02    5.024046e-09    3.481271e-04 
	   displacement        1.596207e-03    1.596207e-03    1.596207e-09 
 2
 Nonlinear solution status: time= 4.8
	stiffness updates             = 1
	right hand side evaluations   = 3
	stiffness matrix reformations = 1
	step from line search         = 1.000000
	convergence norms :     INITIAL         CURRENT         REQUIRED
	   residual            6.740401e+00    9.085861e-19    0.000000e+00 
	   energy              3.481271e-02    3.039455e-17    3.481271e-04 
	   displacement        1.596207e-03    1.050570e-14    1.596208e-09 

convergence summary
    number of iterations   : 2
    number of reformations : 1

------- converged at time : 4.8


Data Record #1
===========================================================================
Step = 48
Time = 4.8
Data = uz
File = feb_inputs/active_camax/../../raw_logs/active_camax/camax_8.7_disp.txt

Data Record #2
===========================================================================
Step = 48
Time = 4.8
Data = sz
File = feb_inputs/active_camax/../../raw_logs/active_camax/camax_8.7_stress.txt

Data Record #3
===========================================================================
Step = 48
Time = 4.8
Data = J
File = feb_inputs/active_camax/../../raw_logs/active_camax/camax_8.7_vol.txt

===== beginning time step 49 : 4.9 =====


Reforming stiffness matrix: reformation #1

 1
 Nonlinear solution status: time= 4.9
	stiffness updates             = 0
	right hand side evaluations   = 2
	stiffness matrix reformations = 1
	step from line search         = 1.000000
	convergence norms :     INITIAL         CURRENT         REQUIRED
	   residual            6.604515e+00    2.940768e-11    0.000000e+00 
	   energy              3.346352e-02    4.899972e-09    3.346352e-04 
	   displacement        1.518052e-03    1.518052e-03    1.518052e-09 
 2
 Nonlinear solution status: time= 4.9
	stiffness updates             = 1
	right hand side evaluations   = 3
	stiffness matrix reformations = 1
	step from line search         = 1.000000
	convergence norms :     INITIAL         CURRENT         REQUIRED
	   residual            6.604515e+00    1.145026e-18    0.000000e+00 
	   energy              3.346352e-02    3.595504e-17    3.346352e-04 
	   displacement        1.518052e-03    1.077912e-14    1.518053e-09 

convergence summary
    number of iterations   : 2
    number of reformations : 1

------- converged at time : 4.9


Data Record #1
===========================================================================
Step = 49
Time = 4.9
Data = uz
File = feb_inputs/active_camax/../../raw_logs/active_camax/camax_8.7_disp.txt

Data Record #2
===========================================================================
Step = 49
Time = 4.9
Data = sz
File = feb_inputs/active_camax/../../raw_logs/active_camax/camax_8.7_stress.txt

Data Record #3
===========================================================================
Step = 49
Time = 4.9
Data = J
File = feb_inputs/active_camax/../../raw_logs/active_camax/camax_8.7_vol.txt

===== beginning time step 50 : 5 =====


Reforming stiffness matrix: reformation #1

 1
 Nonlinear solution status: time= 5
	stiffness updates             = 0
	right hand side evaluations   = 2
	stiffness matrix reformations = 1
	step from line search         = 1.000000
	convergence norms :     INITIAL         CURRENT         REQUIRED
	   residual            6.412983e+00    2.912473e-11    0.000000e+00 
	   energy              3.203600e-02    4.411793e-09    3.203600e-04 
	   displacement        1.441972e-03    1.441972e-03    1.441972e-09 
 2
 Nonlinear solution status: time= 5
	stiffness updates             = 1
	right hand side evaluations   = 3
	stiffness matrix reformations = 1
	step from line search         = 1.000000
	convergence norms :     INITIAL         CURRENT         REQUIRED
	   residual            6.412983e+00    1.195469e-18    0.000000e+00 
	   energy              3.203600e-02    3.500062e-17    3.203600e-04 
	   displacement        1.441972e-03    1.001483e-14    1.441973e-09 

convergence summary
    number of iterations   : 2
    number of reformations : 1

------- converged at time : 5


Data Record #1
===========================================================================
Step = 50
Time = 5
Data = uz
File = feb_inputs/active_camax/../../raw_logs/active_camax/camax_8.7_disp.txt

Data Record #2
===========================================================================
Step = 50
Time = 5
Data = sz
File = feb_inputs/active_camax/../../raw_logs/active_camax/camax_8.7_stress.txt

Data Record #3
===========================================================================
Step = 50
Time = 5
Data = J
File = feb_inputs/active_camax/../../raw_logs/active_camax/camax_8.7_vol.txt

===== beginning time step 51 : 5.1 =====


Reforming stiffness matrix: reformation #1

 1
 Nonlinear solution status: time= 5.1
	stiffness updates             = 0
	right hand side evaluations   = 2
	stiffness matrix reformations = 1
	step from line search         = 1.000000
	convergence norms :     INITIAL         CURRENT         REQUIRED
	   residual            6.150727e+00    3.004345e-11    0.000000e+00 
	   energy              3.054859e-02    3.867538e-09    3.054859e-04 
	   displacement        1.369328e-03    1.369328e-03    1.369328e-09 
 2
 Nonlinear solution status: time= 5.1
	stiffness updates             = 1
	right hand side evaluations   = 3
	stiffness matrix reformations = 1
	step from line search         = 1.000000
	convergence norms :     INITIAL         CURRENT         REQUIRED
	   residual            6.150727e+00    1.217351e-18    0.000000e+00 
	   energy              3.054859e-02    3.415411e-17    3.054859e-04 
	   displacement        1.369328e-03    9.034470e-15    1.369329e-09 

convergence summary
    number of iterations   : 2
    number of reformations : 1

------- converged at time : 5.1


Data Record #1
===========================================================================
Step = 51
Time = 5.1
Data = uz
File = feb_inputs/active_camax/../../raw_logs/active_camax/camax_8.7_disp.txt

Data Record #2
===========================================================================
Step = 51
Time = 5.1
Data = sz
File = feb_inputs/active_camax/../../raw_logs/active_camax/camax_8.7_stress.txt

Data Record #3
===========================================================================
Step = 51
Time = 5.1
Data = J
File = feb_inputs/active_camax/../../raw_logs/active_camax/camax_8.7_vol.txt

===== beginning time step 52 : 5.2 =====


Reforming stiffness matrix: reformation #1

 1
 Nonlinear solution status: time= 5.2
	stiffness updates             = 0
	right hand side evaluations   = 2
	stiffness matrix reformations = 1
	step from line search         = 1.000000
	convergence norms :     INITIAL         CURRENT         REQUIRED
	   residual            5.832909e+00    3.033683e-11    0.000000e+00 
	   energy              2.901852e-02    3.605839e-09    2.901852e-04 
	   displacement        1.300976e-03    1.300976e-03    1.300976e-09 
 2
 Nonlinear solution status: time= 5.2
	stiffness updates             = 1
	right hand side evaluations   = 3
	stiffness matrix reformations = 1
	step from line search         = 1.000000
	convergence norms :     INITIAL         CURRENT         REQUIRED
	   residual            5.832909e+00    1.175526e-18    0.000000e+00 
	   energy              2.901852e-02    3.149750e-17    2.901852e-04 
	   displacement        1.300976e-03    8.210279e-15    1.300977e-09 

convergence summary
    number of iterations   : 2
    number of reformations : 1

------- converged at time : 5.2


Data Record #1
===========================================================================
Step = 52
Time = 5.2
Data = uz
File = feb_inputs/active_camax/../../raw_logs/active_camax/camax_8.7_disp.txt

Data Record #2
===========================================================================
Step = 52
Time = 5.2
Data = sz
File = feb_inputs/active_camax/../../raw_logs/active_camax/camax_8.7_stress.txt

Data Record #3
===========================================================================
Step = 52
Time = 5.2
Data = J
File = feb_inputs/active_camax/../../raw_logs/active_camax/camax_8.7_vol.txt

===== beginning time step 53 : 5.3 =====


Reforming stiffness matrix: reformation #1

 1
 Nonlinear solution status: time= 5.3
	stiffness updates             = 0
	right hand side evaluations   = 2
	stiffness matrix reformations = 1
	step from line search         = 1.000000
	convergence norms :     INITIAL         CURRENT         REQUIRED
	   residual            5.488653e+00    2.505575e-11    0.000000e+00 
	   energy              2.745716e-02    3.601198e-09    2.745716e-04 
	   displacement        1.236075e-03    1.236075e-03    1.236075e-09 
 2
 Nonlinear solution status: time= 5.3
	stiffness updates             = 1
	right hand side evaluations   = 3
	stiffness matrix reformations = 1
	step from line search         = 1.000000
	convergence norms :     INITIAL         CURRENT         REQUIRED
	   residual            5.488653e+00    8.867237e-19    0.000000e+00 
	   energy              2.745716e-02    2.242713e-17    2.745716e-04 
	   displacement        1.236075e-03    7.236032e-15    1.236076e-09 

convergence summary
    number of iterations   : 2
    number of reformations : 1

------- converged at time : 5.3


Data Record #1
===========================================================================
Step = 53
Time = 5.3
Data = uz
File = feb_inputs/active_camax/../../raw_logs/active_camax/camax_8.7_disp.txt

Data Record #2
===========================================================================
Step = 53
Time = 5.3
Data = sz
File = feb_inputs/active_camax/../../raw_logs/active_camax/camax_8.7_stress.txt

Data Record #3
===========================================================================
Step = 53
Time = 5.3
Data = J
File = feb_inputs/active_camax/../../raw_logs/active_camax/camax_8.7_vol.txt

===== beginning time step 54 : 5.4 =====


Reforming stiffness matrix: reformation #1

 1
 Nonlinear solution status: time= 5.4
	stiffness updates             = 0
	right hand side evaluations   = 2
	stiffness matrix reformations = 1
	step from line search         = 1.000000
	convergence norms :     INITIAL         CURRENT         REQUIRED
	   residual            5.129748e+00    1.706681e-11    0.000000e+00 
	   energy              2.587120e-02    3.715095e-09    2.587120e-04 
	   displacement        1.171200e-03    1.171200e-03    1.171200e-09 
 2
 Nonlinear solution status: time= 5.4
	stiffness updates             = 1
	right hand side evaluations   = 3
	stiffness matrix reformations = 1
	step from line search         = 1.000000
	convergence norms :     INITIAL         CURRENT         REQUIRED
	   residual            5.129748e+00    5.577032e-19    0.000000e+00 
	   energy              2.587120e-02    1.311932e-17    2.587120e-04 
	   displacement        1.171200e-03    6.392660e-15    1.171200e-09 

convergence summary
    number of iterations   : 2
    number of reformations : 1

------- converged at time : 5.4


Data Record #1
===========================================================================
Step = 54
Time = 5.4
Data = uz
File = feb_inputs/active_camax/../../raw_logs/active_camax/camax_8.7_disp.txt

Data Record #2
===========================================================================
Step = 54
Time = 5.4
Data = sz
File = feb_inputs/active_camax/../../raw_logs/active_camax/camax_8.7_stress.txt

Data Record #3
===========================================================================
Step = 54
Time = 5.4
Data = J
File = feb_inputs/active_camax/../../raw_logs/active_camax/camax_8.7_vol.txt

===== beginning time step 55 : 5.5 =====


Reforming stiffness matrix: reformation #1

 1
 Nonlinear solution status: time= 5.5
	stiffness updates             = 0
	right hand side evaluations   = 2
	stiffness matrix reformations = 1
	step from line search         = 1.000000
	convergence norms :     INITIAL         CURRENT         REQUIRED
	   residual            4.760976e+00    1.197284e-11    0.000000e+00 
	   energy              2.427569e-02    3.802066e-09    2.427569e-04 
	   displacement        1.105068e-03    1.105068e-03    1.105068e-09 
 2
 Nonlinear solution status: time= 5.5
	stiffness updates             = 1
	right hand side evaluations   = 3
	stiffness matrix reformations = 1
	step from line search         = 1.000000
	convergence norms :     INITIAL         CURRENT         REQUIRED
	   residual            4.760976e+00    3.494481e-19    0.000000e+00 
	   energy              2.427569e-02    8.448582e-18    2.427569e-04 
	   displacement        1.105068e-03    5.814449e-15    1.105069e-09 

convergence summary
    number of iterations   : 2
    number of reformations : 1

------- converged at time : 5.5


Data Record #1
===========================================================================
Step = 55
Time = 5.5
Data = uz
File = feb_inputs/active_camax/../../raw_logs/active_camax/camax_8.7_disp.txt

Data Record #2
===========================================================================
Step = 55
Time = 5.5
Data = sz
File = feb_inputs/active_camax/../../raw_logs/active_camax/camax_8.7_stress.txt

Data Record #3
===========================================================================
Step = 55
Time = 5.5
Data = J
File = feb_inputs/active_camax/../../raw_logs/active_camax/camax_8.7_vol.txt

===== beginning time step 56 : 5.6 =====


Reforming stiffness matrix: reformation #1

 1
 Nonlinear solution status: time= 5.6
	stiffness updates             = 0
	right hand side evaluations   = 2
	stiffness matrix reformations = 1
	step from line search         = 1.000000
	convergence norms :     INITIAL         CURRENT         REQUIRED
	   residual            4.387037e+00    9.605322e-12    0.000000e+00 
	   energy              2.269586e-02    3.883377e-09    2.269586e-04 
	   displacement        1.040691e-03    1.040691e-03    1.040691e-09 
 2
 Nonlinear solution status: time= 5.6
	stiffness updates             = 1
	right hand side evaluations   = 3
	stiffness matrix reformations = 1
	step from line search         = 1.000000
	convergence norms :     INITIAL         CURRENT         REQUIRED
	   residual            4.387037e+00    2.137589e-19    0.000000e+00 
	   energy              2.269586e-02    6.554816e-18    2.269586e-04 
	   displacement        1.040691e-03    5.677623e-15    1.040692e-09 

convergence summary
    number of iterations   : 2
    number of reformations : 1

------- converged at time : 5.6


Data Record #1
===========================================================================
Step = 56
Time = 5.6
Data = uz
File = feb_inputs/active_camax/../../raw_logs/active_camax/camax_8.7_disp.txt

Data Record #2
===========================================================================
Step = 56
Time = 5.6
Data = sz
File = feb_inputs/active_camax/../../raw_logs/active_camax/camax_8.7_stress.txt

Data Record #3
===========================================================================
Step = 56
Time = 5.6
Data = J
File = feb_inputs/active_camax/../../raw_logs/active_camax/camax_8.7_vol.txt

===== beginning time step 57 : 5.7 =====


Reforming stiffness matrix: reformation #1

 1
 Nonlinear solution status: time= 5.7
	stiffness updates             = 0
	right hand side evaluations   = 2
	stiffness matrix reformations = 1
	step from line search         = 1.000000
	convergence norms :     INITIAL         CURRENT         REQUIRED
	   residual            4.014936e+00    7.823571e-12    0.000000e+00 
	   energy              2.115944e-02    4.300371e-09    2.115944e-04 
	   displacement        9.797999e-04    9.797999e-04    9.797999e-10 
 2
 Nonlinear solution status: time= 5.7
	stiffness updates             = 1
	right hand side evaluations   = 3
	stiffness matrix reformations = 1
	step from line search         = 1.000000
	convergence norms :     INITIAL         CURRENT         REQUIRED
	   residual            4.014936e+00    1.427252e-19    0.000000e+00 
	   energy              2.115944e-02    5.579297e-18    2.115944e-04 
	   displacement        9.797999e-04    6.424871e-15    9.798011e-10 

convergence summary
    number of iterations   : 2
    number of reformations : 1

------- converged at time : 5.7


Data Record #1
===========================================================================
Step = 57
Time = 5.7
Data = uz
File = feb_inputs/active_camax/../../raw_logs/active_camax/camax_8.7_disp.txt

Data Record #2
===========================================================================
Step = 57
Time = 5.7
Data = sz
File = feb_inputs/active_camax/../../raw_logs/active_camax/camax_8.7_stress.txt

Data Record #3
===========================================================================
Step = 57
Time = 5.7
Data = J
File = feb_inputs/active_camax/../../raw_logs/active_camax/camax_8.7_vol.txt

===== beginning time step 58 : 5.8 =====


Reforming stiffness matrix: reformation #1

 1
 Nonlinear solution status: time= 5.8
	stiffness updates             = 0
	right hand side evaluations   = 2
	stiffness matrix reformations = 1
	step from line search         = 1.000000
	convergence norms :     INITIAL         CURRENT         REQUIRED
	   residual            3.662779e+00    5.035233e-12    0.000000e+00 
	   energy              1.969696e-02    5.119652e-09    1.969696e-04 
	   displacement        9.217577e-04    9.217577e-04    9.217577e-10 
 2
 Nonlinear solution status: time= 5.8
	stiffness updates             = 1
	right hand side evaluations   = 3
	stiffness matrix reformations = 1
	step from line search         = 1.000000
	convergence norms :     INITIAL         CURRENT         REQUIRED
	   residual            3.662779e+00    8.565524e-20    0.000000e+00 
	   energy              1.969696e-02    3.374289e-18    1.969696e-04 
	   displacement        9.217577e-04    6.721460e-15    9.217591e-10 

convergence summary
    number of iterations   : 2
    number of reformations : 1

------- converged at time : 5.8


Data Record #1
===========================================================================
Step = 58
Time = 5.8
Data = uz
File = feb_inputs/active_camax/../../raw_logs/active_camax/camax_8.7_disp.txt

Data Record #2
===========================================================================
Step = 58
Time = 5.8
Data = sz
File = feb_inputs/active_camax/../../raw_logs/active_camax/camax_8.7_stress.txt

Data Record #3
===========================================================================
Step = 58
Time = 5.8
Data = J
File = feb_inputs/active_camax/../../raw_logs/active_camax/camax_8.7_vol.txt

===== beginning time step 59 : 5.9 =====


Reforming stiffness matrix: reformation #1

 1
 Nonlinear solution status: time= 5.9
	stiffness updates             = 0
	right hand side evaluations   = 2
	stiffness matrix reformations = 1
	step from line search         = 1.000000
	convergence norms :     INITIAL         CURRENT         REQUIRED
	   residual            3.342782e+00    2.895130e-12    0.000000e+00 
	   energy              1.833900e-02    6.053442e-09    1.833900e-04 
	   displacement        8.668979e-04    8.668979e-04    8.668979e-10 
 2
 Nonlinear solution status: time= 5.9
	stiffness updates             = 1
	right hand side evaluations   = 3
	stiffness matrix reformations = 1
	step from line search         = 1.000000
	convergence norms :     INITIAL         CURRENT         REQUIRED
	   residual            3.342782e+00    4.725560e-20    0.000000e+00 
	   energy              1.833900e-02    1.147647e-18    1.833900e-04 
	   displacement        8.668979e-04    6.895943e-15    8.668995e-10 

convergence summary
    number of iterations   : 2
    number of reformations : 1

------- converged at time : 5.9


Data Record #1
===========================================================================
Step = 59
Time = 5.9
Data = uz
File = feb_inputs/active_camax/../../raw_logs/active_camax/camax_8.7_disp.txt

Data Record #2
===========================================================================
Step = 59
Time = 5.9
Data = sz
File = feb_inputs/active_camax/../../raw_logs/active_camax/camax_8.7_stress.txt

Data Record #3
===========================================================================
Step = 59
Time = 5.9
Data = J
File = feb_inputs/active_camax/../../raw_logs/active_camax/camax_8.7_vol.txt

===== beginning time step 60 : 6 =====


Reforming stiffness matrix: reformation #1

 1
 Nonlinear solution status: time= 6
	stiffness updates             = 0
	right hand side evaluations   = 2
	stiffness matrix reformations = 1
	step from line search         = 1.000000
	convergence norms :     INITIAL         CURRENT         REQUIRED
	   residual            3.050551e+00    2.368912e-12    0.000000e+00 
	   energy              1.710465e-02    6.889787e-09    1.710465e-04 
	   displacement        8.166769e-04    8.166769e-04    8.166769e-10 
 2
 Nonlinear solution status: time= 6
	stiffness updates             = 1
	right hand side evaluations   = 3
	stiffness matrix reformations = 1
	step from line search         = 1.000000
	convergence norms :     INITIAL         CURRENT         REQUIRED
	   residual            3.050551e+00    3.476255e-20    0.000000e+00 
	   energy              1.710465e-02    5.312960e-19    1.710465e-04 
	   displacement        8.166769e-04    7.727590e-15    8.166788e-10 

convergence summary
    number of iterations   : 2
    number of reformations : 1

------- converged at time : 6


Data Record #1
===========================================================================
Step = 60
Time = 6
Data = uz
File = feb_inputs/active_camax/../../raw_logs/active_camax/camax_8.7_disp.txt

Data Record #2
===========================================================================
Step = 60
Time = 6
Data = sz
File = feb_inputs/active_camax/../../raw_logs/active_camax/camax_8.7_stress.txt

Data Record #3
===========================================================================
Step = 60
Time = 6
Data = J
File = feb_inputs/active_camax/../../raw_logs/active_camax/camax_8.7_vol.txt

===== beginning time step 61 : 6.1 =====


Reforming stiffness matrix: reformation #1

 1
 Nonlinear solution status: time= 6.1
	stiffness updates             = 0
	right hand side evaluations   = 2
	stiffness matrix reformations = 1
	step from line search         = 1.000000
	convergence norms :     INITIAL         CURRENT         REQUIRED
	   residual            2.771038e+00    2.388680e-12    0.000000e+00 
	   energy              1.599210e-02    7.335475e-09    1.599210e-04 
	   displacement        7.750319e-04    7.750319e-04    7.750319e-10 
 2
 Nonlinear solution status: time= 6.1
	stiffness updates             = 1
	right hand side evaluations   = 3
	stiffness matrix reformations = 1
	step from line search         = 1.000000
	convergence norms :     INITIAL         CURRENT         REQUIRED
	   residual            2.771038e+00    3.387039e-20    0.000000e+00 
	   energy              1.599210e-02    1.030961e-18    1.599210e-04 
	   displacement        7.750319e-04    9.186967e-15    7.750341e-10 

convergence summary
    number of iterations   : 2
    number of reformations : 1

------- converged at time : 6.1


Data Record #1
===========================================================================
Step = 61
Time = 6.1
Data = uz
File = feb_inputs/active_camax/../../raw_logs/active_camax/camax_8.7_disp.txt

Data Record #2
===========================================================================
Step = 61
Time = 6.1
Data = sz
File = feb_inputs/active_camax/../../raw_logs/active_camax/camax_8.7_stress.txt

Data Record #3
===========================================================================
Step = 61
Time = 6.1
Data = J
File = feb_inputs/active_camax/../../raw_logs/active_camax/camax_8.7_vol.txt

===== beginning time step 62 : 6.2 =====


Reforming stiffness matrix: reformation #1

 1
 Nonlinear solution status: time= 6.2
	stiffness updates             = 0
	right hand side evaluations   = 2
	stiffness matrix reformations = 1
	step from line search         = 1.000000
	convergence norms :     INITIAL         CURRENT         REQUIRED
	   residual            2.494803e+00    3.714297e-12    0.000000e+00 
	   energy              1.497305e-02    7.372698e-09    1.497305e-04 
	   displacement        7.424938e-04    7.424938e-04    7.424938e-10 
 2
 Nonlinear solution status: time= 6.2
	stiffness updates             = 1
	right hand side evaluations   = 3
	stiffness matrix reformations = 1
	step from line search         = 1.000000
	convergence norms :     INITIAL         CURRENT         REQUIRED
	   residual            2.494803e+00    5.967592e-20    0.000000e+00 
	   energy              1.497305e-02    2.756918e-18    1.497305e-04 
	   displacement        7.424938e-04    1.070958e-14    7.424962e-10 

convergence summary
    number of iterations   : 2
    number of reformations : 1

------- converged at time : 6.2


Data Record #1
===========================================================================
Step = 62
Time = 6.2
Data = uz
File = feb_inputs/active_camax/../../raw_logs/active_camax/camax_8.7_disp.txt

Data Record #2
===========================================================================
Step = 62
Time = 6.2
Data = sz
File = feb_inputs/active_camax/../../raw_logs/active_camax/camax_8.7_stress.txt

Data Record #3
===========================================================================
Step = 62
Time = 6.2
Data = J
File = feb_inputs/active_camax/../../raw_logs/active_camax/camax_8.7_vol.txt

===== beginning time step 63 : 6.3 =====


Reforming stiffness matrix: reformation #1

 1
 Nonlinear solution status: time= 6.3
	stiffness updates             = 0
	right hand side evaluations   = 2
	stiffness matrix reformations = 1
	step from line search         = 1.000000
	convergence norms :     INITIAL         CURRENT         REQUIRED
	   residual            2.231387e+00    5.845561e-12    0.000000e+00 
	   energy              1.399586e-02    7.465240e-09    1.399586e-04 
	   displacement        7.117570e-04    7.117570e-04    7.117570e-10 
 2
 Nonlinear solution status: time= 6.3
	stiffness updates             = 1
	right hand side evaluations   = 3
	stiffness matrix reformations = 1
	step from line search         = 1.000000
	convergence norms :     INITIAL         CURRENT         REQUIRED
	   residual            2.231387e+00    1.319792e-19    0.000000e+00 
	   energy              1.399586e-02    5.740390e-18    1.399586e-04 
	   displacement        7.117570e-04    1.233769e-14    7.117595e-10 

convergence summary
    number of iterations   : 2
    number of reformations : 1

------- converged at time : 6.3


Data Record #1
===========================================================================
Step = 63
Time = 6.3
Data = uz
File = feb_inputs/active_camax/../../raw_logs/active_camax/camax_8.7_disp.txt

Data Record #2
===========================================================================
Step = 63
Time = 6.3
Data = sz
File = feb_inputs/active_camax/../../raw_logs/active_camax/camax_8.7_stress.txt

Data Record #3
===========================================================================
Step = 63
Time = 6.3
Data = J
File = feb_inputs/active_camax/../../raw_logs/active_camax/camax_8.7_vol.txt

===== beginning time step 64 : 6.4 =====


Reforming stiffness matrix: reformation #1

 1
 Nonlinear solution status: time= 6.4
	stiffness updates             = 0
	right hand side evaluations   = 2
	stiffness matrix reformations = 1
	step from line search         = 1.000000
	convergence norms :     INITIAL         CURRENT         REQUIRED
	   residual            1.993369e+00    9.275197e-12    0.000000e+00 
	   energy              1.299382e-02    7.927051e-09    1.299382e-04 
	   displacement        6.751346e-04    6.751346e-04    6.751346e-10 
 2
 Nonlinear solution status: time= 6.4
	stiffness updates             = 1
	right hand side evaluations   = 3
	stiffness matrix reformations = 1
	step from line search         = 1.000000
	convergence norms :     INITIAL         CURRENT         REQUIRED
	   residual            1.993369e+00    3.001745e-19    0.000000e+00 
	   energy              1.299382e-02    9.535019e-18    1.299382e-04 
	   displacement        6.751346e-04    1.405664e-14    6.751373e-10 

convergence summary
    number of iterations   : 2
    number of reformations : 1

------- converged at time : 6.4


Data Record #1
===========================================================================
Step = 64
Time = 6.4
Data = uz
File = feb_inputs/active_camax/../../raw_logs/active_camax/camax_8.7_disp.txt

Data Record #2
===========================================================================
Step = 64
Time = 6.4
Data = sz
File = feb_inputs/active_camax/../../raw_logs/active_camax/camax_8.7_stress.txt

Data Record #3
===========================================================================
Step = 64
Time = 6.4
Data = J
File = feb_inputs/active_camax/../../raw_logs/active_camax/camax_8.7_vol.txt

===== beginning time step 65 : 6.5 =====


Reforming stiffness matrix: reformation #1

 1
 Nonlinear solution status: time= 6.5
	stiffness updates             = 0
	right hand side evaluations   = 2
	stiffness matrix reformations = 1
	step from line search         = 1.000000
	convergence norms :     INITIAL         CURRENT         REQUIRED
	   residual            1.777473e+00    1.308446e-11    0.000000e+00 
	   energy              1.190948e-02    8.574889e-09    1.190948e-04 
	   displacement        6.288952e-04    6.288952e-04    6.288952e-10 
 2
 Nonlinear solution status: time= 6.5
	stiffness updates             = 1
	right hand side evaluations   = 3
	stiffness matrix reformations = 1
	step from line search         = 1.000000
	convergence norms :     INITIAL         CURRENT         REQUIRED
	   residual            1.777473e+00    4.866474e-19    0.000000e+00 
	   energy              1.190948e-02    1.319894e-17    1.190948e-04 
	   displacement        6.288952e-04    1.555881e-14    6.288981e-10 

convergence summary
    number of iterations   : 2
    number of reformations : 1

------- converged at time : 6.5


Data Record #1
===========================================================================
Step = 65
Time = 6.5
Data = uz
File = feb_inputs/active_camax/../../raw_logs/active_camax/camax_8.7_disp.txt

Data Record #2
===========================================================================
Step = 65
Time = 6.5
Data = sz
File = feb_inputs/active_camax/../../raw_logs/active_camax/camax_8.7_stress.txt

Data Record #3
===========================================================================
Step = 65
Time = 6.5
Data = J
File = feb_inputs/active_camax/../../raw_logs/active_camax/camax_8.7_vol.txt

===== beginning time step 66 : 6.6 =====


Reforming stiffness matrix: reformation #1

 1
 Nonlinear solution status: time= 6.6
	stiffness updates             = 0
	right hand side evaluations   = 2
	stiffness matrix reformations = 1
	step from line search         = 1.000000
	convergence norms :     INITIAL         CURRENT         REQUIRED
	   residual            1.569702e+00    1.503467e-11    0.000000e+00 
	   energy              1.071680e-02    8.683492e-09    1.071680e-04 
	   displacement        5.724293e-04    5.724293e-04    5.724293e-10 
 2
 Nonlinear solution status: time= 6.6
	stiffness updates             = 1
	right hand side evaluations   = 3
	stiffness matrix reformations = 1
	step from line search         = 1.000000
	convergence norms :     INITIAL         CURRENT         REQUIRED
	   residual            1.569702e+00    5.573966e-19    0.000000e+00 
	   energy              1.071680e-02    1.487560e-17    1.071680e-04 
	   displacement        5.724293e-04    1.569398e-14    5.724322e-10 

convergence summary
    number of iterations   : 2
    number of reformations : 1

------- converged at time : 6.6


Data Record #1
===========================================================================
Step = 66
Time = 6.6
Data = uz
File = feb_inputs/active_camax/../../raw_logs/active_camax/camax_8.7_disp.txt

Data Record #2
===========================================================================
Step = 66
Time = 6.6
Data = sz
File = feb_inputs/active_camax/../../raw_logs/active_camax/camax_8.7_stress.txt

Data Record #3
===========================================================================
Step = 66
Time = 6.6
Data = J
File = feb_inputs/active_camax/../../raw_logs/active_camax/camax_8.7_vol.txt

===== beginning time step 67 : 6.7 =====


Reforming stiffness matrix: reformation #1

 1
 Nonlinear solution status: time= 6.7
	stiffness updates             = 0
	right hand side evaluations   = 2
	stiffness matrix reformations = 1
	step from line search         = 1.000000
	convergence norms :     INITIAL         CURRENT         REQUIRED
	   residual            1.364415e+00    1.330920e-11    0.000000e+00 
	   energy              9.428265e-03    7.876335e-09    9.428265e-05 
	   displacement        5.077539e-04    5.077539e-04    5.077539e-10 
 2
 Nonlinear solution status: time= 6.7
	stiffness updates             = 1
	right hand side evaluations   = 3
	stiffness matrix reformations = 1
	step from line search         = 1.000000
	convergence norms :     INITIAL         CURRENT         REQUIRED
	   residual            1.364415e+00    5.908081e-19    0.000000e+00 
	   energy              9.428265e-03    1.295755e-17    9.428265e-05 
	   displacement        5.077539e-04    1.297257e-14    5.077564e-10 

convergence summary
    number of iterations   : 2
    number of reformations : 1

------- converged at time : 6.7


Data Record #1
===========================================================================
Step = 67
Time = 6.7
Data = uz
File = feb_inputs/active_camax/../../raw_logs/active_camax/camax_8.7_disp.txt

Data Record #2
===========================================================================
Step = 67
Time = 6.7
Data = sz
File = feb_inputs/active_camax/../../raw_logs/active_camax/camax_8.7_stress.txt

Data Record #3
===========================================================================
Step = 67
Time = 6.7
Data = J
File = feb_inputs/active_camax/../../raw_logs/active_camax/camax_8.7_vol.txt

===== beginning time step 68 : 6.8 =====


Reforming stiffness matrix: reformation #1

 1
 Nonlinear solution status: time= 6.8
	stiffness updates             = 0
	right hand side evaluations   = 2
	stiffness matrix reformations = 1
	step from line search         = 1.000000
	convergence norms :     INITIAL         CURRENT         REQUIRED
	   residual            1.165401e+00    1.028017e-11    0.000000e+00 
	   energy              8.086733e-03    6.778413e-09    8.086733e-05 
	   displacement        4.370799e-04    4.370799e-04    4.370799e-10 
 2
 Nonlinear solution status: time= 6.8
	stiffness updates             = 1
	right hand side evaluations   = 3
	stiffness matrix reformations = 1
	step from line search         = 1.000000
	convergence norms :     INITIAL         CURRENT         REQUIRED
	   residual            1.165401e+00    5.120312e-19    0.000000e+00 
	   energy              8.086733e-03    9.822644e-18    8.086733e-05 
	   displacement        4.370799e-04    1.049070e-14    4.370820e-10 

convergence summary
    number of iterations   : 2
    number of reformations : 1

------- converged at time : 6.8


Data Record #1
===========================================================================
Step = 68
Time = 6.8
Data = uz
File = feb_inputs/active_camax/../../raw_logs/active_camax/camax_8.7_disp.txt

Data Record #2
===========================================================================
Step = 68
Time = 6.8
Data = sz
File = feb_inputs/active_camax/../../raw_logs/active_camax/camax_8.7_stress.txt

Data Record #3
===========================================================================
Step = 68
Time = 6.8
Data = J
File = feb_inputs/active_camax/../../raw_logs/active_camax/camax_8.7_vol.txt

===== beginning time step 69 : 6.9 =====


Reforming stiffness matrix: reformation #1

 1
 Nonlinear solution status: time= 6.9
	stiffness updates             = 0
	right hand side evaluations   = 2
	stiffness matrix reformations = 1
	step from line search         = 1.000000
	convergence norms :     INITIAL         CURRENT         REQUIRED
	   residual            9.765404e-01    8.577749e-12    0.000000e+00 
	   energy              6.750249e-03    6.024880e-09    6.750249e-05 
	   displacement        3.638191e-04    3.638191e-04    3.638191e-10 
 2
 Nonlinear solution status: time= 6.9
	stiffness updates             = 1
	right hand side evaluations   = 3
	stiffness matrix reformations = 1
	step from line search         = 1.000000
	convergence norms :     INITIAL         CURRENT         REQUIRED
	   residual            9.765404e-01    4.057907e-19    0.000000e+00 
	   energy              6.750249e-03    8.492581e-18    6.750249e-05 
	   displacement        3.638191e-04    9.673154e-15    3.638210e-10 

convergence summary
    number of iterations   : 2
    number of reformations : 1

------- converged at time : 6.9


Data Record #1
===========================================================================
Step = 69
Time = 6.9
Data = uz
File = feb_inputs/active_camax/../../raw_logs/active_camax/camax_8.7_disp.txt

Data Record #2
===========================================================================
Step = 69
Time = 6.9
Data = sz
File = feb_inputs/active_camax/../../raw_logs/active_camax/camax_8.7_stress.txt

Data Record #3
===========================================================================
Step = 69
Time = 6.9
Data = J
File = feb_inputs/active_camax/../../raw_logs/active_camax/camax_8.7_vol.txt

===== beginning time step 70 : 7 =====


Reforming stiffness matrix: reformation #1

 1
 Nonlinear solution status: time= 7
	stiffness updates             = 0
	right hand side evaluations   = 2
	stiffness matrix reformations = 1
	step from line search         = 1.000000
	convergence norms :     INITIAL         CURRENT         REQUIRED
	   residual            8.027439e-01    8.008051e-12    0.000000e+00 
	   energy              5.482766e-03    5.667748e-09    5.482766e-05 
	   displacement        2.938959e-04    2.938959e-04    2.938959e-10 
 2
 Nonlinear solution status: time= 7
	stiffness updates             = 1
	right hand side evaluations   = 3
	stiffness matrix reformations = 1
	step from line search         = 1.000000
	convergence norms :     INITIAL         CURRENT         REQUIRED
	   residual            8.027439e-01    3.369364e-19    0.000000e+00 
	   energy              5.482766e-03    7.296315e-18    5.482766e-05 
	   displacement        2.938959e-04    9.158936e-15    2.938977e-10 

convergence summary
    number of iterations   : 2
    number of reformations : 1

------- converged at time : 7


Data Record #1
===========================================================================
Step = 70
Time = 7
Data = uz
File = feb_inputs/active_camax/../../raw_logs/active_camax/camax_8.7_disp.txt

Data Record #2
===========================================================================
Step = 70
Time = 7
Data = sz
File = feb_inputs/active_camax/../../raw_logs/active_camax/camax_8.7_stress.txt

Data Record #3
===========================================================================
Step = 70
Time = 7
Data = J
File = feb_inputs/active_camax/../../raw_logs/active_camax/camax_8.7_vol.txt

===== beginning time step 71 : 7.1 =====


Reforming stiffness matrix: reformation #1

 1
 Nonlinear solution status: time= 7.1
	stiffness updates             = 0
	right hand side evaluations   = 2
	stiffness matrix reformations = 1
	step from line search         = 1.000000
	convergence norms :     INITIAL         CURRENT         REQUIRED
	   residual            6.463708e-01    7.999916e-12    0.000000e+00 
	   energy              4.342239e-03    5.519060e-09    4.342239e-05 
	   displacement        2.322384e-04    2.322384e-04    2.322384e-10 
 2
 Nonlinear solution status: time= 7.1
	stiffness updates             = 1
	right hand side evaluations   = 3
	stiffness matrix reformations = 1
	step from line search         = 1.000000
	convergence norms :     INITIAL         CURRENT         REQUIRED
	   residual            6.463708e-01    2.894895e-19    0.000000e+00 
	   energy              4.342239e-03    5.933080e-18    4.342239e-05 
	   displacement        2.322384e-04    8.884463e-15    2.322400e-10 

convergence summary
    number of iterations   : 2
    number of reformations : 1

------- converged at time : 7.1


Data Record #1
===========================================================================
Step = 71
Time = 7.1
Data = uz
File = feb_inputs/active_camax/../../raw_logs/active_camax/camax_8.7_disp.txt

Data Record #2
===========================================================================
Step = 71
Time = 7.1
Data = sz
File = feb_inputs/active_camax/../../raw_logs/active_camax/camax_8.7_stress.txt

Data Record #3
===========================================================================
Step = 71
Time = 7.1
Data = J
File = feb_inputs/active_camax/../../raw_logs/active_camax/camax_8.7_vol.txt

===== beginning time step 72 : 7.2 =====


Reforming stiffness matrix: reformation #1

 1
 Nonlinear solution status: time= 7.2
	stiffness updates             = 0
	right hand side evaluations   = 2
	stiffness matrix reformations = 1
	step from line search         = 1.000000
	convergence norms :     INITIAL         CURRENT         REQUIRED
	   residual            5.076691e-01    7.261823e-12    0.000000e+00 
	   energy              3.369701e-03    5.149061e-09    3.369701e-05 
	   displacement        1.811147e-04    1.811147e-04    1.811147e-10 
 2
 Nonlinear solution status: time= 7.2
	stiffness updates             = 1
	right hand side evaluations   = 3
	stiffness matrix reformations = 1
	step from line search         = 1.000000
	convergence norms :     INITIAL         CURRENT         REQUIRED
	   residual            5.076691e-01    2.398719e-19    0.000000e+00 
	   energy              3.369701e-03    5.356306e-18    3.369701e-05 
	   displacement        1.811147e-04    9.035437e-15    1.811161e-10 

convergence summary
    number of iterations   : 2
    number of reformations : 1

------- converged at time : 7.2


Data Record #1
===========================================================================
Step = 72
Time = 7.2
Data = uz
File = feb_inputs/active_camax/../../raw_logs/active_camax/camax_8.7_disp.txt

Data Record #2
===========================================================================
Step = 72
Time = 7.2
Data = sz
File = feb_inputs/active_camax/../../raw_logs/active_camax/camax_8.7_stress.txt

Data Record #3
===========================================================================
Step = 72
Time = 7.2
Data = J
File = feb_inputs/active_camax/../../raw_logs/active_camax/camax_8.7_vol.txt

===== beginning time step 73 : 7.3 =====


Reforming stiffness matrix: reformation #1

 1
 Nonlinear solution status: time= 7.3
	stiffness updates             = 0
	right hand side evaluations   = 2
	stiffness matrix reformations = 1
	step from line search         = 1.000000
	convergence norms :     INITIAL         CURRENT         REQUIRED
	   residual            3.879328e-01    5.388530e-12    0.000000e+00 
	   energy              2.571487e-03    4.400244e-09    2.571487e-05 
	   displacement        1.397270e-04    1.397270e-04    1.397270e-10 
 2
 Nonlinear solution status: time= 7.3
	stiffness updates             = 1
	right hand side evaluations   = 3
	stiffness matrix reformations = 1
	step from line search         = 1.000000
	convergence norms :     INITIAL         CURRENT         REQUIRED
	   residual            3.879328e-01    1.786734e-19    0.000000e+00 
	   energy              2.571487e-03    4.478431e-18    2.571487e-05 
	   displacement        1.397270e-04    8.620493e-15    1.397282e-10 

convergence summary
    number of iterations   : 2
    number of reformations : 1

------- converged at time : 7.3


Data Record #1
===========================================================================
Step = 73
Time = 7.3
Data = uz
File = feb_inputs/active_camax/../../raw_logs/active_camax/camax_8.7_disp.txt

Data Record #2
===========================================================================
Step = 73
Time = 7.3
Data = sz
File = feb_inputs/active_camax/../../raw_logs/active_camax/camax_8.7_stress.txt

Data Record #3
===========================================================================
Step = 73
Time = 7.3
Data = J
File = feb_inputs/active_camax/../../raw_logs/active_camax/camax_8.7_vol.txt

===== beginning time step 74 : 7.4 =====


Reforming stiffness matrix: reformation #1

 1
 Nonlinear solution status: time= 7.4
	stiffness updates             = 0
	right hand side evaluations   = 2
	stiffness matrix reformations = 1
	step from line search         = 1.000000
	convergence norms :     INITIAL         CURRENT         REQUIRED
	   residual            2.891487e-01    4.807689e-12    0.000000e+00 
	   energy              1.933464e-03    3.634609e-09    1.933464e-05 
	   displacement        1.061847e-04    1.061847e-04    1.061847e-10 
 2
 Nonlinear solution status: time= 7.4
	stiffness updates             = 1
	right hand side evaluations   = 3
	stiffness matrix reformations = 1
	step from line search         = 1.000000
	convergence norms :     INITIAL         CURRENT         REQUIRED
	   residual            2.891487e-01    1.839517e-19    0.000000e+00 
	   energy              1.933464e-03    5.626598e-18    1.933464e-05 
	   displacement        1.061847e-04    8.732157e-15    1.061859e-10 

convergence summary
    number of iterations   : 2
    number of reformations : 1

------- converged at time : 7.4


Data Record #1
===========================================================================
Step = 74
Time = 7.4
Data = uz
File = feb_inputs/active_camax/../../raw_logs/active_camax/camax_8.7_disp.txt

Data Record #2
===========================================================================
Step = 74
Time = 7.4
Data = sz
File = feb_inputs/active_camax/../../raw_logs/active_camax/camax_8.7_stress.txt

Data Record #3
===========================================================================
Step = 74
Time = 7.4
Data = J
File = feb_inputs/active_camax/../../raw_logs/active_camax/camax_8.7_vol.txt

===== beginning time step 75 : 7.5 =====


Reforming stiffness matrix: reformation #1

 1
 Nonlinear solution status: time= 7.5
	stiffness updates             = 0
	right hand side evaluations   = 2
	stiffness matrix reformations = 1
	step from line search         = 1.000000
	convergence norms :     INITIAL         CURRENT         REQUIRED
	   residual            2.137783e-01    3.949515e-12    0.000000e+00 
	   energy              1.443133e-03    2.955149e-09    1.443133e-05 
	   displacement        8.039660e-05    8.039660e-05    8.039660e-11 
 2
 Nonlinear solution status: time= 7.5
	stiffness updates             = 1
	right hand side evaluations   = 3
	stiffness matrix reformations = 1
	step from line search         = 1.000000
	convergence norms :     INITIAL         CURRENT         REQUIRED
	   residual            2.137783e-01    1.695759e-19    0.000000e+00 
	   energy              1.443133e-03    6.589684e-18    1.443133e-05 
	   displacement        8.039660e-05    8.527272e-15    8.039761e-11 

convergence summary
    number of iterations   : 2
    number of reformations : 1

------- converged at time : 7.5


Data Record #1
===========================================================================
Step = 75
Time = 7.5
Data = uz
File = feb_inputs/active_camax/../../raw_logs/active_camax/camax_8.7_disp.txt

Data Record #2
===========================================================================
Step = 75
Time = 7.5
Data = sz
File = feb_inputs/active_camax/../../raw_logs/active_camax/camax_8.7_stress.txt

Data Record #3
===========================================================================
Step = 75
Time = 7.5
Data = J
File = feb_inputs/active_camax/../../raw_logs/active_camax/camax_8.7_vol.txt

===== beginning time step 76 : 7.6 =====


Reforming stiffness matrix: reformation #1

 1
 Nonlinear solution status: time= 7.6
	stiffness updates             = 0
	right hand side evaluations   = 2
	stiffness matrix reformations = 1
	step from line search         = 1.000000
	convergence norms :     INITIAL         CURRENT         REQUIRED
	   residual            1.608404e-01    3.054912e-12    0.000000e+00 
	   energy              1.091163e-03    2.361828e-09    1.091163e-05 
	   displacement        6.254442e-05    6.254442e-05    6.254442e-11 
 2
 Nonlinear solution status: time= 7.6
	stiffness updates             = 1
	right hand side evaluations   = 3
	stiffness matrix reformations = 1
	step from line search         = 1.000000
	convergence norms :     INITIAL         CURRENT         REQUIRED
	   residual            1.608404e-01    1.470605e-19    0.000000e+00 
	   energy              1.091163e-03    7.800033e-18    1.091163e-05 
	   displacement        6.254442e-05    7.900084e-15    6.254519e-11 

convergence summary
    number of iterations   : 2
    number of reformations : 1

------- converged at time : 7.6


Data Record #1
===========================================================================
Step = 76
Time = 7.6
Data = uz
File = feb_inputs/active_camax/../../raw_logs/active_camax/camax_8.7_disp.txt

Data Record #2
===========================================================================
Step = 76
Time = 7.6
Data = sz
File = feb_inputs/active_camax/../../raw_logs/active_camax/camax_8.7_stress.txt

Data Record #3
===========================================================================
Step = 76
Time = 7.6
Data = J
File = feb_inputs/active_camax/../../raw_logs/active_camax/camax_8.7_vol.txt

===== beginning time step 77 : 7.7 =====


Reforming stiffness matrix: reformation #1

 1
 Nonlinear solution status: time= 7.7
	stiffness updates             = 0
	right hand side evaluations   = 2
	stiffness matrix reformations = 1
	step from line search         = 1.000000
	convergence norms :     INITIAL         CURRENT         REQUIRED
	   residual            1.257578e-01    3.422183e-12    0.000000e+00 
	   energy              8.680706e-04    2.051768e-09    8.680706e-06 
	   displacement        5.128189e-05    5.128189e-05    5.128189e-11 
 2
 Nonlinear solution status: time= 7.7
	stiffness updates             = 1
	right hand side evaluations   = 3
	stiffness matrix reformations = 1
	step from line search         = 1.000000
	convergence norms :     INITIAL         CURRENT         REQUIRED
	   residual            1.257578e-01    1.500450e-19    0.000000e+00 
	   energy              8.680706e-04    8.947739e-18    8.680706e-06 
	   displacement        5.128189e-05    7.607625e-15    5.128251e-11 

convergence summary
    number of iterations   : 2
    number of reformations : 1

------- converged at time : 7.7


Data Record #1
===========================================================================
Step = 77
Time = 7.7
Data = uz
File = feb_inputs/active_camax/../../raw_logs/active_camax/camax_8.7_disp.txt

Data Record #2
===========================================================================
Step = 77
Time = 7.7
Data = sz
File = feb_inputs/active_camax/../../raw_logs/active_camax/camax_8.7_stress.txt

Data Record #3
===========================================================================
Step = 77
Time = 7.7
Data = J
File = feb_inputs/active_camax/../../raw_logs/active_camax/camax_8.7_vol.txt

===== beginning time step 78 : 7.8 =====


Reforming stiffness matrix: reformation #1

 1
 Nonlinear solution status: time= 7.8
	stiffness updates             = 0
	right hand side evaluations   = 2
	stiffness matrix reformations = 1
	step from line search         = 1.000000
	convergence norms :     INITIAL         CURRENT         REQUIRED
	   residual            1.047791e-01    3.868002e-12    0.000000e+00 
	   energy              7.568187e-04    1.900556e-09    7.568187e-06 
	   displacement        4.554744e-05    4.554744e-05    4.554744e-11 
 2
 Nonlinear solution status: time= 7.8
	stiffness updates             = 1
	right hand side evaluations   = 3
	stiffness matrix reformations = 1
	step from line search         = 1.000000
	convergence norms :     INITIAL         CURRENT         REQUIRED
	   residual            1.047791e-01    1.828818e-19    0.000000e+00 
	   energy              7.568187e-04    9.933490e-18    7.568187e-06 
	   displacement        4.554744e-05    7.176510e-15    4.554799e-11 

convergence summary
    number of iterations   : 2
    number of reformations : 1

------- converged at time : 7.8


Data Record #1
===========================================================================
Step = 78
Time = 7.8
Data = uz
File = feb_inputs/active_camax/../../raw_logs/active_camax/camax_8.7_disp.txt

Data Record #2
===========================================================================
Step = 78
Time = 7.8
Data = sz
File = feb_inputs/active_camax/../../raw_logs/active_camax/camax_8.7_stress.txt

Data Record #3
===========================================================================
Step = 78
Time = 7.8
Data = J
File = feb_inputs/active_camax/../../raw_logs/active_camax/camax_8.7_vol.txt

===== beginning time step 79 : 7.9 =====


Reforming stiffness matrix: reformation #1

 1
 Nonlinear solution status: time= 7.9
	stiffness updates             = 0
	right hand side evaluations   = 2
	stiffness matrix reformations = 1
	step from line search         = 1.000000
	convergence norms :     INITIAL         CURRENT         REQUIRED
	   residual            9.460703e-02    3.853031e-12    0.000000e+00 
	   energy              7.319600e-04    1.684869e-09    7.319600e-06 
	   displacement        4.483329e-05    4.483329e-05    4.483329e-11 
 2
 Nonlinear solution status: time= 7.9
	stiffness updates             = 1
	right hand side evaluations   = 3
	stiffness matrix reformations = 1
	step from line search         = 1.000000
	convergence norms :     INITIAL         CURRENT         REQUIRED
	   residual            9.460703e-02    2.157496e-19    0.000000e+00 
	   energy              7.319600e-04    9.502749e-18    7.319600e-06 
	   displacement        4.483329e-05    6.386457e-15    4.483380e-11 

convergence summary
    number of iterations   : 2
    number of reformations : 1

------- converged at time : 7.9


Data Record #1
===========================================================================
Step = 79
Time = 7.9
Data = uz
File = feb_inputs/active_camax/../../raw_logs/active_camax/camax_8.7_disp.txt

Data Record #2
===========================================================================
Step = 79
Time = 7.9
Data = sz
File = feb_inputs/active_camax/../../raw_logs/active_camax/camax_8.7_stress.txt

Data Record #3
===========================================================================
Step = 79
Time = 7.9
Data = J
File = feb_inputs/active_camax/../../raw_logs/active_camax/camax_8.7_vol.txt

===== beginning time step 80 : 8 =====


Reforming stiffness matrix: reformation #1

 1
 Nonlinear solution status: time= 8
	stiffness updates             = 0
	right hand side evaluations   = 2
	stiffness matrix reformations = 1
	step from line search         = 1.000000
	convergence norms :     INITIAL         CURRENT         REQUIRED
	   residual            9.062635e-02    4.860393e-12    0.000000e+00 
	   energy              7.637550e-04    1.495057e-09    7.637550e-06 
	   displacement        4.798243e-05    4.798243e-05    4.798243e-11 
 2
 Nonlinear solution status: time= 8
	stiffness updates             = 1
	right hand side evaluations   = 3
	stiffness matrix reformations = 1
	step from line search         = 1.000000
	convergence norms :     INITIAL         CURRENT         REQUIRED
	   residual            9.062635e-02    2.849340e-19    0.000000e+00 
	   energy              7.637550e-04    8.374213e-18    7.637550e-06 
	   displacement        4.798243e-05    5.603504e-15    4.798288e-11 

convergence summary
    number of iterations   : 2
    number of reformations : 1

------- converged at time : 8


Data Record #1
===========================================================================
Step = 80
Time = 8
Data = uz
File = feb_inputs/active_camax/../../raw_logs/active_camax/camax_8.7_disp.txt

Data Record #2
===========================================================================
Step = 80
Time = 8
Data = sz
File = feb_inputs/active_camax/../../raw_logs/active_camax/camax_8.7_stress.txt

Data Record #3
===========================================================================
Step = 80
Time = 8
Data = J
File = feb_inputs/active_camax/../../raw_logs/active_camax/camax_8.7_vol.txt

===== beginning time step 81 : 8.1 =====


Reforming stiffness matrix: reformation #1

 1
 Nonlinear solution status: time= 8.1
	stiffness updates             = 0
	right hand side evaluations   = 2
	stiffness matrix reformations = 1
	step from line search         = 1.000000
	convergence norms :     INITIAL         CURRENT         REQUIRED
	   residual            9.110275e-02    6.526334e-12    0.000000e+00 
	   energy              8.311966e-04    1.661592e-09    8.311966e-06 
	   displacement        5.361670e-05    5.361670e-05    5.361670e-11 
 2
 Nonlinear solution status: time= 8.1
	stiffness updates             = 1
	right hand side evaluations   = 3
	stiffness matrix reformations = 1
	step from line search         = 1.000000
	convergence norms :     INITIAL         CURRENT         REQUIRED
	   residual            9.110275e-02    3.707011e-19    0.000000e+00 
	   energy              8.311966e-04    8.190576e-18    8.311966e-06 
	   displacement        5.361670e-05    5.744223e-15    5.361719e-11 

convergence summary
    number of iterations   : 2
    number of reformations : 1

------- converged at time : 8.1


Data Record #1
===========================================================================
Step = 81
Time = 8.1
Data = uz
File = feb_inputs/active_camax/../../raw_logs/active_camax/camax_8.7_disp.txt

Data Record #2
===========================================================================
Step = 81
Time = 8.1
Data = sz
File = feb_inputs/active_camax/../../raw_logs/active_camax/camax_8.7_stress.txt

Data Record #3
===========================================================================
Step = 81
Time = 8.1
Data = J
File = feb_inputs/active_camax/../../raw_logs/active_camax/camax_8.7_vol.txt

===== beginning time step 82 : 8.2 =====


Reforming stiffness matrix: reformation #1

 1
 Nonlinear solution status: time= 8.2
	stiffness updates             = 0
	right hand side evaluations   = 2
	stiffness matrix reformations = 1
	step from line search         = 1.000000
	convergence norms :     INITIAL         CURRENT         REQUIRED
	   residual            9.874222e-02    8.477411e-12    0.000000e+00 
	   energy              9.310845e-04    2.381581e-09    9.310845e-06 
	   displacement        6.042111e-05    6.042111e-05    6.042111e-11 
 2
 Nonlinear solution status: time= 8.2
	stiffness updates             = 1
	right hand side evaluations   = 3
	stiffness matrix reformations = 1
	step from line search         = 1.000000
	convergence norms :     INITIAL         CURRENT         REQUIRED
	   residual            9.874222e-02    5.068602e-19    0.000000e+00 
	   energy              9.310845e-04    9.387351e-18    9.310845e-06 
	   displacement        6.042111e-05    6.677719e-15    6.042181e-11 

convergence summary
    number of iterations   : 2
    number of reformations : 1

------- converged at time : 8.2


Data Record #1
===========================================================================
Step = 82
Time = 8.2
Data = uz
File = feb_inputs/active_camax/../../raw_logs/active_camax/camax_8.7_disp.txt

Data Record #2
===========================================================================
Step = 82
Time = 8.2
Data = sz
File = feb_inputs/active_camax/../../raw_logs/active_camax/camax_8.7_stress.txt

Data Record #3
===========================================================================
Step = 82
Time = 8.2
Data = J
File = feb_inputs/active_camax/../../raw_logs/active_camax/camax_8.7_vol.txt

===== beginning time step 83 : 8.3 =====


Reforming stiffness matrix: reformation #1

 1
 Nonlinear solution status: time= 8.3
	stiffness updates             = 0
	right hand side evaluations   = 2
	stiffness matrix reformations = 1
	step from line search         = 1.000000
	convergence norms :     INITIAL         CURRENT         REQUIRED
	   residual            1.172270e-01    1.256532e-11    0.000000e+00 
	   energy              1.074369e-03    3.557234e-09    1.074369e-05 
	   displacement        6.857461e-05    6.857461e-05    6.857461e-11 
 2
 Nonlinear solution status: time= 8.3
	stiffness updates             = 1
	right hand side evaluations   = 3
	stiffness matrix reformations = 1
	step from line search         = 1.000000
	convergence norms :     INITIAL         CURRENT         REQUIRED
	   residual            1.172270e-01    7.852533e-19    0.000000e+00 
	   energy              1.074369e-03    1.407791e-17    1.074369e-05 
	   displacement        6.857461e-05    8.472345e-15    6.857558e-11 

convergence summary
    number of iterations   : 2
    number of reformations : 1

------- converged at time : 8.3


Data Record #1
===========================================================================
Step = 83
Time = 8.3
Data = uz
File = feb_inputs/active_camax/../../raw_logs/active_camax/camax_8.7_disp.txt

Data Record #2
===========================================================================
Step = 83
Time = 8.3
Data = sz
File = feb_inputs/active_camax/../../raw_logs/active_camax/camax_8.7_stress.txt

Data Record #3
===========================================================================
Step = 83
Time = 8.3
Data = J
File = feb_inputs/active_camax/../../raw_logs/active_camax/camax_8.7_vol.txt

===== beginning time step 84 : 8.4 =====


Reforming stiffness matrix: reformation #1

 1
 Nonlinear solution status: time= 8.4
	stiffness updates             = 0
	right hand side evaluations   = 2
	stiffness matrix reformations = 1
	step from line search         = 1.000000
	convergence norms :     INITIAL         CURRENT         REQUIRED
	   residual            1.476842e-01    1.719991e-11    0.000000e+00 
	   energy              1.266180e-03    4.924820e-09    1.266180e-05 
	   displacement        7.930697e-05    7.930697e-05    7.930697e-11 
 2
 Nonlinear solution status: time= 8.4
	stiffness updates             = 1
	right hand side evaluations   = 3
	stiffness matrix reformations = 1
	step from line search         = 1.000000
	convergence norms :     INITIAL         CURRENT         REQUIRED
	   residual            1.476842e-01    1.041226e-18    0.000000e+00 
	   energy              1.266180e-03    1.799947e-17    1.266180e-05 
	   displacement        7.930697e-05    9.766336e-15    7.930813e-11 

convergence summary
    number of iterations   : 2
    number of reformations : 1

------- converged at time : 8.4


Data Record #1
===========================================================================
Step = 84
Time = 8.4
Data = uz
File = feb_inputs/active_camax/../../raw_logs/active_camax/camax_8.7_disp.txt

Data Record #2
===========================================================================
Step = 84
Time = 8.4
Data = sz
File = feb_inputs/active_camax/../../raw_logs/active_camax/camax_8.7_stress.txt

Data Record #3
===========================================================================
Step = 84
Time = 8.4
Data = J
File = feb_inputs/active_camax/../../raw_logs/active_camax/camax_8.7_vol.txt

===== beginning time step 85 : 8.5 =====


Reforming stiffness matrix: reformation #1

 1
 Nonlinear solution status: time= 8.5
	stiffness updates             = 0
	right hand side evaluations   = 2
	stiffness matrix reformations = 1
	step from line search         = 1.000000
	convergence norms :     INITIAL         CURRENT         REQUIRED
	   residual            1.898754e-01    2.274317e-11    0.000000e+00 
	   energy              1.503811e-03    6.236728e-09    1.503811e-05 
	   displacement        9.278271e-05    9.278271e-05    9.278271e-11 
 2
 Nonlinear solution status: time= 8.5
	stiffness updates             = 1
	right hand side evaluations   = 3
	stiffness matrix reformations = 1
	step from line search         = 1.000000
	convergence norms :     INITIAL         CURRENT         REQUIRED
	   residual            1.898754e-01    1.388415e-18    0.000000e+00 
	   energy              1.503811e-03    2.094161e-17    1.503811e-05 
	   displacement        9.278271e-05    1.087857e-14    9.278405e-11 

convergence summary
    number of iterations   : 2
    number of reformations : 1

------- converged at time : 8.5


Data Record #1
===========================================================================
Step = 85
Time = 8.5
Data = uz
File = feb_inputs/active_camax/../../raw_logs/active_camax/camax_8.7_disp.txt

Data Record #2
===========================================================================
Step = 85
Time = 8.5
Data = sz
File = feb_inputs/active_camax/../../raw_logs/active_camax/camax_8.7_stress.txt

Data Record #3
===========================================================================
Step = 85
Time = 8.5
Data = J
File = feb_inputs/active_camax/../../raw_logs/active_camax/camax_8.7_vol.txt

===== beginning time step 86 : 8.6 =====


Reforming stiffness matrix: reformation #1

 1
 Nonlinear solution status: time= 8.6
	stiffness updates             = 0
	right hand side evaluations   = 2
	stiffness matrix reformations = 1
	step from line search         = 1.000000
	convergence norms :     INITIAL         CURRENT         REQUIRED
	   residual            2.463505e-01    2.621634e-11    0.000000e+00 
	   energy              1.796233e-03    7.275776e-09    1.796233e-05 
	   displacement        1.080476e-04    1.080476e-04    1.080476e-10 
 2
 Nonlinear solution status: time= 8.6
	stiffness updates             = 1
	right hand side evaluations   = 3
	stiffness matrix reformations = 1
	step from line search         = 1.000000
	convergence norms :     INITIAL         CURRENT         REQUIRED
	   residual            2.463505e-01    1.861517e-18    0.000000e+00 
	   energy              1.796233e-03    2.527385e-17    1.796233e-05 
	   displacement        1.080476e-04    1.259057e-14    1.080492e-10 

convergence summary
    number of iterations   : 2
    number of reformations : 1

------- converged at time : 8.6


Data Record #1
===========================================================================
Step = 86
Time = 8.6
Data = uz
File = feb_inputs/active_camax/../../raw_logs/active_camax/camax_8.7_disp.txt

Data Record #2
===========================================================================
Step = 86
Time = 8.6
Data = sz
File = feb_inputs/active_camax/../../raw_logs/active_camax/camax_8.7_stress.txt

Data Record #3
===========================================================================
Step = 86
Time = 8.6
Data = J
File = feb_inputs/active_camax/../../raw_logs/active_camax/camax_8.7_vol.txt

===== beginning time step 87 : 8.7 =====


Reforming stiffness matrix: reformation #1

 1
 Nonlinear solution status: time= 8.7
	stiffness updates             = 0
	right hand side evaluations   = 2
	stiffness matrix reformations = 1
	step from line search         = 1.000000
	convergence norms :     INITIAL         CURRENT         REQUIRED
	   residual            3.180022e-01    3.239517e-11    0.000000e+00 
	   energy              2.158454e-03    8.071536e-09    2.158454e-05 
	   displacement        1.257406e-04    1.257406e-04    1.257406e-10 
 2
 Nonlinear solution status: time= 8.7
	stiffness updates             = 1
	right hand side evaluations   = 3
	stiffness matrix reformations = 1
	step from line search         = 1.000000
	convergence norms :     INITIAL         CURRENT         REQUIRED
	   residual            3.180022e-01    2.815938e-18    0.000000e+00 
	   energy              2.158454e-03    3.608982e-17    2.158454e-05 
	   displacement        1.257406e-04    1.519462e-14    1.257423e-10 

convergence summary
    number of iterations   : 2
    number of reformations : 1

------- converged at time : 8.7


Data Record #1
===========================================================================
Step = 87
Time = 8.7
Data = uz
File = feb_inputs/active_camax/../../raw_logs/active_camax/camax_8.7_disp.txt

Data Record #2
===========================================================================
Step = 87
Time = 8.7
Data = sz
File = feb_inputs/active_camax/../../raw_logs/active_camax/camax_8.7_stress.txt

Data Record #3
===========================================================================
Step = 87
Time = 8.7
Data = J
File = feb_inputs/active_camax/../../raw_logs/active_camax/camax_8.7_vol.txt

===== beginning time step 88 : 8.8 =====


Reforming stiffness matrix: reformation #1

 1
 Nonlinear solution status: time= 8.8
	stiffness updates             = 0
	right hand side evaluations   = 2
	stiffness matrix reformations = 1
	step from line search         = 1.000000
	convergence norms :     INITIAL         CURRENT         REQUIRED
	   residual            3.986623e-01    4.367841e-11    0.000000e+00 
	   energy              2.585776e-03    8.913781e-09    2.585776e-05 
	   displacement        1.476651e-04    1.476651e-04    1.476651e-10 
 2
 Nonlinear solution status: time= 8.8
	stiffness updates             = 1
	right hand side evaluations   = 3
	stiffness matrix reformations = 1
	step from line search         = 1.000000
	convergence norms :     INITIAL         CURRENT         REQUIRED
	   residual            3.986623e-01    3.959404e-18    0.000000e+00 
	   energy              2.585776e-03    4.942672e-17    2.585776e-05 
	   displacement        1.476651e-04    1.844828e-14    1.476671e-10 

convergence summary
    number of iterations   : 2
    number of reformations : 1

------- converged at time : 8.8


Data Record #1
===========================================================================
Step = 88
Time = 8.8
Data = uz
File = feb_inputs/active_camax/../../raw_logs/active_camax/camax_8.7_disp.txt

Data Record #2
===========================================================================
Step = 88
Time = 8.8
Data = sz
File = feb_inputs/active_camax/../../raw_logs/active_camax/camax_8.7_stress.txt

Data Record #3
===========================================================================
Step = 88
Time = 8.8
Data = J
File = feb_inputs/active_camax/../../raw_logs/active_camax/camax_8.7_vol.txt

===== beginning time step 89 : 8.9 =====


Reforming stiffness matrix: reformation #1

 1
 Nonlinear solution status: time= 8.9
	stiffness updates             = 0
	right hand side evaluations   = 2
	stiffness matrix reformations = 1
	step from line search         = 1.000000
	convergence norms :     INITIAL         CURRENT         REQUIRED
	   residual            4.828454e-01    4.942298e-11    0.000000e+00 
	   energy              3.048024e-03    9.716883e-09    3.048024e-05 
	   displacement        1.725115e-04    1.725115e-04    1.725115e-10 
 2
 Nonlinear solution status: time= 8.9
	stiffness updates             = 1
	right hand side evaluations   = 3
	stiffness matrix reformations = 1
	step from line search         = 1.000000
	convergence norms :     INITIAL         CURRENT         REQUIRED
	   residual            4.828454e-01    4.530372e-18    0.000000e+00 
	   energy              3.048024e-03    5.645205e-17    3.048024e-05 
	   displacement        1.725115e-04    2.116604e-14    1.725138e-10 

convergence summary
    number of iterations   : 2
    number of reformations : 1

------- converged at time : 8.9


Data Record #1
===========================================================================
Step = 89
Time = 8.9
Data = uz
File = feb_inputs/active_camax/../../raw_logs/active_camax/camax_8.7_disp.txt

Data Record #2
===========================================================================
Step = 89
Time = 8.9
Data = sz
File = feb_inputs/active_camax/../../raw_logs/active_camax/camax_8.7_stress.txt

Data Record #3
===========================================================================
Step = 89
Time = 8.9
Data = J
File = feb_inputs/active_camax/../../raw_logs/active_camax/camax_8.7_vol.txt

===== beginning time step 90 : 9 =====


Reforming stiffness matrix: reformation #1

 1
 Nonlinear solution status: time= 9
	stiffness updates             = 0
	right hand side evaluations   = 2
	stiffness matrix reformations = 1
	step from line search         = 1.000000
	convergence norms :     INITIAL         CURRENT         REQUIRED
	   residual            5.656816e-01    4.936794e-11    0.000000e+00 
	   energy              3.499537e-03    1.019853e-08    3.499537e-05 
	   displacement        1.955524e-04    1.955524e-04    1.955524e-10 
 2
 Nonlinear solution status: time= 9
	stiffness updates             = 1
	right hand side evaluations   = 3
	stiffness matrix reformations = 1
	step from line search         = 1.000000
	convergence norms :     INITIAL         CURRENT         REQUIRED
	   residual            5.656816e-01    5.139378e-18    0.000000e+00 
	   energy              3.499537e-03    6.017943e-17    3.499537e-05 
	   displacement        1.955524e-04    2.288447e-14    1.955548e-10 

convergence summary
    number of iterations   : 2
    number of reformations : 1

------- converged at time : 9


Data Record #1
===========================================================================
Step = 90
Time = 9
Data = uz
File = feb_inputs/active_camax/../../raw_logs/active_camax/camax_8.7_disp.txt

Data Record #2
===========================================================================
Step = 90
Time = 9
Data = sz
File = feb_inputs/active_camax/../../raw_logs/active_camax/camax_8.7_stress.txt

Data Record #3
===========================================================================
Step = 90
Time = 9
Data = J
File = feb_inputs/active_camax/../../raw_logs/active_camax/camax_8.7_vol.txt

===== beginning time step 91 : 9.1 =====


Reforming stiffness matrix: reformation #1

 1
 Nonlinear solution status: time= 9.1
	stiffness updates             = 0
	right hand side evaluations   = 2
	stiffness matrix reformations = 1
	step from line search         = 1.000000
	convergence norms :     INITIAL         CURRENT         REQUIRED
	   residual            6.344542e-01    4.964332e-11    0.000000e+00 
	   energy              3.891234e-03    1.045688e-08    3.891234e-05 
	   displacement        2.144235e-04    2.144235e-04    2.144235e-10 
 2
 Nonlinear solution status: time= 9.1
	stiffness updates             = 1
	right hand side evaluations   = 3
	stiffness matrix reformations = 1
	step from line search         = 1.000000
	convergence norms :     INITIAL         CURRENT         REQUIRED
	   residual            6.344542e-01    5.425118e-18    0.000000e+00 
	   energy              3.891234e-03    6.655026e-17    3.891234e-05 
	   displacement        2.144235e-04    2.516958e-14    2.144259e-10 

convergence summary
    number of iterations   : 2
    number of reformations : 1

------- converged at time : 9.1


Data Record #1
===========================================================================
Step = 91
Time = 9.1
Data = uz
File = feb_inputs/active_camax/../../raw_logs/active_camax/camax_8.7_disp.txt

Data Record #2
===========================================================================
Step = 91
Time = 9.1
Data = sz
File = feb_inputs/active_camax/../../raw_logs/active_camax/camax_8.7_stress.txt

Data Record #3
===========================================================================
Step = 91
Time = 9.1
Data = J
File = feb_inputs/active_camax/../../raw_logs/active_camax/camax_8.7_vol.txt

===== beginning time step 92 : 9.2 =====


Reforming stiffness matrix: reformation #1

 1
 Nonlinear solution status: time= 9.2
	stiffness updates             = 0
	right hand side evaluations   = 2
	stiffness matrix reformations = 1
	step from line search         = 1.000000
	convergence norms :     INITIAL         CURRENT         REQUIRED
	   residual            6.764029e-01    4.864083e-11    0.000000e+00 
	   energy              4.180758e-03    1.042365e-08    4.180758e-05 
	   displacement        2.291587e-04    2.291587e-04    2.291587e-10 
 2
 Nonlinear solution status: time= 9.2
	stiffness updates             = 1
	right hand side evaluations   = 3
	stiffness matrix reformations = 1
	step from line search         = 1.000000
	convergence norms :     INITIAL         CURRENT         REQUIRED
	   residual            6.764029e-01    5.243166e-18    0.000000e+00 
	   energy              4.180758e-03    6.858250e-17    4.180758e-05 
	   displacement        2.291587e-04    2.627158e-14    2.291613e-10 

convergence summary
    number of iterations   : 2
    number of reformations : 1

------- converged at time : 9.2


Data Record #1
===========================================================================
Step = 92
Time = 9.2
Data = uz
File = feb_inputs/active_camax/../../raw_logs/active_camax/camax_8.7_disp.txt

Data Record #2
===========================================================================
Step = 92
Time = 9.2
Data = sz
File = feb_inputs/active_camax/../../raw_logs/active_camax/camax_8.7_stress.txt

Data Record #3
===========================================================================
Step = 92
Time = 9.2
Data = J
File = feb_inputs/active_camax/../../raw_logs/active_camax/camax_8.7_vol.txt

===== beginning time step 93 : 9.3 =====


Reforming stiffness matrix: reformation #1

 1
 Nonlinear solution status: time= 9.3
	stiffness updates             = 0
	right hand side evaluations   = 2
	stiffness matrix reformations = 1
	step from line search         = 1.000000
	convergence norms :     INITIAL         CURRENT         REQUIRED
	   residual            6.912026e-01    5.051701e-11    0.000000e+00 
	   energy              4.350677e-03    1.025264e-08    4.350677e-05 
	   displacement        2.390655e-04    2.390655e-04    2.390655e-10 
 2
 Nonlinear solution status: time= 9.3
	stiffness updates             = 1
	right hand side evaluations   = 3
	stiffness matrix reformations = 1
	step from line search         = 1.000000
	convergence norms :     INITIAL         CURRENT         REQUIRED
	   residual            6.912026e-01    5.382387e-18    0.000000e+00 
	   energy              4.350677e-03    6.762899e-17    4.350677e-05 
	   displacement        2.390655e-04    2.593141e-14    2.390681e-10 

convergence summary
    number of iterations   : 2
    number of reformations : 1

------- converged at time : 9.3


Data Record #1
===========================================================================
Step = 93
Time = 9.3
Data = uz
File = feb_inputs/active_camax/../../raw_logs/active_camax/camax_8.7_disp.txt

Data Record #2
===========================================================================
Step = 93
Time = 9.3
Data = sz
File = feb_inputs/active_camax/../../raw_logs/active_camax/camax_8.7_stress.txt

Data Record #3
===========================================================================
Step = 93
Time = 9.3
Data = J
File = feb_inputs/active_camax/../../raw_logs/active_camax/camax_8.7_vol.txt

===== beginning time step 94 : 9.4 =====


Reforming stiffness matrix: reformation #1

 1
 Nonlinear solution status: time= 9.4
	stiffness updates             = 0
	right hand side evaluations   = 2
	stiffness matrix reformations = 1
	step from line search         = 1.000000
	convergence norms :     INITIAL         CURRENT         REQUIRED
	   residual            6.879415e-01    4.499617e-11    0.000000e+00 
	   energy              4.419754e-03    1.030352e-08    4.419754e-05 
	   displacement        2.439573e-04    2.439573e-04    2.439573e-10 
 2
 Nonlinear solution status: time= 9.4
	stiffness updates             = 1
	right hand side evaluations   = 3
	stiffness matrix reformations = 1
	step from line search         = 1.000000
	convergence norms :     INITIAL         CURRENT         REQUIRED
	   residual            6.879415e-01    4.470983e-18    0.000000e+00 
	   energy              4.419754e-03    6.099695e-17    4.419754e-05 
	   displacement        2.439573e-04    2.682065e-14    2.439602e-10 

convergence summary
    number of iterations   : 2
    number of reformations : 1

------- converged at time : 9.4


Data Record #1
===========================================================================
Step = 94
Time = 9.4
Data = uz
File = feb_inputs/active_camax/../../raw_logs/active_camax/camax_8.7_disp.txt

Data Record #2
===========================================================================
Step = 94
Time = 9.4
Data = sz
File = feb_inputs/active_camax/../../raw_logs/active_camax/camax_8.7_stress.txt

Data Record #3
===========================================================================
Step = 94
Time = 9.4
Data = J
File = feb_inputs/active_camax/../../raw_logs/active_camax/camax_8.7_vol.txt

===== beginning time step 95 : 9.5 =====


Reforming stiffness matrix: reformation #1

 1
 Nonlinear solution status: time= 9.5
	stiffness updates             = 0
	right hand side evaluations   = 2
	stiffness matrix reformations = 1
	step from line search         = 1.000000
	convergence norms :     INITIAL         CURRENT         REQUIRED
	   residual            6.768858e-01    3.474697e-11    0.000000e+00 
	   energy              4.433945e-03    1.052875e-08    4.433945e-05 
	   displacement        2.452681e-04    2.452681e-04    2.452681e-10 
 2
 Nonlinear solution status: time= 9.5
	stiffness updates             = 1
	right hand side evaluations   = 3
	stiffness matrix reformations = 1
	step from line search         = 1.000000
	convergence norms :     INITIAL         CURRENT         REQUIRED
	   residual            6.768858e-01    3.213646e-18    0.000000e+00 
	   energy              4.433945e-03    4.926236e-17    4.433945e-05 
	   displacement        2.452681e-04    2.661148e-14    2.452711e-10 

convergence summary
    number of iterations   : 2
    number of reformations : 1

------- converged at time : 9.5


Data Record #1
===========================================================================
Step = 95
Time = 9.5
Data = uz
File = feb_inputs/active_camax/../../raw_logs/active_camax/camax_8.7_disp.txt

Data Record #2
===========================================================================
Step = 95
Time = 9.5
Data = sz
File = feb_inputs/active_camax/../../raw_logs/active_camax/camax_8.7_stress.txt

Data Record #3
===========================================================================
Step = 95
Time = 9.5
Data = J
File = feb_inputs/active_camax/../../raw_logs/active_camax/camax_8.7_vol.txt

===== beginning time step 96 : 9.6 =====


Reforming stiffness matrix: reformation #1

 1
 Nonlinear solution status: time= 9.6
	stiffness updates             = 0
	right hand side evaluations   = 2
	stiffness matrix reformations = 1
	step from line search         = 1.000000
	convergence norms :     INITIAL         CURRENT         REQUIRED
	   residual            6.691570e-01    2.504020e-11    0.000000e+00 
	   energy              4.451724e-03    1.065536e-08    4.451724e-05 
	   displacement        2.464673e-04    2.464673e-04    2.464673e-10 
 2
 Nonlinear solution status: time= 9.6
	stiffness updates             = 1
	right hand side evaluations   = 3
	stiffness matrix reformations = 1
	step from line search         = 1.000000
	convergence norms :     INITIAL         CURRENT         REQUIRED
	   residual            6.691570e-01    2.025624e-18    0.000000e+00 
	   energy              4.451724e-03    3.628993e-17    4.451724e-05 
	   displacement        2.464673e-04    2.465741e-14    2.464703e-10 

convergence summary
    number of iterations   : 2
    number of reformations : 1

------- converged at time : 9.6


Data Record #1
===========================================================================
Step = 96
Time = 9.6
Data = uz
File = feb_inputs/active_camax/../../raw_logs/active_camax/camax_8.7_disp.txt

Data Record #2
===========================================================================
Step = 96
Time = 9.6
Data = sz
File = feb_inputs/active_camax/../../raw_logs/active_camax/camax_8.7_stress.txt

Data Record #3
===========================================================================
Step = 96
Time = 9.6
Data = J
File = feb_inputs/active_camax/../../raw_logs/active_camax/camax_8.7_vol.txt

===== beginning time step 97 : 9.7 =====


Reforming stiffness matrix: reformation #1

 1
 Nonlinear solution status: time= 9.7
	stiffness updates             = 0
	right hand side evaluations   = 2
	stiffness matrix reformations = 1
	step from line search         = 1.000000
	convergence norms :     INITIAL         CURRENT         REQUIRED
	   residual            6.782665e-01    1.652578e-11    0.000000e+00 
	   energy              4.532062e-03    1.036469e-08    4.532062e-05 
	   displacement        2.509201e-04    2.509201e-04    2.509201e-10 
 2
 Nonlinear solution status: time= 9.7
	stiffness updates             = 1
	right hand side evaluations   = 3
	stiffness matrix reformations = 1
	step from line search         = 1.000000
	convergence norms :     INITIAL         CURRENT         REQUIRED
	   residual            6.782665e-01    1.026290e-18    0.000000e+00 
	   energy              4.532062e-03    2.524090e-17    4.532062e-05 
	   displacement        2.509201e-04    2.256747e-14    2.509231e-10 

convergence summary
    number of iterations   : 2
    number of reformations : 1

------- converged at time : 9.7


Data Record #1
===========================================================================
Step = 97
Time = 9.7
Data = uz
File = feb_inputs/active_camax/../../raw_logs/active_camax/camax_8.7_disp.txt

Data Record #2
===========================================================================
Step = 97
Time = 9.7
Data = sz
File = feb_inputs/active_camax/../../raw_logs/active_camax/camax_8.7_stress.txt

Data Record #3
===========================================================================
Step = 97
Time = 9.7
Data = J
File = feb_inputs/active_camax/../../raw_logs/active_camax/camax_8.7_vol.txt

===== beginning time step 98 : 9.8 =====


Reforming stiffness matrix: reformation #1

 1
 Nonlinear solution status: time= 9.8
	stiffness updates             = 0
	right hand side evaluations   = 2
	stiffness matrix reformations = 1
	step from line search         = 1.000000
	convergence norms :     INITIAL         CURRENT         REQUIRED
	   residual            7.167485e-01    2.585232e-10    0.000000e+00 
	   energy              4.721780e-03    9.191251e-09    4.721780e-05 
	   displacement        2.602656e-04    2.602656e-04    2.602656e-10 
 2
 Nonlinear solution status: time= 9.8
	stiffness updates             = 1
	right hand side evaluations   = 3
	stiffness matrix reformations = 1
	step from line search         = 1.000000
	convergence norms :     INITIAL         CURRENT         REQUIRED
	   residual            7.167485e-01    4.302255e-14    0.000000e+00 
	   energy              4.721780e-03    1.966527e-14    4.721780e-05 
	   displacement        2.602656e-04    4.572056e-14    2.602684e-10 

convergence summary
    number of iterations   : 2
    number of reformations : 1

------- converged at time : 9.8


Data Record #1
===========================================================================
Step = 98
Time = 9.8
Data = uz
File = feb_inputs/active_camax/../../raw_logs/active_camax/camax_8.7_disp.txt

Data Record #2
===========================================================================
Step = 98
Time = 9.8
Data = sz
File = feb_inputs/active_camax/../../raw_logs/active_camax/camax_8.7_stress.txt

Data Record #3
===========================================================================
Step = 98
Time = 9.8
Data = J
File = feb_inputs/active_camax/../../raw_logs/active_camax/camax_8.7_vol.txt

===== beginning time step 99 : 9.9 =====


Reforming stiffness matrix: reformation #1

 1
 Nonlinear solution status: time= 9.9
	stiffness updates             = 0
	right hand side evaluations   = 2
	stiffness matrix reformations = 1
	step from line search         = 1.000000
	convergence norms :     INITIAL         CURRENT         REQUIRED
	   residual            7.912556e-01    9.637608e-12    0.000000e+00 
	   energy              5.042221e-03    8.691965e-09    5.042221e-05 
	   displacement        2.748940e-04    2.748940e-04    2.748940e-10 
 2
 Nonlinear solution status: time= 9.9
	stiffness updates             = 1
	right hand side evaluations   = 3
	stiffness matrix reformations = 1
	step from line search         = 1.000000
	convergence norms :     INITIAL         CURRENT         REQUIRED
	   residual            7.912556e-01    7.777050e-19    0.000000e+00 
	   energy              5.042221e-03    3.002694e-17    5.042221e-05 
	   displacement        2.748940e-04    2.230438e-14    2.748968e-10 

convergence summary
    number of iterations   : 2
    number of reformations : 1

------- converged at time : 9.9


Data Record #1
===========================================================================
Step = 99
Time = 9.9
Data = uz
File = feb_inputs/active_camax/../../raw_logs/active_camax/camax_8.7_disp.txt

Data Record #2
===========================================================================
Step = 99
Time = 9.9
Data = sz
File = feb_inputs/active_camax/../../raw_logs/active_camax/camax_8.7_stress.txt

Data Record #3
===========================================================================
Step = 99
Time = 9.9
Data = J
File = feb_inputs/active_camax/../../raw_logs/active_camax/camax_8.7_vol.txt

===== beginning time step 100 : 10 =====


Reforming stiffness matrix: reformation #1

 1
 Nonlinear solution status: time= 10
	stiffness updates             = 0
	right hand side evaluations   = 2
	stiffness matrix reformations = 1
	step from line search         = 1.000000
	convergence norms :     INITIAL         CURRENT         REQUIRED
	   residual            8.985329e-01    1.096107e-11    0.000000e+00 
	   energy              5.489555e-03    7.987784e-09    5.489555e-05 
	   displacement        2.944631e-04    2.944631e-04    2.944631e-10 
 2
 Nonlinear solution status: time= 10
	stiffness updates             = 1
	right hand side evaluations   = 3
	stiffness matrix reformations = 1
	step from line search         = 1.000000
	convergence norms :     INITIAL         CURRENT         REQUIRED
	   residual            8.985329e-01    9.240011e-19    0.000000e+00 
	   energy              5.489555e-03    3.712840e-17    5.489555e-05 
	   displacement        2.944631e-04    2.321772e-14    2.944659e-10 

convergence summary
    number of iterations   : 2
    number of reformations : 1

------- converged at time : 10


Data Record #1
===========================================================================
Step = 100
Time = 10
Data = uz
File = feb_inputs/active_camax/../../raw_logs/active_camax/camax_8.7_disp.txt

Data Record #2
===========================================================================
Step = 100
Time = 10
Data = sz
File = feb_inputs/active_camax/../../raw_logs/active_camax/camax_8.7_stress.txt

Data Record #3
===========================================================================
Step = 100
Time = 10
Data = J
File = feb_inputs/active_camax/../../raw_logs/active_camax/camax_8.7_vol.txt

===== beginning time step 101 : 10.1 =====


Reforming stiffness matrix: reformation #1

 1
 Nonlinear solution status: time= 10.1
	stiffness updates             = 0
	right hand side evaluations   = 2
	stiffness matrix reformations = 1
	step from line search         = 1.000000
	convergence norms :     INITIAL         CURRENT         REQUIRED
	   residual            1.030591e+00    1.285112e-11    0.000000e+00 
	   energy              6.051056e-03    7.451954e-09    6.051056e-05 
	   displacement        3.184207e-04    3.184207e-04    3.184207e-10 
 2
 Nonlinear solution status: time= 10.1
	stiffness updates             = 1
	right hand side evaluations   = 3
	stiffness matrix reformations = 1
	step from line search         = 1.000000
	convergence norms :     INITIAL         CURRENT         REQUIRED
	   residual            1.030591e+00    1.019995e-18    0.000000e+00 
	   energy              6.051056e-03    3.801094e-17    6.051056e-05 
	   displacement        3.184207e-04    2.135591e-14    3.184234e-10 

convergence summary
    number of iterations   : 2
    number of reformations : 1

------- converged at time : 10.1


Data Record #1
===========================================================================
Step = 101
Time = 10.1
Data = uz
File = feb_inputs/active_camax/../../raw_logs/active_camax/camax_8.7_disp.txt

Data Record #2
===========================================================================
Step = 101
Time = 10.1
Data = sz
File = feb_inputs/active_camax/../../raw_logs/active_camax/camax_8.7_stress.txt

Data Record #3
===========================================================================
Step = 101
Time = 10.1
Data = J
File = feb_inputs/active_camax/../../raw_logs/active_camax/camax_8.7_vol.txt

===== beginning time step 102 : 10.2 =====


Reforming stiffness matrix: reformation #1

 1
 Nonlinear solution status: time= 10.2
	stiffness updates             = 0
	right hand side evaluations   = 2
	stiffness matrix reformations = 1
	step from line search         = 1.000000
	convergence norms :     INITIAL         CURRENT         REQUIRED
	   residual            1.184023e+00    1.169925e-11    0.000000e+00 
	   energy              6.709364e-03    7.194024e-09    6.709364e-05 
	   displacement        3.457731e-04    3.457731e-04    3.457731e-10 
 2
 Nonlinear solution status: time= 10.2
	stiffness updates             = 1
	right hand side evaluations   = 3
	stiffness matrix reformations = 1
	step from line search         = 1.000000
	convergence norms :     INITIAL         CURRENT         REQUIRED
	   residual            1.184023e+00    9.757468e-19    0.000000e+00 
	   energy              6.709364e-03    3.479843e-17    6.709364e-05 
	   displacement        3.457731e-04    1.978893e-14    3.457756e-10 

convergence summary
    number of iterations   : 2
    number of reformations : 1

------- converged at time : 10.2


Data Record #1
===========================================================================
Step = 102
Time = 10.2
Data = uz
File = feb_inputs/active_camax/../../raw_logs/active_camax/camax_8.7_disp.txt

Data Record #2
===========================================================================
Step = 102
Time = 10.2
Data = sz
File = feb_inputs/active_camax/../../raw_logs/active_camax/camax_8.7_stress.txt

Data Record #3
===========================================================================
Step = 102
Time = 10.2
Data = J
File = feb_inputs/active_camax/../../raw_logs/active_camax/camax_8.7_vol.txt

===== beginning time step 103 : 10.3 =====


Reforming stiffness matrix: reformation #1

 1
 Nonlinear solution status: time= 10.3
	stiffness updates             = 0
	right hand side evaluations   = 2
	stiffness matrix reformations = 1
	step from line search         = 1.000000
	convergence norms :     INITIAL         CURRENT         REQUIRED
	   residual            1.360331e+00    3.271007e-11    0.000000e+00 
	   energy              7.441645e-03    7.145761e-09    7.441645e-05 
	   displacement        3.746326e-04    3.746326e-04    3.746326e-10 
 2
 Nonlinear solution status: time= 10.3
	stiffness updates             = 1
	right hand side evaluations   = 3
	stiffness matrix reformations = 1
	step from line search         = 1.000000
	convergence norms :     INITIAL         CURRENT         REQUIRED
	   residual            1.360331e+00    3.826266e-15    0.000000e+00 
	   energy              7.441645e-03    1.703616e-15    7.441645e-05 
	   displacement        3.746326e-04    2.197398e-14    3.746349e-10 

convergence summary
    number of iterations   : 2
    number of reformations : 1

------- converged at time : 10.3


Data Record #1
===========================================================================
Step = 103
Time = 10.3
Data = uz
File = feb_inputs/active_camax/../../raw_logs/active_camax/camax_8.7_disp.txt

Data Record #2
===========================================================================
Step = 103
Time = 10.3
Data = sz
File = feb_inputs/active_camax/../../raw_logs/active_camax/camax_8.7_stress.txt

Data Record #3
===========================================================================
Step = 103
Time = 10.3
Data = J
File = feb_inputs/active_camax/../../raw_logs/active_camax/camax_8.7_vol.txt

===== beginning time step 104 : 10.4 =====


Reforming stiffness matrix: reformation #1

 1
 Nonlinear solution status: time= 10.4
	stiffness updates             = 0
	right hand side evaluations   = 2
	stiffness matrix reformations = 1
	step from line search         = 1.000000
	convergence norms :     INITIAL         CURRENT         REQUIRED
	   residual            1.555941e+00    1.352341e-11    0.000000e+00 
	   energy              8.231376e-03    6.928636e-09    8.231376e-05 
	   displacement        4.037121e-04    4.037121e-04    4.037121e-10 
 2
 Nonlinear solution status: time= 10.4
	stiffness updates             = 1
	right hand side evaluations   = 3
	stiffness matrix reformations = 1
	step from line search         = 1.000000
	convergence norms :     INITIAL         CURRENT         REQUIRED
	   residual            1.555941e+00    1.281607e-18    0.000000e+00 
	   energy              8.231376e-03    4.019466e-17    8.231376e-05 
	   displacement        4.037121e-04    2.093766e-14    4.037142e-10 

convergence summary
    number of iterations   : 2
    number of reformations : 1

------- converged at time : 10.4


Data Record #1
===========================================================================
Step = 104
Time = 10.4
Data = uz
File = feb_inputs/active_camax/../../raw_logs/active_camax/camax_8.7_disp.txt

Data Record #2
===========================================================================
Step = 104
Time = 10.4
Data = sz
File = feb_inputs/active_camax/../../raw_logs/active_camax/camax_8.7_stress.txt

Data Record #3
===========================================================================
Step = 104
Time = 10.4
Data = J
File = feb_inputs/active_camax/../../raw_logs/active_camax/camax_8.7_vol.txt

===== beginning time step 105 : 10.5 =====


Reforming stiffness matrix: reformation #1

 1
 Nonlinear solution status: time= 10.5
	stiffness updates             = 0
	right hand side evaluations   = 2
	stiffness matrix reformations = 1
	step from line search         = 1.000000
	convergence norms :     INITIAL         CURRENT         REQUIRED
	   residual            1.762046e+00    1.537346e-11    0.000000e+00 
	   energy              9.085509e-03    6.727390e-09    9.085509e-05 
	   displacement        4.349227e-04    4.349227e-04    4.349227e-10 
 2
 Nonlinear solution status: time= 10.5
	stiffness updates             = 1
	right hand side evaluations   = 3
	stiffness matrix reformations = 1
	step from line search         = 1.000000
	convergence norms :     INITIAL         CURRENT         REQUIRED
	   residual            1.762046e+00    1.420702e-18    0.000000e+00 
	   energy              9.085509e-03    4.773468e-17    9.085509e-05 
	   displacement        4.349227e-04    2.193134e-14    4.349245e-10 

convergence summary
    number of iterations   : 2
    number of reformations : 1

------- converged at time : 10.5


Data Record #1
===========================================================================
Step = 105
Time = 10.5
Data = uz
File = feb_inputs/active_camax/../../raw_logs/active_camax/camax_8.7_disp.txt

Data Record #2
===========================================================================
Step = 105
Time = 10.5
Data = sz
File = feb_inputs/active_camax/../../raw_logs/active_camax/camax_8.7_stress.txt

Data Record #3
===========================================================================
Step = 105
Time = 10.5
Data = J
File = feb_inputs/active_camax/../../raw_logs/active_camax/camax_8.7_vol.txt

===== beginning time step 106 : 10.6 =====


Reforming stiffness matrix: reformation #1

 1
 Nonlinear solution status: time= 10.6
	stiffness updates             = 0
	right hand side evaluations   = 2
	stiffness matrix reformations = 1
	step from line search         = 1.000000
	convergence norms :     INITIAL         CURRENT         REQUIRED
	   residual            1.973519e+00    1.624559e-11    0.000000e+00 
	   energy              1.003134e-02    6.764913e-09    1.003134e-04 
	   displacement        4.715806e-04    4.715806e-04    4.715806e-10 
 2
 Nonlinear solution status: time= 10.6
	stiffness updates             = 1
	right hand side evaluations   = 3
	stiffness matrix reformations = 1
	step from line search         = 1.000000
	convergence norms :     INITIAL         CURRENT         REQUIRED
	   residual            1.973519e+00    1.539054e-18    0.000000e+00 
	   energy              1.003134e-02    5.427591e-17    1.003134e-04 
	   displacement        4.715806e-04    2.353418e-14    4.715824e-10 

convergence summary
    number of iterations   : 2
    number of reformations : 1

------- converged at time : 10.6


Data Record #1
===========================================================================
Step = 106
Time = 10.6
Data = uz
File = feb_inputs/active_camax/../../raw_logs/active_camax/camax_8.7_disp.txt

Data Record #2
===========================================================================
Step = 106
Time = 10.6
Data = sz
File = feb_inputs/active_camax/../../raw_logs/active_camax/camax_8.7_stress.txt

Data Record #3
===========================================================================
Step = 106
Time = 10.6
Data = J
File = feb_inputs/active_camax/../../raw_logs/active_camax/camax_8.7_vol.txt

===== beginning time step 107 : 10.7 =====


Reforming stiffness matrix: reformation #1

 1
 Nonlinear solution status: time= 10.7
	stiffness updates             = 0
	right hand side evaluations   = 2
	stiffness matrix reformations = 1
	step from line search         = 1.000000
	convergence norms :     INITIAL         CURRENT         REQUIRED
	   residual            2.192903e+00    1.584445e-11    0.000000e+00 
	   energy              1.109344e-02    7.172245e-09    1.109344e-04 
	   displacement        5.155527e-04    5.155527e-04    5.155527e-10 
 2
 Nonlinear solution status: time= 10.7
	stiffness updates             = 1
	right hand side evaluations   = 3
	stiffness matrix reformations = 1
	step from line search         = 1.000000
	convergence norms :     INITIAL         CURRENT         REQUIRED
	   residual            2.192903e+00    1.524124e-18    0.000000e+00 
	   energy              1.109344e-02    5.401852e-17    1.109344e-04 
	   displacement        5.155527e-04    2.529574e-14    5.155548e-10 

convergence summary
    number of iterations   : 2
    number of reformations : 1

------- converged at time : 10.7


Data Record #1
===========================================================================
Step = 107
Time = 10.7
Data = uz
File = feb_inputs/active_camax/../../raw_logs/active_camax/camax_8.7_disp.txt

Data Record #2
===========================================================================
Step = 107
Time = 10.7
Data = sz
File = feb_inputs/active_camax/../../raw_logs/active_camax/camax_8.7_stress.txt

Data Record #3
===========================================================================
Step = 107
Time = 10.7
Data = J
File = feb_inputs/active_camax/../../raw_logs/active_camax/camax_8.7_vol.txt

===== beginning time step 108 : 10.8 =====


Reforming stiffness matrix: reformation #1

 1
 Nonlinear solution status: time= 10.8
	stiffness updates             = 0
	right hand side evaluations   = 2
	stiffness matrix reformations = 1
	step from line search         = 1.000000
	convergence norms :     INITIAL         CURRENT         REQUIRED
	   residual            2.420730e+00    1.523808e-11    0.000000e+00 
	   energy              1.227899e-02    8.206880e-09    1.227899e-04 
	   displacement        5.681116e-04    5.681116e-04    5.681116e-10 
 2
 Nonlinear solution status: time= 10.8
	stiffness updates             = 1
	right hand side evaluations   = 3
	stiffness matrix reformations = 1
	step from line search         = 1.000000
	convergence norms :     INITIAL         CURRENT         REQUIRED
	   residual            2.420730e+00    1.561326e-18    0.000000e+00 
	   energy              1.227899e-02    5.566177e-17    1.227899e-04 
	   displacement        5.681116e-04    2.917708e-14    5.681141e-10 

convergence summary
    number of iterations   : 2
    number of reformations : 1

------- converged at time : 10.8


Data Record #1
===========================================================================
Step = 108
Time = 10.8
Data = uz
File = feb_inputs/active_camax/../../raw_logs/active_camax/camax_8.7_disp.txt

Data Record #2
===========================================================================
Step = 108
Time = 10.8
Data = sz
File = feb_inputs/active_camax/../../raw_logs/active_camax/camax_8.7_stress.txt

Data Record #3
===========================================================================
Step = 108
Time = 10.8
Data = J
File = feb_inputs/active_camax/../../raw_logs/active_camax/camax_8.7_vol.txt

===== beginning time step 109 : 10.9 =====


Reforming stiffness matrix: reformation #1

 1
 Nonlinear solution status: time= 10.9
	stiffness updates             = 0
	right hand side evaluations   = 2
	stiffness matrix reformations = 1
	step from line search         = 1.000000
	convergence norms :     INITIAL         CURRENT         REQUIRED
	   residual            2.646011e+00    1.473971e-11    0.000000e+00 
	   energy              1.358134e-02    9.681604e-09    1.358134e-04 
	   displacement        6.302167e-04    6.302167e-04    6.302167e-10 
 2
 Nonlinear solution status: time= 10.9
	stiffness updates             = 1
	right hand side evaluations   = 3
	stiffness matrix reformations = 1
	step from line search         = 1.000000
	convergence norms :     INITIAL         CURRENT         REQUIRED
	   residual            2.646011e+00    1.622348e-18    0.000000e+00 
	   energy              1.358134e-02    5.469321e-17    1.358134e-04 
	   displacement        6.302167e-04    3.240239e-14    6.302197e-10 

convergence summary
    number of iterations   : 2
    number of reformations : 1

------- converged at time : 10.9


Data Record #1
===========================================================================
Step = 109
Time = 10.9
Data = uz
File = feb_inputs/active_camax/../../raw_logs/active_camax/camax_8.7_disp.txt

Data Record #2
===========================================================================
Step = 109
Time = 10.9
Data = sz
File = feb_inputs/active_camax/../../raw_logs/active_camax/camax_8.7_stress.txt

Data Record #3
===========================================================================
Step = 109
Time = 10.9
Data = J
File = feb_inputs/active_camax/../../raw_logs/active_camax/camax_8.7_vol.txt

===== beginning time step 110 : 11 =====


Reforming stiffness matrix: reformation #1

 1
 Nonlinear solution status: time= 11
	stiffness updates             = 0
	right hand side evaluations   = 2
	stiffness matrix reformations = 1
	step from line search         = 1.000000
	convergence norms :     INITIAL         CURRENT         REQUIRED
	   residual            2.857231e+00    1.313003e-11    0.000000e+00 
	   energy              1.499495e-02    1.095181e-08    1.499495e-04 
	   displacement        7.030170e-04    7.030170e-04    7.030170e-10 
 2
 Nonlinear solution status: time= 11
	stiffness updates             = 1
	right hand side evaluations   = 3
	stiffness matrix reformations = 1
	step from line search         = 1.000000
	convergence norms :     INITIAL         CURRENT         REQUIRED
	   residual            2.857231e+00    1.409660e-18    0.000000e+00 
	   energy              1.499495e-02    4.815188e-17    1.499495e-04 
	   displacement        7.030170e-04    3.375303e-14    7.030204e-10 

convergence summary
    number of iterations   : 2
    number of reformations : 1

------- converged at time : 11


Data Record #1
===========================================================================
Step = 110
Time = 11
Data = uz
File = feb_inputs/active_camax/../../raw_logs/active_camax/camax_8.7_disp.txt

Data Record #2
===========================================================================
Step = 110
Time = 11
Data = sz
File = feb_inputs/active_camax/../../raw_logs/active_camax/camax_8.7_stress.txt

Data Record #3
===========================================================================
Step = 110
Time = 11
Data = J
File = feb_inputs/active_camax/../../raw_logs/active_camax/camax_8.7_vol.txt

===== beginning time step 111 : 11.1 =====


Reforming stiffness matrix: reformation #1

 1
 Nonlinear solution status: time= 11.1
	stiffness updates             = 0
	right hand side evaluations   = 2
	stiffness matrix reformations = 1
	step from line search         = 1.000000
	convergence norms :     INITIAL         CURRENT         REQUIRED
	   residual            3.054714e+00    1.202154e-11    0.000000e+00 
	   energy              1.652389e-02    1.200251e-08    1.652389e-04 
	   displacement        7.864960e-04    7.864960e-04    7.864960e-10 
 2
 Nonlinear solution status: time= 11.1
	stiffness updates             = 1
	right hand side evaluations   = 3
	stiffness matrix reformations = 1
	step from line search         = 1.000000
	convergence norms :     INITIAL         CURRENT         REQUIRED
	   residual            3.054714e+00    1.348700e-18    0.000000e+00 
	   energy              1.652389e-02    4.713198e-17    1.652389e-04 
	   displacement        7.864960e-04    3.597226e-14    7.864998e-10 

convergence summary
    number of iterations   : 2
    number of reformations : 1

------- converged at time : 11.1


Data Record #1
===========================================================================
Step = 111
Time = 11.1
Data = uz
File = feb_inputs/active_camax/../../raw_logs/active_camax/camax_8.7_disp.txt

Data Record #2
===========================================================================
Step = 111
Time = 11.1
Data = sz
File = feb_inputs/active_camax/../../raw_logs/active_camax/camax_8.7_stress.txt

Data Record #3
===========================================================================
Step = 111
Time = 11.1
Data = J
File = feb_inputs/active_camax/../../raw_logs/active_camax/camax_8.7_vol.txt

===== beginning time step 112 : 11.2 =====


Reforming stiffness matrix: reformation #1

 1
 Nonlinear solution status: time= 11.2
	stiffness updates             = 0
	right hand side evaluations   = 2
	stiffness matrix reformations = 1
	step from line search         = 1.000000
	convergence norms :     INITIAL         CURRENT         REQUIRED
	   residual            3.255392e+00    1.319844e-11    0.000000e+00 
	   energy              1.817084e-02    1.327828e-08    1.817084e-04 
	   displacement        8.763507e-04    8.763507e-04    8.763507e-10 
 2
 Nonlinear solution status: time= 11.2
	stiffness updates             = 1
	right hand side evaluations   = 3
	stiffness matrix reformations = 1
	step from line search         = 1.000000
	convergence norms :     INITIAL         CURRENT         REQUIRED
	   residual            3.255392e+00    1.477421e-18    0.000000e+00 
	   energy              1.817084e-02    5.186449e-17    1.817084e-04 
	   displacement        8.763507e-04    3.916101e-14    8.763551e-10 

convergence summary
    number of iterations   : 2
    number of reformations : 1

------- converged at time : 11.2


Data Record #1
===========================================================================
Step = 112
Time = 11.2
Data = uz
File = feb_inputs/active_camax/../../raw_logs/active_camax/camax_8.7_disp.txt

Data Record #2
===========================================================================
Step = 112
Time = 11.2
Data = sz
File = feb_inputs/active_camax/../../raw_logs/active_camax/camax_8.7_stress.txt

Data Record #3
===========================================================================
Step = 112
Time = 11.2
Data = J
File = feb_inputs/active_camax/../../raw_logs/active_camax/camax_8.7_vol.txt

===== beginning time step 113 : 11.3 =====


Reforming stiffness matrix: reformation #1

 1
 Nonlinear solution status: time= 11.3
	stiffness updates             = 0
	right hand side evaluations   = 2
	stiffness matrix reformations = 1
	step from line search         = 1.000000
	convergence norms :     INITIAL         CURRENT         REQUIRED
	   residual            3.481608e+00    1.291297e-11    0.000000e+00 
	   energy              1.992432e-02    1.483559e-08    1.992432e-04 
	   displacement        9.682411e-04    9.682411e-04    9.682411e-10 
 2
 Nonlinear solution status: time= 11.3
	stiffness updates             = 1
	right hand side evaluations   = 3
	stiffness matrix reformations = 1
	step from line search         = 1.000000
	convergence norms :     INITIAL         CURRENT         REQUIRED
	   residual            3.481608e+00    1.440522e-18    0.000000e+00 
	   energy              1.992432e-02    4.505692e-17    1.992432e-04 
	   displacement        9.682411e-04    4.118044e-14    9.682458e-10 

convergence summary
    number of iterations   : 2
    number of reformations : 1

------- converged at time : 11.3


Data Record #1
===========================================================================
Step = 113
Time = 11.3
Data = uz
File = feb_inputs/active_camax/../../raw_logs/active_camax/camax_8.7_disp.txt

Data Record #2
===========================================================================
Step = 113
Time = 11.3
Data = sz
File = feb_inputs/active_camax/../../raw_logs/active_camax/camax_8.7_stress.txt

Data Record #3
===========================================================================
Step = 113
Time = 11.3
Data = J
File = feb_inputs/active_camax/../../raw_logs/active_camax/camax_8.7_vol.txt

===== beginning time step 114 : 11.4 =====


Reforming stiffness matrix: reformation #1

 1
 Nonlinear solution status: time= 11.4
	stiffness updates             = 0
	right hand side evaluations   = 2
	stiffness matrix reformations = 1
	step from line search         = 1.000000
	convergence norms :     INITIAL         CURRENT         REQUIRED
	   residual            3.738789e+00    1.020175e-11    0.000000e+00 
	   energy              2.175203e-02    1.665897e-08    2.175203e-04 
	   displacement        1.061188e-03    1.061188e-03    1.061188e-09 
 2
 Nonlinear solution status: time= 11.4
	stiffness updates             = 1
	right hand side evaluations   = 3
	stiffness matrix reformations = 1
	step from line search         = 1.000000
	convergence norms :     INITIAL         CURRENT         REQUIRED
	   residual            3.738789e+00    1.116785e-18    0.000000e+00 
	   energy              2.175203e-02    3.179801e-17    2.175203e-04 
	   displacement        1.061188e-03    4.286184e-14    1.061193e-09 

convergence summary
    number of iterations   : 2
    number of reformations : 1

------- converged at time : 11.4


Data Record #1
===========================================================================
Step = 114
Time = 11.4
Data = uz
File = feb_inputs/active_camax/../../raw_logs/active_camax/camax_8.7_disp.txt

Data Record #2
===========================================================================
Step = 114
Time = 11.4
Data = sz
File = feb_inputs/active_camax/../../raw_logs/active_camax/camax_8.7_stress.txt

Data Record #3
===========================================================================
Step = 114
Time = 11.4
Data = J
File = feb_inputs/active_camax/../../raw_logs/active_camax/camax_8.7_vol.txt

===== beginning time step 115 : 11.5 =====


Reforming stiffness matrix: reformation #1

 1
 Nonlinear solution status: time= 11.5
	stiffness updates             = 0
	right hand side evaluations   = 2
	stiffness matrix reformations = 1
	step from line search         = 1.000000
	convergence norms :     INITIAL         CURRENT         REQUIRED
	   residual            4.014700e+00    1.018186e-11    0.000000e+00 
	   energy              2.359604e-02    1.873595e-08    2.359604e-04 
	   displacement        1.153497e-03    1.153497e-03    1.153497e-09 
 2
 Nonlinear solution status: time= 11.5
	stiffness updates             = 1
	right hand side evaluations   = 3
	stiffness matrix reformations = 1
	step from line search         = 1.000000
	convergence norms :     INITIAL         CURRENT         REQUIRED
	   residual            4.014700e+00    9.963227e-19    0.000000e+00 
	   energy              2.359604e-02    2.715099e-17    2.359604e-04 
	   displacement        1.153497e-03    4.548197e-14    1.153503e-09 

convergence summary
    number of iterations   : 2
    number of reformations : 1

------- converged at time : 11.5


Data Record #1
===========================================================================
Step = 115
Time = 11.5
Data = uz
File = feb_inputs/active_camax/../../raw_logs/active_camax/camax_8.7_disp.txt

Data Record #2
===========================================================================
Step = 115
Time = 11.5
Data = sz
File = feb_inputs/active_camax/../../raw_logs/active_camax/camax_8.7_stress.txt

Data Record #3
===========================================================================
Step = 115
Time = 11.5
Data = J
File = feb_inputs/active_camax/../../raw_logs/active_camax/camax_8.7_vol.txt

===== beginning time step 116 : 11.6 =====


Reforming stiffness matrix: reformation #1

 1
 Nonlinear solution status: time= 11.6
	stiffness updates             = 0
	right hand side evaluations   = 2
	stiffness matrix reformations = 1
	step from line search         = 1.000000
	convergence norms :     INITIAL         CURRENT         REQUIRED
	   residual            4.300667e+00    1.064356e-11    0.000000e+00 
	   energy              2.538754e-02    2.082802e-08    2.538754e-04 
	   displacement        1.241305e-03    1.241305e-03    1.241305e-09 
 2
 Nonlinear solution status: time= 11.6
	stiffness updates             = 1
	right hand side evaluations   = 3
	stiffness matrix reformations = 1
	step from line search         = 1.000000
	convergence norms :     INITIAL         CURRENT         REQUIRED
	   residual            4.300667e+00    9.893783e-19    0.000000e+00 
	   energy              2.538754e-02    2.456618e-17    2.538754e-04 
	   displacement        1.241305e-03    4.813756e-14    1.241310e-09 

convergence summary
    number of iterations   : 2
    number of reformations : 1

------- converged at time : 11.6


Data Record #1
===========================================================================
Step = 116
Time = 11.6
Data = uz
File = feb_inputs/active_camax/../../raw_logs/active_camax/camax_8.7_disp.txt

Data Record #2
===========================================================================
Step = 116
Time = 11.6
Data = sz
File = feb_inputs/active_camax/../../raw_logs/active_camax/camax_8.7_stress.txt

Data Record #3
===========================================================================
Step = 116
Time = 11.6
Data = J
File = feb_inputs/active_camax/../../raw_logs/active_camax/camax_8.7_vol.txt

===== beginning time step 117 : 11.7 =====


Reforming stiffness matrix: reformation #1

 1
 Nonlinear solution status: time= 11.7
	stiffness updates             = 0
	right hand side evaluations   = 2
	stiffness matrix reformations = 1
	step from line search         = 1.000000
	convergence norms :     INITIAL         CURRENT         REQUIRED
	   residual            4.594865e+00    9.405799e-12    0.000000e+00 
	   energy              2.706572e-02    2.249497e-08    2.706572e-04 
	   displacement        1.320030e-03    1.320030e-03    1.320030e-09 
 2
 Nonlinear solution status: time= 11.7
	stiffness updates             = 1
	right hand side evaluations   = 3
	stiffness matrix reformations = 1
	step from line search         = 1.000000
	convergence norms :     INITIAL         CURRENT         REQUIRED
	   residual            4.594865e+00    8.570779e-19    0.000000e+00 
	   energy              2.706572e-02    1.875591e-17    2.706572e-04 
	   displacement        1.320030e-03    4.861766e-14    1.320036e-09 

convergence summary
    number of iterations   : 2
    number of reformations : 1

------- converged at time : 11.7


Data Record #1
===========================================================================
Step = 117
Time = 11.7
Data = uz
File = feb_inputs/active_camax/../../raw_logs/active_camax/camax_8.7_disp.txt

Data Record #2
===========================================================================
Step = 117
Time = 11.7
Data = sz
File = feb_inputs/active_camax/../../raw_logs/active_camax/camax_8.7_stress.txt

Data Record #3
===========================================================================
Step = 117
Time = 11.7
Data = J
File = feb_inputs/active_camax/../../raw_logs/active_camax/camax_8.7_vol.txt

===== beginning time step 118 : 11.8 =====


Reforming stiffness matrix: reformation #1

 1
 Nonlinear solution status: time= 11.8
	stiffness updates             = 0
	right hand side evaluations   = 2
	stiffness matrix reformations = 1
	step from line search         = 1.000000
	convergence norms :     INITIAL         CURRENT         REQUIRED
	   residual            4.890061e+00    9.760671e-12    0.000000e+00 
	   energy              2.858011e-02    2.357198e-08    2.858011e-04 
	   displacement        1.386693e-03    1.386693e-03    1.386693e-09 
 2
 Nonlinear solution status: time= 11.8
	stiffness updates             = 1
	right hand side evaluations   = 3
	stiffness matrix reformations = 1
	step from line search         = 1.000000
	convergence norms :     INITIAL         CURRENT         REQUIRED
	   residual            4.890061e+00    9.347739e-19    0.000000e+00 
	   energy              2.858011e-02    1.948841e-17    2.858011e-04 
	   displacement        1.386693e-03    5.072195e-14    1.386700e-09 

convergence summary
    number of iterations   : 2
    number of reformations : 1

------- converged at time : 11.8


Data Record #1
===========================================================================
Step = 118
Time = 11.8
Data = uz
File = feb_inputs/active_camax/../../raw_logs/active_camax/camax_8.7_disp.txt

Data Record #2
===========================================================================
Step = 118
Time = 11.8
Data = sz
File = feb_inputs/active_camax/../../raw_logs/active_camax/camax_8.7_stress.txt

Data Record #3
===========================================================================
Step = 118
Time = 11.8
Data = J
File = feb_inputs/active_camax/../../raw_logs/active_camax/camax_8.7_vol.txt

===== beginning time step 119 : 11.9 =====


Reforming stiffness matrix: reformation #1

 1
 Nonlinear solution status: time= 11.9
	stiffness updates             = 0
	right hand side evaluations   = 2
	stiffness matrix reformations = 1
	step from line search         = 1.000000
	convergence norms :     INITIAL         CURRENT         REQUIRED
	   residual            5.170080e+00    1.257127e-11    0.000000e+00 
	   energy              2.987898e-02    2.383308e-08    2.987898e-04 
	   displacement        1.440719e-03    1.440719e-03    1.440719e-09 
 2
 Nonlinear solution status: time= 11.9
	stiffness updates             = 1
	right hand side evaluations   = 3
	stiffness matrix reformations = 1
	step from line search         = 1.000000
	convergence norms :     INITIAL         CURRENT         REQUIRED
	   residual            5.170080e+00    1.232812e-18    0.000000e+00 
	   energy              2.987898e-02    2.891146e-17    2.987898e-04 
	   displacement        1.440719e-03    5.354763e-14    1.440726e-09 

convergence summary
    number of iterations   : 2
    number of reformations : 1

------- converged at time : 11.9


Data Record #1
===========================================================================
Step = 119
Time = 11.9
Data = uz
File = feb_inputs/active_camax/../../raw_logs/active_camax/camax_8.7_disp.txt

Data Record #2
===========================================================================
Step = 119
Time = 11.9
Data = sz
File = feb_inputs/active_camax/../../raw_logs/active_camax/camax_8.7_stress.txt

Data Record #3
===========================================================================
Step = 119
Time = 11.9
Data = J
File = feb_inputs/active_camax/../../raw_logs/active_camax/camax_8.7_vol.txt

===== beginning time step 120 : 12 =====


Reforming stiffness matrix: reformation #1

 1
 Nonlinear solution status: time= 12
	stiffness updates             = 0
	right hand side evaluations   = 2
	stiffness matrix reformations = 1
	step from line search         = 1.000000
	convergence norms :     INITIAL         CURRENT         REQUIRED
	   residual            5.412658e+00    1.516611e-11    0.000000e+00 
	   energy              3.092294e-02    2.341853e-08    3.092294e-04 
	   displacement        1.483063e-03    1.483063e-03    1.483063e-09 
 2
 Nonlinear solution status: time= 12
	stiffness updates             = 1
	right hand side evaluations   = 3
	stiffness matrix reformations = 1
	step from line search         = 1.000000
	convergence norms :     INITIAL         CURRENT         REQUIRED
	   residual            5.412658e+00    1.728543e-18    0.000000e+00 
	   energy              3.092294e-02    4.381139e-17    3.092294e-04 
	   displacement        1.483063e-03    5.470104e-14    1.483069e-09 

convergence summary
    number of iterations   : 2
    number of reformations : 1

------- converged at time : 12


Data Record #1
===========================================================================
Step = 120
Time = 12
Data = uz
File = feb_inputs/active_camax/../../raw_logs/active_camax/camax_8.7_disp.txt

Data Record #2
===========================================================================
Step = 120
Time = 12
Data = sz
File = feb_inputs/active_camax/../../raw_logs/active_camax/camax_8.7_stress.txt

Data Record #3
===========================================================================
Step = 120
Time = 12
Data = J
File = feb_inputs/active_camax/../../raw_logs/active_camax/camax_8.7_vol.txt

===== beginning time step 121 : 12.1 =====


Reforming stiffness matrix: reformation #1

 1
 Nonlinear solution status: time= 12.1
	stiffness updates             = 0
	right hand side evaluations   = 2
	stiffness matrix reformations = 1
	step from line search         = 1.000000
	convergence norms :     INITIAL         CURRENT         REQUIRED
	   residual            5.603239e+00    1.688467e-11    0.000000e+00 
	   energy              3.170405e-02    2.335447e-08    3.170405e-04 
	   displacement        1.514773e-03    1.514773e-03    1.514773e-09 
 2
 Nonlinear solution status: time= 12.1
	stiffness updates             = 1
	right hand side evaluations   = 3
	stiffness matrix reformations = 1
	step from line search         = 1.000000
	convergence norms :     INITIAL         CURRENT         REQUIRED
	   residual            5.603239e+00    2.188345e-18    0.000000e+00 
	   energy              3.170405e-02    6.040061e-17    3.170405e-04 
	   displacement        1.514773e-03    5.553173e-14    1.514780e-09 

convergence summary
    number of iterations   : 2
    number of reformations : 1

------- converged at time : 12.1


Data Record #1
===========================================================================
Step = 121
Time = 12.1
Data = uz
File = feb_inputs/active_camax/../../raw_logs/active_camax/camax_8.7_disp.txt

Data Record #2
===========================================================================
Step = 121
Time = 12.1
Data = sz
File = feb_inputs/active_camax/../../raw_logs/active_camax/camax_8.7_stress.txt

Data Record #3
===========================================================================
Step = 121
Time = 12.1
Data = J
File = feb_inputs/active_camax/../../raw_logs/active_camax/camax_8.7_vol.txt

===== beginning time step 122 : 12.2 =====


Reforming stiffness matrix: reformation #1

 1
 Nonlinear solution status: time= 12.2
	stiffness updates             = 0
	right hand side evaluations   = 2
	stiffness matrix reformations = 1
	step from line search         = 1.000000
	convergence norms :     INITIAL         CURRENT         REQUIRED
	   residual            5.747818e+00    1.930036e-11    0.000000e+00 
	   energy              3.224818e-02    2.380695e-08    3.224818e-04 
	   displacement        1.536690e-03    1.536690e-03    1.536690e-09 
 2
 Nonlinear solution status: time= 12.2
	stiffness updates             = 1
	right hand side evaluations   = 3
	stiffness matrix reformations = 1
	step from line search         = 1.000000
	convergence norms :     INITIAL         CURRENT         REQUIRED
	   residual            5.747818e+00    2.558924e-18    0.000000e+00 
	   energy              3.224818e-02    7.058493e-17    3.224818e-04 
	   displacement        1.536690e-03    5.742757e-14    1.536697e-09 

convergence summary
    number of iterations   : 2
    number of reformations : 1

------- converged at time : 12.2


Data Record #1
===========================================================================
Step = 122
Time = 12.2
Data = uz
File = feb_inputs/active_camax/../../raw_logs/active_camax/camax_8.7_disp.txt

Data Record #2
===========================================================================
Step = 122
Time = 12.2
Data = sz
File = feb_inputs/active_camax/../../raw_logs/active_camax/camax_8.7_stress.txt

Data Record #3
===========================================================================
Step = 122
Time = 12.2
Data = J
File = feb_inputs/active_camax/../../raw_logs/active_camax/camax_8.7_vol.txt

===== beginning time step 123 : 12.3 =====


Reforming stiffness matrix: reformation #1

 1
 Nonlinear solution status: time= 12.3
	stiffness updates             = 0
	right hand side evaluations   = 2
	stiffness matrix reformations = 1
	step from line search         = 1.000000
	convergence norms :     INITIAL         CURRENT         REQUIRED
	   residual            5.873010e+00    1.988105e-11    0.000000e+00 
	   energy              3.260449e-02    2.383803e-08    3.260449e-04 
	   displacement        1.548960e-03    1.548960e-03    1.548960e-09 
 2
 Nonlinear solution status: time= 12.3
	stiffness updates             = 1
	right hand side evaluations   = 3
	stiffness matrix reformations = 1
	step from line search         = 1.000000
	convergence norms :     INITIAL         CURRENT         REQUIRED
	   residual            5.873010e+00    2.794334e-18    0.000000e+00 
	   energy              3.260449e-02    6.788349e-17    3.260449e-04 
	   displacement        1.548960e-03    5.723706e-14    1.548966e-09 

convergence summary
    number of iterations   : 2
    number of reformations : 1

------- converged at time : 12.3


Data Record #1
===========================================================================
Step = 123
Time = 12.3
Data = uz
File = feb_inputs/active_camax/../../raw_logs/active_camax/camax_8.7_disp.txt

Data Record #2
===========================================================================
Step = 123
Time = 12.3
Data = sz
File = feb_inputs/active_camax/../../raw_logs/active_camax/camax_8.7_stress.txt

Data Record #3
===========================================================================
Step = 123
Time = 12.3
Data = J
File = feb_inputs/active_camax/../../raw_logs/active_camax/camax_8.7_vol.txt

===== beginning time step 124 : 12.4 =====


Reforming stiffness matrix: reformation #1

 1
 Nonlinear solution status: time= 12.4
	stiffness updates             = 0
	right hand side evaluations   = 2
	stiffness matrix reformations = 1
	step from line search         = 1.000000
	convergence norms :     INITIAL         CURRENT         REQUIRED
	   residual            6.008245e+00    2.393048e-11    0.000000e+00 
	   energy              3.283365e-02    2.303297e-08    3.283365e-04 
	   displacement        1.549807e-03    1.549807e-03    1.549807e-09 
 2
 Nonlinear solution status: time= 12.4
	stiffness updates             = 1
	right hand side evaluations   = 3
	stiffness matrix reformations = 1
	step from line search         = 1.000000
	convergence norms :     INITIAL         CURRENT         REQUIRED
	   residual            6.008245e+00    3.162294e-18    0.000000e+00 
	   energy              3.283365e-02    7.414522e-17    3.283365e-04 
	   displacement        1.549807e-03    5.745019e-14    1.549813e-09 

convergence summary
    number of iterations   : 2
    number of reformations : 1

------- converged at time : 12.4


Data Record #1
===========================================================================
Step = 124
Time = 12.4
Data = uz
File = feb_inputs/active_camax/../../raw_logs/active_camax/camax_8.7_disp.txt

Data Record #2
===========================================================================
Step = 124
Time = 12.4
Data = sz
File = feb_inputs/active_camax/../../raw_logs/active_camax/camax_8.7_stress.txt

Data Record #3
===========================================================================
Step = 124
Time = 12.4
Data = J
File = feb_inputs/active_camax/../../raw_logs/active_camax/camax_8.7_vol.txt

===== beginning time step 125 : 12.5 =====


Reforming stiffness matrix: reformation #1

 1
 Nonlinear solution status: time= 12.5
	stiffness updates             = 0
	right hand side evaluations   = 2
	stiffness matrix reformations = 1
	step from line search         = 1.000000
	convergence norms :     INITIAL         CURRENT         REQUIRED
	   residual            6.158656e+00    3.208447e-11    0.000000e+00 
	   energy              3.299529e-02    2.104444e-08    3.299529e-04 
	   displacement        1.540190e-03    1.540190e-03    1.540190e-09 
 2
 Nonlinear solution status: time= 12.5
	stiffness updates             = 1
	right hand side evaluations   = 3
	stiffness matrix reformations = 1
	step from line search         = 1.000000
	convergence norms :     INITIAL         CURRENT         REQUIRED
	   residual            6.158656e+00    4.767394e-18    0.000000e+00 
	   energy              3.299529e-02    1.028667e-16    3.299529e-04 
	   displacement        1.540190e-03    5.604587e-14    1.540194e-09 

convergence summary
    number of iterations   : 2
    number of reformations : 1

------- converged at time : 12.5


Data Record #1
===========================================================================
Step = 125
Time = 12.5
Data = uz
File = feb_inputs/active_camax/../../raw_logs/active_camax/camax_8.7_disp.txt

Data Record #2
===========================================================================
Step = 125
Time = 12.5
Data = sz
File = feb_inputs/active_camax/../../raw_logs/active_camax/camax_8.7_stress.txt

Data Record #3
===========================================================================
Step = 125
Time = 12.5
Data = J
File = feb_inputs/active_camax/../../raw_logs/active_camax/camax_8.7_vol.txt

===== beginning time step 126 : 12.6 =====


Reforming stiffness matrix: reformation #1

 1
 Nonlinear solution status: time= 12.6
	stiffness updates             = 0
	right hand side evaluations   = 2
	stiffness matrix reformations = 1
	step from line search         = 1.000000
	convergence norms :     INITIAL         CURRENT         REQUIRED
	   residual            6.302040e+00    4.451912e-11    0.000000e+00 
	   energy              3.312821e-02    1.843240e-08    3.312821e-04 
	   displacement        1.528419e-03    1.528419e-03    1.528419e-09 
 2
 Nonlinear solution status: time= 12.6
	stiffness updates             = 1
	right hand side evaluations   = 3
	stiffness matrix reformations = 1
	step from line search         = 1.000000
	convergence norms :     INITIAL         CURRENT         REQUIRED
	   residual            6.302040e+00    7.399070e-18    0.000000e+00 
	   energy              3.312821e-02    1.330248e-16    3.312821e-04 
	   displacement        1.528419e-03    5.116482e-14    1.528423e-09 

convergence summary
    number of iterations   : 2
    number of reformations : 1

------- converged at time : 12.6


Data Record #1
===========================================================================
Step = 126
Time = 12.6
Data = uz
File = feb_inputs/active_camax/../../raw_logs/active_camax/camax_8.7_disp.txt

Data Record #2
===========================================================================
Step = 126
Time = 12.6
Data = sz
File = feb_inputs/active_camax/../../raw_logs/active_camax/camax_8.7_stress.txt

Data Record #3
===========================================================================
Step = 126
Time = 12.6
Data = J
File = feb_inputs/active_camax/../../raw_logs/active_camax/camax_8.7_vol.txt

===== beginning time step 127 : 12.7 =====


Reforming stiffness matrix: reformation #1

 1
 Nonlinear solution status: time= 12.7
	stiffness updates             = 0
	right hand side evaluations   = 2
	stiffness matrix reformations = 1
	step from line search         = 1.000000
	convergence norms :     INITIAL         CURRENT         REQUIRED
	   residual            6.415953e+00    5.733744e-11    0.000000e+00 
	   energy              3.323622e-02    1.679910e-08    3.323622e-04 
	   displacement        1.520677e-03    1.520677e-03    1.520677e-09 
 2
 Nonlinear solution status: time= 12.7
	stiffness updates             = 1
	right hand side evaluations   = 3
	stiffness matrix reformations = 1
	step from line search         = 1.000000
	convergence norms :     INITIAL         CURRENT         REQUIRED
	   residual            6.415953e+00    9.616909e-18    0.000000e+00 
	   energy              3.323622e-02    1.563955e-16    3.323622e-04 
	   displacement        1.520677e-03    4.849168e-14    1.520680e-09 

convergence summary
    number of iterations   : 2
    number of reformations : 1

------- converged at time : 12.7


Data Record #1
===========================================================================
Step = 127
Time = 12.7
Data = uz
File = feb_inputs/active_camax/../../raw_logs/active_camax/camax_8.7_disp.txt

Data Record #2
===========================================================================
Step = 127
Time = 12.7
Data = sz
File = feb_inputs/active_camax/../../raw_logs/active_camax/camax_8.7_stress.txt

Data Record #3
===========================================================================
Step = 127
Time = 12.7
Data = J
File = feb_inputs/active_camax/../../raw_logs/active_camax/camax_8.7_vol.txt

===== beginning time step 128 : 12.8 =====


Reforming stiffness matrix: reformation #1

 1
 Nonlinear solution status: time= 12.8
	stiffness updates             = 0
	right hand side evaluations   = 2
	stiffness matrix reformations = 1
	step from line search         = 1.000000
	convergence norms :     INITIAL         CURRENT         REQUIRED
	   residual            6.500126e+00    6.416316e-11    0.000000e+00 
	   energy              3.329568e-02    1.636612e-08    3.329568e-04 
	   displacement        1.514080e-03    1.514080e-03    1.514080e-09 
 2
 Nonlinear solution status: time= 12.8
	stiffness updates             = 1
	right hand side evaluations   = 3
	stiffness matrix reformations = 1
	step from line search         = 1.000000
	convergence norms :     INITIAL         CURRENT         REQUIRED
	   residual            6.500126e+00    1.086013e-17    0.000000e+00 
	   energy              3.329568e-02    1.735875e-16    3.329568e-04 
	   displacement        1.514080e-03    5.002178e-14    1.514082e-09 

convergence summary
    number of iterations   : 2
    number of reformations : 1

------- converged at time : 12.8


Data Record #1
===========================================================================
Step = 128
Time = 12.8
Data = uz
File = feb_inputs/active_camax/../../raw_logs/active_camax/camax_8.7_disp.txt

Data Record #2
===========================================================================
Step = 128
Time = 12.8
Data = sz
File = feb_inputs/active_camax/../../raw_logs/active_camax/camax_8.7_stress.txt

Data Record #3
===========================================================================
Step = 128
Time = 12.8
Data = J
File = feb_inputs/active_camax/../../raw_logs/active_camax/camax_8.7_vol.txt

===== beginning time step 129 : 12.9 =====


Reforming stiffness matrix: reformation #1

 1
 Nonlinear solution status: time= 12.9
	stiffness updates             = 0
	right hand side evaluations   = 2
	stiffness matrix reformations = 1
	step from line search         = 1.000000
	convergence norms :     INITIAL         CURRENT         REQUIRED
	   residual            6.562833e+00    6.175174e-11    0.000000e+00 
	   energy              3.327283e-02    1.631914e-08    3.327283e-04 
	   displacement        1.504354e-03    1.504354e-03    1.504354e-09 
 2
 Nonlinear solution status: time= 12.9
	stiffness updates             = 1
	right hand side evaluations   = 3
	stiffness matrix reformations = 1
	step from line search         = 1.000000
	convergence norms :     INITIAL         CURRENT         REQUIRED
	   residual            6.562833e+00    1.137866e-17    0.000000e+00 
	   energy              3.327283e-02    1.759544e-16    3.327283e-04 
	   displacement        1.504354e-03    5.113121e-14    1.504356e-09 

convergence summary
    number of iterations   : 2
    number of reformations : 1

------- converged at time : 12.9


Data Record #1
===========================================================================
Step = 129
Time = 12.9
Data = uz
File = feb_inputs/active_camax/../../raw_logs/active_camax/camax_8.7_disp.txt

Data Record #2
===========================================================================
Step = 129
Time = 12.9
Data = sz
File = feb_inputs/active_camax/../../raw_logs/active_camax/camax_8.7_stress.txt

Data Record #3
===========================================================================
Step = 129
Time = 12.9
Data = J
File = feb_inputs/active_camax/../../raw_logs/active_camax/camax_8.7_vol.txt

===== beginning time step 130 : 13 =====


Reforming stiffness matrix: reformation #1

 1
 Nonlinear solution status: time= 13
	stiffness updates             = 0
	right hand side evaluations   = 2
	stiffness matrix reformations = 1
	step from line search         = 1.000000
	convergence norms :     INITIAL         CURRENT         REQUIRED
	   residual            6.595936e+00    6.629908e-11    0.000000e+00 
	   energy              3.314332e-02    1.611451e-08    3.314332e-04 
	   displacement        1.491939e-03    1.491939e-03    1.491939e-09 
 2
 Nonlinear solution status: time= 13
	stiffness updates             = 1
	right hand side evaluations   = 3
	stiffness matrix reformations = 1
	step from line search         = 1.000000
	convergence norms :     INITIAL         CURRENT         REQUIRED
	   residual            6.595936e+00    1.286438e-17    0.000000e+00 
	   energy              3.314332e-02    2.040814e-16    3.314332e-04 
	   displacement        1.491939e-03    5.641816e-14    1.491941e-09 

convergence summary
    number of iterations   : 2
    number of reformations : 1

------- converged at time : 13


Data Record #1
===========================================================================
Step = 130
Time = 13
Data = uz
File = feb_inputs/active_camax/../../raw_logs/active_camax/camax_8.7_disp.txt

Data Record #2
===========================================================================
Step = 130
Time = 13
Data = sz
File = feb_inputs/active_camax/../../raw_logs/active_camax/camax_8.7_stress.txt

Data Record #3
===========================================================================
Step = 130
Time = 13
Data = J
File = feb_inputs/active_camax/../../raw_logs/active_camax/camax_8.7_vol.txt

===== beginning time step 131 : 13.1 =====


Reforming stiffness matrix: reformation #1

 1
 Nonlinear solution status: time= 13.1
	stiffness updates             = 0
	right hand side evaluations   = 2
	stiffness matrix reformations = 1
	step from line search         = 1.000000
	convergence norms :     INITIAL         CURRENT         REQUIRED
	   residual            6.579797e+00    7.206891e-11    0.000000e+00 
	   energy              3.289789e-02    1.551733e-08    3.289789e-04 
	   displacement        1.479386e-03    1.479386e-03    1.479386e-09 
 2
 Nonlinear solution status: time= 13.1
	stiffness updates             = 1
	right hand side evaluations   = 3
	stiffness matrix reformations = 1
	step from line search         = 1.000000
	convergence norms :     INITIAL         CURRENT         REQUIRED
	   residual            6.579797e+00    1.343383e-17    0.000000e+00 
	   energy              3.289789e-02    2.158161e-16    3.289789e-04 
	   displacement        1.479386e-03    5.835259e-14    1.479388e-09 

convergence summary
    number of iterations   : 2
    number of reformations : 1

------- converged at time : 13.1


Data Record #1
===========================================================================
Step = 131
Time = 13.1
Data = uz
File = feb_inputs/active_camax/../../raw_logs/active_camax/camax_8.7_disp.txt

Data Record #2
===========================================================================
Step = 131
Time = 13.1
Data = sz
File = feb_inputs/active_camax/../../raw_logs/active_camax/camax_8.7_stress.txt

Data Record #3
===========================================================================
Step = 131
Time = 13.1
Data = J
File = feb_inputs/active_camax/../../raw_logs/active_camax/camax_8.7_vol.txt

===== beginning time step 132 : 13.2 =====


Reforming stiffness matrix: reformation #1

 1
 Nonlinear solution status: time= 13.2
	stiffness updates             = 0
	right hand side evaluations   = 2
	stiffness matrix reformations = 1
	step from line search         = 1.000000
	convergence norms :     INITIAL         CURRENT         REQUIRED
	   residual            6.503878e+00    7.113845e-11    0.000000e+00 
	   energy              3.254134e-02    1.506378e-08    3.254134e-04 
	   displacement        1.467693e-03    1.467693e-03    1.467693e-09 
 2
 Nonlinear solution status: time= 13.2
	stiffness updates             = 1
	right hand side evaluations   = 3
	stiffness matrix reformations = 1
	step from line search         = 1.000000
	convergence norms :     INITIAL         CURRENT         REQUIRED
	   residual            6.503878e+00    1.286916e-17    0.000000e+00 
	   energy              3.254134e-02    2.027141e-16    3.254134e-04 
	   displacement        1.467693e-03    5.547578e-14    1.467695e-09 

convergence summary
    number of iterations   : 2
    number of reformations : 1

------- converged at time : 13.2


Data Record #1
===========================================================================
Step = 132
Time = 13.2
Data = uz
File = feb_inputs/active_camax/../../raw_logs/active_camax/camax_8.7_disp.txt

Data Record #2
===========================================================================
Step = 132
Time = 13.2
Data = sz
File = feb_inputs/active_camax/../../raw_logs/active_camax/camax_8.7_stress.txt

Data Record #3
===========================================================================
Step = 132
Time = 13.2
Data = J
File = feb_inputs/active_camax/../../raw_logs/active_camax/camax_8.7_vol.txt

===== beginning time step 133 : 13.3 =====


Reforming stiffness matrix: reformation #1

 1
 Nonlinear solution status: time= 13.3
	stiffness updates             = 0
	right hand side evaluations   = 2
	stiffness matrix reformations = 1
	step from line search         = 1.000000
	convergence norms :     INITIAL         CURRENT         REQUIRED
	   residual            6.372995e+00    6.949422e-11    0.000000e+00 
	   energy              3.208329e-02    1.557417e-08    3.208329e-04 
	   displacement        1.455403e-03    1.455403e-03    1.455403e-09 
 2
 Nonlinear solution status: time= 13.3
	stiffness updates             = 1
	right hand side evaluations   = 3
	stiffness matrix reformations = 1
	step from line search         = 1.000000
	convergence norms :     INITIAL         CURRENT         REQUIRED
	   residual            6.372995e+00    1.192425e-17    0.000000e+00 
	   energy              3.208329e-02    1.975327e-16    3.208329e-04 
	   displacement        1.455403e-03    5.562934e-14    1.455406e-09 

convergence summary
    number of iterations   : 2
    number of reformations : 1

------- converged at time : 13.3


Data Record #1
===========================================================================
Step = 133
Time = 13.3
Data = uz
File = feb_inputs/active_camax/../../raw_logs/active_camax/camax_8.7_disp.txt

Data Record #2
===========================================================================
Step = 133
Time = 13.3
Data = sz
File = feb_inputs/active_camax/../../raw_logs/active_camax/camax_8.7_stress.txt

Data Record #3
===========================================================================
Step = 133
Time = 13.3
Data = J
File = feb_inputs/active_camax/../../raw_logs/active_camax/camax_8.7_vol.txt

===== beginning time step 134 : 13.4 =====


Reforming stiffness matrix: reformation #1

 1
 Nonlinear solution status: time= 13.4
	stiffness updates             = 0
	right hand side evaluations   = 2
	stiffness matrix reformations = 1
	step from line search         = 1.000000
	convergence norms :     INITIAL         CURRENT         REQUIRED
	   residual            6.197630e+00    6.715690e-11    0.000000e+00 
	   energy              3.152942e-02    1.707827e-08    3.152942e-04 
	   displacement        1.441300e-03    1.441300e-03    1.441300e-09 
 2
 Nonlinear solution status: time= 13.4
	stiffness updates             = 1
	right hand side evaluations   = 3
	stiffness matrix reformations = 1
	step from line search         = 1.000000
	convergence norms :     INITIAL         CURRENT         REQUIRED
	   residual            6.197630e+00    1.169808e-17    0.000000e+00 
	   energy              3.152942e-02    2.114240e-16    3.152942e-04 
	   displacement        1.441300e-03    6.068017e-14    1.441303e-09 

convergence summary
    number of iterations   : 2
    number of reformations : 1

------- converged at time : 13.4


Data Record #1
===========================================================================
Step = 134
Time = 13.4
Data = uz
File = feb_inputs/active_camax/../../raw_logs/active_camax/camax_8.7_disp.txt

Data Record #2
===========================================================================
Step = 134
Time = 13.4
Data = sz
File = feb_inputs/active_camax/../../raw_logs/active_camax/camax_8.7_stress.txt

Data Record #3
===========================================================================
Step = 134
Time = 13.4
Data = J
File = feb_inputs/active_camax/../../raw_logs/active_camax/camax_8.7_vol.txt

===== beginning time step 135 : 13.5 =====


Reforming stiffness matrix: reformation #1

 1
 Nonlinear solution status: time= 13.5
	stiffness updates             = 0
	right hand side evaluations   = 2
	stiffness matrix reformations = 1
	step from line search         = 1.000000
	convergence norms :     INITIAL         CURRENT         REQUIRED
	   residual            5.990787e+00    6.615090e-11    0.000000e+00 
	   energy              3.089179e-02    1.924441e-08    3.089179e-04 
	   displacement        1.425710e-03    1.425710e-03    1.425710e-09 
 2
 Nonlinear solution status: time= 13.5
	stiffness updates             = 1
	right hand side evaluations   = 3
	stiffness matrix reformations = 1
	step from line search         = 1.000000
	convergence norms :     INITIAL         CURRENT         REQUIRED
	   residual            5.990787e+00    1.271871e-17    0.000000e+00 
	   energy              3.089179e-02    2.430235e-16    3.089179e-04 
	   displacement        1.425710e-03    6.769373e-14    1.425714e-09 

convergence summary
    number of iterations   : 2
    number of reformations : 1

------- converged at time : 13.5


Data Record #1
===========================================================================
Step = 135
Time = 13.5
Data = uz
File = feb_inputs/active_camax/../../raw_logs/active_camax/camax_8.7_disp.txt

Data Record #2
===========================================================================
Step = 135
Time = 13.5
Data = sz
File = feb_inputs/active_camax/../../raw_logs/active_camax/camax_8.7_stress.txt

Data Record #3
===========================================================================
Step = 135
Time = 13.5
Data = J
File = feb_inputs/active_camax/../../raw_logs/active_camax/camax_8.7_vol.txt

===== beginning time step 136 : 13.6 =====


Reforming stiffness matrix: reformation #1

 1
 Nonlinear solution status: time= 13.6
	stiffness updates             = 0
	right hand side evaluations   = 2
	stiffness matrix reformations = 1
	step from line search         = 1.000000
	convergence norms :     INITIAL         CURRENT         REQUIRED
	   residual            5.767907e+00    6.295256e-11    0.000000e+00 
	   energy              3.018916e-02    2.117897e-08    3.018916e-04 
	   displacement        1.407378e-03    1.407378e-03    1.407378e-09 
 2
 Nonlinear solution status: time= 13.6
	stiffness updates             = 1
	right hand side evaluations   = 3
	stiffness matrix reformations = 1
	step from line search         = 1.000000
	convergence norms :     INITIAL         CURRENT         REQUIRED
	   residual            5.767907e+00    1.234628e-17    0.000000e+00 
	   energy              3.018916e-02    2.536598e-16    3.018916e-04 
	   displacement        1.407378e-03    7.132855e-14    1.407383e-09 

convergence summary
    number of iterations   : 2
    number of reformations : 1

------- converged at time : 13.6


Data Record #1
===========================================================================
Step = 136
Time = 13.6
Data = uz
File = feb_inputs/active_camax/../../raw_logs/active_camax/camax_8.7_disp.txt

Data Record #2
===========================================================================
Step = 136
Time = 13.6
Data = sz
File = feb_inputs/active_camax/../../raw_logs/active_camax/camax_8.7_stress.txt

Data Record #3
===========================================================================
Step = 136
Time = 13.6
Data = J
File = feb_inputs/active_camax/../../raw_logs/active_camax/camax_8.7_vol.txt

===== beginning time step 137 : 13.7 =====


Reforming stiffness matrix: reformation #1

 1
 Nonlinear solution status: time= 13.7
	stiffness updates             = 0
	right hand side evaluations   = 2
	stiffness matrix reformations = 1
	step from line search         = 1.000000
	convergence norms :     INITIAL         CURRENT         REQUIRED
	   residual            5.537288e+00    5.338785e-11    0.000000e+00 
	   energy              2.943335e-02    2.193467e-08    2.943335e-04 
	   displacement        1.383318e-03    1.383318e-03    1.383318e-09 
 2
 Nonlinear solution status: time= 13.7
	stiffness updates             = 1
	right hand side evaluations   = 3
	stiffness matrix reformations = 1
	step from line search         = 1.000000
	convergence norms :     INITIAL         CURRENT         REQUIRED
	   residual            5.537288e+00    9.989899e-18    0.000000e+00 
	   energy              2.943335e-02    2.143071e-16    2.943335e-04 
	   displacement        1.383318e-03    6.992870e-14    1.383323e-09 

convergence summary
    number of iterations   : 2
    number of reformations : 1

------- converged at time : 13.7


Data Record #1
===========================================================================
Step = 137
Time = 13.7
Data = uz
File = feb_inputs/active_camax/../../raw_logs/active_camax/camax_8.7_disp.txt

Data Record #2
===========================================================================
Step = 137
Time = 13.7
Data = sz
File = feb_inputs/active_camax/../../raw_logs/active_camax/camax_8.7_stress.txt

Data Record #3
===========================================================================
Step = 137
Time = 13.7
Data = J
File = feb_inputs/active_camax/../../raw_logs/active_camax/camax_8.7_vol.txt

===== beginning time step 138 : 13.8 =====


Reforming stiffness matrix: reformation #1

 1
 Nonlinear solution status: time= 13.8
	stiffness updates             = 0
	right hand side evaluations   = 2
	stiffness matrix reformations = 1
	step from line search         = 1.000000
	convergence norms :     INITIAL         CURRENT         REQUIRED
	   residual            5.295923e+00    3.990056e-11    0.000000e+00 
	   energy              2.862349e-02    2.199984e-08    2.862349e-04 
	   displacement        1.353199e-03    1.353199e-03    1.353199e-09 
 2
 Nonlinear solution status: time= 13.8
	stiffness updates             = 1
	right hand side evaluations   = 3
	stiffness matrix reformations = 1
	step from line search         = 1.000000
	convergence norms :     INITIAL         CURRENT         REQUIRED
	   residual            5.295923e+00    7.241956e-18    0.000000e+00 
	   energy              2.862349e-02    1.645277e-16    2.862349e-04 
	   displacement        1.353199e-03    6.728888e-14    1.353204e-09 

convergence summary
    number of iterations   : 2
    number of reformations : 1

------- converged at time : 13.8


Data Record #1
===========================================================================
Step = 138
Time = 13.8
Data = uz
File = feb_inputs/active_camax/../../raw_logs/active_camax/camax_8.7_disp.txt

Data Record #2
===========================================================================
Step = 138
Time = 13.8
Data = sz
File = feb_inputs/active_camax/../../raw_logs/active_camax/camax_8.7_stress.txt

Data Record #3
===========================================================================
Step = 138
Time = 13.8
Data = J
File = feb_inputs/active_camax/../../raw_logs/active_camax/camax_8.7_vol.txt

===== beginning time step 139 : 13.9 =====


Reforming stiffness matrix: reformation #1

 1
 Nonlinear solution status: time= 13.9
	stiffness updates             = 0
	right hand side evaluations   = 2
	stiffness matrix reformations = 1
	step from line search         = 1.000000
	convergence norms :     INITIAL         CURRENT         REQUIRED
	   residual            5.035412e+00    2.682676e-11    0.000000e+00 
	   energy              2.775090e-02    2.263673e-08    2.775090e-04 
	   displacement        1.321213e-03    1.321213e-03    1.321213e-09 
 2
 Nonlinear solution status: time= 13.9
	stiffness updates             = 1
	right hand side evaluations   = 3
	stiffness matrix reformations = 1
	step from line search         = 1.000000
	convergence norms :     INITIAL         CURRENT         REQUIRED
	   residual            5.035412e+00    5.153616e-18    0.000000e+00 
	   energy              2.775090e-02    1.286699e-16    2.775090e-04 
	   displacement        1.321213e-03    6.625831e-14    1.321219e-09 

convergence summary
    number of iterations   : 2
    number of reformations : 1

------- converged at time : 13.9


Data Record #1
===========================================================================
Step = 139
Time = 13.9
Data = uz
File = feb_inputs/active_camax/../../raw_logs/active_camax/camax_8.7_disp.txt

Data Record #2
===========================================================================
Step = 139
Time = 13.9
Data = sz
File = feb_inputs/active_camax/../../raw_logs/active_camax/camax_8.7_stress.txt

Data Record #3
===========================================================================
Step = 139
Time = 13.9
Data = J
File = feb_inputs/active_camax/../../raw_logs/active_camax/camax_8.7_vol.txt

===== beginning time step 140 : 14 =====


Reforming stiffness matrix: reformation #1

 1
 Nonlinear solution status: time= 14
	stiffness updates             = 0
	right hand side evaluations   = 2
	stiffness matrix reformations = 1
	step from line search         = 1.000000
	convergence norms :     INITIAL         CURRENT         REQUIRED
	   residual            4.752778e+00    1.581094e-11    0.000000e+00 
	   energy              2.680094e-02    2.476888e-08    2.680094e-04 
	   displacement        1.290261e-03    1.290261e-03    1.290261e-09 
 2
 Nonlinear solution status: time= 14
	stiffness updates             = 1
	right hand side evaluations   = 3
	stiffness matrix reformations = 1
	step from line search         = 1.000000
	convergence norms :     INITIAL         CURRENT         REQUIRED
	   residual            4.752778e+00    2.939707e-18    0.000000e+00 
	   energy              2.680094e-02    8.063933e-17    2.680094e-04 
	   displacement        1.290261e-03    6.576202e-14    1.290268e-09 

convergence summary
    number of iterations   : 2
    number of reformations : 1

------- converged at time : 14


Data Record #1
===========================================================================
Step = 140
Time = 14
Data = uz
File = feb_inputs/active_camax/../../raw_logs/active_camax/camax_8.7_disp.txt

Data Record #2
===========================================================================
Step = 140
Time = 14
Data = sz
File = feb_inputs/active_camax/../../raw_logs/active_camax/camax_8.7_stress.txt

Data Record #3
===========================================================================
Step = 140
Time = 14
Data = J
File = feb_inputs/active_camax/../../raw_logs/active_camax/camax_8.7_vol.txt

===== beginning time step 141 : 14.1 =====


Reforming stiffness matrix: reformation #1

 1
 Nonlinear solution status: time= 14.1
	stiffness updates             = 0
	right hand side evaluations   = 2
	stiffness matrix reformations = 1
	step from line search         = 1.000000
	convergence norms :     INITIAL         CURRENT         REQUIRED
	   residual            4.457033e+00    1.348300e-11    0.000000e+00 
	   energy              2.575640e-02    2.790647e-08    2.575640e-04 
	   displacement        1.256587e-03    1.256587e-03    1.256587e-09 
 2
 Nonlinear solution status: time= 14.1
	stiffness updates             = 1
	right hand side evaluations   = 3
	stiffness matrix reformations = 1
	step from line search         = 1.000000
	convergence norms :     INITIAL         CURRENT         REQUIRED
	   residual            4.457033e+00    1.818420e-18    0.000000e+00 
	   energy              2.575640e-02    5.183110e-17    2.575640e-04 
	   displacement        1.256587e-03    7.162748e-14    1.256594e-09 

convergence summary
    number of iterations   : 2
    number of reformations : 1

------- converged at time : 14.1


Data Record #1
===========================================================================
Step = 141
Time = 14.1
Data = uz
File = feb_inputs/active_camax/../../raw_logs/active_camax/camax_8.7_disp.txt

Data Record #2
===========================================================================
Step = 141
Time = 14.1
Data = sz
File = feb_inputs/active_camax/../../raw_logs/active_camax/camax_8.7_stress.txt

Data Record #3
===========================================================================
Step = 141
Time = 14.1
Data = J
File = feb_inputs/active_camax/../../raw_logs/active_camax/camax_8.7_vol.txt

===== beginning time step 142 : 14.2 =====


Reforming stiffness matrix: reformation #1

 1
 Nonlinear solution status: time= 14.2
	stiffness updates             = 0
	right hand side evaluations   = 2
	stiffness matrix reformations = 1
	step from line search         = 1.000000
	convergence norms :     INITIAL         CURRENT         REQUIRED
	   residual            4.163472e+00    1.686940e-11    0.000000e+00 
	   energy              2.460240e-02    2.996972e-08    2.460240e-04 
	   displacement        1.213695e-03    1.213695e-03    1.213695e-09 
 2
 Nonlinear solution status: time= 14.2
	stiffness updates             = 1
	right hand side evaluations   = 3
	stiffness matrix reformations = 1
	step from line search         = 1.000000
	convergence norms :     INITIAL         CURRENT         REQUIRED
	   residual            4.163472e+00    2.053327e-18    0.000000e+00 
	   energy              2.460240e-02    5.628559e-17    2.460240e-04 
	   displacement        1.213695e-03    8.059194e-14    1.213703e-09 

convergence summary
    number of iterations   : 2
    number of reformations : 1

------- converged at time : 14.2


Data Record #1
===========================================================================
Step = 142
Time = 14.2
Data = uz
File = feb_inputs/active_camax/../../raw_logs/active_camax/camax_8.7_disp.txt

Data Record #2
===========================================================================
Step = 142
Time = 14.2
Data = sz
File = feb_inputs/active_camax/../../raw_logs/active_camax/camax_8.7_stress.txt

Data Record #3
===========================================================================
Step = 142
Time = 14.2
Data = J
File = feb_inputs/active_camax/../../raw_logs/active_camax/camax_8.7_vol.txt

===== beginning time step 143 : 14.3 =====


Reforming stiffness matrix: reformation #1

 1
 Nonlinear solution status: time= 14.3
	stiffness updates             = 0
	right hand side evaluations   = 2
	stiffness matrix reformations = 1
	step from line search         = 1.000000
	convergence norms :     INITIAL         CURRENT         REQUIRED
	   residual            3.879439e+00    1.854490e-11    0.000000e+00 
	   energy              2.332806e-02    2.995341e-08    2.332806e-04 
	   displacement        1.159338e-03    1.159338e-03    1.159338e-09 
 2
 Nonlinear solution status: time= 14.3
	stiffness updates             = 1
	right hand side evaluations   = 3
	stiffness matrix reformations = 1
	step from line search         = 1.000000
	convergence norms :     INITIAL         CURRENT         REQUIRED
	   residual            3.879439e+00    2.395761e-18    0.000000e+00 
	   energy              2.332806e-02    7.620848e-17    2.332806e-04 
	   displacement        1.159338e-03    8.867240e-14    1.159346e-09 

convergence summary
    number of iterations   : 2
    number of reformations : 1

------- converged at time : 14.3


Data Record #1
===========================================================================
Step = 143
Time = 14.3
Data = uz
File = feb_inputs/active_camax/../../raw_logs/active_camax/camax_8.7_disp.txt

Data Record #2
===========================================================================
Step = 143
Time = 14.3
Data = sz
File = feb_inputs/active_camax/../../raw_logs/active_camax/camax_8.7_stress.txt

Data Record #3
===========================================================================
Step = 143
Time = 14.3
Data = J
File = feb_inputs/active_camax/../../raw_logs/active_camax/camax_8.7_vol.txt

===== beginning time step 144 : 14.4 =====


Reforming stiffness matrix: reformation #1

 1
 Nonlinear solution status: time= 14.4
	stiffness updates             = 0
	right hand side evaluations   = 2
	stiffness matrix reformations = 1
	step from line search         = 1.000000
	convergence norms :     INITIAL         CURRENT         REQUIRED
	   residual            3.603511e+00    2.074218e-11    0.000000e+00 
	   energy              2.193024e-02    2.816154e-08    2.193024e-04 
	   displacement        1.095076e-03    1.095076e-03    1.095076e-09 
 2
 Nonlinear solution status: time= 14.4
	stiffness updates             = 1
	right hand side evaluations   = 3
	stiffness matrix reformations = 1
	step from line search         = 1.000000
	convergence norms :     INITIAL         CURRENT         REQUIRED
	   residual            3.603511e+00    3.500457e-18    0.000000e+00 
	   energy              2.193024e-02    1.015569e-16    2.193024e-04 
	   displacement        1.095076e-03    9.296118e-14    1.095084e-09 

convergence summary
    number of iterations   : 2
    number of reformations : 1

------- converged at time : 14.4


Data Record #1
===========================================================================
Step = 144
Time = 14.4
Data = uz
File = feb_inputs/active_camax/../../raw_logs/active_camax/camax_8.7_disp.txt

Data Record #2
===========================================================================
Step = 144
Time = 14.4
Data = sz
File = feb_inputs/active_camax/../../raw_logs/active_camax/camax_8.7_stress.txt

Data Record #3
===========================================================================
Step = 144
Time = 14.4
Data = J
File = feb_inputs/active_camax/../../raw_logs/active_camax/camax_8.7_vol.txt

===== beginning time step 145 : 14.5 =====


Reforming stiffness matrix: reformation #1

 1
 Nonlinear solution status: time= 14.5
	stiffness updates             = 0
	right hand side evaluations   = 2
	stiffness matrix reformations = 1
	step from line search         = 1.000000
	convergence norms :     INITIAL         CURRENT         REQUIRED
	   residual            3.336505e+00    2.077682e-11    0.000000e+00 
	   energy              2.041052e-02    2.570913e-08    2.041052e-04 
	   displacement        1.021625e-03    1.021625e-03    1.021625e-09 
 2
 Nonlinear solution status: time= 14.5
	stiffness updates             = 1
	right hand side evaluations   = 3
	stiffness matrix reformations = 1
	step from line search         = 1.000000
	convergence norms :     INITIAL         CURRENT         REQUIRED
	   residual            3.336505e+00    4.282596e-18    0.000000e+00 
	   energy              2.041052e-02    1.138460e-16    2.041052e-04 
	   displacement        1.021625e-03    9.026322e-14    1.021633e-09 

convergence summary
    number of iterations   : 2
    number of reformations : 1

------- converged at time : 14.5


Data Record #1
===========================================================================
Step = 145
Time = 14.5
Data = uz
File = feb_inputs/active_camax/../../raw_logs/active_camax/camax_8.7_disp.txt

Data Record #2
===========================================================================
Step = 145
Time = 14.5
Data = sz
File = feb_inputs/active_camax/../../raw_logs/active_camax/camax_8.7_stress.txt

Data Record #3
===========================================================================
Step = 145
Time = 14.5
Data = J
File = feb_inputs/active_camax/../../raw_logs/active_camax/camax_8.7_vol.txt

===== beginning time step 146 : 14.6 =====


Reforming stiffness matrix: reformation #1

 1
 Nonlinear solution status: time= 14.6
	stiffness updates             = 0
	right hand side evaluations   = 2
	stiffness matrix reformations = 1
	step from line search         = 1.000000
	convergence norms :     INITIAL         CURRENT         REQUIRED
	   residual            3.076509e+00    1.990192e-11    0.000000e+00 
	   energy              1.877821e-02    2.413064e-08    1.877821e-04 
	   displacement        9.384569e-04    9.384569e-04    9.384569e-10 
 2
 Nonlinear solution status: time= 14.6
	stiffness updates             = 1
	right hand side evaluations   = 3
	stiffness matrix reformations = 1
	step from line search         = 1.000000
	convergence norms :     INITIAL         CURRENT         REQUIRED
	   residual            3.076509e+00    4.061177e-18    0.000000e+00 
	   energy              1.877821e-02    1.119121e-16    1.877821e-04 
	   displacement        9.384569e-04    8.783554e-14    9.384640e-10 

convergence summary
    number of iterations   : 2
    number of reformations : 1

------- converged at time : 14.6


Data Record #1
===========================================================================
Step = 146
Time = 14.6
Data = uz
File = feb_inputs/active_camax/../../raw_logs/active_camax/camax_8.7_disp.txt

Data Record #2
===========================================================================
Step = 146
Time = 14.6
Data = sz
File = feb_inputs/active_camax/../../raw_logs/active_camax/camax_8.7_stress.txt

Data Record #3
===========================================================================
Step = 146
Time = 14.6
Data = J
File = feb_inputs/active_camax/../../raw_logs/active_camax/camax_8.7_vol.txt

===== beginning time step 147 : 14.7 =====


Reforming stiffness matrix: reformation #1

 1
 Nonlinear solution status: time= 14.7
	stiffness updates             = 0
	right hand side evaluations   = 2
	stiffness matrix reformations = 1
	step from line search         = 1.000000
	convergence norms :     INITIAL         CURRENT         REQUIRED
	   residual            2.812931e+00    1.861043e-11    0.000000e+00 
	   energy              1.705633e-02    2.321849e-08    1.705633e-04 
	   displacement        8.480456e-04    8.480456e-04    8.480456e-10 
 2
 Nonlinear solution status: time= 14.7
	stiffness updates             = 1
	right hand side evaluations   = 3
	stiffness matrix reformations = 1
	step from line search         = 1.000000
	convergence norms :     INITIAL         CURRENT         REQUIRED
	   residual            2.812931e+00    3.864113e-18    0.000000e+00 
	   energy              1.705633e-02    1.090748e-16    1.705633e-04 
	   displacement        8.480456e-04    8.459321e-14    8.480522e-10 

convergence summary
    number of iterations   : 2
    number of reformations : 1

------- converged at time : 14.7


Data Record #1
===========================================================================
Step = 147
Time = 14.7
Data = uz
File = feb_inputs/active_camax/../../raw_logs/active_camax/camax_8.7_disp.txt

Data Record #2
===========================================================================
Step = 147
Time = 14.7
Data = sz
File = feb_inputs/active_camax/../../raw_logs/active_camax/camax_8.7_stress.txt

Data Record #3
===========================================================================
Step = 147
Time = 14.7
Data = J
File = feb_inputs/active_camax/../../raw_logs/active_camax/camax_8.7_vol.txt

===== beginning time step 148 : 14.8 =====


Reforming stiffness matrix: reformation #1

 1
 Nonlinear solution status: time= 14.8
	stiffness updates             = 0
	right hand side evaluations   = 2
	stiffness matrix reformations = 1
	step from line search         = 1.000000
	convergence norms :     INITIAL         CURRENT         REQUIRED
	   residual            2.537243e+00    1.759416e-11    0.000000e+00 
	   energy              1.528133e-02    2.184569e-08    1.528133e-04 
	   displacement        7.562964e-04    7.562964e-04    7.562964e-10 
 2
 Nonlinear solution status: time= 14.8
	stiffness updates             = 1
	right hand side evaluations   = 3
	stiffness matrix reformations = 1
	step from line search         = 1.000000
	convergence norms :     INITIAL         CURRENT         REQUIRED
	   residual            2.537243e+00    3.988886e-18    0.000000e+00 
	   energy              1.528133e-02    1.005416e-16    1.528133e-04 
	   displacement        7.562964e-04    7.641486e-14    7.563023e-10 

convergence summary
    number of iterations   : 2
    number of reformations : 1

------- converged at time : 14.8


Data Record #1
===========================================================================
Step = 148
Time = 14.8
Data = uz
File = feb_inputs/active_camax/../../raw_logs/active_camax/camax_8.7_disp.txt

Data Record #2
===========================================================================
Step = 148
Time = 14.8
Data = sz
File = feb_inputs/active_camax/../../raw_logs/active_camax/camax_8.7_stress.txt

Data Record #3
===========================================================================
Step = 148
Time = 14.8
Data = J
File = feb_inputs/active_camax/../../raw_logs/active_camax/camax_8.7_vol.txt

===== beginning time step 149 : 14.9 =====


Reforming stiffness matrix: reformation #1

 1
 Nonlinear solution status: time= 14.9
	stiffness updates             = 0
	right hand side evaluations   = 2
	stiffness matrix reformations = 1
	step from line search         = 1.000000
	convergence norms :     INITIAL         CURRENT         REQUIRED
	   residual            2.254126e+00    1.618268e-11    0.000000e+00 
	   energy              1.350647e-02    1.955611e-08    1.350647e-04 
	   displacement        6.677482e-04    6.677482e-04    6.677482e-10 
 2
 Nonlinear solution status: time= 14.9
	stiffness updates             = 1
	right hand side evaluations   = 3
	stiffness matrix reformations = 1
	step from line search         = 1.000000
	convergence norms :     INITIAL         CURRENT         REQUIRED
	   residual            2.254126e+00    3.689599e-18    0.000000e+00 
	   energy              1.350647e-02    8.827247e-17    1.350647e-04 
	   displacement        6.677482e-04    6.638466e-14    6.677532e-10 

convergence summary
    number of iterations   : 2
    number of reformations : 1

------- converged at time : 14.9


Data Record #1
===========================================================================
Step = 149
Time = 14.9
Data = uz
File = feb_inputs/active_camax/../../raw_logs/active_camax/camax_8.7_disp.txt

Data Record #2
===========================================================================
Step = 149
Time = 14.9
Data = sz
File = feb_inputs/active_camax/../../raw_logs/active_camax/camax_8.7_stress.txt

Data Record #3
===========================================================================
Step = 149
Time = 14.9
Data = J
File = feb_inputs/active_camax/../../raw_logs/active_camax/camax_8.7_vol.txt

===== beginning time step 150 : 15 =====


Reforming stiffness matrix: reformation #1

 1
 Nonlinear solution status: time= 15
	stiffness updates             = 0
	right hand side evaluations   = 2
	stiffness matrix reformations = 1
	step from line search         = 1.000000
	convergence norms :     INITIAL         CURRENT         REQUIRED
	   residual            1.981941e+00    1.339109e-11    0.000000e+00 
	   energy              1.179880e-02    1.679282e-08    1.179880e-04 
	   displacement        5.843789e-04    5.843789e-04    5.843789e-10 
 2
 Nonlinear solution status: time= 15
	stiffness updates             = 1
	right hand side evaluations   = 3
	stiffness matrix reformations = 1
	step from line search         = 1.000000
	convergence norms :     INITIAL         CURRENT         REQUIRED
	   residual            1.981941e+00    3.204642e-18    0.000000e+00 
	   energy              1.179880e-02    7.427895e-17    1.179880e-04 
	   displacement        5.843789e-04    5.553583e-14    5.843831e-10 

convergence summary
    number of iterations   : 2
    number of reformations : 1

------- converged at time : 15


Data Record #1
===========================================================================
Step = 150
Time = 15
Data = uz
File = feb_inputs/active_camax/../../raw_logs/active_camax/camax_8.7_disp.txt

Data Record #2
===========================================================================
Step = 150
Time = 15
Data = sz
File = feb_inputs/active_camax/../../raw_logs/active_camax/camax_8.7_stress.txt

Data Record #3
===========================================================================
Step = 150
Time = 15
Data = J
File = feb_inputs/active_camax/../../raw_logs/active_camax/camax_8.7_vol.txt

===== beginning time step 151 : 15.1 =====


Reforming stiffness matrix: reformation #1

 1
 Nonlinear solution status: time= 15.1
	stiffness updates             = 0
	right hand side evaluations   = 2
	stiffness matrix reformations = 1
	step from line search         = 1.000000
	convergence norms :     INITIAL         CURRENT         REQUIRED
	   residual            1.736206e+00    1.161918e-11    0.000000e+00 
	   energy              1.022627e-02    1.443636e-08    1.022627e-04 
	   displacement        5.082516e-04    5.082516e-04    5.082516e-10 
 2
 Nonlinear solution status: time= 15.1
	stiffness updates             = 1
	right hand side evaluations   = 3
	stiffness matrix reformations = 1
	step from line search         = 1.000000
	convergence norms :     INITIAL         CURRENT         REQUIRED
	   residual            1.736206e+00    3.098268e-18    0.000000e+00 
	   energy              1.022627e-02    6.753604e-17    1.022627e-04 
	   displacement        5.082516e-04    4.833426e-14    5.082551e-10 

convergence summary
    number of iterations   : 2
    number of reformations : 1

------- converged at time : 15.1


Data Record #1
===========================================================================
Step = 151
Time = 15.1
Data = uz
File = feb_inputs/active_camax/../../raw_logs/active_camax/camax_8.7_disp.txt

Data Record #2
===========================================================================
Step = 151
Time = 15.1
Data = sz
File = feb_inputs/active_camax/../../raw_logs/active_camax/camax_8.7_stress.txt

Data Record #3
===========================================================================
Step = 151
Time = 15.1
Data = J
File = feb_inputs/active_camax/../../raw_logs/active_camax/camax_8.7_vol.txt

===== beginning time step 152 : 15.2 =====


Reforming stiffness matrix: reformation #1

 1
 Nonlinear solution status: time= 15.2
	stiffness updates             = 0
	right hand side evaluations   = 2
	stiffness matrix reformations = 1
	step from line search         = 1.000000
	convergence norms :     INITIAL         CURRENT         REQUIRED
	   residual            1.521589e+00    1.134108e-11    0.000000e+00 
	   energy              8.835709e-03    1.296776e-08    8.835709e-05 
	   displacement        4.403755e-04    4.403755e-04    4.403755e-10 
 2
 Nonlinear solution status: time= 15.2
	stiffness updates             = 1
	right hand side evaluations   = 3
	stiffness matrix reformations = 1
	step from line search         = 1.000000
	convergence norms :     INITIAL         CURRENT         REQUIRED
	   residual            1.521589e+00    2.927081e-18    0.000000e+00 
	   energy              8.835709e-03    6.898148e-17    8.835709e-05 
	   displacement        4.403755e-04    4.620010e-14    4.403788e-10 

convergence summary
    number of iterations   : 2
    number of reformations : 1

------- converged at time : 15.2


Data Record #1
===========================================================================
Step = 152
Time = 15.2
Data = uz
File = feb_inputs/active_camax/../../raw_logs/active_camax/camax_8.7_disp.txt

Data Record #2
===========================================================================
Step = 152
Time = 15.2
Data = sz
File = feb_inputs/active_camax/../../raw_logs/active_camax/camax_8.7_stress.txt

Data Record #3
===========================================================================
Step = 152
Time = 15.2
Data = J
File = feb_inputs/active_camax/../../raw_logs/active_camax/camax_8.7_vol.txt

===== beginning time step 153 : 15.3 =====


Reforming stiffness matrix: reformation #1

 1
 Nonlinear solution status: time= 15.3
	stiffness updates             = 0
	right hand side evaluations   = 2
	stiffness matrix reformations = 1
	step from line search         = 1.000000
	convergence norms :     INITIAL         CURRENT         REQUIRED
	   residual            1.339843e+00    1.237976e-11    0.000000e+00 
	   energy              7.641548e-03    1.236642e-08    7.641548e-05 
	   displacement        3.805706e-04    3.805706e-04    3.805706e-10 
 2
 Nonlinear solution status: time= 15.3
	stiffness updates             = 1
	right hand side evaluations   = 3
	stiffness matrix reformations = 1
	step from line search         = 1.000000
	convergence norms :     INITIAL         CURRENT         REQUIRED
	   residual            1.339843e+00    3.014740e-18    0.000000e+00 
	   energy              7.641548e-03    7.518661e-17    7.641548e-05 
	   displacement        3.805706e-04    4.635015e-14    3.805739e-10 

convergence summary
    number of iterations   : 2
    number of reformations : 1

------- converged at time : 15.3


Data Record #1
===========================================================================
Step = 153
Time = 15.3
Data = uz
File = feb_inputs/active_camax/../../raw_logs/active_camax/camax_8.7_disp.txt

Data Record #2
===========================================================================
Step = 153
Time = 15.3
Data = sz
File = feb_inputs/active_camax/../../raw_logs/active_camax/camax_8.7_stress.txt

Data Record #3
===========================================================================
Step = 153
Time = 15.3
Data = J
File = feb_inputs/active_camax/../../raw_logs/active_camax/camax_8.7_vol.txt

===== beginning time step 154 : 15.4 =====


Reforming stiffness matrix: reformation #1

 1
 Nonlinear solution status: time= 15.4
	stiffness updates             = 0
	right hand side evaluations   = 2
	stiffness matrix reformations = 1
	step from line search         = 1.000000
	convergence norms :     INITIAL         CURRENT         REQUIRED
	   residual            1.187620e+00    1.227870e-11    0.000000e+00 
	   energy              6.628096e-03    1.172351e-08    6.628096e-05 
	   displacement        3.290796e-04    3.290796e-04    3.290796e-10 
 2
 Nonlinear solution status: time= 15.4
	stiffness updates             = 1
	right hand side evaluations   = 3
	stiffness matrix reformations = 1
	step from line search         = 1.000000
	convergence norms :     INITIAL         CURRENT         REQUIRED
	   residual            1.187620e+00    3.286243e-18    0.000000e+00 
	   energy              6.628096e-03    8.710075e-17    6.628096e-05 
	   displacement        3.290796e-04    4.865887e-14    3.290830e-10 

convergence summary
    number of iterations   : 2
    number of reformations : 1

------- converged at time : 15.4


Data Record #1
===========================================================================
Step = 154
Time = 15.4
Data = uz
File = feb_inputs/active_camax/../../raw_logs/active_camax/camax_8.7_disp.txt

Data Record #2
===========================================================================
Step = 154
Time = 15.4
Data = sz
File = feb_inputs/active_camax/../../raw_logs/active_camax/camax_8.7_stress.txt

Data Record #3
===========================================================================
Step = 154
Time = 15.4
Data = J
File = feb_inputs/active_camax/../../raw_logs/active_camax/camax_8.7_vol.txt

===== beginning time step 155 : 15.5 =====


Reforming stiffness matrix: reformation #1

 1
 Nonlinear solution status: time= 15.5
	stiffness updates             = 0
	right hand side evaluations   = 2
	stiffness matrix reformations = 1
	step from line search         = 1.000000
	convergence norms :     INITIAL         CURRENT         REQUIRED
	   residual            1.054857e+00    1.146234e-11    0.000000e+00 
	   energy              5.762204e-03    1.038880e-08    5.762204e-05 
	   displacement        2.850966e-04    2.850966e-04    2.850966e-10 
 2
 Nonlinear solution status: time= 15.5
	stiffness updates             = 1
	right hand side evaluations   = 3
	stiffness matrix reformations = 1
	step from line search         = 1.000000
	convergence norms :     INITIAL         CURRENT         REQUIRED
	   residual            1.054857e+00    3.378554e-18    0.000000e+00 
	   energy              5.762204e-03    8.681739e-17    5.762204e-05 
	   displacement        2.850966e-04    4.516712e-14    2.850997e-10 

convergence summary
    number of iterations   : 2
    number of reformations : 1

------- converged at time : 15.5


Data Record #1
===========================================================================
Step = 155
Time = 15.5
Data = uz
File = feb_inputs/active_camax/../../raw_logs/active_camax/camax_8.7_disp.txt

Data Record #2
===========================================================================
Step = 155
Time = 15.5
Data = sz
File = feb_inputs/active_camax/../../raw_logs/active_camax/camax_8.7_stress.txt

Data Record #3
===========================================================================
Step = 155
Time = 15.5
Data = J
File = feb_inputs/active_camax/../../raw_logs/active_camax/camax_8.7_vol.txt

===== beginning time step 156 : 15.6 =====


Reforming stiffness matrix: reformation #1

 1
 Nonlinear solution status: time= 15.6
	stiffness updates             = 0
	right hand side evaluations   = 2
	stiffness matrix reformations = 1
	step from line search         = 1.000000
	convergence norms :     INITIAL         CURRENT         REQUIRED
	   residual            9.321341e-01    1.491266e-11    0.000000e+00 
	   energy              5.008471e-03    9.093168e-09    5.008471e-05 
	   displacement        2.473390e-04    2.473390e-04    2.473390e-10 
 2
 Nonlinear solution status: time= 15.6
	stiffness updates             = 1
	right hand side evaluations   = 3
	stiffness matrix reformations = 1
	step from line search         = 1.000000
	convergence norms :     INITIAL         CURRENT         REQUIRED
	   residual            9.321341e-01    3.967417e-18    0.000000e+00 
	   energy              5.008471e-03    9.012061e-17    5.008471e-05 
	   displacement        2.473390e-04    4.358689e-14    2.473418e-10 

convergence summary
    number of iterations   : 2
    number of reformations : 1

------- converged at time : 15.6


Data Record #1
===========================================================================
Step = 156
Time = 15.6
Data = uz
File = feb_inputs/active_camax/../../raw_logs/active_camax/camax_8.7_disp.txt

Data Record #2
===========================================================================
Step = 156
Time = 15.6
Data = sz
File = feb_inputs/active_camax/../../raw_logs/active_camax/camax_8.7_stress.txt

Data Record #3
===========================================================================
Step = 156
Time = 15.6
Data = J
File = feb_inputs/active_camax/../../raw_logs/active_camax/camax_8.7_vol.txt

===== beginning time step 157 : 15.7 =====


Reforming stiffness matrix: reformation #1

 1
 Nonlinear solution status: time= 15.7
	stiffness updates             = 0
	right hand side evaluations   = 2
	stiffness matrix reformations = 1
	step from line search         = 1.000000
	convergence norms :     INITIAL         CURRENT         REQUIRED
	   residual            8.161628e-01    1.853630e-11    0.000000e+00 
	   energy              4.335218e-03    8.166396e-09    4.335218e-05 
	   displacement        2.137828e-04    2.137828e-04    2.137828e-10 
 2
 Nonlinear solution status: time= 15.7
	stiffness updates             = 1
	right hand side evaluations   = 3
	stiffness matrix reformations = 1
	step from line search         = 1.000000
	convergence norms :     INITIAL         CURRENT         REQUIRED
	   residual            8.161628e-01    4.612185e-18    0.000000e+00 
	   energy              4.335218e-03    1.030918e-16    4.335218e-05 
	   displacement        2.137828e-04    4.709204e-14    2.137855e-10 

convergence summary
    number of iterations   : 2
    number of reformations : 1

------- converged at time : 15.7


Data Record #1
===========================================================================
Step = 157
Time = 15.7
Data = uz
File = feb_inputs/active_camax/../../raw_logs/active_camax/camax_8.7_disp.txt

Data Record #2
===========================================================================
Step = 157
Time = 15.7
Data = sz
File = feb_inputs/active_camax/../../raw_logs/active_camax/camax_8.7_stress.txt

Data Record #3
===========================================================================
Step = 157
Time = 15.7
Data = J
File = feb_inputs/active_camax/../../raw_logs/active_camax/camax_8.7_vol.txt

===== beginning time step 158 : 15.8 =====


Reforming stiffness matrix: reformation #1

 1
 Nonlinear solution status: time= 15.8
	stiffness updates             = 0
	right hand side evaluations   = 2
	stiffness matrix reformations = 1
	step from line search         = 1.000000
	convergence norms :     INITIAL         CURRENT         REQUIRED
	   residual            7.059422e-01    1.846891e-11    0.000000e+00 
	   energy              3.725408e-03    7.339531e-09    3.725408e-05 
	   displacement        1.828449e-04    1.828449e-04    1.828449e-10 
 2
 Nonlinear solution status: time= 15.8
	stiffness updates             = 1
	right hand side evaluations   = 3
	stiffness matrix reformations = 1
	step from line search         = 1.000000
	convergence norms :     INITIAL         CURRENT         REQUIRED
	   residual            7.059422e-01    4.403570e-18    0.000000e+00 
	   energy              3.725408e-03    1.076204e-16    3.725408e-05 
	   displacement        1.828449e-04    4.713273e-14    1.828473e-10 

convergence summary
    number of iterations   : 2
    number of reformations : 1

------- converged at time : 15.8


Data Record #1
===========================================================================
Step = 158
Time = 15.8
Data = uz
File = feb_inputs/active_camax/../../raw_logs/active_camax/camax_8.7_disp.txt

Data Record #2
===========================================================================
Step = 158
Time = 15.8
Data = sz
File = feb_inputs/active_camax/../../raw_logs/active_camax/camax_8.7_stress.txt

Data Record #3
===========================================================================
Step = 158
Time = 15.8
Data = J
File = feb_inputs/active_camax/../../raw_logs/active_camax/camax_8.7_vol.txt

===== beginning time step 159 : 15.9 =====


Reforming stiffness matrix: reformation #1

 1
 Nonlinear solution status: time= 15.9
	stiffness updates             = 0
	right hand side evaluations   = 2
	stiffness matrix reformations = 1
	step from line search         = 1.000000
	convergence norms :     INITIAL         CURRENT         REQUIRED
	   residual            6.009833e-01    1.850804e-11    0.000000e+00 
	   energy              3.186522e-03    6.726965e-09    3.186522e-05 
	   displacement        1.559929e-04    1.559929e-04    1.559929e-10 
 2
 Nonlinear solution status: time= 15.9
	stiffness updates             = 1
	right hand side evaluations   = 3
	stiffness matrix reformations = 1
	step from line search         = 1.000000
	convergence norms :     INITIAL         CURRENT         REQUIRED
	   residual            6.009833e-01    4.833389e-18    0.000000e+00 
	   energy              3.186522e-03    1.072458e-16    3.186522e-05 
	   displacement        1.559929e-04    4.321713e-14    1.559950e-10 

convergence summary
    number of iterations   : 2
    number of reformations : 1

------- converged at time : 15.9


Data Record #1
===========================================================================
Step = 159
Time = 15.9
Data = uz
File = feb_inputs/active_camax/../../raw_logs/active_camax/camax_8.7_disp.txt

Data Record #2
===========================================================================
Step = 159
Time = 15.9
Data = sz
File = feb_inputs/active_camax/../../raw_logs/active_camax/camax_8.7_stress.txt

Data Record #3
===========================================================================
Step = 159
Time = 15.9
Data = J
File = feb_inputs/active_camax/../../raw_logs/active_camax/camax_8.7_vol.txt

===== beginning time step 160 : 16 =====


Reforming stiffness matrix: reformation #1

 1
 Nonlinear solution status: time= 16
	stiffness updates             = 0
	right hand side evaluations   = 2
	stiffness matrix reformations = 1
	step from line search         = 1.000000
	convergence norms :     INITIAL         CURRENT         REQUIRED
	   residual            5.056327e-01    1.421369e-11    0.000000e+00 
	   energy              2.749919e-03    6.196465e-09    2.749919e-05 
	   displacement        1.360552e-04    1.360552e-04    1.360552e-10 
 2
 Nonlinear solution status: time= 16
	stiffness updates             = 1
	right hand side evaluations   = 3
	stiffness matrix reformations = 1
	step from line search         = 1.000000
	convergence norms :     INITIAL         CURRENT         REQUIRED
	   residual            5.056327e-01    4.205192e-18    0.000000e+00 
	   energy              2.749919e-03    9.091920e-17    2.749919e-05 
	   displacement        1.360552e-04    3.663307e-14    1.360572e-10 

convergence summary
    number of iterations   : 2
    number of reformations : 1

------- converged at time : 16


Data Record #1
===========================================================================
Step = 160
Time = 16
Data = uz
File = feb_inputs/active_camax/../../raw_logs/active_camax/camax_8.7_disp.txt

Data Record #2
===========================================================================
Step = 160
Time = 16
Data = sz
File = feb_inputs/active_camax/../../raw_logs/active_camax/camax_8.7_stress.txt

Data Record #3
===========================================================================
Step = 160
Time = 16
Data = J
File = feb_inputs/active_camax/../../raw_logs/active_camax/camax_8.7_vol.txt

===== beginning time step 161 : 16.1 =====


Reforming stiffness matrix: reformation #1

 1
 Nonlinear solution status: time= 16.1
	stiffness updates             = 0
	right hand side evaluations   = 2
	stiffness matrix reformations = 1
	step from line search         = 1.000000
	convergence norms :     INITIAL         CURRENT         REQUIRED
	   residual            4.298614e-01    1.236374e-11    0.000000e+00 
	   energy              2.461575e-03    5.903724e-09    2.461575e-05 
	   displacement        1.255588e-04    1.255588e-04    1.255588e-10 
 2
 Nonlinear solution status: time= 16.1
	stiffness updates             = 1
	right hand side evaluations   = 3
	stiffness matrix reformations = 1
	step from line search         = 1.000000
	convergence norms :     INITIAL         CURRENT         REQUIRED
	   residual            4.298614e-01    3.870817e-18    0.000000e+00 
	   energy              2.461575e-03    8.221600e-17    2.461575e-05 
	   displacement        1.255588e-04    3.297610e-14    1.255609e-10 

convergence summary
    number of iterations   : 2
    number of reformations : 1

------- converged at time : 16.1


Data Record #1
===========================================================================
Step = 161
Time = 16.1
Data = uz
File = feb_inputs/active_camax/../../raw_logs/active_camax/camax_8.7_disp.txt

Data Record #2
===========================================================================
Step = 161
Time = 16.1
Data = sz
File = feb_inputs/active_camax/../../raw_logs/active_camax/camax_8.7_stress.txt

Data Record #3
===========================================================================
Step = 161
Time = 16.1
Data = J
File = feb_inputs/active_camax/../../raw_logs/active_camax/camax_8.7_vol.txt

===== beginning time step 162 : 16.2 =====


Reforming stiffness matrix: reformation #1

 1
 Nonlinear solution status: time= 16.2
	stiffness updates             = 0
	right hand side evaluations   = 2
	stiffness matrix reformations = 1
	step from line search         = 1.000000
	convergence norms :     INITIAL         CURRENT         REQUIRED
	   residual            3.856295e-01    1.258467e-11    0.000000e+00 
	   energy              2.358061e-03    6.275919e-09    2.358061e-05 
	   displacement        1.257072e-04    1.257072e-04    1.257072e-10 
 2
 Nonlinear solution status: time= 16.2
	stiffness updates             = 1
	right hand side evaluations   = 3
	stiffness matrix reformations = 1
	step from line search         = 1.000000
	convergence norms :     INITIAL         CURRENT         REQUIRED
	   residual            3.856295e-01    3.488572e-18    0.000000e+00 
	   energy              2.358061e-03    7.731459e-17    2.358061e-05 
	   displacement        1.257072e-04    3.243592e-14    1.257095e-10 

convergence summary
    number of iterations   : 2
    number of reformations : 1

------- converged at time : 16.2


Data Record #1
===========================================================================
Step = 162
Time = 16.2
Data = uz
File = feb_inputs/active_camax/../../raw_logs/active_camax/camax_8.7_disp.txt

Data Record #2
===========================================================================
Step = 162
Time = 16.2
Data = sz
File = feb_inputs/active_camax/../../raw_logs/active_camax/camax_8.7_stress.txt

Data Record #3
===========================================================================
Step = 162
Time = 16.2
Data = J
File = feb_inputs/active_camax/../../raw_logs/active_camax/camax_8.7_vol.txt

===== beginning time step 163 : 16.3 =====


Reforming stiffness matrix: reformation #1

 1
 Nonlinear solution status: time= 16.3
	stiffness updates             = 0
	right hand side evaluations   = 2
	stiffness matrix reformations = 1
	step from line search         = 1.000000
	convergence norms :     INITIAL         CURRENT         REQUIRED
	   residual            3.809331e-01    2.218328e-11    0.000000e+00 
	   energy              2.449689e-03    7.944930e-09    2.449689e-05 
	   displacement        1.355235e-04    1.355235e-04    1.355235e-10 
 2
 Nonlinear solution status: time= 16.3
	stiffness updates             = 1
	right hand side evaluations   = 3
	stiffness matrix reformations = 1
	step from line search         = 1.000000
	convergence norms :     INITIAL         CURRENT         REQUIRED
	   residual            3.809331e-01    5.755003e-18    0.000000e+00 
	   energy              2.449689e-03    1.063686e-16    2.449689e-05 
	   displacement        1.355235e-04    4.098415e-14    1.355262e-10 

convergence summary
    number of iterations   : 2
    number of reformations : 1

------- converged at time : 16.3


Data Record #1
===========================================================================
Step = 163
Time = 16.3
Data = uz
File = feb_inputs/active_camax/../../raw_logs/active_camax/camax_8.7_disp.txt

Data Record #2
===========================================================================
Step = 163
Time = 16.3
Data = sz
File = feb_inputs/active_camax/../../raw_logs/active_camax/camax_8.7_stress.txt

Data Record #3
===========================================================================
Step = 163
Time = 16.3
Data = J
File = feb_inputs/active_camax/../../raw_logs/active_camax/camax_8.7_vol.txt

===== beginning time step 164 : 16.4 =====


Reforming stiffness matrix: reformation #1

 1
 Nonlinear solution status: time= 16.4
	stiffness updates             = 0
	right hand side evaluations   = 2
	stiffness matrix reformations = 1
	step from line search         = 1.000000
	convergence norms :     INITIAL         CURRENT         REQUIRED
	   residual            4.168258e-01    4.150139e-11    0.000000e+00 
	   energy              2.711551e-03    1.089651e-08    2.711551e-05 
	   displacement        1.525106e-04    1.525106e-04    1.525106e-10 
 2
 Nonlinear solution status: time= 16.4
	stiffness updates             = 1
	right hand side evaluations   = 3
	stiffness matrix reformations = 1
	step from line search         = 1.000000
	convergence norms :     INITIAL         CURRENT         REQUIRED
	   residual            4.168258e-01    1.131312e-17    0.000000e+00 
	   energy              2.711551e-03    1.807308e-16    2.711551e-05 
	   displacement        1.525106e-04    5.728188e-14    1.525140e-10 

convergence summary
    number of iterations   : 2
    number of reformations : 1

------- converged at time : 16.4


Data Record #1
===========================================================================
Step = 164
Time = 16.4
Data = uz
File = feb_inputs/active_camax/../../raw_logs/active_camax/camax_8.7_disp.txt

Data Record #2
===========================================================================
Step = 164
Time = 16.4
Data = sz
File = feb_inputs/active_camax/../../raw_logs/active_camax/camax_8.7_stress.txt

Data Record #3
===========================================================================
Step = 164
Time = 16.4
Data = J
File = feb_inputs/active_camax/../../raw_logs/active_camax/camax_8.7_vol.txt

===== beginning time step 165 : 16.5 =====


Reforming stiffness matrix: reformation #1

 1
 Nonlinear solution status: time= 16.5
	stiffness updates             = 0
	right hand side evaluations   = 2
	stiffness matrix reformations = 1
	step from line search         = 1.000000
	convergence norms :     INITIAL         CURRENT         REQUIRED
	   residual            4.867634e-01    6.376752e-11    0.000000e+00 
	   energy              3.097327e-03    1.454457e-08    3.097327e-05 
	   displacement        1.738715e-04    1.738715e-04    1.738715e-10 
 2
 Nonlinear solution status: time= 16.5
	stiffness updates             = 1
	right hand side evaluations   = 3
	stiffness matrix reformations = 1
	step from line search         = 1.000000
	convergence norms :     INITIAL         CURRENT         REQUIRED
	   residual            4.867634e-01    1.686570e-17    0.000000e+00 
	   energy              3.097327e-03    2.692543e-16    3.097327e-05 
	   displacement        1.738715e-04    7.796653e-14    1.738758e-10 

convergence summary
    number of iterations   : 2
    number of reformations : 1

------- converged at time : 16.5


Data Record #1
===========================================================================
Step = 165
Time = 16.5
Data = uz
File = feb_inputs/active_camax/../../raw_logs/active_camax/camax_8.7_disp.txt

Data Record #2
===========================================================================
Step = 165
Time = 16.5
Data = sz
File = feb_inputs/active_camax/../../raw_logs/active_camax/camax_8.7_stress.txt

Data Record #3
===========================================================================
Step = 165
Time = 16.5
Data = J
File = feb_inputs/active_camax/../../raw_logs/active_camax/camax_8.7_vol.txt

===== beginning time step 166 : 16.6 =====


Reforming stiffness matrix: reformation #1

 1
 Nonlinear solution status: time= 16.6
	stiffness updates             = 0
	right hand side evaluations   = 2
	stiffness matrix reformations = 1
	step from line search         = 1.000000
	convergence norms :     INITIAL         CURRENT         REQUIRED
	   residual            5.779973e-01    8.017221e-11    0.000000e+00 
	   energy              3.564100e-03    1.755705e-08    3.564100e-05 
	   displacement        1.974459e-04    1.974459e-04    1.974459e-10 
 2
 Nonlinear solution status: time= 16.6
	stiffness updates             = 1
	right hand side evaluations   = 3
	stiffness matrix reformations = 1
	step from line search         = 1.000000
	convergence norms :     INITIAL         CURRENT         REQUIRED
	   residual            5.779973e-01    2.272698e-17    0.000000e+00 
	   energy              3.564100e-03    3.278621e-16    3.564100e-05 
	   displacement        1.974459e-04    9.275817e-14    1.974508e-10 

convergence summary
    number of iterations   : 2
    number of reformations : 1

------- converged at time : 16.6


Data Record #1
===========================================================================
Step = 166
Time = 16.6
Data = uz
File = feb_inputs/active_camax/../../raw_logs/active_camax/camax_8.7_disp.txt

Data Record #2
===========================================================================
Step = 166
Time = 16.6
Data = sz
File = feb_inputs/active_camax/../../raw_logs/active_camax/camax_8.7_stress.txt

Data Record #3
===========================================================================
Step = 166
Time = 16.6
Data = J
File = feb_inputs/active_camax/../../raw_logs/active_camax/camax_8.7_vol.txt

===== beginning time step 167 : 16.7 =====


Reforming stiffness matrix: reformation #1

 1
 Nonlinear solution status: time= 16.7
	stiffness updates             = 0
	right hand side evaluations   = 2
	stiffness matrix reformations = 1
	step from line search         = 1.000000
	convergence norms :     INITIAL         CURRENT         REQUIRED
	   residual            6.777523e-01    9.320631e-11    0.000000e+00 
	   energy              4.077714e-03    1.927830e-08    4.077714e-05 
	   displacement        2.222395e-04    2.222395e-04    2.222395e-10 
 2
 Nonlinear solution status: time= 16.7
	stiffness updates             = 1
	right hand side evaluations   = 3
	stiffness matrix reformations = 1
	step from line search         = 1.000000
	convergence norms :     INITIAL         CURRENT         REQUIRED
	   residual            6.777523e-01    2.896895e-17    0.000000e+00 
	   energy              4.077714e-03    3.701466e-16    4.077714e-05 
	   displacement        2.222395e-04    1.007638e-13    2.222449e-10 

convergence summary
    number of iterations   : 2
    number of reformations : 1

------- converged at time : 16.7


Data Record #1
===========================================================================
Step = 167
Time = 16.7
Data = uz
File = feb_inputs/active_camax/../../raw_logs/active_camax/camax_8.7_disp.txt

Data Record #2
===========================================================================
Step = 167
Time = 16.7
Data = sz
File = feb_inputs/active_camax/../../raw_logs/active_camax/camax_8.7_stress.txt

Data Record #3
===========================================================================
Step = 167
Time = 16.7
Data = J
File = feb_inputs/active_camax/../../raw_logs/active_camax/camax_8.7_vol.txt

===== beginning time step 168 : 16.8 =====


Reforming stiffness matrix: reformation #1

 1
 Nonlinear solution status: time= 16.8
	stiffness updates             = 0
	right hand side evaluations   = 2
	stiffness matrix reformations = 1
	step from line search         = 1.000000
	convergence norms :     INITIAL         CURRENT         REQUIRED
	   residual            7.753798e-01    9.884204e-11    0.000000e+00 
	   energy              4.601113e-03    2.053621e-08    4.601113e-05 
	   displacement        2.480020e-04    2.480020e-04    2.480020e-10 
 2
 Nonlinear solution status: time= 16.8
	stiffness updates             = 1
	right hand side evaluations   = 3
	stiffness matrix reformations = 1
	step from line search         = 1.000000
	convergence norms :     INITIAL         CURRENT         REQUIRED
	   residual            7.753798e-01    3.129374e-17    0.000000e+00 
	   energy              4.601113e-03    3.946082e-16    4.601113e-05 
	   displacement        2.480020e-04    1.070897e-13    2.480077e-10 

convergence summary
    number of iterations   : 2
    number of reformations : 1

------- converged at time : 16.8


Data Record #1
===========================================================================
Step = 168
Time = 16.8
Data = uz
File = feb_inputs/active_camax/../../raw_logs/active_camax/camax_8.7_disp.txt

Data Record #2
===========================================================================
Step = 168
Time = 16.8
Data = sz
File = feb_inputs/active_camax/../../raw_logs/active_camax/camax_8.7_stress.txt

Data Record #3
===========================================================================
Step = 168
Time = 16.8
Data = J
File = feb_inputs/active_camax/../../raw_logs/active_camax/camax_8.7_vol.txt

===== beginning time step 169 : 16.9 =====


Reforming stiffness matrix: reformation #1

 1
 Nonlinear solution status: time= 16.9
	stiffness updates             = 0
	right hand side evaluations   = 2
	stiffness matrix reformations = 1
	step from line search         = 1.000000
	convergence norms :     INITIAL         CURRENT         REQUIRED
	   residual            8.611228e-01    1.100632e-10    0.000000e+00 
	   energy              5.093454e-03    2.245745e-08    5.093454e-05 
	   displacement        2.732244e-04    2.732244e-04    2.732244e-10 
 2
 Nonlinear solution status: time= 16.9
	stiffness updates             = 1
	right hand side evaluations   = 3
	stiffness matrix reformations = 1
	step from line search         = 1.000000
	convergence norms :     INITIAL         CURRENT         REQUIRED
	   residual            8.611228e-01    3.446049e-17    0.000000e+00 
	   energy              5.093454e-03    3.985781e-16    5.093454e-05 
	   displacement        2.732244e-04    1.062374e-13    2.732304e-10 

convergence summary
    number of iterations   : 2
    number of reformations : 1

------- converged at time : 16.9


Data Record #1
===========================================================================
Step = 169
Time = 16.9
Data = uz
File = feb_inputs/active_camax/../../raw_logs/active_camax/camax_8.7_disp.txt

Data Record #2
===========================================================================
Step = 169
Time = 16.9
Data = sz
File = feb_inputs/active_camax/../../raw_logs/active_camax/camax_8.7_stress.txt

Data Record #3
===========================================================================
Step = 169
Time = 16.9
Data = J
File = feb_inputs/active_camax/../../raw_logs/active_camax/camax_8.7_vol.txt

===== beginning time step 170 : 17 =====


Reforming stiffness matrix: reformation #1

 1
 Nonlinear solution status: time= 17
	stiffness updates             = 0
	right hand side evaluations   = 2
	stiffness matrix reformations = 1
	step from line search         = 1.000000
	convergence norms :     INITIAL         CURRENT         REQUIRED
	   residual            9.301109e-01    1.363093e-10    0.000000e+00 
	   energy              5.519122e-03    2.558266e-08    5.519122e-05 
	   displacement        2.955771e-04    2.955771e-04    2.955771e-10 
 2
 Nonlinear solution status: time= 17
	stiffness updates             = 1
	right hand side evaluations   = 3
	stiffness matrix reformations = 1
	step from line search         = 1.000000
	convergence norms :     INITIAL         CURRENT         REQUIRED
	   residual            9.301109e-01    4.328209e-17    0.000000e+00 
	   energy              5.519122e-03    4.425768e-16    5.519122e-05 
	   displacement        2.955771e-04    1.123935e-13    2.955835e-10 

convergence summary
    number of iterations   : 2
    number of reformations : 1

------- converged at time : 17


Data Record #1
===========================================================================
Step = 170
Time = 17
Data = uz
File = feb_inputs/active_camax/../../raw_logs/active_camax/camax_8.7_disp.txt

Data Record #2
===========================================================================
Step = 170
Time = 17
Data = sz
File = feb_inputs/active_camax/../../raw_logs/active_camax/camax_8.7_stress.txt

Data Record #3
===========================================================================
Step = 170
Time = 17
Data = J
File = feb_inputs/active_camax/../../raw_logs/active_camax/camax_8.7_vol.txt

===== beginning time step 171 : 17.1 =====


Reforming stiffness matrix: reformation #1

 1
 Nonlinear solution status: time= 17.1
	stiffness updates             = 0
	right hand side evaluations   = 2
	stiffness matrix reformations = 1
	step from line search         = 1.000000
	convergence norms :     INITIAL         CURRENT         REQUIRED
	   residual            9.814480e-01    1.670894e-10    0.000000e+00 
	   energy              5.844554e-03    2.848896e-08    5.844554e-05 
	   displacement        3.122493e-04    3.122493e-04    3.122493e-10 
 2
 Nonlinear solution status: time= 17.1
	stiffness updates             = 1
	right hand side evaluations   = 3
	stiffness matrix reformations = 1
	step from line search         = 1.000000
	convergence norms :     INITIAL         CURRENT         REQUIRED
	   residual            9.814480e-01    4.992396e-17    0.000000e+00 
	   energy              5.844554e-03    4.850758e-16    5.844554e-05 
	   displacement        3.122493e-04    1.209945e-13    3.122562e-10 

convergence summary
    number of iterations   : 2
    number of reformations : 1

------- converged at time : 17.1


Data Record #1
===========================================================================
Step = 171
Time = 17.1
Data = uz
File = feb_inputs/active_camax/../../raw_logs/active_camax/camax_8.7_disp.txt

Data Record #2
===========================================================================
Step = 171
Time = 17.1
Data = sz
File = feb_inputs/active_camax/../../raw_logs/active_camax/camax_8.7_stress.txt

Data Record #3
===========================================================================
Step = 171
Time = 17.1
Data = J
File = feb_inputs/active_camax/../../raw_logs/active_camax/camax_8.7_vol.txt

===== beginning time step 172 : 17.2 =====


Reforming stiffness matrix: reformation #1

 1
 Nonlinear solution status: time= 17.2
	stiffness updates             = 0
	right hand side evaluations   = 2
	stiffness matrix reformations = 1
	step from line search         = 1.000000
	convergence norms :     INITIAL         CURRENT         REQUIRED
	   residual            1.013535e+00    1.788716e-10    0.000000e+00 
	   energy              6.037372e-03    2.917340e-08    6.037372e-05 
	   displacement        3.210549e-04    3.210549e-04    3.210549e-10 
 2
 Nonlinear solution status: time= 17.2
	stiffness updates             = 1
	right hand side evaluations   = 3
	stiffness matrix reformations = 1
	step from line search         = 1.000000
	convergence norms :     INITIAL         CURRENT         REQUIRED
	   residual            1.013535e+00    4.900163e-17    0.000000e+00 
	   energy              6.037372e-03    4.861131e-16    6.037372e-05 
	   displacement        3.210549e-04    1.169376e-13    3.210617e-10 

convergence summary
    number of iterations   : 2
    number of reformations : 1

------- converged at time : 17.2


Data Record #1
===========================================================================
Step = 172
Time = 17.2
Data = uz
File = feb_inputs/active_camax/../../raw_logs/active_camax/camax_8.7_disp.txt

Data Record #2
===========================================================================
Step = 172
Time = 17.2
Data = sz
File = feb_inputs/active_camax/../../raw_logs/active_camax/camax_8.7_stress.txt

Data Record #3
===========================================================================
Step = 172
Time = 17.2
Data = J
File = feb_inputs/active_camax/../../raw_logs/active_camax/camax_8.7_vol.txt

===== beginning time step 173 : 17.3 =====


Reforming stiffness matrix: reformation #1

 1
 Nonlinear solution status: time= 17.3
	stiffness updates             = 0
	right hand side evaluations   = 2
	stiffness matrix reformations = 1
	step from line search         = 1.000000
	convergence norms :     INITIAL         CURRENT         REQUIRED
	   residual            1.025344e+00    1.605232e-10    0.000000e+00 
	   energy              6.079342e-03    2.744992e-08    6.079342e-05 
	   displacement        3.212820e-04    3.212820e-04    3.212820e-10 
 2
 Nonlinear solution status: time= 17.3
	stiffness updates             = 1
	right hand side evaluations   = 3
	stiffness matrix reformations = 1
	step from line search         = 1.000000
	convergence norms :     INITIAL         CURRENT         REQUIRED
	   residual            1.025344e+00    4.405559e-17    0.000000e+00 
	   energy              6.079342e-03    4.331168e-16    6.079342e-05 
	   displacement        3.212820e-04    1.040309e-13    3.212883e-10 

convergence summary
    number of iterations   : 2
    number of reformations : 1

------- converged at time : 17.3


Data Record #1
===========================================================================
Step = 173
Time = 17.3
Data = uz
File = feb_inputs/active_camax/../../raw_logs/active_camax/camax_8.7_disp.txt

Data Record #2
===========================================================================
Step = 173
Time = 17.3
Data = sz
File = feb_inputs/active_camax/../../raw_logs/active_camax/camax_8.7_stress.txt

Data Record #3
===========================================================================
Step = 173
Time = 17.3
Data = J
File = feb_inputs/active_camax/../../raw_logs/active_camax/camax_8.7_vol.txt

===== beginning time step 174 : 17.4 =====


Reforming stiffness matrix: reformation #1

 1
 Nonlinear solution status: time= 17.4
	stiffness updates             = 0
	right hand side evaluations   = 2
	stiffness matrix reformations = 1
	step from line search         = 1.000000
	convergence norms :     INITIAL         CURRENT         REQUIRED
	   residual            1.017790e+00    1.270018e-10    0.000000e+00 
	   energy              5.981893e-03    2.430986e-08    5.981893e-05 
	   displacement        3.129773e-04    3.129773e-04    3.129773e-10 
 2
 Nonlinear solution status: time= 17.4
	stiffness updates             = 1
	right hand side evaluations   = 3
	stiffness matrix reformations = 1
	step from line search         = 1.000000
	convergence norms :     INITIAL         CURRENT         REQUIRED
	   residual            1.017790e+00    3.552758e-17    0.000000e+00 
	   energy              5.981893e-03    3.565899e-16    5.981893e-05 
	   displacement        3.129773e-04    9.128778e-14    3.129831e-10 

convergence summary
    number of iterations   : 2
    number of reformations : 1

------- converged at time : 17.4


Data Record #1
===========================================================================
Step = 174
Time = 17.4
Data = uz
File = feb_inputs/active_camax/../../raw_logs/active_camax/camax_8.7_disp.txt

Data Record #2
===========================================================================
Step = 174
Time = 17.4
Data = sz
File = feb_inputs/active_camax/../../raw_logs/active_camax/camax_8.7_stress.txt

Data Record #3
===========================================================================
Step = 174
Time = 17.4
Data = J
File = feb_inputs/active_camax/../../raw_logs/active_camax/camax_8.7_vol.txt

===== beginning time step 175 : 17.5 =====


Reforming stiffness matrix: reformation #1

 1
 Nonlinear solution status: time= 17.5
	stiffness updates             = 0
	right hand side evaluations   = 2
	stiffness matrix reformations = 1
	step from line search         = 1.000000
	convergence norms :     INITIAL         CURRENT         REQUIRED
	   residual            9.978332e-01    9.851235e-11    0.000000e+00 
	   energy              5.782899e-03    2.117746e-08    5.782899e-05 
	   displacement        2.989353e-04    2.989353e-04    2.989353e-10 
 2
 Nonlinear solution status: time= 17.5
	stiffness updates             = 1
	right hand side evaluations   = 3
	stiffness matrix reformations = 1
	step from line search         = 1.000000
	convergence norms :     INITIAL         CURRENT         REQUIRED
	   residual            9.978332e-01    2.723011e-17    0.000000e+00 
	   energy              5.782899e-03    3.086004e-16    5.782899e-05 
	   displacement        2.989353e-04    8.418871e-14    2.989406e-10 

convergence summary
    number of iterations   : 2
    number of reformations : 1

------- converged at time : 17.5


Data Record #1
===========================================================================
Step = 175
Time = 17.5
Data = uz
File = feb_inputs/active_camax/../../raw_logs/active_camax/camax_8.7_disp.txt

Data Record #2
===========================================================================
Step = 175
Time = 17.5
Data = sz
File = feb_inputs/active_camax/../../raw_logs/active_camax/camax_8.7_stress.txt

Data Record #3
===========================================================================
Step = 175
Time = 17.5
Data = J
File = feb_inputs/active_camax/../../raw_logs/active_camax/camax_8.7_vol.txt

===== beginning time step 176 : 17.6 =====


Reforming stiffness matrix: reformation #1

 1
 Nonlinear solution status: time= 17.6
	stiffness updates             = 0
	right hand side evaluations   = 2
	stiffness matrix reformations = 1
	step from line search         = 1.000000
	convergence norms :     INITIAL         CURRENT         REQUIRED
	   residual            9.751879e-01    7.417985e-11    0.000000e+00 
	   energy              5.525904e-03    1.867162e-08    5.525904e-05 
	   displacement        2.826839e-04    2.826839e-04    2.826839e-10 
 2
 Nonlinear solution status: time= 17.6
	stiffness updates             = 1
	right hand side evaluations   = 3
	stiffness matrix reformations = 1
	step from line search         = 1.000000
	convergence norms :     INITIAL         CURRENT         REQUIRED
	   residual            9.751879e-01    2.104102e-17    0.000000e+00 
	   energy              5.525904e-03    2.885041e-16    5.525904e-05 
	   displacement        2.826839e-04    8.340823e-14    2.826887e-10 

convergence summary
    number of iterations   : 2
    number of reformations : 1

------- converged at time : 17.6


Data Record #1
===========================================================================
Step = 176
Time = 17.6
Data = uz
File = feb_inputs/active_camax/../../raw_logs/active_camax/camax_8.7_disp.txt

Data Record #2
===========================================================================
Step = 176
Time = 17.6
Data = sz
File = feb_inputs/active_camax/../../raw_logs/active_camax/camax_8.7_stress.txt

Data Record #3
===========================================================================
Step = 176
Time = 17.6
Data = J
File = feb_inputs/active_camax/../../raw_logs/active_camax/camax_8.7_vol.txt

===== beginning time step 177 : 17.7 =====


Reforming stiffness matrix: reformation #1

 1
 Nonlinear solution status: time= 17.7
	stiffness updates             = 0
	right hand side evaluations   = 2
	stiffness matrix reformations = 1
	step from line search         = 1.000000
	convergence norms :     INITIAL         CURRENT         REQUIRED
	   residual            9.548954e-01    5.775078e-11    0.000000e+00 
	   energy              5.255909e-03    1.616881e-08    5.255909e-05 
	   displacement        2.660910e-04    2.660910e-04    2.660910e-10 
 2
 Nonlinear solution status: time= 17.7
	stiffness updates             = 1
	right hand side evaluations   = 3
	stiffness matrix reformations = 1
	step from line search         = 1.000000
	convergence norms :     INITIAL         CURRENT         REQUIRED
	   residual            9.548954e-01    1.730960e-17    0.000000e+00 
	   energy              5.255909e-03    2.680923e-16    5.255909e-05 
	   displacement        2.660910e-04    8.094224e-14    2.660954e-10 

convergence summary
    number of iterations   : 2
    number of reformations : 1

------- converged at time : 17.7


Data Record #1
===========================================================================
Step = 177
Time = 17.7
Data = uz
File = feb_inputs/active_camax/../../raw_logs/active_camax/camax_8.7_disp.txt

Data Record #2
===========================================================================
Step = 177
Time = 17.7
Data = sz
File = feb_inputs/active_camax/../../raw_logs/active_camax/camax_8.7_stress.txt

Data Record #3
===========================================================================
Step = 177
Time = 17.7
Data = J
File = feb_inputs/active_camax/../../raw_logs/active_camax/camax_8.7_vol.txt

===== beginning time step 178 : 17.8 =====


Reforming stiffness matrix: reformation #1

 1
 Nonlinear solution status: time= 17.8
	stiffness updates             = 0
	right hand side evaluations   = 2
	stiffness matrix reformations = 1
	step from line search         = 1.000000
	convergence norms :     INITIAL         CURRENT         REQUIRED
	   residual            9.410436e-01    4.529488e-11    0.000000e+00 
	   energy              5.019637e-03    1.409475e-08    5.019637e-05 
	   displacement        2.515017e-04    2.515017e-04    2.515017e-10 
 2
 Nonlinear solution status: time= 17.8
	stiffness updates             = 1
	right hand side evaluations   = 3
	stiffness matrix reformations = 1
	step from line search         = 1.000000
	convergence norms :     INITIAL         CURRENT         REQUIRED
	   residual            9.410436e-01    1.404513e-17    0.000000e+00 
	   energy              5.019637e-03    2.455433e-16    5.019637e-05 
	   displacement        2.515017e-04    8.039357e-14    2.515056e-10 

convergence summary
    number of iterations   : 2
    number of reformations : 1

------- converged at time : 17.8


Data Record #1
===========================================================================
Step = 178
Time = 17.8
Data = uz
File = feb_inputs/active_camax/../../raw_logs/active_camax/camax_8.7_disp.txt

Data Record #2
===========================================================================
Step = 178
Time = 17.8
Data = sz
File = feb_inputs/active_camax/../../raw_logs/active_camax/camax_8.7_stress.txt

Data Record #3
===========================================================================
Step = 178
Time = 17.8
Data = J
File = feb_inputs/active_camax/../../raw_logs/active_camax/camax_8.7_vol.txt

===== beginning time step 179 : 17.9 =====


Reforming stiffness matrix: reformation #1

 1
 Nonlinear solution status: time= 17.9
	stiffness updates             = 0
	right hand side evaluations   = 2
	stiffness matrix reformations = 1
	step from line search         = 1.000000
	convergence norms :     INITIAL         CURRENT         REQUIRED
	   residual            9.366300e-01    3.425550e-11    0.000000e+00 
	   energy              4.852977e-03    1.311105e-08    4.852977e-05 
	   displacement        2.410491e-04    2.410491e-04    2.410491e-10 
 2
 Nonlinear solution status: time= 17.9
	stiffness updates             = 1
	right hand side evaluations   = 3
	stiffness matrix reformations = 1
	step from line search         = 1.000000
	convergence norms :     INITIAL         CURRENT         REQUIRED
	   residual            9.366300e-01    1.136713e-17    0.000000e+00 
	   energy              4.852977e-03    2.391472e-16    4.852977e-05 
	   displacement        2.410491e-04    8.739218e-14    2.410529e-10 

convergence summary
    number of iterations   : 2
    number of reformations : 1

------- converged at time : 17.9


Data Record #1
===========================================================================
Step = 179
Time = 17.9
Data = uz
File = feb_inputs/active_camax/../../raw_logs/active_camax/camax_8.7_disp.txt

Data Record #2
===========================================================================
Step = 179
Time = 17.9
Data = sz
File = feb_inputs/active_camax/../../raw_logs/active_camax/camax_8.7_stress.txt

Data Record #3
===========================================================================
Step = 179
Time = 17.9
Data = J
File = feb_inputs/active_camax/../../raw_logs/active_camax/camax_8.7_vol.txt

===== beginning time step 180 : 18 =====


Reforming stiffness matrix: reformation #1

 1
 Nonlinear solution status: time= 18
	stiffness updates             = 0
	right hand side evaluations   = 2
	stiffness matrix reformations = 1
	step from line search         = 1.000000
	convergence norms :     INITIAL         CURRENT         REQUIRED
	   residual            9.443643e-01    2.873168e-11    0.000000e+00 
	   energy              4.777550e-03    1.202352e-08    4.777550e-05 
	   displacement        2.353872e-04    2.353872e-04    2.353872e-10 
 2
 Nonlinear solution status: time= 18
	stiffness updates             = 1
	right hand side evaluations   = 3
	stiffness matrix reformations = 1
	step from line search         = 1.000000
	convergence norms :     INITIAL         CURRENT         REQUIRED
	   residual            9.443643e-01    1.022967e-17    0.000000e+00 
	   energy              4.777550e-03    2.331145e-16    4.777550e-05 
	   displacement        2.353872e-04    8.525277e-14    2.353906e-10 

convergence summary
    number of iterations   : 2
    number of reformations : 1

------- converged at time : 18


Data Record #1
===========================================================================
Step = 180
Time = 18
Data = uz
File = feb_inputs/active_camax/../../raw_logs/active_camax/camax_8.7_disp.txt

Data Record #2
===========================================================================
Step = 180
Time = 18
Data = sz
File = feb_inputs/active_camax/../../raw_logs/active_camax/camax_8.7_stress.txt

Data Record #3
===========================================================================
Step = 180
Time = 18
Data = J
File = feb_inputs/active_camax/../../raw_logs/active_camax/camax_8.7_vol.txt

===== beginning time step 181 : 18.1 =====


Reforming stiffness matrix: reformation #1

 1
 Nonlinear solution status: time= 18.1
	stiffness updates             = 0
	right hand side evaluations   = 2
	stiffness matrix reformations = 1
	step from line search         = 1.000000
	convergence norms :     INITIAL         CURRENT         REQUIRED
	   residual            9.660773e-01    2.609446e-11    0.000000e+00 
	   energy              4.801890e-03    1.032439e-08    4.801890e-05 
	   displacement        2.348958e-04    2.348958e-04    2.348958e-10 
 2
 Nonlinear solution status: time= 18.1
	stiffness updates             = 1
	right hand side evaluations   = 3
	stiffness matrix reformations = 1
	step from line search         = 1.000000
	convergence norms :     INITIAL         CURRENT         REQUIRED
	   residual            9.660773e-01    9.133111e-18    0.000000e+00 
	   energy              4.801890e-03    2.137432e-16    4.801890e-05 
	   displacement        2.348958e-04    7.344275e-14    2.348987e-10 

convergence summary
    number of iterations   : 2
    number of reformations : 1

------- converged at time : 18.1


Data Record #1
===========================================================================
Step = 181
Time = 18.1
Data = uz
File = feb_inputs/active_camax/../../raw_logs/active_camax/camax_8.7_disp.txt

Data Record #2
===========================================================================
Step = 181
Time = 18.1
Data = sz
File = feb_inputs/active_camax/../../raw_logs/active_camax/camax_8.7_stress.txt

Data Record #3
===========================================================================
Step = 181
Time = 18.1
Data = J
File = feb_inputs/active_camax/../../raw_logs/active_camax/camax_8.7_vol.txt

===== beginning time step 182 : 18.2 =====


Reforming stiffness matrix: reformation #1

 1
 Nonlinear solution status: time= 18.2
	stiffness updates             = 0
	right hand side evaluations   = 2
	stiffness matrix reformations = 1
	step from line search         = 1.000000
	convergence norms :     INITIAL         CURRENT         REQUIRED
	   residual            9.967902e-01    2.353832e-11    0.000000e+00 
	   energy              4.918249e-03    9.023222e-09    4.918249e-05 
	   displacement        2.398371e-04    2.398371e-04    2.398371e-10 
 2
 Nonlinear solution status: time= 18.2
	stiffness updates             = 1
	right hand side evaluations   = 3
	stiffness matrix reformations = 1
	step from line search         = 1.000000
	convergence norms :     INITIAL         CURRENT         REQUIRED
	   residual            9.967902e-01    9.057483e-18    0.000000e+00 
	   energy              4.918249e-03    2.198075e-16    4.918249e-05 
	   displacement        2.398371e-04    6.742293e-14    2.398398e-10 

convergence summary
    number of iterations   : 2
    number of reformations : 1

------- converged at time : 18.2


Data Record #1
===========================================================================
Step = 182
Time = 18.2
Data = uz
File = feb_inputs/active_camax/../../raw_logs/active_camax/camax_8.7_disp.txt

Data Record #2
===========================================================================
Step = 182
Time = 18.2
Data = sz
File = feb_inputs/active_camax/../../raw_logs/active_camax/camax_8.7_stress.txt

Data Record #3
===========================================================================
Step = 182
Time = 18.2
Data = J
File = feb_inputs/active_camax/../../raw_logs/active_camax/camax_8.7_vol.txt

===== beginning time step 183 : 18.3 =====


Reforming stiffness matrix: reformation #1

 1
 Nonlinear solution status: time= 18.3
	stiffness updates             = 0
	right hand side evaluations   = 2
	stiffness matrix reformations = 1
	step from line search         = 1.000000
	convergence norms :     INITIAL         CURRENT         REQUIRED
	   residual            1.031160e+00    2.831029e-11    0.000000e+00 
	   energy              5.102385e-03    8.575361e-09    5.102385e-05 
	   displacement        2.492660e-04    2.492660e-04    2.492660e-10 
 2
 Nonlinear solution status: time= 18.3
	stiffness updates             = 1
	right hand side evaluations   = 3
	stiffness matrix reformations = 1
	step from line search         = 1.000000
	convergence norms :     INITIAL         CURRENT         REQUIRED
	   residual            1.031160e+00    1.174341e-17    0.000000e+00 
	   energy              5.102385e-03    2.552048e-16    5.102385e-05 
	   displacement        2.492660e-04    6.915860e-14    2.492688e-10 

convergence summary
    number of iterations   : 2
    number of reformations : 1

------- converged at time : 18.3


Data Record #1
===========================================================================
Step = 183
Time = 18.3
Data = uz
File = feb_inputs/active_camax/../../raw_logs/active_camax/camax_8.7_disp.txt

Data Record #2
===========================================================================
Step = 183
Time = 18.3
Data = sz
File = feb_inputs/active_camax/../../raw_logs/active_camax/camax_8.7_stress.txt

Data Record #3
===========================================================================
Step = 183
Time = 18.3
Data = J
File = feb_inputs/active_camax/../../raw_logs/active_camax/camax_8.7_vol.txt

===== beginning time step 184 : 18.4 =====


Reforming stiffness matrix: reformation #1

 1
 Nonlinear solution status: time= 18.4
	stiffness updates             = 0
	right hand side evaluations   = 2
	stiffness matrix reformations = 1
	step from line search         = 1.000000
	convergence norms :     INITIAL         CURRENT         REQUIRED
	   residual            1.071745e+00    3.355716e-11    0.000000e+00 
	   energy              5.332455e-03    8.661211e-09    5.332455e-05 
	   displacement        2.613512e-04    2.613512e-04    2.613512e-10 
 2
 Nonlinear solution status: time= 18.4
	stiffness updates             = 1
	right hand side evaluations   = 3
	stiffness matrix reformations = 1
	step from line search         = 1.000000
	convergence norms :     INITIAL         CURRENT         REQUIRED
	   residual            1.071745e+00    1.441234e-17    0.000000e+00 
	   energy              5.332455e-03    3.053539e-16    5.332455e-05 
	   displacement        2.613512e-04    7.431483e-14    2.613541e-10 

convergence summary
    number of iterations   : 2
    number of reformations : 1

------- converged at time : 18.4


Data Record #1
===========================================================================
Step = 184
Time = 18.4
Data = uz
File = feb_inputs/active_camax/../../raw_logs/active_camax/camax_8.7_disp.txt

Data Record #2
===========================================================================
Step = 184
Time = 18.4
Data = sz
File = feb_inputs/active_camax/../../raw_logs/active_camax/camax_8.7_stress.txt

Data Record #3
===========================================================================
Step = 184
Time = 18.4
Data = J
File = feb_inputs/active_camax/../../raw_logs/active_camax/camax_8.7_vol.txt

===== beginning time step 185 : 18.5 =====


Reforming stiffness matrix: reformation #1

 1
 Nonlinear solution status: time= 18.5
	stiffness updates             = 0
	right hand side evaluations   = 2
	stiffness matrix reformations = 1
	step from line search         = 1.000000
	convergence norms :     INITIAL         CURRENT         REQUIRED
	   residual            1.121440e+00    3.788376e-11    0.000000e+00 
	   energy              5.608347e-03    9.103192e-09    5.608347e-05 
	   displacement        2.752631e-04    2.752631e-04    2.752631e-10 
 2
 Nonlinear solution status: time= 18.5
	stiffness updates             = 1
	right hand side evaluations   = 3
	stiffness matrix reformations = 1
	step from line search         = 1.000000
	convergence norms :     INITIAL         CURRENT         REQUIRED
	   residual            1.121440e+00    1.698556e-17    0.000000e+00 
	   energy              5.608347e-03    3.367355e-16    5.608347e-05 
	   displacement        2.752631e-04    7.945432e-14    2.752662e-10 

convergence summary
    number of iterations   : 2
    number of reformations : 1

------- converged at time : 18.5


Data Record #1
===========================================================================
Step = 185
Time = 18.5
Data = uz
File = feb_inputs/active_camax/../../raw_logs/active_camax/camax_8.7_disp.txt

Data Record #2
===========================================================================
Step = 185
Time = 18.5
Data = sz
File = feb_inputs/active_camax/../../raw_logs/active_camax/camax_8.7_stress.txt

Data Record #3
===========================================================================
Step = 185
Time = 18.5
Data = J
File = feb_inputs/active_camax/../../raw_logs/active_camax/camax_8.7_vol.txt

===== beginning time step 186 : 18.6 =====


Reforming stiffness matrix: reformation #1

 1
 Nonlinear solution status: time= 18.6
	stiffness updates             = 0
	right hand side evaluations   = 2
	stiffness matrix reformations = 1
	step from line search         = 1.000000
	convergence norms :     INITIAL         CURRENT         REQUIRED
	   residual            1.176736e+00    3.470631e-11    0.000000e+00 
	   energy              5.952532e-03    9.918884e-09    5.952532e-05 
	   displacement        2.928115e-04    2.928115e-04    2.928115e-10 
 2
 Nonlinear solution status: time= 18.6
	stiffness updates             = 1
	right hand side evaluations   = 3
	stiffness matrix reformations = 1
	step from line search         = 1.000000
	convergence norms :     INITIAL         CURRENT         REQUIRED
	   residual            1.176736e+00    1.714143e-17    0.000000e+00 
	   energy              5.952532e-03    3.530737e-16    5.952532e-05 
	   displacement        2.928115e-04    8.391402e-14    2.928151e-10 

convergence summary
    number of iterations   : 2
    number of reformations : 1

------- converged at time : 18.6


Data Record #1
===========================================================================
Step = 186
Time = 18.6
Data = uz
File = feb_inputs/active_camax/../../raw_logs/active_camax/camax_8.7_disp.txt

Data Record #2
===========================================================================
Step = 186
Time = 18.6
Data = sz
File = feb_inputs/active_camax/../../raw_logs/active_camax/camax_8.7_stress.txt

Data Record #3
===========================================================================
Step = 186
Time = 18.6
Data = J
File = feb_inputs/active_camax/../../raw_logs/active_camax/camax_8.7_vol.txt

===== beginning time step 187 : 18.7 =====


Reforming stiffness matrix: reformation #1

 1
 Nonlinear solution status: time= 18.7
	stiffness updates             = 0
	right hand side evaluations   = 2
	stiffness matrix reformations = 1
	step from line search         = 1.000000
	convergence norms :     INITIAL         CURRENT         REQUIRED
	   residual            1.233513e+00    3.313603e-11    0.000000e+00 
	   energy              6.396427e-03    1.123551e-08    6.396427e-05 
	   displacement        3.168000e-04    3.168000e-04    3.168000e-10 
 2
 Nonlinear solution status: time= 18.7
	stiffness updates             = 1
	right hand side evaluations   = 3
	stiffness matrix reformations = 1
	step from line search         = 1.000000
	convergence norms :     INITIAL         CURRENT         REQUIRED
	   residual            1.233513e+00    1.770405e-17    0.000000e+00 
	   energy              6.396427e-03    3.760106e-16    6.396427e-05 
	   displacement        3.168000e-04    9.089725e-14    3.168042e-10 

convergence summary
    number of iterations   : 2
    number of reformations : 1

------- converged at time : 18.7


Data Record #1
===========================================================================
Step = 187
Time = 18.7
Data = uz
File = feb_inputs/active_camax/../../raw_logs/active_camax/camax_8.7_disp.txt

Data Record #2
===========================================================================
Step = 187
Time = 18.7
Data = sz
File = feb_inputs/active_camax/../../raw_logs/active_camax/camax_8.7_stress.txt

Data Record #3
===========================================================================
Step = 187
Time = 18.7
Data = J
File = feb_inputs/active_camax/../../raw_logs/active_camax/camax_8.7_vol.txt

===== beginning time step 188 : 18.8 =====


Reforming stiffness matrix: reformation #1

 1
 Nonlinear solution status: time= 18.8
	stiffness updates             = 0
	right hand side evaluations   = 2
	stiffness matrix reformations = 1
	step from line search         = 1.000000
	convergence norms :     INITIAL         CURRENT         REQUIRED
	   residual            1.292752e+00    3.180998e-11    0.000000e+00 
	   energy              6.966379e-03    1.300377e-08    6.966379e-05 
	   displacement        3.486446e-04    3.486446e-04    3.486446e-10 
 2
 Nonlinear solution status: time= 18.8
	stiffness updates             = 1
	right hand side evaluations   = 3
	stiffness matrix reformations = 1
	step from line search         = 1.000000
	convergence norms :     INITIAL         CURRENT         REQUIRED
	   residual            1.292752e+00    1.687783e-17    0.000000e+00 
	   energy              6.966379e-03    3.419088e-16    6.966379e-05 
	   displacement        3.486446e-04    9.423127e-14    3.486493e-10 

convergence summary
    number of iterations   : 2
    number of reformations : 1

------- converged at time : 18.8


Data Record #1
===========================================================================
Step = 188
Time = 18.8
Data = uz
File = feb_inputs/active_camax/../../raw_logs/active_camax/camax_8.7_disp.txt

Data Record #2
===========================================================================
Step = 188
Time = 18.8
Data = sz
File = feb_inputs/active_camax/../../raw_logs/active_camax/camax_8.7_stress.txt

Data Record #3
===========================================================================
Step = 188
Time = 18.8
Data = J
File = feb_inputs/active_camax/../../raw_logs/active_camax/camax_8.7_vol.txt

===== beginning time step 189 : 18.9 =====


Reforming stiffness matrix: reformation #1

 1
 Nonlinear solution status: time= 18.9
	stiffness updates             = 0
	right hand side evaluations   = 2
	stiffness matrix reformations = 1
	step from line search         = 1.000000
	convergence norms :     INITIAL         CURRENT         REQUIRED
	   residual            1.363148e+00    2.417425e-11    0.000000e+00 
	   energy              7.685573e-03    1.518811e-08    7.685573e-05 
	   displacement        3.892248e-04    3.892248e-04    3.892248e-10 
 2
 Nonlinear solution status: time= 18.9
	stiffness updates             = 1
	right hand side evaluations   = 3
	stiffness matrix reformations = 1
	step from line search         = 1.000000
	convergence norms :     INITIAL         CURRENT         REQUIRED
	   residual            1.363148e+00    1.267160e-17    0.000000e+00 
	   energy              7.685573e-03    2.729186e-16    7.685573e-05 
	   displacement        3.892248e-04    9.127540e-14    3.892300e-10 

convergence summary
    number of iterations   : 2
    number of reformations : 1

------- converged at time : 18.9


Data Record #1
===========================================================================
Step = 189
Time = 18.9
Data = uz
File = feb_inputs/active_camax/../../raw_logs/active_camax/camax_8.7_disp.txt

Data Record #2
===========================================================================
Step = 189
Time = 18.9
Data = sz
File = feb_inputs/active_camax/../../raw_logs/active_camax/camax_8.7_stress.txt

Data Record #3
===========================================================================
Step = 189
Time = 18.9
Data = J
File = feb_inputs/active_camax/../../raw_logs/active_camax/camax_8.7_vol.txt

===== beginning time step 190 : 19 =====


Reforming stiffness matrix: reformation #1

 1
 Nonlinear solution status: time= 19
	stiffness updates             = 0
	right hand side evaluations   = 2
	stiffness matrix reformations = 1
	step from line search         = 1.000000
	convergence norms :     INITIAL         CURRENT         REQUIRED
	   residual            1.455508e+00    2.183783e-11    0.000000e+00 
	   energy              8.564513e-03    1.872172e-08    8.564513e-05 
	   displacement        4.386019e-04    4.386019e-04    4.386019e-10 
 2
 Nonlinear solution status: time= 19
	stiffness updates             = 1
	right hand side evaluations   = 3
	stiffness matrix reformations = 1
	step from line search         = 1.000000
	convergence norms :     INITIAL         CURRENT         REQUIRED
	   residual            1.455508e+00    1.046944e-17    0.000000e+00 
	   energy              8.564513e-03    2.618226e-16    8.564513e-05 
	   displacement        4.386019e-04    9.796026e-14    4.386080e-10 

convergence summary
    number of iterations   : 2
    number of reformations : 1

------- converged at time : 19


Data Record #1
===========================================================================
Step = 190
Time = 19
Data = uz
File = feb_inputs/active_camax/../../raw_logs/active_camax/camax_8.7_disp.txt

Data Record #2
===========================================================================
Step = 190
Time = 19
Data = sz
File = feb_inputs/active_camax/../../raw_logs/active_camax/camax_8.7_stress.txt

Data Record #3
===========================================================================
Step = 190
Time = 19
Data = J
File = feb_inputs/active_camax/../../raw_logs/active_camax/camax_8.7_vol.txt

===== beginning time step 191 : 19.1 =====


Reforming stiffness matrix: reformation #1

 1
 Nonlinear solution status: time= 19.1
	stiffness updates             = 0
	right hand side evaluations   = 2
	stiffness matrix reformations = 1
	step from line search         = 1.000000
	convergence norms :     INITIAL         CURRENT         REQUIRED
	   residual            1.571247e+00    2.747890e-11    0.000000e+00 
	   energy              9.586755e-03    2.436292e-08    9.586755e-05 
	   displacement        4.948390e-04    4.948390e-04    4.948390e-10 
 2
 Nonlinear solution status: time= 19.1
	stiffness updates             = 1
	right hand side evaluations   = 3
	stiffness matrix reformations = 1
	step from line search         = 1.000000
	convergence norms :     INITIAL         CURRENT         REQUIRED
	   residual            1.571247e+00    1.311360e-17    0.000000e+00 
	   energy              9.586755e-03    2.895398e-16    9.586755e-05 
	   displacement        4.948390e-04    1.188375e-13    4.948465e-10 

convergence summary
    number of iterations   : 2
    number of reformations : 1

------- converged at time : 19.1


Data Record #1
===========================================================================
Step = 191
Time = 19.1
Data = uz
File = feb_inputs/active_camax/../../raw_logs/active_camax/camax_8.7_disp.txt

Data Record #2
===========================================================================
Step = 191
Time = 19.1
Data = sz
File = feb_inputs/active_camax/../../raw_logs/active_camax/camax_8.7_stress.txt

Data Record #3
===========================================================================
Step = 191
Time = 19.1
Data = J
File = feb_inputs/active_camax/../../raw_logs/active_camax/camax_8.7_vol.txt

===== beginning time step 192 : 19.2 =====


Reforming stiffness matrix: reformation #1

 1
 Nonlinear solution status: time= 19.2
	stiffness updates             = 0
	right hand side evaluations   = 2
	stiffness matrix reformations = 1
	step from line search         = 1.000000
	convergence norms :     INITIAL         CURRENT         REQUIRED
	   residual            1.707595e+00    3.121048e-11    0.000000e+00 
	   energy              1.070999e-02    3.066719e-08    1.070999e-04 
	   displacement        5.551897e-04    5.551897e-04    5.551897e-10 
 2
 Nonlinear solution status: time= 19.2
	stiffness updates             = 1
	right hand side evaluations   = 3
	stiffness matrix reformations = 1
	step from line search         = 1.000000
	convergence norms :     INITIAL         CURRENT         REQUIRED
	   residual            1.707595e+00    1.439717e-17    0.000000e+00 
	   energy              1.070999e-02    2.730208e-16    1.070999e-04 
	   displacement        5.551897e-04    1.325300e-13    5.551986e-10 

convergence summary
    number of iterations   : 2
    number of reformations : 1

------- converged at time : 19.2


Data Record #1
===========================================================================
Step = 192
Time = 19.2
Data = uz
File = feb_inputs/active_camax/../../raw_logs/active_camax/camax_8.7_disp.txt

Data Record #2
===========================================================================
Step = 192
Time = 19.2
Data = sz
File = feb_inputs/active_camax/../../raw_logs/active_camax/camax_8.7_stress.txt

Data Record #3
===========================================================================
Step = 192
Time = 19.2
Data = J
File = feb_inputs/active_camax/../../raw_logs/active_camax/camax_8.7_vol.txt

===== beginning time step 193 : 19.3 =====


Reforming stiffness matrix: reformation #1

 1
 Nonlinear solution status: time= 19.3
	stiffness updates             = 0
	right hand side evaluations   = 2
	stiffness matrix reformations = 1
	step from line search         = 1.000000
	convergence norms :     INITIAL         CURRENT         REQUIRED
	   residual            1.864111e+00    3.986576e-11    0.000000e+00 
	   energy              1.188050e-02    3.543418e-08    1.188050e-04 
	   displacement        6.169392e-04    6.169392e-04    6.169392e-10 
 2
 Nonlinear solution status: time= 19.3
	stiffness updates             = 1
	right hand side evaluations   = 3
	stiffness matrix reformations = 1
	step from line search         = 1.000000
	convergence norms :     INITIAL         CURRENT         REQUIRED
	   residual            1.864111e+00    1.489749e-17    0.000000e+00 
	   energy              1.188050e-02    2.481611e-16    1.188050e-04 
	   displacement        6.169392e-04    1.443404e-13    6.169493e-10 

convergence summary
    number of iterations   : 2
    number of reformations : 1

------- converged at time : 19.3


Data Record #1
===========================================================================
Step = 193
Time = 19.3
Data = uz
File = feb_inputs/active_camax/../../raw_logs/active_camax/camax_8.7_disp.txt

Data Record #2
===========================================================================
Step = 193
Time = 19.3
Data = sz
File = feb_inputs/active_camax/../../raw_logs/active_camax/camax_8.7_stress.txt

Data Record #3
===========================================================================
Step = 193
Time = 19.3
Data = J
File = feb_inputs/active_camax/../../raw_logs/active_camax/camax_8.7_vol.txt

===== beginning time step 194 : 19.4 =====


Reforming stiffness matrix: reformation #1

 1
 Nonlinear solution status: time= 19.4
	stiffness updates             = 0
	right hand side evaluations   = 2
	stiffness matrix reformations = 1
	step from line search         = 1.000000
	convergence norms :     INITIAL         CURRENT         REQUIRED
	   residual            2.038330e+00    4.262865e-11    0.000000e+00 
	   energy              1.304280e-02    3.741050e-08    1.304280e-04 
	   displacement        6.752840e-04    6.752840e-04    6.752840e-10 
 2
 Nonlinear solution status: time= 19.4
	stiffness updates             = 1
	right hand side evaluations   = 3
	stiffness matrix reformations = 1
	step from line search         = 1.000000
	convergence norms :     INITIAL         CURRENT         REQUIRED
	   residual            2.038330e+00    1.554539e-17    0.000000e+00 
	   energy              1.304280e-02    2.280931e-16    1.304280e-04 
	   displacement        6.752840e-04    1.503683e-13    6.752947e-10 

convergence summary
    number of iterations   : 2
    number of reformations : 1

------- converged at time : 19.4


Data Record #1
===========================================================================
Step = 194
Time = 19.4
Data = uz
File = feb_inputs/active_camax/../../raw_logs/active_camax/camax_8.7_disp.txt

Data Record #2
===========================================================================
Step = 194
Time = 19.4
Data = sz
File = feb_inputs/active_camax/../../raw_logs/active_camax/camax_8.7_stress.txt

Data Record #3
===========================================================================
Step = 194
Time = 19.4
Data = J
File = feb_inputs/active_camax/../../raw_logs/active_camax/camax_8.7_vol.txt

===== beginning time step 195 : 19.5 =====


Reforming stiffness matrix: reformation #1

 1
 Nonlinear solution status: time= 19.5
	stiffness updates             = 0
	right hand side evaluations   = 2
	stiffness matrix reformations = 1
	step from line search         = 1.000000
	convergence norms :     INITIAL         CURRENT         REQUIRED
	   residual            2.224590e+00    3.397604e-11    0.000000e+00 
	   energy              1.415454e-02    3.725207e-08    1.415454e-04 
	   displacement        7.258815e-04    7.258815e-04    7.258815e-10 
 2
 Nonlinear solution status: time= 19.5
	stiffness updates             = 1
	right hand side evaluations   = 3
	stiffness matrix reformations = 1
	step from line search         = 1.000000
	convergence norms :     INITIAL         CURRENT         REQUIRED
	   residual            2.224590e+00    1.202006e-17    0.000000e+00 
	   energy              1.415454e-02    1.798975e-16    1.415454e-04 
	   displacement        7.258815e-04    1.468103e-13    7.258919e-10 

convergence summary
    number of iterations   : 2
    number of reformations : 1

------- converged at time : 19.5


Data Record #1
===========================================================================
Step = 195
Time = 19.5
Data = uz
File = feb_inputs/active_camax/../../raw_logs/active_camax/camax_8.7_disp.txt

Data Record #2
===========================================================================
Step = 195
Time = 19.5
Data = sz
File = feb_inputs/active_camax/../../raw_logs/active_camax/camax_8.7_stress.txt

Data Record #3
===========================================================================
Step = 195
Time = 19.5
Data = J
File = feb_inputs/active_camax/../../raw_logs/active_camax/camax_8.7_vol.txt

===== beginning time step 196 : 19.6 =====


Reforming stiffness matrix: reformation #1

 1
 Nonlinear solution status: time= 19.6
	stiffness updates             = 0
	right hand side evaluations   = 2
	stiffness matrix reformations = 1
	step from line search         = 1.000000
	convergence norms :     INITIAL         CURRENT         REQUIRED
	   residual            2.416741e+00    2.867452e-11    0.000000e+00 
	   energy              1.519568e-02    3.684364e-08    1.519568e-04 
	   displacement        7.694938e-04    7.694938e-04    7.694938e-10 
 2
 Nonlinear solution status: time= 19.6
	stiffness updates             = 1
	right hand side evaluations   = 3
	stiffness matrix reformations = 1
	step from line search         = 1.000000
	convergence norms :     INITIAL         CURRENT         REQUIRED
	   residual            2.416741e+00    9.164841e-18    0.000000e+00 
	   energy              1.519568e-02    1.678075e-16    1.519568e-04 
	   displacement        7.694938e-04    1.463256e-13    7.695039e-10 

convergence summary
    number of iterations   : 2
    number of reformations : 1

------- converged at time : 19.6


Data Record #1
===========================================================================
Step = 196
Time = 19.6
Data = uz
File = feb_inputs/active_camax/../../raw_logs/active_camax/camax_8.7_disp.txt

Data Record #2
===========================================================================
Step = 196
Time = 19.6
Data = sz
File = feb_inputs/active_camax/../../raw_logs/active_camax/camax_8.7_stress.txt

Data Record #3
===========================================================================
Step = 196
Time = 19.6
Data = J
File = feb_inputs/active_camax/../../raw_logs/active_camax/camax_8.7_vol.txt

===== beginning time step 197 : 19.7 =====


Reforming stiffness matrix: reformation #1

 1
 Nonlinear solution status: time= 19.7
	stiffness updates             = 0
	right hand side evaluations   = 2
	stiffness matrix reformations = 1
	step from line search         = 1.000000
	convergence norms :     INITIAL         CURRENT         REQUIRED
	   residual            2.608341e+00    2.730425e-11    0.000000e+00 
	   energy              1.616756e-02    3.690286e-08    1.616756e-04 
	   displacement        8.093892e-04    8.093892e-04    8.093892e-10 
 2
 Nonlinear solution status: time= 19.7
	stiffness updates             = 1
	right hand side evaluations   = 3
	stiffness matrix reformations = 1
	step from line search         = 1.000000
	convergence norms :     INITIAL         CURRENT         REQUIRED
	   residual            2.608341e+00    8.375271e-18    0.000000e+00 
	   energy              1.616756e-02    1.832203e-16    1.616756e-04 
	   displacement        8.093892e-04    1.493038e-13    8.093989e-10 

convergence summary
    number of iterations   : 2
    number of reformations : 1

------- converged at time : 19.7


Data Record #1
===========================================================================
Step = 197
Time = 19.7
Data = uz
File = feb_inputs/active_camax/../../raw_logs/active_camax/camax_8.7_disp.txt

Data Record #2
===========================================================================
Step = 197
Time = 19.7
Data = sz
File = feb_inputs/active_camax/../../raw_logs/active_camax/camax_8.7_stress.txt

Data Record #3
===========================================================================
Step = 197
Time = 19.7
Data = J
File = feb_inputs/active_camax/../../raw_logs/active_camax/camax_8.7_vol.txt

===== beginning time step 198 : 19.8 =====


Reforming stiffness matrix: reformation #1

 1
 Nonlinear solution status: time= 19.8
	stiffness updates             = 0
	right hand side evaluations   = 2
	stiffness matrix reformations = 1
	step from line search         = 1.000000
	convergence norms :     INITIAL         CURRENT         REQUIRED
	   residual            2.794594e+00    2.839490e-11    0.000000e+00 
	   energy              1.708560e-02    3.606674e-08    1.708560e-04 
	   displacement        8.470385e-04    8.470385e-04    8.470385e-10 
 2
 Nonlinear solution status: time= 19.8
	stiffness updates             = 1
	right hand side evaluations   = 3
	stiffness matrix reformations = 1
	step from line search         = 1.000000
	convergence norms :     INITIAL         CURRENT         REQUIRED
	   residual            2.794594e+00    1.099204e-17    0.000000e+00 
	   energy              1.708560e-02    2.144787e-16    1.708560e-04 
	   displacement        8.470385e-04    1.512435e-13    8.470479e-10 

convergence summary
    number of iterations   : 2
    number of reformations : 1

------- converged at time : 19.8


Data Record #1
===========================================================================
Step = 198
Time = 19.8
Data = uz
File = feb_inputs/active_camax/../../raw_logs/active_camax/camax_8.7_disp.txt

Data Record #2
===========================================================================
Step = 198
Time = 19.8
Data = sz
File = feb_inputs/active_camax/../../raw_logs/active_camax/camax_8.7_stress.txt

Data Record #3
===========================================================================
Step = 198
Time = 19.8
Data = J
File = feb_inputs/active_camax/../../raw_logs/active_camax/camax_8.7_vol.txt

===== beginning time step 199 : 19.9 =====


Reforming stiffness matrix: reformation #1

 1
 Nonlinear solution status: time= 19.9
	stiffness updates             = 0
	right hand side evaluations   = 2
	stiffness matrix reformations = 1
	step from line search         = 1.000000
	convergence norms :     INITIAL         CURRENT         REQUIRED
	   residual            2.975632e+00    2.705470e-11    0.000000e+00 
	   energy              1.796961e-02    3.360195e-08    1.796961e-04 
	   displacement        8.843055e-04    8.843055e-04    8.843055e-10 
 2
 Nonlinear solution status: time= 19.9
	stiffness updates             = 1
	right hand side evaluations   = 3
	stiffness matrix reformations = 1
	step from line search         = 1.000000
	convergence norms :     INITIAL         CURRENT         REQUIRED
	   residual            2.975632e+00    1.278803e-17    0.000000e+00 
	   energy              1.796961e-02    2.515708e-16    1.796961e-04 
	   displacement        8.843055e-04    1.527511e-13    8.843146e-10 

convergence summary
    number of iterations   : 2
    number of reformations : 1

------- converged at time : 19.9


Data Record #1
===========================================================================
Step = 199
Time = 19.9
Data = uz
File = feb_inputs/active_camax/../../raw_logs/active_camax/camax_8.7_disp.txt

Data Record #2
===========================================================================
Step = 199
Time = 19.9
Data = sz
File = feb_inputs/active_camax/../../raw_logs/active_camax/camax_8.7_stress.txt

Data Record #3
===========================================================================
Step = 199
Time = 19.9
Data = J
File = feb_inputs/active_camax/../../raw_logs/active_camax/camax_8.7_vol.txt

===== beginning time step 200 : 20 =====


Reforming stiffness matrix: reformation #1

 1
 Nonlinear solution status: time= 20
	stiffness updates             = 0
	right hand side evaluations   = 2
	stiffness matrix reformations = 1
	step from line search         = 1.000000
	convergence norms :     INITIAL         CURRENT         REQUIRED
	   residual            3.153560e+00    2.859994e-11    0.000000e+00 
	   energy              1.883627e-02    3.056310e-08    1.883627e-04 
	   displacement        9.230504e-04    9.230504e-04    9.230504e-10 
 2
 Nonlinear solution status: time= 20
	stiffness updates             = 1
	right hand side evaluations   = 3
	stiffness matrix reformations = 1
	step from line search         = 1.000000
	convergence norms :     INITIAL         CURRENT         REQUIRED
	   residual            3.153560e+00    1.207960e-17    0.000000e+00 
	   energy              1.883627e-02    2.631831e-16    1.883627e-04 
	   displacement        9.230504e-04    1.519574e-13    9.230594e-10 

convergence summary
    number of iterations   : 2
    number of reformations : 1

------- converged at time : 20


Data Record #1
===========================================================================
Step = 200
Time = 20
Data = uz
File = feb_inputs/active_camax/../../raw_logs/active_camax/camax_8.7_disp.txt

Data Record #2
===========================================================================
Step = 200
Time = 20
Data = sz
File = feb_inputs/active_camax/../../raw_logs/active_camax/camax_8.7_stress.txt

Data Record #3
===========================================================================
Step = 200
Time = 20
Data = J
File = feb_inputs/active_camax/../../raw_logs/active_camax/camax_8.7_vol.txt

===== beginning time step 201 : 20.1 =====


Reforming stiffness matrix: reformation #1

 1
 Nonlinear solution status: time= 20.1
	stiffness updates             = 0
	right hand side evaluations   = 2
	stiffness matrix reformations = 1
	step from line search         = 1.000000
	convergence norms :     INITIAL         CURRENT         REQUIRED
	   residual            3.336774e+00    3.504891e-11    0.000000e+00 
	   energy              1.969982e-02    2.856611e-08    1.969982e-04 
	   displacement        9.623453e-04    9.623453e-04    9.623453e-10 
 2
 Nonlinear solution status: time= 20.1
	stiffness updates             = 1
	right hand side evaluations   = 3
	stiffness matrix reformations = 1
	step from line search         = 1.000000
	convergence norms :     INITIAL         CURRENT         REQUIRED
	   residual            3.336774e+00    1.430654e-17    0.000000e+00 
	   energy              1.969982e-02    2.823641e-16    1.969982e-04 
	   displacement        9.623453e-04    1.499431e-13    9.623538e-10 

convergence summary
    number of iterations   : 2
    number of reformations : 1

------- converged at time : 20.1


Data Record #1
===========================================================================
Step = 201
Time = 20.1
Data = uz
File = feb_inputs/active_camax/../../raw_logs/active_camax/camax_8.7_disp.txt

Data Record #2
===========================================================================
Step = 201
Time = 20.1
Data = sz
File = feb_inputs/active_camax/../../raw_logs/active_camax/camax_8.7_stress.txt

Data Record #3
===========================================================================
Step = 201
Time = 20.1
Data = J
File = feb_inputs/active_camax/../../raw_logs/active_camax/camax_8.7_vol.txt

===== beginning time step 202 : 20.2 =====


Reforming stiffness matrix: reformation #1

 1
 Nonlinear solution status: time= 20.2
	stiffness updates             = 0
	right hand side evaluations   = 2
	stiffness matrix reformations = 1
	step from line search         = 1.000000
	convergence norms :     INITIAL         CURRENT         REQUIRED
	   residual            3.544673e+00    4.276532e-11    0.000000e+00 
	   energy              2.057627e-02    2.849186e-08    2.057627e-04 
	   displacement        9.998202e-04    9.998202e-04    9.998202e-10 
 2
 Nonlinear solution status: time= 20.2
	stiffness updates             = 1
	right hand side evaluations   = 3
	stiffness matrix reformations = 1
	step from line search         = 1.000000
	convergence norms :     INITIAL         CURRENT         REQUIRED
	   residual            3.544673e+00    2.094348e-17    0.000000e+00 
	   energy              2.057627e-02    3.526695e-16    2.057627e-04 
	   displacement        9.998202e-04    1.521599e-13    9.998277e-10 

convergence summary
    number of iterations   : 2
    number of reformations : 1

------- converged at time : 20.2


Data Record #1
===========================================================================
Step = 202
Time = 20.2
Data = uz
File = feb_inputs/active_camax/../../raw_logs/active_camax/camax_8.7_disp.txt

Data Record #2
===========================================================================
Step = 202
Time = 20.2
Data = sz
File = feb_inputs/active_camax/../../raw_logs/active_camax/camax_8.7_stress.txt

Data Record #3
===========================================================================
Step = 202
Time = 20.2
Data = J
File = feb_inputs/active_camax/../../raw_logs/active_camax/camax_8.7_vol.txt

===== beginning time step 203 : 20.3 =====


Reforming stiffness matrix: reformation #1

 1
 Nonlinear solution status: time= 20.3
	stiffness updates             = 0
	right hand side evaluations   = 2
	stiffness matrix reformations = 1
	step from line search         = 1.000000
	convergence norms :     INITIAL         CURRENT         REQUIRED
	   residual            3.790737e+00    5.379978e-11    0.000000e+00 
	   energy              2.148479e-02    2.904117e-08    2.148479e-04 
	   displacement        1.034372e-03    1.034372e-03    1.034372e-09 
 2
 Nonlinear solution status: time= 20.3
	stiffness updates             = 1
	right hand side evaluations   = 3
	stiffness matrix reformations = 1
	step from line search         = 1.000000
	convergence norms :     INITIAL         CURRENT         REQUIRED
	   residual            3.790737e+00    2.861329e-17    0.000000e+00 
	   energy              2.148479e-02    4.191352e-16    2.148479e-04 
	   displacement        1.034372e-03    1.552906e-13    1.034378e-09 

convergence summary
    number of iterations   : 2
    number of reformations : 1

------- converged at time : 20.3


Data Record #1
===========================================================================
Step = 203
Time = 20.3
Data = uz
File = feb_inputs/active_camax/../../raw_logs/active_camax/camax_8.7_disp.txt

Data Record #2
===========================================================================
Step = 203
Time = 20.3
Data = sz
File = feb_inputs/active_camax/../../raw_logs/active_camax/camax_8.7_stress.txt

Data Record #3
===========================================================================
Step = 203
Time = 20.3
Data = J
File = feb_inputs/active_camax/../../raw_logs/active_camax/camax_8.7_vol.txt

===== beginning time step 204 : 20.4 =====


Reforming stiffness matrix: reformation #1

 1
 Nonlinear solution status: time= 20.4
	stiffness updates             = 0
	right hand side evaluations   = 2
	stiffness matrix reformations = 1
	step from line search         = 1.000000
	convergence norms :     INITIAL         CURRENT         REQUIRED
	   residual            4.073880e+00    7.029056e-11    0.000000e+00 
	   energy              2.245682e-02    2.867246e-08    2.245682e-04 
	   displacement        1.068238e-03    1.068238e-03    1.068238e-09 
 2
 Nonlinear solution status: time= 20.4
	stiffness updates             = 1
	right hand side evaluations   = 3
	stiffness matrix reformations = 1
	step from line search         = 1.000000
	convergence norms :     INITIAL         CURRENT         REQUIRED
	   residual            4.073880e+00    3.714330e-17    0.000000e+00 
	   energy              2.245682e-02    4.970666e-16    2.245682e-04 
	   displacement        1.068238e-03    1.534349e-13    1.068244e-09 

convergence summary
    number of iterations   : 2
    number of reformations : 1

------- converged at time : 20.4


Data Record #1
===========================================================================
Step = 204
Time = 20.4
Data = uz
File = feb_inputs/active_camax/../../raw_logs/active_camax/camax_8.7_disp.txt

Data Record #2
===========================================================================
Step = 204
Time = 20.4
Data = sz
File = feb_inputs/active_camax/../../raw_logs/active_camax/camax_8.7_stress.txt

Data Record #3
===========================================================================
Step = 204
Time = 20.4
Data = J
File = feb_inputs/active_camax/../../raw_logs/active_camax/camax_8.7_vol.txt

===== beginning time step 205 : 20.5 =====


Reforming stiffness matrix: reformation #1

 1
 Nonlinear solution status: time= 20.5
	stiffness updates             = 0
	right hand side evaluations   = 2
	stiffness matrix reformations = 1
	step from line search         = 1.000000
	convergence norms :     INITIAL         CURRENT         REQUIRED
	   residual            4.385630e+00    1.001435e-10    0.000000e+00 
	   energy              2.352025e-02    2.750177e-08    2.352025e-04 
	   displacement        1.106139e-03    1.106139e-03    1.106139e-09 
 2
 Nonlinear solution status: time= 20.5
	stiffness updates             = 1
	right hand side evaluations   = 3
	stiffness matrix reformations = 1
	step from line search         = 1.000000
	convergence norms :     INITIAL         CURRENT         REQUIRED
	   residual            4.385630e+00    4.873387e-17    0.000000e+00 
	   energy              2.352025e-02    6.406245e-16    2.352025e-04 
	   displacement        1.106139e-03    1.514170e-13    1.106143e-09 

convergence summary
    number of iterations   : 2
    number of reformations : 1

------- converged at time : 20.5


Data Record #1
===========================================================================
Step = 205
Time = 20.5
Data = uz
File = feb_inputs/active_camax/../../raw_logs/active_camax/camax_8.7_disp.txt

Data Record #2
===========================================================================
Step = 205
Time = 20.5
Data = sz
File = feb_inputs/active_camax/../../raw_logs/active_camax/camax_8.7_stress.txt

Data Record #3
===========================================================================
Step = 205
Time = 20.5
Data = J
File = feb_inputs/active_camax/../../raw_logs/active_camax/camax_8.7_vol.txt

===== beginning time step 206 : 20.6 =====


Reforming stiffness matrix: reformation #1

 1
 Nonlinear solution status: time= 20.6
	stiffness updates             = 0
	right hand side evaluations   = 2
	stiffness matrix reformations = 1
	step from line search         = 1.000000
	convergence norms :     INITIAL         CURRENT         REQUIRED
	   residual            4.706236e+00    1.301841e-10    0.000000e+00 
	   energy              2.467221e-02    2.648350e-08    2.467221e-04 
	   displacement        1.150285e-03    1.150285e-03    1.150285e-09 
 2
 Nonlinear solution status: time= 20.6
	stiffness updates             = 1
	right hand side evaluations   = 3
	stiffness matrix reformations = 1
	step from line search         = 1.000000
	convergence norms :     INITIAL         CURRENT         REQUIRED
	   residual            4.706236e+00    6.241486e-17    0.000000e+00 
	   energy              2.467221e-02    7.490874e-16    2.467221e-04 
	   displacement        1.150285e-03    1.471837e-13    1.150288e-09 

convergence summary
    number of iterations   : 2
    number of reformations : 1

------- converged at time : 20.6


Data Record #1
===========================================================================
Step = 206
Time = 20.6
Data = uz
File = feb_inputs/active_camax/../../raw_logs/active_camax/camax_8.7_disp.txt

Data Record #2
===========================================================================
Step = 206
Time = 20.6
Data = sz
File = feb_inputs/active_camax/../../raw_logs/active_camax/camax_8.7_stress.txt

Data Record #3
===========================================================================
Step = 206
Time = 20.6
Data = J
File = feb_inputs/active_camax/../../raw_logs/active_camax/camax_8.7_vol.txt

===== beginning time step 207 : 20.7 =====


Reforming stiffness matrix: reformation #1

 1
 Nonlinear solution status: time= 20.7
	stiffness updates             = 0
	right hand side evaluations   = 2
	stiffness matrix reformations = 1
	step from line search         = 1.000000
	convergence norms :     INITIAL         CURRENT         REQUIRED
	   residual            5.010132e+00    1.465563e-10    0.000000e+00 
	   energy              2.587336e-02    2.684478e-08    2.587336e-04 
	   displacement        1.199606e-03    1.199606e-03    1.199606e-09 
 2
 Nonlinear solution status: time= 20.7
	stiffness updates             = 1
	right hand side evaluations   = 3
	stiffness matrix reformations = 1
	step from line search         = 1.000000
	convergence norms :     INITIAL         CURRENT         REQUIRED
	   residual            5.010132e+00    6.714385e-17    0.000000e+00 
	   energy              2.587336e-02    8.208158e-16    2.587336e-04 
	   displacement        1.199606e-03    1.492723e-13    1.199609e-09 

convergence summary
    number of iterations   : 2
    number of reformations : 1

------- converged at time : 20.7


Data Record #1
===========================================================================
Step = 207
Time = 20.7
Data = uz
File = feb_inputs/active_camax/../../raw_logs/active_camax/camax_8.7_disp.txt

Data Record #2
===========================================================================
Step = 207
Time = 20.7
Data = sz
File = feb_inputs/active_camax/../../raw_logs/active_camax/camax_8.7_stress.txt

Data Record #3
===========================================================================
Step = 207
Time = 20.7
Data = J
File = feb_inputs/active_camax/../../raw_logs/active_camax/camax_8.7_vol.txt

===== beginning time step 208 : 20.8 =====


Reforming stiffness matrix: reformation #1

 1
 Nonlinear solution status: time= 20.8
	stiffness updates             = 0
	right hand side evaluations   = 2
	stiffness matrix reformations = 1
	step from line search         = 1.000000
	convergence norms :     INITIAL         CURRENT         REQUIRED
	   residual            5.282016e+00    1.513054e-10    0.000000e+00 
	   energy              2.706779e-02    2.888141e-08    2.706779e-04 
	   displacement        1.253887e-03    1.253887e-03    1.253887e-09 
 2
 Nonlinear solution status: time= 20.8
	stiffness updates             = 1
	right hand side evaluations   = 3
	stiffness matrix reformations = 1
	step from line search         = 1.000000
	convergence norms :     INITIAL         CURRENT         REQUIRED
	   residual            5.282016e+00    6.955464e-17    0.000000e+00 
	   energy              2.706779e-02    8.963895e-16    2.706779e-04 
	   displacement        1.253887e-03    1.599348e-13    1.253891e-09 

convergence summary
    number of iterations   : 2
    number of reformations : 1

------- converged at time : 20.8


Data Record #1
===========================================================================
Step = 208
Time = 20.8
Data = uz
File = feb_inputs/active_camax/../../raw_logs/active_camax/camax_8.7_disp.txt

Data Record #2
===========================================================================
Step = 208
Time = 20.8
Data = sz
File = feb_inputs/active_camax/../../raw_logs/active_camax/camax_8.7_stress.txt

Data Record #3
===========================================================================
Step = 208
Time = 20.8
Data = J
File = feb_inputs/active_camax/../../raw_logs/active_camax/camax_8.7_vol.txt

===== beginning time step 209 : 20.9 =====


Reforming stiffness matrix: reformation #1

 1
 Nonlinear solution status: time= 20.9
	stiffness updates             = 0
	right hand side evaluations   = 2
	stiffness matrix reformations = 1
	step from line search         = 1.000000
	convergence norms :     INITIAL         CURRENT         REQUIRED
	   residual            5.516805e+00    1.466028e-10    0.000000e+00 
	   energy              2.820647e-02    3.168831e-08    2.820647e-04 
	   displacement        1.310756e-03    1.310756e-03    1.310756e-09 
 2
 Nonlinear solution status: time= 20.9
	stiffness updates             = 1
	right hand side evaluations   = 3
	stiffness matrix reformations = 1
	step from line search         = 1.000000
	convergence norms :     INITIAL         CURRENT         REQUIRED
	   residual            5.516805e+00    7.516160e-17    0.000000e+00 
	   energy              2.820647e-02    9.972958e-16    2.820647e-04 
	   displacement        1.310756e-03    1.740627e-13    1.310760e-09 

convergence summary
    number of iterations   : 2
    number of reformations : 1

------- converged at time : 20.9


Data Record #1
===========================================================================
Step = 209
Time = 20.9
Data = uz
File = feb_inputs/active_camax/../../raw_logs/active_camax/camax_8.7_disp.txt

Data Record #2
===========================================================================
Step = 209
Time = 20.9
Data = sz
File = feb_inputs/active_camax/../../raw_logs/active_camax/camax_8.7_stress.txt

Data Record #3
===========================================================================
Step = 209
Time = 20.9
Data = J
File = feb_inputs/active_camax/../../raw_logs/active_camax/camax_8.7_vol.txt

===== beginning time step 210 : 21 =====


Reforming stiffness matrix: reformation #1

 1
 Nonlinear solution status: time= 21
	stiffness updates             = 0
	right hand side evaluations   = 2
	stiffness matrix reformations = 1
	step from line search         = 1.000000
	convergence norms :     INITIAL         CURRENT         REQUIRED
	   residual            5.711104e+00    1.502388e-10    0.000000e+00 
	   energy              2.924775e-02    3.330109e-08    2.924775e-04 
	   displacement        1.365042e-03    1.365042e-03    1.365042e-09 
 2
 Nonlinear solution status: time= 21
	stiffness updates             = 1
	right hand side evaluations   = 3
	stiffness matrix reformations = 1
	step from line search         = 1.000000
	convergence norms :     INITIAL         CURRENT         REQUIRED
	   residual            5.711104e+00    8.473499e-17    0.000000e+00 
	   energy              2.924775e-02    1.086692e-15    2.924775e-04 
	   displacement        1.365042e-03    1.848331e-13    1.365047e-09 

convergence summary
    number of iterations   : 2
    number of reformations : 1

------- converged at time : 21


Data Record #1
===========================================================================
Step = 210
Time = 21
Data = uz
File = feb_inputs/active_camax/../../raw_logs/active_camax/camax_8.7_disp.txt

Data Record #2
===========================================================================
Step = 210
Time = 21
Data = sz
File = feb_inputs/active_camax/../../raw_logs/active_camax/camax_8.7_stress.txt

Data Record #3
===========================================================================
Step = 210
Time = 21
Data = J
File = feb_inputs/active_camax/../../raw_logs/active_camax/camax_8.7_vol.txt

===== beginning time step 211 : 21.1 =====


Reforming stiffness matrix: reformation #1

 1
 Nonlinear solution status: time= 21.1
	stiffness updates             = 0
	right hand side evaluations   = 2
	stiffness matrix reformations = 1
	step from line search         = 1.000000
	convergence norms :     INITIAL         CURRENT         REQUIRED
	   residual            5.854985e+00    1.516859e-10    0.000000e+00 
	   energy              3.014755e-02    3.241757e-08    3.014755e-04 
	   displacement        1.413830e-03    1.413830e-03    1.413830e-09 
 2
 Nonlinear solution status: time= 21.1
	stiffness updates             = 1
	right hand side evaluations   = 3
	stiffness matrix reformations = 1
	step from line search         = 1.000000
	convergence norms :     INITIAL         CURRENT         REQUIRED
	   residual            5.854985e+00    8.989256e-17    0.000000e+00 
	   energy              3.014755e-02    1.101501e-15    3.014755e-04 
	   displacement        1.413830e-03    1.854081e-13    1.413835e-09 

convergence summary
    number of iterations   : 2
    number of reformations : 1

------- converged at time : 21.1


Data Record #1
===========================================================================
Step = 211
Time = 21.1
Data = uz
File = feb_inputs/active_camax/../../raw_logs/active_camax/camax_8.7_disp.txt

Data Record #2
===========================================================================
Step = 211
Time = 21.1
Data = sz
File = feb_inputs/active_camax/../../raw_logs/active_camax/camax_8.7_stress.txt

Data Record #3
===========================================================================
Step = 211
Time = 21.1
Data = J
File = feb_inputs/active_camax/../../raw_logs/active_camax/camax_8.7_vol.txt

===== beginning time step 212 : 21.2 =====


Reforming stiffness matrix: reformation #1

 1
 Nonlinear solution status: time= 21.2
	stiffness updates             = 0
	right hand side evaluations   = 2
	stiffness matrix reformations = 1
	step from line search         = 1.000000
	convergence norms :     INITIAL         CURRENT         REQUIRED
	   residual            5.937226e+00    1.620906e-10    0.000000e+00 
	   energy              3.087291e-02    3.095923e-08    3.087291e-04 
	   displacement        1.455632e-03    1.455632e-03    1.455632e-09 
 2
 Nonlinear solution status: time= 21.2
	stiffness updates             = 1
	right hand side evaluations   = 3
	stiffness matrix reformations = 1
	step from line search         = 1.000000
	convergence norms :     INITIAL         CURRENT         REQUIRED
	   residual            5.937226e+00    8.534154e-17    0.000000e+00 
	   energy              3.087291e-02    1.135866e-15    3.087291e-04 
	   displacement        1.455632e-03    1.897015e-13    1.455637e-09 

convergence summary
    number of iterations   : 2
    number of reformations : 1

------- converged at time : 21.2


Data Record #1
===========================================================================
Step = 212
Time = 21.2
Data = uz
File = feb_inputs/active_camax/../../raw_logs/active_camax/camax_8.7_disp.txt

Data Record #2
===========================================================================
Step = 212
Time = 21.2
Data = sz
File = feb_inputs/active_camax/../../raw_logs/active_camax/camax_8.7_stress.txt

Data Record #3
===========================================================================
Step = 212
Time = 21.2
Data = J
File = feb_inputs/active_camax/../../raw_logs/active_camax/camax_8.7_vol.txt

===== beginning time step 213 : 21.3 =====


Reforming stiffness matrix: reformation #1

 1
 Nonlinear solution status: time= 21.3
	stiffness updates             = 0
	right hand side evaluations   = 2
	stiffness matrix reformations = 1
	step from line search         = 1.000000
	convergence norms :     INITIAL         CURRENT         REQUIRED
	   residual            5.967147e+00    1.744601e-10    0.000000e+00 
	   energy              3.141626e-02    3.155252e-08    3.141626e-04 
	   displacement        1.489187e-03    1.489187e-03    1.489187e-09 
 2
 Nonlinear solution status: time= 21.3
	stiffness updates             = 1
	right hand side evaluations   = 3
	stiffness matrix reformations = 1
	step from line search         = 1.000000
	convergence norms :     INITIAL         CURRENT         REQUIRED
	   residual            5.967147e+00    8.692927e-17    0.000000e+00 
	   energy              3.141626e-02    1.181658e-15    3.141626e-04 
	   displacement        1.489187e-03    1.983176e-13    1.489192e-09 

convergence summary
    number of iterations   : 2
    number of reformations : 1

------- converged at time : 21.3


Data Record #1
===========================================================================
Step = 213
Time = 21.3
Data = uz
File = feb_inputs/active_camax/../../raw_logs/active_camax/camax_8.7_disp.txt

Data Record #2
===========================================================================
Step = 213
Time = 21.3
Data = sz
File = feb_inputs/active_camax/../../raw_logs/active_camax/camax_8.7_stress.txt

Data Record #3
===========================================================================
Step = 213
Time = 21.3
Data = J
File = feb_inputs/active_camax/../../raw_logs/active_camax/camax_8.7_vol.txt

===== beginning time step 214 : 21.4 =====


Reforming stiffness matrix: reformation #1

 1
 Nonlinear solution status: time= 21.4
	stiffness updates             = 0
	right hand side evaluations   = 2
	stiffness matrix reformations = 1
	step from line search         = 1.000000
	convergence norms :     INITIAL         CURRENT         REQUIRED
	   residual            5.968518e+00    1.674126e-10    0.000000e+00 
	   energy              3.179870e-02    3.404626e-08    3.179870e-04 
	   displacement        1.513116e-03    1.513116e-03    1.513116e-09 
 2
 Nonlinear solution status: time= 21.4
	stiffness updates             = 1
	right hand side evaluations   = 3
	stiffness matrix reformations = 1
	step from line search         = 1.000000
	convergence norms :     INITIAL         CURRENT         REQUIRED
	   residual            5.968518e+00    8.634110e-17    0.000000e+00 
	   energy              3.179870e-02    1.187477e-15    3.179870e-04 
	   displacement        1.513116e-03    2.067721e-13    1.513121e-09 

convergence summary
    number of iterations   : 2
    number of reformations : 1

------- converged at time : 21.4


Data Record #1
===========================================================================
Step = 214
Time = 21.4
Data = uz
File = feb_inputs/active_camax/../../raw_logs/active_camax/camax_8.7_disp.txt

Data Record #2
===========================================================================
Step = 214
Time = 21.4
Data = sz
File = feb_inputs/active_camax/../../raw_logs/active_camax/camax_8.7_stress.txt

Data Record #3
===========================================================================
Step = 214
Time = 21.4
Data = J
File = feb_inputs/active_camax/../../raw_logs/active_camax/camax_8.7_vol.txt

===== beginning time step 215 : 21.5 =====


Reforming stiffness matrix: reformation #1

 1
 Nonlinear solution status: time= 21.5
	stiffness updates             = 0
	right hand side evaluations   = 2
	stiffness matrix reformations = 1
	step from line search         = 1.000000
	convergence norms :     INITIAL         CURRENT         REQUIRED
	   residual            5.955205e+00    1.419906e-10    0.000000e+00 
	   energy              3.206580e-02    3.672309e-08    3.206580e-04 
	   displacement        1.526759e-03    1.526759e-03    1.526759e-09 
 2
 Nonlinear solution status: time= 21.5
	stiffness updates             = 1
	right hand side evaluations   = 3
	stiffness matrix reformations = 1
	step from line search         = 1.000000
	convergence norms :     INITIAL         CURRENT         REQUIRED
	   residual            5.955205e+00    7.551808e-17    0.000000e+00 
	   energy              3.206580e-02    1.081140e-15    3.206580e-04 
	   displacement        1.526759e-03    2.144794e-13    1.526764e-09 

convergence summary
    number of iterations   : 2
    number of reformations : 1

------- converged at time : 21.5


Data Record #1
===========================================================================
Step = 215
Time = 21.5
Data = uz
File = feb_inputs/active_camax/../../raw_logs/active_camax/camax_8.7_disp.txt

Data Record #2
===========================================================================
Step = 215
Time = 21.5
Data = sz
File = feb_inputs/active_camax/../../raw_logs/active_camax/camax_8.7_stress.txt

Data Record #3
===========================================================================
Step = 215
Time = 21.5
Data = J
File = feb_inputs/active_camax/../../raw_logs/active_camax/camax_8.7_vol.txt

===== beginning time step 216 : 21.6 =====


Reforming stiffness matrix: reformation #1

 1
 Nonlinear solution status: time= 21.6
	stiffness updates             = 0
	right hand side evaluations   = 2
	stiffness matrix reformations = 1
	step from line search         = 1.000000
	convergence norms :     INITIAL         CURRENT         REQUIRED
	   residual            5.930336e+00    1.115741e-10    0.000000e+00 
	   energy              3.227021e-02    3.885431e-08    3.227021e-04 
	   displacement        1.534968e-03    1.534968e-03    1.534968e-09 
 2
 Nonlinear solution status: time= 21.6
	stiffness updates             = 1
	right hand side evaluations   = 3
	stiffness matrix reformations = 1
	step from line search         = 1.000000
	convergence norms :     INITIAL         CURRENT         REQUIRED
	   residual            5.930336e+00    6.431182e-17    0.000000e+00 
	   energy              3.227021e-02    9.058902e-16    3.227021e-04 
	   displacement        1.534968e-03    2.117567e-13    1.534974e-09 

convergence summary
    number of iterations   : 2
    number of reformations : 1

------- converged at time : 21.6


Data Record #1
===========================================================================
Step = 216
Time = 21.6
Data = uz
File = feb_inputs/active_camax/../../raw_logs/active_camax/camax_8.7_disp.txt

Data Record #2
===========================================================================
Step = 216
Time = 21.6
Data = sz
File = feb_inputs/active_camax/../../raw_logs/active_camax/camax_8.7_stress.txt

Data Record #3
===========================================================================
Step = 216
Time = 21.6
Data = J
File = feb_inputs/active_camax/../../raw_logs/active_camax/camax_8.7_vol.txt

===== beginning time step 217 : 21.7 =====


Reforming stiffness matrix: reformation #1

 1
 Nonlinear solution status: time= 21.7
	stiffness updates             = 0
	right hand side evaluations   = 2
	stiffness matrix reformations = 1
	step from line search         = 1.000000
	convergence norms :     INITIAL         CURRENT         REQUIRED
	   residual            5.890163e+00    8.947132e-11    0.000000e+00 
	   energy              3.243787e-02    4.063462e-08    3.243787e-04 
	   displacement        1.543488e-03    1.543488e-03    1.543488e-09 
 2
 Nonlinear solution status: time= 21.7
	stiffness updates             = 1
	right hand side evaluations   = 3
	stiffness matrix reformations = 1
	step from line search         = 1.000000
	convergence norms :     INITIAL         CURRENT         REQUIRED
	   residual            5.890163e+00    4.925458e-17    0.000000e+00 
	   energy              3.243787e-02    6.884497e-16    3.243787e-04 
	   displacement        1.543488e-03    2.036238e-13    1.543496e-09 

convergence summary
    number of iterations   : 2
    number of reformations : 1

------- converged at time : 21.7


Data Record #1
===========================================================================
Step = 217
Time = 21.7
Data = uz
File = feb_inputs/active_camax/../../raw_logs/active_camax/camax_8.7_disp.txt

Data Record #2
===========================================================================
Step = 217
Time = 21.7
Data = sz
File = feb_inputs/active_camax/../../raw_logs/active_camax/camax_8.7_stress.txt

Data Record #3
===========================================================================
Step = 217
Time = 21.7
Data = J
File = feb_inputs/active_camax/../../raw_logs/active_camax/camax_8.7_vol.txt

===== beginning time step 218 : 21.8 =====


Reforming stiffness matrix: reformation #1

 1
 Nonlinear solution status: time= 21.8
	stiffness updates             = 0
	right hand side evaluations   = 2
	stiffness matrix reformations = 1
	step from line search         = 1.000000
	convergence norms :     INITIAL         CURRENT         REQUIRED
	   residual            5.825162e+00    7.284471e-11    0.000000e+00 
	   energy              3.255325e-02    4.303115e-08    3.255325e-04 
	   displacement        1.553791e-03    1.553791e-03    1.553791e-09 
 2
 Nonlinear solution status: time= 21.8
	stiffness updates             = 1
	right hand side evaluations   = 3
	stiffness matrix reformations = 1
	step from line search         = 1.000000
	convergence norms :     INITIAL         CURRENT         REQUIRED
	   residual            5.825162e+00    3.935015e-17    0.000000e+00 
	   energy              3.255325e-02    5.636703e-16    3.255325e-04 
	   displacement        1.553791e-03    2.116628e-13    1.553799e-09 

convergence summary
    number of iterations   : 2
    number of reformations : 1

------- converged at time : 21.8


Data Record #1
===========================================================================
Step = 218
Time = 21.8
Data = uz
File = feb_inputs/active_camax/../../raw_logs/active_camax/camax_8.7_disp.txt

Data Record #2
===========================================================================
Step = 218
Time = 21.8
Data = sz
File = feb_inputs/active_camax/../../raw_logs/active_camax/camax_8.7_stress.txt

Data Record #3
===========================================================================
Step = 218
Time = 21.8
Data = J
File = feb_inputs/active_camax/../../raw_logs/active_camax/camax_8.7_vol.txt

===== beginning time step 219 : 21.9 =====


Reforming stiffness matrix: reformation #1

 1
 Nonlinear solution status: time= 21.9
	stiffness updates             = 0
	right hand side evaluations   = 2
	stiffness matrix reformations = 1
	step from line search         = 1.000000
	convergence norms :     INITIAL         CURRENT         REQUIRED
	   residual            5.728055e+00    6.471096e-11    0.000000e+00 
	   energy              3.257283e-02    4.698566e-08    3.257283e-04 
	   displacement        1.565074e-03    1.565074e-03    1.565074e-09 
 2
 Nonlinear solution status: time= 21.9
	stiffness updates             = 1
	right hand side evaluations   = 3
	stiffness matrix reformations = 1
	step from line search         = 1.000000
	convergence norms :     INITIAL         CURRENT         REQUIRED
	   residual            5.728055e+00    4.115138e-17    0.000000e+00 
	   energy              3.257283e-02    5.719418e-16    3.257283e-04 
	   displacement        1.565074e-03    2.365452e-13    1.565084e-09 

convergence summary
    number of iterations   : 2
    number of reformations : 1

------- converged at time : 21.9


Data Record #1
===========================================================================
Step = 219
Time = 21.9
Data = uz
File = feb_inputs/active_camax/../../raw_logs/active_camax/camax_8.7_disp.txt

Data Record #2
===========================================================================
Step = 219
Time = 21.9
Data = sz
File = feb_inputs/active_camax/../../raw_logs/active_camax/camax_8.7_stress.txt

Data Record #3
===========================================================================
Step = 219
Time = 21.9
Data = J
File = feb_inputs/active_camax/../../raw_logs/active_camax/camax_8.7_vol.txt

===== beginning time step 220 : 22 =====


Reforming stiffness matrix: reformation #1

 1
 Nonlinear solution status: time= 22
	stiffness updates             = 0
	right hand side evaluations   = 2
	stiffness matrix reformations = 1
	step from line search         = 1.000000
	convergence norms :     INITIAL         CURRENT         REQUIRED
	   residual            5.601415e+00    5.566815e-11    0.000000e+00 
	   energy              3.243888e-02    5.234857e-08    3.243888e-04 
	   displacement        1.573286e-03    1.573286e-03    1.573286e-09 
 2
 Nonlinear solution status: time= 22
	stiffness updates             = 1
	right hand side evaluations   = 3
	stiffness matrix reformations = 1
	step from line search         = 1.000000
	convergence norms :     INITIAL         CURRENT         REQUIRED
	   residual            5.601415e+00    3.661437e-17    0.000000e+00 
	   energy              3.243888e-02    5.707648e-16    3.243888e-04 
	   displacement        1.573286e-03    2.621336e-13    1.573297e-09 

convergence summary
    number of iterations   : 2
    number of reformations : 1

------- converged at time : 22


Data Record #1
===========================================================================
Step = 220
Time = 22
Data = uz
File = feb_inputs/active_camax/../../raw_logs/active_camax/camax_8.7_disp.txt

Data Record #2
===========================================================================
Step = 220
Time = 22
Data = sz
File = feb_inputs/active_camax/../../raw_logs/active_camax/camax_8.7_stress.txt

Data Record #3
===========================================================================
Step = 220
Time = 22
Data = J
File = feb_inputs/active_camax/../../raw_logs/active_camax/camax_8.7_vol.txt

===== beginning time step 221 : 22.1 =====


Reforming stiffness matrix: reformation #1

 1
 Nonlinear solution status: time= 22.1
	stiffness updates             = 0
	right hand side evaluations   = 2
	stiffness matrix reformations = 1
	step from line search         = 1.000000
	convergence norms :     INITIAL         CURRENT         REQUIRED
	   residual            5.452018e+00    6.068106e-11    0.000000e+00 
	   energy              3.209127e-02    5.747062e-08    3.209127e-04 
	   displacement        1.572109e-03    1.572109e-03    1.572109e-09 
 2
 Nonlinear solution status: time= 22.1
	stiffness updates             = 1
	right hand side evaluations   = 3
	stiffness matrix reformations = 1
	step from line search         = 1.000000
	convergence norms :     INITIAL         CURRENT         REQUIRED
	   residual            5.452018e+00    3.668932e-17    0.000000e+00 
	   energy              3.209127e-02    6.422548e-16    3.209127e-04 
	   displacement        1.572109e-03    3.002148e-13    1.572121e-09 

convergence summary
    number of iterations   : 2
    number of reformations : 1

------- converged at time : 22.1


Data Record #1
===========================================================================
Step = 221
Time = 22.1
Data = uz
File = feb_inputs/active_camax/../../raw_logs/active_camax/camax_8.7_disp.txt

Data Record #2
===========================================================================
Step = 221
Time = 22.1
Data = sz
File = feb_inputs/active_camax/../../raw_logs/active_camax/camax_8.7_stress.txt

Data Record #3
===========================================================================
Step = 221
Time = 22.1
Data = J
File = feb_inputs/active_camax/../../raw_logs/active_camax/camax_8.7_vol.txt

===== beginning time step 222 : 22.2 =====


Reforming stiffness matrix: reformation #1

 1
 Nonlinear solution status: time= 22.2
	stiffness updates             = 0
	right hand side evaluations   = 2
	stiffness matrix reformations = 1
	step from line search         = 1.000000
	convergence norms :     INITIAL         CURRENT         REQUIRED
	   residual            5.283267e+00    5.959471e-11    0.000000e+00 
	   energy              3.147937e-02    5.872487e-08    3.147937e-04 
	   displacement        1.555343e-03    1.555343e-03    1.555343e-09 
 2
 Nonlinear solution status: time= 22.2
	stiffness updates             = 1
	right hand side evaluations   = 3
	stiffness matrix reformations = 1
	step from line search         = 1.000000
	convergence norms :     INITIAL         CURRENT         REQUIRED
	   residual            5.283267e+00    3.925706e-17    0.000000e+00 
	   energy              3.147937e-02    6.858878e-16    3.147937e-04 
	   displacement        1.555343e-03    3.145714e-13    1.555356e-09 

convergence summary
    number of iterations   : 2
    number of reformations : 1

------- converged at time : 22.2


Data Record #1
===========================================================================
Step = 222
Time = 22.2
Data = uz
File = feb_inputs/active_camax/../../raw_logs/active_camax/camax_8.7_disp.txt

Data Record #2
===========================================================================
Step = 222
Time = 22.2
Data = sz
File = feb_inputs/active_camax/../../raw_logs/active_camax/camax_8.7_stress.txt

Data Record #3
===========================================================================
Step = 222
Time = 22.2
Data = J
File = feb_inputs/active_camax/../../raw_logs/active_camax/camax_8.7_vol.txt

===== beginning time step 223 : 22.3 =====


Reforming stiffness matrix: reformation #1

 1
 Nonlinear solution status: time= 22.3
	stiffness updates             = 0
	right hand side evaluations   = 2
	stiffness matrix reformations = 1
	step from line search         = 1.000000
	convergence norms :     INITIAL         CURRENT         REQUIRED
	   residual            5.099079e+00    5.823115e-11    0.000000e+00 
	   energy              3.058741e-02    5.541337e-08    3.058741e-04 
	   displacement        1.519679e-03    1.519679e-03    1.519679e-09 
 2
 Nonlinear solution status: time= 22.3
	stiffness updates             = 1
	right hand side evaluations   = 3
	stiffness matrix reformations = 1
	step from line search         = 1.000000
	convergence norms :     INITIAL         CURRENT         REQUIRED
	   residual            5.099079e+00    4.311378e-17    0.000000e+00 
	   energy              3.058741e-02    6.729330e-16    3.058741e-04 
	   displacement        1.519679e-03    2.890692e-13    1.519692e-09 

convergence summary
    number of iterations   : 2
    number of reformations : 1

------- converged at time : 22.3


Data Record #1
===========================================================================
Step = 223
Time = 22.3
Data = uz
File = feb_inputs/active_camax/../../raw_logs/active_camax/camax_8.7_disp.txt

Data Record #2
===========================================================================
Step = 223
Time = 22.3
Data = sz
File = feb_inputs/active_camax/../../raw_logs/active_camax/camax_8.7_stress.txt

Data Record #3
===========================================================================
Step = 223
Time = 22.3
Data = J
File = feb_inputs/active_camax/../../raw_logs/active_camax/camax_8.7_vol.txt

===== beginning time step 224 : 22.4 =====


Reforming stiffness matrix: reformation #1

 1
 Nonlinear solution status: time= 22.4
	stiffness updates             = 0
	right hand side evaluations   = 2
	stiffness matrix reformations = 1
	step from line search         = 1.000000
	convergence norms :     INITIAL         CURRENT         REQUIRED
	   residual            4.906393e+00    5.987635e-11    0.000000e+00 
	   energy              2.943760e-02    5.046170e-08    2.943760e-04 
	   displacement        1.464739e-03    1.464739e-03    1.464739e-09 
 2
 Nonlinear solution status: time= 22.4
	stiffness updates             = 1
	right hand side evaluations   = 3
	stiffness matrix reformations = 1
	step from line search         = 1.000000
	convergence norms :     INITIAL         CURRENT         REQUIRED
	   residual            4.906393e+00    4.781013e-17    0.000000e+00 
	   energy              2.943760e-02    7.308511e-16    2.943760e-04 
	   displacement        1.464739e-03    2.649901e-13    1.464752e-09 

convergence summary
    number of iterations   : 2
    number of reformations : 1

------- converged at time : 22.4


Data Record #1
===========================================================================
Step = 224
Time = 22.4
Data = uz
File = feb_inputs/active_camax/../../raw_logs/active_camax/camax_8.7_disp.txt

Data Record #2
===========================================================================
Step = 224
Time = 22.4
Data = sz
File = feb_inputs/active_camax/../../raw_logs/active_camax/camax_8.7_stress.txt

Data Record #3
===========================================================================
Step = 224
Time = 22.4
Data = J
File = feb_inputs/active_camax/../../raw_logs/active_camax/camax_8.7_vol.txt

===== beginning time step 225 : 22.5 =====


Reforming stiffness matrix: reformation #1

 1
 Nonlinear solution status: time= 22.5
	stiffness updates             = 0
	right hand side evaluations   = 2
	stiffness matrix reformations = 1
	step from line search         = 1.000000
	convergence norms :     INITIAL         CURRENT         REQUIRED
	   residual            4.708692e+00    5.325606e-11    0.000000e+00 
	   energy              2.807299e-02    4.635164e-08    2.807299e-04 
	   displacement        1.392201e-03    1.392201e-03    1.392201e-09 
 2
 Nonlinear solution status: time= 22.5
	stiffness updates             = 1
	right hand side evaluations   = 3
	stiffness matrix reformations = 1
	step from line search         = 1.000000
	convergence norms :     INITIAL         CURRENT         REQUIRED
	   residual            4.708692e+00    4.222469e-17    0.000000e+00 
	   energy              2.807299e-02    6.955421e-16    2.807299e-04 
	   displacement        1.392201e-03    2.408014e-13    1.392213e-09 

convergence summary
    number of iterations   : 2
    number of reformations : 1

------- converged at time : 22.5


Data Record #1
===========================================================================
Step = 225
Time = 22.5
Data = uz
File = feb_inputs/active_camax/../../raw_logs/active_camax/camax_8.7_disp.txt

Data Record #2
===========================================================================
Step = 225
Time = 22.5
Data = sz
File = feb_inputs/active_camax/../../raw_logs/active_camax/camax_8.7_stress.txt

Data Record #3
===========================================================================
Step = 225
Time = 22.5
Data = J
File = feb_inputs/active_camax/../../raw_logs/active_camax/camax_8.7_vol.txt

===== beginning time step 226 : 22.6 =====


Reforming stiffness matrix: reformation #1

 1
 Nonlinear solution status: time= 22.6
	stiffness updates             = 0
	right hand side evaluations   = 2
	stiffness matrix reformations = 1
	step from line search         = 1.000000
	convergence norms :     INITIAL         CURRENT         REQUIRED
	   residual            4.501682e+00    4.590690e-11    0.000000e+00 
	   energy              2.654865e-02    4.453976e-08    2.654865e-04 
	   displacement        1.308326e-03    1.308326e-03    1.308326e-09 
 2
 Nonlinear solution status: time= 22.6
	stiffness updates             = 1
	right hand side evaluations   = 3
	stiffness matrix reformations = 1
	step from line search         = 1.000000
	convergence norms :     INITIAL         CURRENT         REQUIRED
	   residual            4.501682e+00    3.390840e-17    0.000000e+00 
	   energy              2.654865e-02    5.852182e-16    2.654865e-04 
	   displacement        1.308326e-03    2.276585e-13    1.308338e-09 

convergence summary
    number of iterations   : 2
    number of reformations : 1

------- converged at time : 22.6


Data Record #1
===========================================================================
Step = 226
Time = 22.6
Data = uz
File = feb_inputs/active_camax/../../raw_logs/active_camax/camax_8.7_disp.txt

Data Record #2
===========================================================================
Step = 226
Time = 22.6
Data = sz
File = feb_inputs/active_camax/../../raw_logs/active_camax/camax_8.7_stress.txt

Data Record #3
===========================================================================
Step = 226
Time = 22.6
Data = J
File = feb_inputs/active_camax/../../raw_logs/active_camax/camax_8.7_vol.txt

===== beginning time step 227 : 22.7 =====


Reforming stiffness matrix: reformation #1

 1
 Nonlinear solution status: time= 22.7
	stiffness updates             = 0
	right hand side evaluations   = 2
	stiffness matrix reformations = 1
	step from line search         = 1.000000
	convergence norms :     INITIAL         CURRENT         REQUIRED
	   residual            4.281537e+00    4.541954e-11    0.000000e+00 
	   energy              2.492012e-02    4.335787e-08    2.492012e-04 
	   displacement        1.220445e-03    1.220445e-03    1.220445e-09 
 2
 Nonlinear solution status: time= 22.7
	stiffness updates             = 1
	right hand side evaluations   = 3
	stiffness matrix reformations = 1
	step from line search         = 1.000000
	convergence norms :     INITIAL         CURRENT         REQUIRED
	   residual            4.281537e+00    3.298538e-17    0.000000e+00 
	   energy              2.492012e-02    5.987183e-16    2.492012e-04 
	   displacement        1.220445e-03    2.293771e-13    1.220456e-09 

convergence summary
    number of iterations   : 2
    number of reformations : 1

------- converged at time : 22.7


Data Record #1
===========================================================================
Step = 227
Time = 22.7
Data = uz
File = feb_inputs/active_camax/../../raw_logs/active_camax/camax_8.7_disp.txt

Data Record #2
===========================================================================
Step = 227
Time = 22.7
Data = sz
File = feb_inputs/active_camax/../../raw_logs/active_camax/camax_8.7_stress.txt

Data Record #3
===========================================================================
Step = 227
Time = 22.7
Data = J
File = feb_inputs/active_camax/../../raw_logs/active_camax/camax_8.7_vol.txt

===== beginning time step 228 : 22.8 =====


Reforming stiffness matrix: reformation #1

 1
 Nonlinear solution status: time= 22.8
	stiffness updates             = 0
	right hand side evaluations   = 2
	stiffness matrix reformations = 1
	step from line search         = 1.000000
	convergence norms :     INITIAL         CURRENT         REQUIRED
	   residual            4.051468e+00    5.118147e-11    0.000000e+00 
	   energy              2.323849e-02    4.028464e-08    2.323849e-04 
	   displacement        1.132430e-03    1.132430e-03    1.132430e-09 
 2
 Nonlinear solution status: time= 22.8
	stiffness updates             = 1
	right hand side evaluations   = 3
	stiffness matrix reformations = 1
	step from line search         = 1.000000
	convergence norms :     INITIAL         CURRENT         REQUIRED
	   residual            4.051468e+00    3.799074e-17    0.000000e+00 
	   energy              2.323849e-02    6.314269e-16    2.323849e-04 
	   displacement        1.132430e-03    2.108177e-13    1.132441e-09 

convergence summary
    number of iterations   : 2
    number of reformations : 1

------- converged at time : 22.8


Data Record #1
===========================================================================
Step = 228
Time = 22.8
Data = uz
File = feb_inputs/active_camax/../../raw_logs/active_camax/camax_8.7_disp.txt

Data Record #2
===========================================================================
Step = 228
Time = 22.8
Data = sz
File = feb_inputs/active_camax/../../raw_logs/active_camax/camax_8.7_stress.txt

Data Record #3
===========================================================================
Step = 228
Time = 22.8
Data = J
File = feb_inputs/active_camax/../../raw_logs/active_camax/camax_8.7_vol.txt

===== beginning time step 229 : 22.9 =====


Reforming stiffness matrix: reformation #1

 1
 Nonlinear solution status: time= 22.9
	stiffness updates             = 0
	right hand side evaluations   = 2
	stiffness matrix reformations = 1
	step from line search         = 1.000000
	convergence norms :     INITIAL         CURRENT         REQUIRED
	   residual            3.820289e+00    7.168679e-11    0.000000e+00 
	   energy              2.154906e-02    3.539966e-08    2.154906e-04 
	   displacement        1.044701e-03    1.044701e-03    1.044701e-09 
 2
 Nonlinear solution status: time= 22.9
	stiffness updates             = 1
	right hand side evaluations   = 3
	stiffness matrix reformations = 1
	step from line search         = 1.000000
	convergence norms :     INITIAL         CURRENT         REQUIRED
	   residual            3.820289e+00    4.394314e-17    0.000000e+00 
	   energy              2.154906e-02    6.423544e-16    2.154906e-04 
	   displacement        1.044701e-03    1.876574e-13    1.044710e-09 

convergence summary
    number of iterations   : 2
    number of reformations : 1

------- converged at time : 22.9


Data Record #1
===========================================================================
Step = 229
Time = 22.9
Data = uz
File = feb_inputs/active_camax/../../raw_logs/active_camax/camax_8.7_disp.txt

Data Record #2
===========================================================================
Step = 229
Time = 22.9
Data = sz
File = feb_inputs/active_camax/../../raw_logs/active_camax/camax_8.7_stress.txt

Data Record #3
===========================================================================
Step = 229
Time = 22.9
Data = J
File = feb_inputs/active_camax/../../raw_logs/active_camax/camax_8.7_vol.txt

===== beginning time step 230 : 23 =====


Reforming stiffness matrix: reformation #1

 1
 Nonlinear solution status: time= 23
	stiffness updates             = 0
	right hand side evaluations   = 2
	stiffness matrix reformations = 1
	step from line search         = 1.000000
	convergence norms :     INITIAL         CURRENT         REQUIRED
	   residual            3.595679e+00    8.932217e-11    0.000000e+00 
	   energy              1.989273e-02    3.076278e-08    1.989273e-04 
	   displacement        9.572089e-04    9.572089e-04    9.572089e-10 
 2
 Nonlinear solution status: time= 23
	stiffness updates             = 1
	right hand side evaluations   = 3
	stiffness matrix reformations = 1
	step from line search         = 1.000000
	convergence norms :     INITIAL         CURRENT         REQUIRED
	   residual            3.595679e+00    5.053421e-17    0.000000e+00 
	   energy              1.989273e-02    7.015139e-16    1.989273e-04 
	   displacement        9.572089e-04    1.781047e-13    9.572175e-10 

convergence summary
    number of iterations   : 2
    number of reformations : 1

------- converged at time : 23


Data Record #1
===========================================================================
Step = 230
Time = 23
Data = uz
File = feb_inputs/active_camax/../../raw_logs/active_camax/camax_8.7_disp.txt

Data Record #2
===========================================================================
Step = 230
Time = 23
Data = sz
File = feb_inputs/active_camax/../../raw_logs/active_camax/camax_8.7_stress.txt

Data Record #3
===========================================================================
Step = 230
Time = 23
Data = J
File = feb_inputs/active_camax/../../raw_logs/active_camax/camax_8.7_vol.txt

===== beginning time step 231 : 23.1 =====


Reforming stiffness matrix: reformation #1

 1
 Nonlinear solution status: time= 23.1
	stiffness updates             = 0
	right hand side evaluations   = 2
	stiffness matrix reformations = 1
	step from line search         = 1.000000
	convergence norms :     INITIAL         CURRENT         REQUIRED
	   residual            3.377438e+00    9.049393e-11    0.000000e+00 
	   energy              1.830218e-02    2.799630e-08    1.830218e-04 
	   displacement        8.727576e-04    8.727576e-04    8.727576e-10 
 2
 Nonlinear solution status: time= 23.1
	stiffness updates             = 1
	right hand side evaluations   = 3
	stiffness matrix reformations = 1
	step from line search         = 1.000000
	convergence norms :     INITIAL         CURRENT         REQUIRED
	   residual            3.377438e+00    5.774899e-17    0.000000e+00 
	   energy              1.830218e-02    7.430728e-16    1.830218e-04 
	   displacement        8.727576e-04    1.703264e-13    8.727657e-10 

convergence summary
    number of iterations   : 2
    number of reformations : 1

------- converged at time : 23.1


Data Record #1
===========================================================================
Step = 231
Time = 23.1
Data = uz
File = feb_inputs/active_camax/../../raw_logs/active_camax/camax_8.7_disp.txt

Data Record #2
===========================================================================
Step = 231
Time = 23.1
Data = sz
File = feb_inputs/active_camax/../../raw_logs/active_camax/camax_8.7_stress.txt

Data Record #3
===========================================================================
Step = 231
Time = 23.1
Data = J
File = feb_inputs/active_camax/../../raw_logs/active_camax/camax_8.7_vol.txt

===== beginning time step 232 : 23.2 =====


Reforming stiffness matrix: reformation #1

 1
 Nonlinear solution status: time= 23.2
	stiffness updates             = 0
	right hand side evaluations   = 2
	stiffness matrix reformations = 1
	step from line search         = 1.000000
	convergence norms :     INITIAL         CURRENT         REQUIRED
	   residual            3.165541e+00    8.010518e-11    0.000000e+00 
	   energy              1.679918e-02    2.750762e-08    1.679918e-04 
	   displacement        7.932679e-04    7.932679e-04    7.932679e-10 
 2
 Nonlinear solution status: time= 23.2
	stiffness updates             = 1
	right hand side evaluations   = 3
	stiffness matrix reformations = 1
	step from line search         = 1.000000
	convergence norms :     INITIAL         CURRENT         REQUIRED
	   residual            3.165541e+00    5.806365e-17    0.000000e+00 
	   energy              1.679918e-02    7.338546e-16    1.679918e-04 
	   displacement        7.932679e-04    1.712516e-13    7.932756e-10 

convergence summary
    number of iterations   : 2
    number of reformations : 1

------- converged at time : 23.2


Data Record #1
===========================================================================
Step = 232
Time = 23.2
Data = uz
File = feb_inputs/active_camax/../../raw_logs/active_camax/camax_8.7_disp.txt

Data Record #2
===========================================================================
Step = 232
Time = 23.2
Data = sz
File = feb_inputs/active_camax/../../raw_logs/active_camax/camax_8.7_stress.txt

Data Record #3
===========================================================================
Step = 232
Time = 23.2
Data = J
File = feb_inputs/active_camax/../../raw_logs/active_camax/camax_8.7_vol.txt

===== beginning time step 233 : 23.3 =====


Reforming stiffness matrix: reformation #1

 1
 Nonlinear solution status: time= 23.3
	stiffness updates             = 0
	right hand side evaluations   = 2
	stiffness matrix reformations = 1
	step from line search         = 1.000000
	convergence norms :     INITIAL         CURRENT         REQUIRED
	   residual            2.961278e+00    6.618790e-11    0.000000e+00 
	   energy              1.538872e-02    2.742483e-08    1.538872e-04 
	   displacement        7.179105e-04    7.179105e-04    7.179105e-10 
 2
 Nonlinear solution status: time= 23.3
	stiffness updates             = 1
	right hand side evaluations   = 3
	stiffness matrix reformations = 1
	step from line search         = 1.000000
	convergence norms :     INITIAL         CURRENT         REQUIRED
	   residual            2.961278e+00    4.566401e-17    0.000000e+00 
	   energy              1.538872e-02    6.462880e-16    1.538872e-04 
	   displacement        7.179105e-04    1.704105e-13    7.179172e-10 

convergence summary
    number of iterations   : 2
    number of reformations : 1

------- converged at time : 23.3


Data Record #1
===========================================================================
Step = 233
Time = 23.3
Data = uz
File = feb_inputs/active_camax/../../raw_logs/active_camax/camax_8.7_disp.txt

Data Record #2
===========================================================================
Step = 233
Time = 23.3
Data = sz
File = feb_inputs/active_camax/../../raw_logs/active_camax/camax_8.7_stress.txt

Data Record #3
===========================================================================
Step = 233
Time = 23.3
Data = J
File = feb_inputs/active_camax/../../raw_logs/active_camax/camax_8.7_vol.txt

===== beginning time step 234 : 23.4 =====


Reforming stiffness matrix: reformation #1

 1
 Nonlinear solution status: time= 23.4
	stiffness updates             = 0
	right hand side evaluations   = 2
	stiffness matrix reformations = 1
	step from line search         = 1.000000
	convergence norms :     INITIAL         CURRENT         REQUIRED
	   residual            2.759274e+00    5.994462e-11    0.000000e+00 
	   energy              1.406936e-02    2.545907e-08    1.406936e-04 
	   displacement        6.476250e-04    6.476250e-04    6.476250e-10 
 2
 Nonlinear solution status: time= 23.4
	stiffness updates             = 1
	right hand side evaluations   = 3
	stiffness matrix reformations = 1
	step from line search         = 1.000000
	convergence norms :     INITIAL         CURRENT         REQUIRED
	   residual            2.759274e+00    3.931898e-17    0.000000e+00 
	   energy              1.406936e-02    5.520145e-16    1.406936e-04 
	   displacement        6.476250e-04    1.533194e-13    6.476306e-10 

convergence summary
    number of iterations   : 2
    number of reformations : 1

------- converged at time : 23.4


Data Record #1
===========================================================================
Step = 234
Time = 23.4
Data = uz
File = feb_inputs/active_camax/../../raw_logs/active_camax/camax_8.7_disp.txt

Data Record #2
===========================================================================
Step = 234
Time = 23.4
Data = sz
File = feb_inputs/active_camax/../../raw_logs/active_camax/camax_8.7_stress.txt

Data Record #3
===========================================================================
Step = 234
Time = 23.4
Data = J
File = feb_inputs/active_camax/../../raw_logs/active_camax/camax_8.7_vol.txt

===== beginning time step 235 : 23.5 =====


Reforming stiffness matrix: reformation #1

 1
 Nonlinear solution status: time= 23.5
	stiffness updates             = 0
	right hand side evaluations   = 2
	stiffness matrix reformations = 1
	step from line search         = 1.000000
	convergence norms :     INITIAL         CURRENT         REQUIRED
	   residual            2.552054e+00    7.105293e-11    0.000000e+00 
	   energy              1.284210e-02    2.169353e-08    1.284210e-04 
	   displacement        5.853618e-04    5.853618e-04    5.853618e-10 
 2
 Nonlinear solution status: time= 23.5
	stiffness updates             = 1
	right hand side evaluations   = 3
	stiffness matrix reformations = 1
	step from line search         = 1.000000
	convergence norms :     INITIAL         CURRENT         REQUIRED
	   residual            2.552054e+00    4.655689e-17    0.000000e+00 
	   energy              1.284210e-02    6.212462e-16    1.284210e-04 
	   displacement        5.853618e-04    1.455535e-13    5.853660e-10 

convergence summary
    number of iterations   : 2
    number of reformations : 1

------- converged at time : 23.5


Data Record #1
===========================================================================
Step = 235
Time = 23.5
Data = uz
File = feb_inputs/active_camax/../../raw_logs/active_camax/camax_8.7_disp.txt

Data Record #2
===========================================================================
Step = 235
Time = 23.5
Data = sz
File = feb_inputs/active_camax/../../raw_logs/active_camax/camax_8.7_stress.txt

Data Record #3
===========================================================================
Step = 235
Time = 23.5
Data = J
File = feb_inputs/active_camax/../../raw_logs/active_camax/camax_8.7_vol.txt

===== beginning time step 236 : 23.6 =====


Reforming stiffness matrix: reformation #1

 1
 Nonlinear solution status: time= 23.6
	stiffness updates             = 0
	right hand side evaluations   = 2
	stiffness matrix reformations = 1
	step from line search         = 1.000000
	convergence norms :     INITIAL         CURRENT         REQUIRED
	   residual            2.337545e+00    9.312369e-11    0.000000e+00 
	   energy              1.170482e-02    1.787438e-08    1.170482e-04 
	   displacement        5.319734e-04    5.319734e-04    5.319734e-10 
 2
 Nonlinear solution status: time= 23.6
	stiffness updates             = 1
	right hand side evaluations   = 3
	stiffness matrix reformations = 1
	step from line search         = 1.000000
	convergence norms :     INITIAL         CURRENT         REQUIRED
	   residual            2.337545e+00    6.339810e-17    0.000000e+00 
	   energy              1.170482e-02    7.932725e-16    1.170482e-04 
	   displacement        5.319734e-04    1.461782e-13    5.319763e-10 

convergence summary
    number of iterations   : 2
    number of reformations : 1

------- converged at time : 23.6


Data Record #1
===========================================================================
Step = 236
Time = 23.6
Data = uz
File = feb_inputs/active_camax/../../raw_logs/active_camax/camax_8.7_disp.txt

Data Record #2
===========================================================================
Step = 236
Time = 23.6
Data = sz
File = feb_inputs/active_camax/../../raw_logs/active_camax/camax_8.7_stress.txt

Data Record #3
===========================================================================
Step = 236
Time = 23.6
Data = J
File = feb_inputs/active_camax/../../raw_logs/active_camax/camax_8.7_vol.txt

===== beginning time step 237 : 23.7 =====


Reforming stiffness matrix: reformation #1

 1
 Nonlinear solution status: time= 23.7
	stiffness updates             = 0
	right hand side evaluations   = 2
	stiffness matrix reformations = 1
	step from line search         = 1.000000
	convergence norms :     INITIAL         CURRENT         REQUIRED
	   residual            2.119811e+00    1.003511e-10    0.000000e+00 
	   energy              1.065834e-02    1.571193e-08    1.065834e-04 
	   displacement        4.855311e-04    4.855311e-04    4.855311e-10 
 2
 Nonlinear solution status: time= 23.7
	stiffness updates             = 1
	right hand side evaluations   = 3
	stiffness matrix reformations = 1
	step from line search         = 1.000000
	convergence norms :     INITIAL         CURRENT         REQUIRED
	   residual            2.119811e+00    7.478683e-17    0.000000e+00 
	   energy              1.065834e-02    8.626513e-16    1.065834e-04 
	   displacement        4.855311e-04    1.435508e-13    4.855335e-10 

convergence summary
    number of iterations   : 2
    number of reformations : 1

------- converged at time : 23.7


Data Record #1
===========================================================================
Step = 237
Time = 23.7
Data = uz
File = feb_inputs/active_camax/../../raw_logs/active_camax/camax_8.7_disp.txt

Data Record #2
===========================================================================
Step = 237
Time = 23.7
Data = sz
File = feb_inputs/active_camax/../../raw_logs/active_camax/camax_8.7_stress.txt

Data Record #3
===========================================================================
Step = 237
Time = 23.7
Data = J
File = feb_inputs/active_camax/../../raw_logs/active_camax/camax_8.7_vol.txt

===== beginning time step 238 : 23.8 =====


Reforming stiffness matrix: reformation #1

 1
 Nonlinear solution status: time= 23.8
	stiffness updates             = 0
	right hand side evaluations   = 2
	stiffness matrix reformations = 1
	step from line search         = 1.000000
	convergence norms :     INITIAL         CURRENT         REQUIRED
	   residual            1.908220e+00    9.991725e-11    0.000000e+00 
	   energy              9.716882e-03    1.538008e-08    9.716882e-05 
	   displacement        4.447767e-04    4.447767e-04    4.447767e-10 
 2
 Nonlinear solution status: time= 23.8
	stiffness updates             = 1
	right hand side evaluations   = 3
	stiffness matrix reformations = 1
	step from line search         = 1.000000
	convergence norms :     INITIAL         CURRENT         REQUIRED
	   residual            1.908220e+00    7.256329e-17    0.000000e+00 
	   energy              9.716882e-03    8.501934e-16    9.716882e-05 
	   displacement        4.447767e-04    1.470600e-13    4.447798e-10 

convergence summary
    number of iterations   : 2
    number of reformations : 1

------- converged at time : 23.8


Data Record #1
===========================================================================
Step = 238
Time = 23.8
Data = uz
File = feb_inputs/active_camax/../../raw_logs/active_camax/camax_8.7_disp.txt

Data Record #2
===========================================================================
Step = 238
Time = 23.8
Data = sz
File = feb_inputs/active_camax/../../raw_logs/active_camax/camax_8.7_stress.txt

Data Record #3
===========================================================================
Step = 238
Time = 23.8
Data = J
File = feb_inputs/active_camax/../../raw_logs/active_camax/camax_8.7_vol.txt

===== beginning time step 239 : 23.9 =====


Reforming stiffness matrix: reformation #1

 1
 Nonlinear solution status: time= 23.9
	stiffness updates             = 0
	right hand side evaluations   = 2
	stiffness matrix reformations = 1
	step from line search         = 1.000000
	convergence norms :     INITIAL         CURRENT         REQUIRED
	   residual            1.717120e+00    7.710421e-11    0.000000e+00 
	   energy              8.908677e-03    1.581989e-08    8.908677e-05 
	   displacement        4.107162e-04    4.107162e-04    4.107162e-10 
 2
 Nonlinear solution status: time= 23.9
	stiffness updates             = 1
	right hand side evaluations   = 3
	stiffness matrix reformations = 1
	step from line search         = 1.000000
	convergence norms :     INITIAL         CURRENT         REQUIRED
	   residual            1.717120e+00    5.809752e-17    0.000000e+00 
	   energy              8.908677e-03    7.203011e-16    8.908677e-05 
	   displacement        4.107162e-04    1.454603e-13    4.107206e-10 

convergence summary
    number of iterations   : 2
    number of reformations : 1

------- converged at time : 23.9


Data Record #1
===========================================================================
Step = 239
Time = 23.9
Data = uz
File = feb_inputs/active_camax/../../raw_logs/active_camax/camax_8.7_disp.txt

Data Record #2
===========================================================================
Step = 239
Time = 23.9
Data = sz
File = feb_inputs/active_camax/../../raw_logs/active_camax/camax_8.7_stress.txt

Data Record #3
===========================================================================
Step = 239
Time = 23.9
Data = J
File = feb_inputs/active_camax/../../raw_logs/active_camax/camax_8.7_vol.txt

===== beginning time step 240 : 24 =====


Reforming stiffness matrix: reformation #1

 1
 Nonlinear solution status: time= 24
	stiffness updates             = 0
	right hand side evaluations   = 2
	stiffness matrix reformations = 1
	step from line search         = 1.000000
	convergence norms :     INITIAL         CURRENT         REQUIRED
	   residual            1.559410e+00    5.003040e-11    0.000000e+00 
	   energy              8.268829e-03    1.657616e-08    8.268829e-05 
	   displacement        3.854083e-04    3.854083e-04    3.854083e-10 
 2
 Nonlinear solution status: time= 24
	stiffness updates             = 1
	right hand side evaluations   = 3
	stiffness matrix reformations = 1
	step from line search         = 1.000000
	convergence norms :     INITIAL         CURRENT         REQUIRED
	   residual            1.559410e+00    4.383300e-17    0.000000e+00 
	   energy              8.268829e-03    5.473652e-16    8.268829e-05 
	   displacement        3.854083e-04    1.350476e-13    3.854138e-10 

convergence summary
    number of iterations   : 2
    number of reformations : 1

------- converged at time : 24


Data Record #1
===========================================================================
Step = 240
Time = 24
Data = uz
File = feb_inputs/active_camax/../../raw_logs/active_camax/camax_8.7_disp.txt

Data Record #2
===========================================================================
Step = 240
Time = 24
Data = sz
File = feb_inputs/active_camax/../../raw_logs/active_camax/camax_8.7_stress.txt

Data Record #3
===========================================================================
Step = 240
Time = 24
Data = J
File = feb_inputs/active_camax/../../raw_logs/active_camax/camax_8.7_vol.txt

===== beginning time step 241 : 24.1 =====


Reforming stiffness matrix: reformation #1

 1
 Nonlinear solution status: time= 24.1
	stiffness updates             = 0
	right hand side evaluations   = 2
	stiffness matrix reformations = 1
	step from line search         = 1.000000
	convergence norms :     INITIAL         CURRENT         REQUIRED
	   residual            1.441062e+00    4.848869e-11    0.000000e+00 
	   energy              7.822701e-03    1.786663e-08    7.822701e-05 
	   displacement        3.703002e-04    3.703002e-04    3.703002e-10 
 2
 Nonlinear solution status: time= 24.1
	stiffness updates             = 1
	right hand side evaluations   = 3
	stiffness matrix reformations = 1
	step from line search         = 1.000000
	convergence norms :     INITIAL         CURRENT         REQUIRED
	   residual            1.441062e+00    3.731045e-17    0.000000e+00 
	   energy              7.822701e-03    4.683635e-16    7.822701e-05 
	   displacement        3.703002e-04    1.322723e-13    3.703069e-10 

convergence summary
    number of iterations   : 2
    number of reformations : 1

------- converged at time : 24.1


Data Record #1
===========================================================================
Step = 241
Time = 24.1
Data = uz
File = feb_inputs/active_camax/../../raw_logs/active_camax/camax_8.7_disp.txt

Data Record #2
===========================================================================
Step = 241
Time = 24.1
Data = sz
File = feb_inputs/active_camax/../../raw_logs/active_camax/camax_8.7_stress.txt

Data Record #3
===========================================================================
Step = 241
Time = 24.1
Data = J
File = feb_inputs/active_camax/../../raw_logs/active_camax/camax_8.7_vol.txt

===== beginning time step 242 : 24.2 =====


Reforming stiffness matrix: reformation #1

 1
 Nonlinear solution status: time= 24.2
	stiffness updates             = 0
	right hand side evaluations   = 2
	stiffness matrix reformations = 1
	step from line search         = 1.000000
	convergence norms :     INITIAL         CURRENT         REQUIRED
	   residual            1.368454e+00    4.779843e-11    0.000000e+00 
	   energy              7.580929e-03    2.024256e-08    7.580929e-05 
	   displacement        3.647081e-04    3.647081e-04    3.647081e-10 
 2
 Nonlinear solution status: time= 24.2
	stiffness updates             = 1
	right hand side evaluations   = 3
	stiffness matrix reformations = 1
	step from line search         = 1.000000
	convergence norms :     INITIAL         CURRENT         REQUIRED
	   residual            1.368454e+00    3.234268e-17    0.000000e+00 
	   energy              7.580929e-03    4.697397e-16    7.580929e-05 
	   displacement        3.647081e-04    1.536766e-13    3.647162e-10 

convergence summary
    number of iterations   : 2
    number of reformations : 1

------- converged at time : 24.2


Data Record #1
===========================================================================
Step = 242
Time = 24.2
Data = uz
File = feb_inputs/active_camax/../../raw_logs/active_camax/camax_8.7_disp.txt

Data Record #2
===========================================================================
Step = 242
Time = 24.2
Data = sz
File = feb_inputs/active_camax/../../raw_logs/active_camax/camax_8.7_stress.txt

Data Record #3
===========================================================================
Step = 242
Time = 24.2
Data = J
File = feb_inputs/active_camax/../../raw_logs/active_camax/camax_8.7_vol.txt

===== beginning time step 243 : 24.3 =====


Reforming stiffness matrix: reformation #1

 1
 Nonlinear solution status: time= 24.3
	stiffness updates             = 0
	right hand side evaluations   = 2
	stiffness matrix reformations = 1
	step from line search         = 1.000000
	convergence norms :     INITIAL         CURRENT         REQUIRED
	   residual            1.346120e+00    4.946761e-11    0.000000e+00 
	   energy              7.543089e-03    2.400390e-08    7.543089e-05 
	   displacement        3.664647e-04    3.664647e-04    3.664647e-10 
 2
 Nonlinear solution status: time= 24.3
	stiffness updates             = 1
	right hand side evaluations   = 3
	stiffness matrix reformations = 1
	step from line search         = 1.000000
	convergence norms :     INITIAL         CURRENT         REQUIRED
	   residual            1.346120e+00    2.843858e-17    0.000000e+00 
	   energy              7.543089e-03    4.990868e-16    7.543089e-05 
	   displacement        3.664647e-04    1.811355e-13    3.664738e-10 

convergence summary
    number of iterations   : 2
    number of reformations : 1

------- converged at time : 24.3


Data Record #1
===========================================================================
Step = 243
Time = 24.3
Data = uz
File = feb_inputs/active_camax/../../raw_logs/active_camax/camax_8.7_disp.txt

Data Record #2
===========================================================================
Step = 243
Time = 24.3
Data = sz
File = feb_inputs/active_camax/../../raw_logs/active_camax/camax_8.7_stress.txt

Data Record #3
===========================================================================
Step = 243
Time = 24.3
Data = J
File = feb_inputs/active_camax/../../raw_logs/active_camax/camax_8.7_vol.txt

===== beginning time step 244 : 24.4 =====


Reforming stiffness matrix: reformation #1

 1
 Nonlinear solution status: time= 24.4
	stiffness updates             = 0
	right hand side evaluations   = 2
	stiffness matrix reformations = 1
	step from line search         = 1.000000
	convergence norms :     INITIAL         CURRENT         REQUIRED
	   residual            1.366220e+00    7.378222e-11    0.000000e+00 
	   energy              7.691796e-03    2.902749e-08    7.691796e-05 
	   displacement        3.751109e-04    3.751109e-04    3.751109e-10 
 2
 Nonlinear solution status: time= 24.4
	stiffness updates             = 1
	right hand side evaluations   = 3
	stiffness matrix reformations = 1
	step from line search         = 1.000000
	convergence norms :     INITIAL         CURRENT         REQUIRED
	   residual            1.366220e+00    3.798022e-17    0.000000e+00 
	   energy              7.691796e-03    5.248026e-16    7.691796e-05 
	   displacement        3.751109e-04    2.007184e-13    3.751207e-10 

convergence summary
    number of iterations   : 2
    number of reformations : 1

------- converged at time : 24.4


Data Record #1
===========================================================================
Step = 244
Time = 24.4
Data = uz
File = feb_inputs/active_camax/../../raw_logs/active_camax/camax_8.7_disp.txt

Data Record #2
===========================================================================
Step = 244
Time = 24.4
Data = sz
File = feb_inputs/active_camax/../../raw_logs/active_camax/camax_8.7_stress.txt

Data Record #3
===========================================================================
Step = 244
Time = 24.4
Data = J
File = feb_inputs/active_camax/../../raw_logs/active_camax/camax_8.7_vol.txt

===== beginning time step 245 : 24.5 =====


Reforming stiffness matrix: reformation #1

 1
 Nonlinear solution status: time= 24.5
	stiffness updates             = 0
	right hand side evaluations   = 2
	stiffness matrix reformations = 1
	step from line search         = 1.000000
	convergence norms :     INITIAL         CURRENT         REQUIRED
	   residual            1.410378e+00    9.865019e-11    0.000000e+00 
	   energy              7.984190e-03    3.509401e-08    7.984190e-05 
	   displacement        3.914949e-04    3.914949e-04    3.914949e-10 
 2
 Nonlinear solution status: time= 24.5
	stiffness updates             = 1
	right hand side evaluations   = 3
	stiffness matrix reformations = 1
	step from line search         = 1.000000
	convergence norms :     INITIAL         CURRENT         REQUIRED
	   residual            1.410378e+00    5.331491e-17    0.000000e+00 
	   energy              7.984190e-03    6.561181e-16    7.984190e-05 
	   displacement        3.914949e-04    2.321004e-13    3.915056e-10 

convergence summary
    number of iterations   : 2
    number of reformations : 1

------- converged at time : 24.5


Data Record #1
===========================================================================
Step = 245
Time = 24.5
Data = uz
File = feb_inputs/active_camax/../../raw_logs/active_camax/camax_8.7_disp.txt

Data Record #2
===========================================================================
Step = 245
Time = 24.5
Data = sz
File = feb_inputs/active_camax/../../raw_logs/active_camax/camax_8.7_stress.txt

Data Record #3
===========================================================================
Step = 245
Time = 24.5
Data = J
File = feb_inputs/active_camax/../../raw_logs/active_camax/camax_8.7_vol.txt

===== beginning time step 246 : 24.6 =====


Reforming stiffness matrix: reformation #1

 1
 Nonlinear solution status: time= 24.6
	stiffness updates             = 0
	right hand side evaluations   = 2
	stiffness matrix reformations = 1
	step from line search         = 1.000000
	convergence norms :     INITIAL         CURRENT         REQUIRED
	   residual            1.461791e+00    1.482022e-10    0.000000e+00 
	   energy              8.345268e-03    4.068377e-08    8.345268e-05 
	   displacement        4.129360e-04    4.129360e-04    4.129360e-10 
 2
 Nonlinear solution status: time= 24.6
	stiffness updates             = 1
	right hand side evaluations   = 3
	stiffness matrix reformations = 1
	step from line search         = 1.000000
	convergence norms :     INITIAL         CURRENT         REQUIRED
	   residual            1.461791e+00    8.576628e-17    0.000000e+00 
	   energy              8.345268e-03    8.953535e-16    8.345268e-05 
	   displacement        4.129360e-04    2.585676e-13    4.129475e-10 

convergence summary
    number of iterations   : 2
    number of reformations : 1

------- converged at time : 24.6


Data Record #1
===========================================================================
Step = 246
Time = 24.6
Data = uz
File = feb_inputs/active_camax/../../raw_logs/active_camax/camax_8.7_disp.txt

Data Record #2
===========================================================================
Step = 246
Time = 24.6
Data = sz
File = feb_inputs/active_camax/../../raw_logs/active_camax/camax_8.7_stress.txt

Data Record #3
===========================================================================
Step = 246
Time = 24.6
Data = J
File = feb_inputs/active_camax/../../raw_logs/active_camax/camax_8.7_vol.txt

===== beginning time step 247 : 24.7 =====


Reforming stiffness matrix: reformation #1

 1
 Nonlinear solution status: time= 24.7
	stiffness updates             = 0
	right hand side evaluations   = 2
	stiffness matrix reformations = 1
	step from line search         = 1.000000
	convergence norms :     INITIAL         CURRENT         REQUIRED
	   residual            1.510615e+00    2.092098e-10    0.000000e+00 
	   energy              8.681470e-03    4.499949e-08    8.681470e-05 
	   displacement        4.331870e-04    4.331870e-04    4.331870e-10 
 2
 Nonlinear solution status: time= 24.7
	stiffness updates             = 1
	right hand side evaluations   = 3
	stiffness matrix reformations = 1
	step from line search         = 1.000000
	convergence norms :     INITIAL         CURRENT         REQUIRED
	   residual            1.510615e+00    1.207651e-16    0.000000e+00 
	   energy              8.681470e-03    1.028243e-15    8.681470e-05 
	   displacement        4.331870e-04    2.607287e-13    4.331986e-10 

convergence summary
    number of iterations   : 2
    number of reformations : 1

------- converged at time : 24.7


Data Record #1
===========================================================================
Step = 247
Time = 24.7
Data = uz
File = feb_inputs/active_camax/../../raw_logs/active_camax/camax_8.7_disp.txt

Data Record #2
===========================================================================
Step = 247
Time = 24.7
Data = sz
File = feb_inputs/active_camax/../../raw_logs/active_camax/camax_8.7_stress.txt

Data Record #3
===========================================================================
Step = 247
Time = 24.7
Data = J
File = feb_inputs/active_camax/../../raw_logs/active_camax/camax_8.7_vol.txt

===== beginning time step 248 : 24.8 =====


Reforming stiffness matrix: reformation #1

 1
 Nonlinear solution status: time= 24.8
	stiffness updates             = 0
	right hand side evaluations   = 2
	stiffness matrix reformations = 1
	step from line search         = 1.000000
	convergence norms :     INITIAL         CURRENT         REQUIRED
	   residual            1.548705e+00    2.607620e-10    0.000000e+00 
	   energy              8.903868e-03    4.758595e-08    8.903868e-05 
	   displacement        4.464949e-04    4.464949e-04    4.464949e-10 
 2
 Nonlinear solution status: time= 24.8
	stiffness updates             = 1
	right hand side evaluations   = 3
	stiffness matrix reformations = 1
	step from line search         = 1.000000
	convergence norms :     INITIAL         CURRENT         REQUIRED
	   residual            1.548705e+00    1.639672e-16    0.000000e+00 
	   energy              8.903868e-03    1.205282e-15    8.903868e-05 
	   displacement        4.464949e-04    2.670492e-13    4.465065e-10 

convergence summary
    number of iterations   : 2
    number of reformations : 1

------- converged at time : 24.8


Data Record #1
===========================================================================
Step = 248
Time = 24.8
Data = uz
File = feb_inputs/active_camax/../../raw_logs/active_camax/camax_8.7_disp.txt

Data Record #2
===========================================================================
Step = 248
Time = 24.8
Data = sz
File = feb_inputs/active_camax/../../raw_logs/active_camax/camax_8.7_stress.txt

Data Record #3
===========================================================================
Step = 248
Time = 24.8
Data = J
File = feb_inputs/active_camax/../../raw_logs/active_camax/camax_8.7_vol.txt

===== beginning time step 249 : 24.9 =====


Reforming stiffness matrix: reformation #1

 1
 Nonlinear solution status: time= 24.9
	stiffness updates             = 0
	right hand side evaluations   = 2
	stiffness matrix reformations = 1
	step from line search         = 1.000000
	convergence norms :     INITIAL         CURRENT         REQUIRED
	   residual            1.568465e+00    2.806527e-10    0.000000e+00 
	   energy              8.952800e-03    4.790708e-08    8.952800e-05 
	   displacement        4.494271e-04    4.494271e-04    4.494271e-10 
 2
 Nonlinear solution status: time= 24.9
	stiffness updates             = 1
	right hand side evaluations   = 3
	stiffness matrix reformations = 1
	step from line search         = 1.000000
	convergence norms :     INITIAL         CURRENT         REQUIRED
	   residual            1.568465e+00    1.923693e-16    0.000000e+00 
	   energy              8.952800e-03    1.384838e-15    8.952800e-05 
	   displacement        4.494271e-04    2.745185e-13    4.494391e-10 

convergence summary
    number of iterations   : 2
    number of reformations : 1

------- converged at time : 24.9


Data Record #1
===========================================================================
Step = 249
Time = 24.9
Data = uz
File = feb_inputs/active_camax/../../raw_logs/active_camax/camax_8.7_disp.txt

Data Record #2
===========================================================================
Step = 249
Time = 24.9
Data = sz
File = feb_inputs/active_camax/../../raw_logs/active_camax/camax_8.7_stress.txt

Data Record #3
===========================================================================
Step = 249
Time = 24.9
Data = J
File = feb_inputs/active_camax/../../raw_logs/active_camax/camax_8.7_vol.txt

===== beginning time step 250 : 25 =====


Reforming stiffness matrix: reformation #1

 1
 Nonlinear solution status: time= 25
	stiffness updates             = 0
	right hand side evaluations   = 2
	stiffness matrix reformations = 1
	step from line search         = 1.000000
	convergence norms :     INITIAL         CURRENT         REQUIRED
	   residual            1.564770e+00    2.776762e-10    0.000000e+00 
	   energy              8.814112e-03    4.662980e-08    8.814112e-05 
	   displacement        4.411290e-04    4.411290e-04    4.411290e-10 
 2
 Nonlinear solution status: time= 25
	stiffness updates             = 1
	right hand side evaluations   = 3
	stiffness matrix reformations = 1
	step from line search         = 1.000000
	convergence norms :     INITIAL         CURRENT         REQUIRED
	   residual            1.564770e+00    1.824606e-16    0.000000e+00 
	   energy              8.814112e-03    1.348812e-15    8.814112e-05 
	   displacement        4.411290e-04    2.721531e-13    4.411411e-10 

convergence summary
    number of iterations   : 2
    number of reformations : 1

------- converged at time : 25


Data Record #1
===========================================================================
Step = 250
Time = 25
Data = uz
File = feb_inputs/active_camax/../../raw_logs/active_camax/camax_8.7_disp.txt

Data Record #2
===========================================================================
Step = 250
Time = 25
Data = sz
File = feb_inputs/active_camax/../../raw_logs/active_camax/camax_8.7_stress.txt

Data Record #3
===========================================================================
Step = 250
Time = 25
Data = J
File = feb_inputs/active_camax/../../raw_logs/active_camax/camax_8.7_vol.txt

===== beginning time step 251 : 25.1 =====


Reforming stiffness matrix: reformation #1

 1
 Nonlinear solution status: time= 25.1
	stiffness updates             = 0
	right hand side evaluations   = 2
	stiffness matrix reformations = 1
	step from line search         = 1.000000
	convergence norms :     INITIAL         CURRENT         REQUIRED
	   residual            1.539264e+00    2.526124e-10    0.000000e+00 
	   energy              8.517082e-03    4.372586e-08    8.517082e-05 
	   displacement        4.237662e-04    4.237662e-04    4.237662e-10 
 2
 Nonlinear solution status: time= 25.1
	stiffness updates             = 1
	right hand side evaluations   = 3
	stiffness matrix reformations = 1
	step from line search         = 1.000000
	convergence norms :     INITIAL         CURRENT         REQUIRED
	   residual            1.539264e+00    1.598371e-16    0.000000e+00 
	   energy              8.517082e-03    1.299874e-15    8.517082e-05 
	   displacement        4.237662e-04    2.660006e-13    4.237775e-10 

convergence summary
    number of iterations   : 2
    number of reformations : 1

------- converged at time : 25.1


Data Record #1
===========================================================================
Step = 251
Time = 25.1
Data = uz
File = feb_inputs/active_camax/../../raw_logs/active_camax/camax_8.7_disp.txt

Data Record #2
===========================================================================
Step = 251
Time = 25.1
Data = sz
File = feb_inputs/active_camax/../../raw_logs/active_camax/camax_8.7_stress.txt

Data Record #3
===========================================================================
Step = 251
Time = 25.1
Data = J
File = feb_inputs/active_camax/../../raw_logs/active_camax/camax_8.7_vol.txt

===== beginning time step 252 : 25.2 =====


Reforming stiffness matrix: reformation #1

 1
 Nonlinear solution status: time= 25.2
	stiffness updates             = 0
	right hand side evaluations   = 2
	stiffness matrix reformations = 1
	step from line search         = 1.000000
	convergence norms :     INITIAL         CURRENT         REQUIRED
	   residual            1.503493e+00    2.067242e-10    0.000000e+00 
	   energy              8.120828e-03    3.868765e-08    8.120828e-05 
	   displacement        4.014625e-04    4.014625e-04    4.014625e-10 
 2
 Nonlinear solution status: time= 25.2
	stiffness updates             = 1
	right hand side evaluations   = 3
	stiffness matrix reformations = 1
	step from line search         = 1.000000
	convergence norms :     INITIAL         CURRENT         REQUIRED
	   residual            1.503493e+00    1.381433e-16    0.000000e+00 
	   energy              8.120828e-03    1.261718e-15    8.120828e-05 
	   displacement        4.014625e-04    2.524202e-13    4.014727e-10 

convergence summary
    number of iterations   : 2
    number of reformations : 1

------- converged at time : 25.2


Data Record #1
===========================================================================
Step = 252
Time = 25.2
Data = uz
File = feb_inputs/active_camax/../../raw_logs/active_camax/camax_8.7_disp.txt

Data Record #2
===========================================================================
Step = 252
Time = 25.2
Data = sz
File = feb_inputs/active_camax/../../raw_logs/active_camax/camax_8.7_stress.txt

Data Record #3
===========================================================================
Step = 252
Time = 25.2
Data = J
File = feb_inputs/active_camax/../../raw_logs/active_camax/camax_8.7_vol.txt

===== beginning time step 253 : 25.3 =====


Reforming stiffness matrix: reformation #1

 1
 Nonlinear solution status: time= 25.3
	stiffness updates             = 0
	right hand side evaluations   = 2
	stiffness matrix reformations = 1
	step from line search         = 1.000000
	convergence norms :     INITIAL         CURRENT         REQUIRED
	   residual            1.466319e+00    1.743148e-10    0.000000e+00 
	   energy              7.688132e-03    3.254670e-08    7.688132e-05 
	   displacement        3.774306e-04    3.774306e-04    3.774306e-10 
 2
 Nonlinear solution status: time= 25.3
	stiffness updates             = 1
	right hand side evaluations   = 3
	stiffness matrix reformations = 1
	step from line search         = 1.000000
	convergence norms :     INITIAL         CURRENT         REQUIRED
	   residual            1.466319e+00    1.285258e-16    0.000000e+00 
	   energy              7.688132e-03    1.318614e-15    7.688132e-05 
	   displacement        3.774306e-04    2.476282e-13    3.774400e-10 

convergence summary
    number of iterations   : 2
    number of reformations : 1

------- converged at time : 25.3


Data Record #1
===========================================================================
Step = 253
Time = 25.3
Data = uz
File = feb_inputs/active_camax/../../raw_logs/active_camax/camax_8.7_disp.txt

Data Record #2
===========================================================================
Step = 253
Time = 25.3
Data = sz
File = feb_inputs/active_camax/../../raw_logs/active_camax/camax_8.7_stress.txt

Data Record #3
===========================================================================
Step = 253
Time = 25.3
Data = J
File = feb_inputs/active_camax/../../raw_logs/active_camax/camax_8.7_vol.txt

===== beginning time step 254 : 25.4 =====


Reforming stiffness matrix: reformation #1

 1
 Nonlinear solution status: time= 25.4
	stiffness updates             = 0
	right hand side evaluations   = 2
	stiffness matrix reformations = 1
	step from line search         = 1.000000
	convergence norms :     INITIAL         CURRENT         REQUIRED
	   residual            1.426818e+00    1.533033e-10    0.000000e+00 
	   energy              7.270680e-03    2.723111e-08    7.270680e-05 
	   displacement        3.543281e-04    3.543281e-04    3.543281e-10 
 2
 Nonlinear solution status: time= 25.4
	stiffness updates             = 1
	right hand side evaluations   = 3
	stiffness matrix reformations = 1
	step from line search         = 1.000000
	convergence norms :     INITIAL         CURRENT         REQUIRED
	   residual            1.426818e+00    1.215519e-16    0.000000e+00 
	   energy              7.270680e-03    1.419067e-15    7.270680e-05 
	   displacement        3.543281e-04    2.550111e-13    3.543369e-10 

convergence summary
    number of iterations   : 2
    number of reformations : 1

------- converged at time : 25.4


Data Record #1
===========================================================================
Step = 254
Time = 25.4
Data = uz
File = feb_inputs/active_camax/../../raw_logs/active_camax/camax_8.7_disp.txt

Data Record #2
===========================================================================
Step = 254
Time = 25.4
Data = sz
File = feb_inputs/active_camax/../../raw_logs/active_camax/camax_8.7_stress.txt

Data Record #3
===========================================================================
Step = 254
Time = 25.4
Data = J
File = feb_inputs/active_camax/../../raw_logs/active_camax/camax_8.7_vol.txt

===== beginning time step 255 : 25.5 =====


Reforming stiffness matrix: reformation #1

 1
 Nonlinear solution status: time= 25.5
	stiffness updates             = 0
	right hand side evaluations   = 2
	stiffness matrix reformations = 1
	step from line search         = 1.000000
	convergence norms :     INITIAL         CURRENT         REQUIRED
	   residual            1.384476e+00    1.244731e-10    0.000000e+00 
	   energy              6.900244e-03    2.346574e-08    6.900244e-05 
	   displacement        3.351037e-04    3.351037e-04    3.351037e-10 
 2
 Nonlinear solution status: time= 25.5
	stiffness updates             = 1
	right hand side evaluations   = 3
	stiffness matrix reformations = 1
	step from line search         = 1.000000
	convergence norms :     INITIAL         CURRENT         REQUIRED
	   residual            1.384476e+00    1.038879e-16    0.000000e+00 
	   energy              6.900244e-03    1.383420e-15    6.900244e-05 
	   displacement        3.351037e-04    2.656803e-13    3.351120e-10 

convergence summary
    number of iterations   : 2
    number of reformations : 1

------- converged at time : 25.5


Data Record #1
===========================================================================
Step = 255
Time = 25.5
Data = uz
File = feb_inputs/active_camax/../../raw_logs/active_camax/camax_8.7_disp.txt

Data Record #2
===========================================================================
Step = 255
Time = 25.5
Data = sz
File = feb_inputs/active_camax/../../raw_logs/active_camax/camax_8.7_stress.txt

Data Record #3
===========================================================================
Step = 255
Time = 25.5
Data = J
File = feb_inputs/active_camax/../../raw_logs/active_camax/camax_8.7_vol.txt

===== beginning time step 256 : 25.6 =====


Reforming stiffness matrix: reformation #1

 1
 Nonlinear solution status: time= 25.6
	stiffness updates             = 0
	right hand side evaluations   = 2
	stiffness matrix reformations = 1
	step from line search         = 1.000000
	convergence norms :     INITIAL         CURRENT         REQUIRED
	   residual            1.344450e+00    1.119297e-10    0.000000e+00 
	   energy              6.587937e-03    2.071522e-08    6.587937e-05 
	   displacement        3.204579e-04    3.204579e-04    3.204579e-10 
 2
 Nonlinear solution status: time= 25.6
	stiffness updates             = 1
	right hand side evaluations   = 3
	stiffness matrix reformations = 1
	step from line search         = 1.000000
	convergence norms :     INITIAL         CURRENT         REQUIRED
	   residual            1.344450e+00    9.757940e-17    0.000000e+00 
	   energy              6.587937e-03    1.365433e-15    6.587937e-05 
	   displacement        3.204579e-04    2.666989e-13    3.204655e-10 

convergence summary
    number of iterations   : 2
    number of reformations : 1

------- converged at time : 25.6


Data Record #1
===========================================================================
Step = 256
Time = 25.6
Data = uz
File = feb_inputs/active_camax/../../raw_logs/active_camax/camax_8.7_disp.txt

Data Record #2
===========================================================================
Step = 256
Time = 25.6
Data = sz
File = feb_inputs/active_camax/../../raw_logs/active_camax/camax_8.7_stress.txt

Data Record #3
===========================================================================
Step = 256
Time = 25.6
Data = J
File = feb_inputs/active_camax/../../raw_logs/active_camax/camax_8.7_vol.txt

===== beginning time step 257 : 25.7 =====


Reforming stiffness matrix: reformation #1

 1
 Nonlinear solution status: time= 25.7
	stiffness updates             = 0
	right hand side evaluations   = 2
	stiffness matrix reformations = 1
	step from line search         = 1.000000
	convergence norms :     INITIAL         CURRENT         REQUIRED
	   residual            1.310008e+00    1.086724e-10    0.000000e+00 
	   energy              6.328501e-03    1.814931e-08    6.328501e-05 
	   displacement        3.078610e-04    3.078610e-04    3.078610e-10 
 2
 Nonlinear solution status: time= 25.7
	stiffness updates             = 1
	right hand side evaluations   = 3
	stiffness matrix reformations = 1
	step from line search         = 1.000000
	convergence norms :     INITIAL         CURRENT         REQUIRED
	   residual            1.310008e+00    9.557378e-17    0.000000e+00 
	   energy              6.328501e-03    1.305481e-15    6.328501e-05 
	   displacement        3.078610e-04    2.384688e-13    3.078675e-10 

convergence summary
    number of iterations   : 2
    number of reformations : 1

------- converged at time : 25.7


Data Record #1
===========================================================================
Step = 257
Time = 25.7
Data = uz
File = feb_inputs/active_camax/../../raw_logs/active_camax/camax_8.7_disp.txt

Data Record #2
===========================================================================
Step = 257
Time = 25.7
Data = sz
File = feb_inputs/active_camax/../../raw_logs/active_camax/camax_8.7_stress.txt

Data Record #3
===========================================================================
Step = 257
Time = 25.7
Data = J
File = feb_inputs/active_camax/../../raw_logs/active_camax/camax_8.7_vol.txt

===== beginning time step 258 : 25.8 =====


Reforming stiffness matrix: reformation #1

 1
 Nonlinear solution status: time= 25.8
	stiffness updates             = 0
	right hand side evaluations   = 2
	stiffness matrix reformations = 1
	step from line search         = 1.000000
	convergence norms :     INITIAL         CURRENT         REQUIRED
	   residual            1.281365e+00    1.015217e-10    0.000000e+00 
	   energy              6.116306e-03    1.586060e-08    6.116306e-05 
	   displacement        2.948269e-04    2.948269e-04    2.948269e-10 
 2
 Nonlinear solution status: time= 25.8
	stiffness updates             = 1
	right hand side evaluations   = 3
	stiffness matrix reformations = 1
	step from line search         = 1.000000
	convergence norms :     INITIAL         CURRENT         REQUIRED
	   residual            1.281365e+00    9.880519e-17    0.000000e+00 
	   energy              6.116306e-03    1.277273e-15    6.116306e-05 
	   displacement        2.948269e-04    2.194998e-13    2.948325e-10 

convergence summary
    number of iterations   : 2
    number of reformations : 1

------- converged at time : 25.8


Data Record #1
===========================================================================
Step = 258
Time = 25.8
Data = uz
File = feb_inputs/active_camax/../../raw_logs/active_camax/camax_8.7_disp.txt

Data Record #2
===========================================================================
Step = 258
Time = 25.8
Data = sz
File = feb_inputs/active_camax/../../raw_logs/active_camax/camax_8.7_stress.txt

Data Record #3
===========================================================================
Step = 258
Time = 25.8
Data = J
File = feb_inputs/active_camax/../../raw_logs/active_camax/camax_8.7_vol.txt

===== beginning time step 259 : 25.9 =====


Reforming stiffness matrix: reformation #1

 1
 Nonlinear solution status: time= 25.9
	stiffness updates             = 0
	right hand side evaluations   = 2
	stiffness matrix reformations = 1
	step from line search         = 1.000000
	convergence norms :     INITIAL         CURRENT         REQUIRED
	   residual            1.259675e+00    9.455347e-11    0.000000e+00 
	   energy              5.944003e-03    1.359716e-08    5.944003e-05 
	   displacement        2.812355e-04    2.812355e-04    2.812355e-10 
 2
 Nonlinear solution status: time= 25.9
	stiffness updates             = 1
	right hand side evaluations   = 3
	stiffness matrix reformations = 1
	step from line search         = 1.000000
	convergence norms :     INITIAL         CURRENT         REQUIRED
	   residual            1.259675e+00    1.080982e-16    0.000000e+00 
	   energy              5.944003e-03    1.273014e-15    5.944003e-05 
	   displacement        2.812355e-04    1.992376e-13    2.812402e-10 

convergence summary
    number of iterations   : 2
    number of reformations : 1

------- converged at time : 25.9


Data Record #1
===========================================================================
Step = 259
Time = 25.9
Data = uz
File = feb_inputs/active_camax/../../raw_logs/active_camax/camax_8.7_disp.txt

Data Record #2
===========================================================================
Step = 259
Time = 25.9
Data = sz
File = feb_inputs/active_camax/../../raw_logs/active_camax/camax_8.7_stress.txt

Data Record #3
===========================================================================
Step = 259
Time = 25.9
Data = J
File = feb_inputs/active_camax/../../raw_logs/active_camax/camax_8.7_vol.txt

===== beginning time step 260 : 26 =====


Reforming stiffness matrix: reformation #1

 1
 Nonlinear solution status: time= 26
	stiffness updates             = 0
	right hand side evaluations   = 2
	stiffness matrix reformations = 1
	step from line search         = 1.000000
	convergence norms :     INITIAL         CURRENT         REQUIRED
	   residual            1.242783e+00    7.489310e-11    0.000000e+00 
	   energy              5.794079e-03    1.206339e-08    5.794079e-05 
	   displacement        2.686251e-04    2.686251e-04    2.686251e-10 
 2
 Nonlinear solution status: time= 26
	stiffness updates             = 1
	right hand side evaluations   = 3
	stiffness matrix reformations = 1
	step from line search         = 1.000000
	convergence norms :     INITIAL         CURRENT         REQUIRED
	   residual            1.242783e+00    8.969668e-17    0.000000e+00 
	   energy              5.794079e-03    1.053483e-15    5.794079e-05 
	   displacement        2.686251e-04    1.655921e-13    2.686290e-10 

convergence summary
    number of iterations   : 2
    number of reformations : 1

------- converged at time : 26


Data Record #1
===========================================================================
Step = 260
Time = 26
Data = uz
File = feb_inputs/active_camax/../../raw_logs/active_camax/camax_8.7_disp.txt

Data Record #2
===========================================================================
Step = 260
Time = 26
Data = sz
File = feb_inputs/active_camax/../../raw_logs/active_camax/camax_8.7_stress.txt

Data Record #3
===========================================================================
Step = 260
Time = 26
Data = J
File = feb_inputs/active_camax/../../raw_logs/active_camax/camax_8.7_vol.txt

===== beginning time step 261 : 26.1 =====


Reforming stiffness matrix: reformation #1

 1
 Nonlinear solution status: time= 26.1
	stiffness updates             = 0
	right hand side evaluations   = 2
	stiffness matrix reformations = 1
	step from line search         = 1.000000
	convergence norms :     INITIAL         CURRENT         REQUIRED
	   residual            1.219536e+00    6.575685e-11    0.000000e+00 
	   energy              5.650530e-03    1.213184e-08    5.650530e-05 
	   displacement        2.582555e-04    2.582555e-04    2.582555e-10 
 2
 Nonlinear solution status: time= 26.1
	stiffness updates             = 1
	right hand side evaluations   = 3
	stiffness matrix reformations = 1
	step from line search         = 1.000000
	convergence norms :     INITIAL         CURRENT         REQUIRED
	   residual            1.219536e+00    7.101213e-17    0.000000e+00 
	   energy              5.650530e-03    8.558277e-16    5.650530e-05 
	   displacement        2.582555e-04    1.493376e-13    2.582593e-10 

convergence summary
    number of iterations   : 2
    number of reformations : 1

------- converged at time : 26.1


Data Record #1
===========================================================================
Step = 261
Time = 26.1
Data = uz
File = feb_inputs/active_camax/../../raw_logs/active_camax/camax_8.7_disp.txt

Data Record #2
===========================================================================
Step = 261
Time = 26.1
Data = sz
File = feb_inputs/active_camax/../../raw_logs/active_camax/camax_8.7_stress.txt

Data Record #3
===========================================================================
Step = 261
Time = 26.1
Data = J
File = feb_inputs/active_camax/../../raw_logs/active_camax/camax_8.7_vol.txt

===== beginning time step 262 : 26.2 =====


Reforming stiffness matrix: reformation #1

 1
 Nonlinear solution status: time= 26.2
	stiffness updates             = 0
	right hand side evaluations   = 2
	stiffness matrix reformations = 1
	step from line search         = 1.000000
	convergence norms :     INITIAL         CURRENT         REQUIRED
	   residual            1.179502e+00    8.183496e-11    0.000000e+00 
	   energy              5.503879e-03    1.296862e-08    5.503879e-05 
	   displacement        2.508197e-04    2.508197e-04    2.508197e-10 
 2
 Nonlinear solution status: time= 26.2
	stiffness updates             = 1
	right hand side evaluations   = 3
	stiffness matrix reformations = 1
	step from line search         = 1.000000
	convergence norms :     INITIAL         CURRENT         REQUIRED
	   residual            1.179502e+00    7.246874e-17    0.000000e+00 
	   energy              5.503879e-03    7.786427e-16    5.503879e-05 
	   displacement        2.508197e-04    1.445635e-13    2.508235e-10 

convergence summary
    number of iterations   : 2
    number of reformations : 1

------- converged at time : 26.2


Data Record #1
===========================================================================
Step = 262
Time = 26.2
Data = uz
File = feb_inputs/active_camax/../../raw_logs/active_camax/camax_8.7_disp.txt

Data Record #2
===========================================================================
Step = 262
Time = 26.2
Data = sz
File = feb_inputs/active_camax/../../raw_logs/active_camax/camax_8.7_stress.txt

Data Record #3
===========================================================================
Step = 262
Time = 26.2
Data = J
File = feb_inputs/active_camax/../../raw_logs/active_camax/camax_8.7_vol.txt

===== beginning time step 263 : 26.3 =====


Reforming stiffness matrix: reformation #1

 1
 Nonlinear solution status: time= 26.3
	stiffness updates             = 0
	right hand side evaluations   = 2
	stiffness matrix reformations = 1
	step from line search         = 1.000000
	convergence norms :     INITIAL         CURRENT         REQUIRED
	   residual            1.124603e+00    8.238208e-11    0.000000e+00 
	   energy              5.348264e-03    1.361480e-08    5.348264e-05 
	   displacement        2.456763e-04    2.456763e-04    2.456763e-10 
 2
 Nonlinear solution status: time= 26.3
	stiffness updates             = 1
	right hand side evaluations   = 3
	stiffness matrix reformations = 1
	step from line search         = 1.000000
	convergence norms :     INITIAL         CURRENT         REQUIRED
	   residual            1.124603e+00    7.992524e-17    0.000000e+00 
	   energy              5.348264e-03    7.698973e-16    5.348264e-05 
	   displacement        2.456763e-04    1.449620e-13    2.456800e-10 

convergence summary
    number of iterations   : 2
    number of reformations : 1

------- converged at time : 26.3


Data Record #1
===========================================================================
Step = 263
Time = 26.3
Data = uz
File = feb_inputs/active_camax/../../raw_logs/active_camax/camax_8.7_disp.txt

Data Record #2
===========================================================================
Step = 263
Time = 26.3
Data = sz
File = feb_inputs/active_camax/../../raw_logs/active_camax/camax_8.7_stress.txt

Data Record #3
===========================================================================
Step = 263
Time = 26.3
Data = J
File = feb_inputs/active_camax/../../raw_logs/active_camax/camax_8.7_vol.txt

===== beginning time step 264 : 26.4 =====


Reforming stiffness matrix: reformation #1

 1
 Nonlinear solution status: time= 26.4
	stiffness updates             = 0
	right hand side evaluations   = 2
	stiffness matrix reformations = 1
	step from line search         = 1.000000
	convergence norms :     INITIAL         CURRENT         REQUIRED
	   residual            1.068038e+00    7.601102e-11    0.000000e+00 
	   energy              5.191273e-03    1.349780e-08    5.191273e-05 
	   displacement        2.407808e-04    2.407808e-04    2.407808e-10 
 2
 Nonlinear solution status: time= 26.4
	stiffness updates             = 1
	right hand side evaluations   = 3
	stiffness matrix reformations = 1
	step from line search         = 1.000000
	convergence norms :     INITIAL         CURRENT         REQUIRED
	   residual            1.068038e+00    8.222880e-17    0.000000e+00 
	   energy              5.191273e-03    7.874291e-16    5.191273e-05 
	   displacement        2.407808e-04    1.417879e-13    2.407845e-10 

convergence summary
    number of iterations   : 2
    number of reformations : 1

------- converged at time : 26.4


Data Record #1
===========================================================================
Step = 264
Time = 26.4
Data = uz
File = feb_inputs/active_camax/../../raw_logs/active_camax/camax_8.7_disp.txt

Data Record #2
===========================================================================
Step = 264
Time = 26.4
Data = sz
File = feb_inputs/active_camax/../../raw_logs/active_camax/camax_8.7_stress.txt

Data Record #3
===========================================================================
Step = 264
Time = 26.4
Data = J
File = feb_inputs/active_camax/../../raw_logs/active_camax/camax_8.7_vol.txt

===== beginning time step 265 : 26.5 =====


Reforming stiffness matrix: reformation #1

 1
 Nonlinear solution status: time= 26.5
	stiffness updates             = 0
	right hand side evaluations   = 2
	stiffness matrix reformations = 1
	step from line search         = 1.000000
	convergence norms :     INITIAL         CURRENT         REQUIRED
	   residual            1.022513e+00    6.858184e-11    0.000000e+00 
	   energy              5.056395e-03    1.349322e-08    5.056395e-05 
	   displacement        2.355825e-04    2.355825e-04    2.355825e-10 
 2
 Nonlinear solution status: time= 26.5
	stiffness updates             = 1
	right hand side evaluations   = 3
	stiffness matrix reformations = 1
	step from line search         = 1.000000
	convergence norms :     INITIAL         CURRENT         REQUIRED
	   residual            1.022513e+00    6.338054e-17    0.000000e+00 
	   energy              5.056395e-03    6.799937e-16    5.056395e-05 
	   displacement        2.355825e-04    1.344670e-13    2.355861e-10 

convergence summary
    number of iterations   : 2
    number of reformations : 1

------- converged at time : 26.5


Data Record #1
===========================================================================
Step = 265
Time = 26.5
Data = uz
File = feb_inputs/active_camax/../../raw_logs/active_camax/camax_8.7_disp.txt

Data Record #2
===========================================================================
Step = 265
Time = 26.5
Data = sz
File = feb_inputs/active_camax/../../raw_logs/active_camax/camax_8.7_stress.txt

Data Record #3
===========================================================================
Step = 265
Time = 26.5
Data = J
File = feb_inputs/active_camax/../../raw_logs/active_camax/camax_8.7_vol.txt

===== beginning time step 266 : 26.6 =====


Reforming stiffness matrix: reformation #1

 1
 Nonlinear solution status: time= 26.6
	stiffness updates             = 0
	right hand side evaluations   = 2
	stiffness matrix reformations = 1
	step from line search         = 1.000000
	convergence norms :     INITIAL         CURRENT         REQUIRED
	   residual            9.872710e-01    7.297580e-11    0.000000e+00 
	   energy              4.967128e-03    1.490075e-08    4.967128e-05 
	   displacement        2.324336e-04    2.324336e-04    2.324336e-10 
 2
 Nonlinear solution status: time= 26.6
	stiffness updates             = 1
	right hand side evaluations   = 3
	stiffness matrix reformations = 1
	step from line search         = 1.000000
	convergence norms :     INITIAL         CURRENT         REQUIRED
	   residual            9.872710e-01    6.285182e-17    0.000000e+00 
	   energy              4.967128e-03    6.450344e-16    4.967128e-05 
	   displacement        2.324336e-04    1.392601e-13    2.324379e-10 

convergence summary
    number of iterations   : 2
    number of reformations : 1

------- converged at time : 26.6


Data Record #1
===========================================================================
Step = 266
Time = 26.6
Data = uz
File = feb_inputs/active_camax/../../raw_logs/active_camax/camax_8.7_disp.txt

Data Record #2
===========================================================================
Step = 266
Time = 26.6
Data = sz
File = feb_inputs/active_camax/../../raw_logs/active_camax/camax_8.7_stress.txt

Data Record #3
===========================================================================
Step = 266
Time = 26.6
Data = J
File = feb_inputs/active_camax/../../raw_logs/active_camax/camax_8.7_vol.txt

===== beginning time step 267 : 26.7 =====


Reforming stiffness matrix: reformation #1

 1
 Nonlinear solution status: time= 26.7
	stiffness updates             = 0
	right hand side evaluations   = 2
	stiffness matrix reformations = 1
	step from line search         = 1.000000
	convergence norms :     INITIAL         CURRENT         REQUIRED
	   residual            9.547752e-01    8.094502e-11    0.000000e+00 
	   energy              4.940198e-03    1.820752e-08    4.940198e-05 
	   displacement        2.336249e-04    2.336249e-04    2.336249e-10 
 2
 Nonlinear solution status: time= 26.7
	stiffness updates             = 1
	right hand side evaluations   = 3
	stiffness matrix reformations = 1
	step from line search         = 1.000000
	convergence norms :     INITIAL         CURRENT         REQUIRED
	   residual            9.547752e-01    6.065444e-17    0.000000e+00 
	   energy              4.940198e-03    6.656003e-16    4.940198e-05 
	   displacement        2.336249e-04    1.624004e-13    2.336304e-10 

convergence summary
    number of iterations   : 2
    number of reformations : 1

------- converged at time : 26.7


Data Record #1
===========================================================================
Step = 267
Time = 26.7
Data = uz
File = feb_inputs/active_camax/../../raw_logs/active_camax/camax_8.7_disp.txt

Data Record #2
===========================================================================
Step = 267
Time = 26.7
Data = sz
File = feb_inputs/active_camax/../../raw_logs/active_camax/camax_8.7_stress.txt

Data Record #3
===========================================================================
Step = 267
Time = 26.7
Data = J
File = feb_inputs/active_camax/../../raw_logs/active_camax/camax_8.7_vol.txt

===== beginning time step 268 : 26.8 =====


Reforming stiffness matrix: reformation #1

 1
 Nonlinear solution status: time= 26.8
	stiffness updates             = 0
	right hand side evaluations   = 2
	stiffness matrix reformations = 1
	step from line search         = 1.000000
	convergence norms :     INITIAL         CURRENT         REQUIRED
	   residual            9.281474e-01    1.021290e-10    0.000000e+00 
	   energy              4.995223e-03    2.254012e-08    4.995223e-05 
	   displacement        2.407843e-04    2.407843e-04    2.407843e-10 
 2
 Nonlinear solution status: time= 26.8
	stiffness updates             = 1
	right hand side evaluations   = 3
	stiffness matrix reformations = 1
	step from line search         = 1.000000
	convergence norms :     INITIAL         CURRENT         REQUIRED
	   residual            9.281474e-01    6.784461e-17    0.000000e+00 
	   energy              4.995223e-03    7.412292e-16    4.995223e-05 
	   displacement        2.407843e-04    1.972052e-13    2.407912e-10 

convergence summary
    number of iterations   : 2
    number of reformations : 1

------- converged at time : 26.8


Data Record #1
===========================================================================
Step = 268
Time = 26.8
Data = uz
File = feb_inputs/active_camax/../../raw_logs/active_camax/camax_8.7_disp.txt

Data Record #2
===========================================================================
Step = 268
Time = 26.8
Data = sz
File = feb_inputs/active_camax/../../raw_logs/active_camax/camax_8.7_stress.txt

Data Record #3
===========================================================================
Step = 268
Time = 26.8
Data = J
File = feb_inputs/active_camax/../../raw_logs/active_camax/camax_8.7_vol.txt

===== beginning time step 269 : 26.9 =====


Reforming stiffness matrix: reformation #1

 1
 Nonlinear solution status: time= 26.9
	stiffness updates             = 0
	right hand side evaluations   = 2
	stiffness matrix reformations = 1
	step from line search         = 1.000000
	convergence norms :     INITIAL         CURRENT         REQUIRED
	   residual            9.169410e-01    1.229365e-10    0.000000e+00 
	   energy              5.156050e-03    2.691594e-08    5.156050e-05 
	   displacement        2.554192e-04    2.554192e-04    2.554192e-10 
 2
 Nonlinear solution status: time= 26.9
	stiffness updates             = 1
	right hand side evaluations   = 3
	stiffness matrix reformations = 1
	step from line search         = 1.000000
	convergence norms :     INITIAL         CURRENT         REQUIRED
	   residual            9.169410e-01    7.566432e-17    0.000000e+00 
	   energy              5.156050e-03    7.827981e-16    5.156050e-05 
	   displacement        2.554192e-04    2.266764e-13    2.554271e-10 

convergence summary
    number of iterations   : 2
    number of reformations : 1

------- converged at time : 26.9


Data Record #1
===========================================================================
Step = 269
Time = 26.9
Data = uz
File = feb_inputs/active_camax/../../raw_logs/active_camax/camax_8.7_disp.txt

Data Record #2
===========================================================================
Step = 269
Time = 26.9
Data = sz
File = feb_inputs/active_camax/../../raw_logs/active_camax/camax_8.7_stress.txt

Data Record #3
===========================================================================
Step = 269
Time = 26.9
Data = J
File = feb_inputs/active_camax/../../raw_logs/active_camax/camax_8.7_vol.txt

===== beginning time step 270 : 27 =====


Reforming stiffness matrix: reformation #1

 1
 Nonlinear solution status: time= 27
	stiffness updates             = 0
	right hand side evaluations   = 2
	stiffness matrix reformations = 1
	step from line search         = 1.000000
	convergence norms :     INITIAL         CURRENT         REQUIRED
	   residual            9.217838e-01    1.506251e-10    0.000000e+00 
	   energy              5.434428e-03    3.106900e-08    5.434428e-05 
	   displacement        2.766638e-04    2.766638e-04    2.766638e-10 
 2
 Nonlinear solution status: time= 27
	stiffness updates             = 1
	right hand side evaluations   = 3
	stiffness matrix reformations = 1
	step from line search         = 1.000000
	convergence norms :     INITIAL         CURRENT         REQUIRED
	   residual            9.217838e-01    9.796945e-17    0.000000e+00 
	   energy              5.434428e-03    8.709096e-16    5.434428e-05 
	   displacement        2.766638e-04    2.462379e-13    2.766727e-10 

convergence summary
    number of iterations   : 2
    number of reformations : 1

------- converged at time : 27


Data Record #1
===========================================================================
Step = 270
Time = 27
Data = uz
File = feb_inputs/active_camax/../../raw_logs/active_camax/camax_8.7_disp.txt

Data Record #2
===========================================================================
Step = 270
Time = 27
Data = sz
File = feb_inputs/active_camax/../../raw_logs/active_camax/camax_8.7_stress.txt

Data Record #3
===========================================================================
Step = 270
Time = 27
Data = J
File = feb_inputs/active_camax/../../raw_logs/active_camax/camax_8.7_vol.txt

===== beginning time step 271 : 27.1 =====


Reforming stiffness matrix: reformation #1

 1
 Nonlinear solution status: time= 27.1
	stiffness updates             = 0
	right hand side evaluations   = 2
	stiffness matrix reformations = 1
	step from line search         = 1.000000
	convergence norms :     INITIAL         CURRENT         REQUIRED
	   residual            9.397964e-01    1.810035e-10    0.000000e+00 
	   energy              5.820856e-03    3.533328e-08    5.820856e-05 
	   displacement        3.024187e-04    3.024187e-04    3.024187e-10 
 2
 Nonlinear solution status: time= 27.1
	stiffness updates             = 1
	right hand side evaluations   = 3
	stiffness matrix reformations = 1
	step from line search         = 1.000000
	convergence norms :     INITIAL         CURRENT         REQUIRED
	   residual            9.397964e-01    1.201555e-16    0.000000e+00 
	   energy              5.820856e-03    9.216172e-16    5.820856e-05 
	   displacement        3.024187e-04    2.551347e-13    3.024283e-10 

convergence summary
    number of iterations   : 2
    number of reformations : 1

------- converged at time : 27.1


Data Record #1
===========================================================================
Step = 271
Time = 27.1
Data = uz
File = feb_inputs/active_camax/../../raw_logs/active_camax/camax_8.7_disp.txt

Data Record #2
===========================================================================
Step = 271
Time = 27.1
Data = sz
File = feb_inputs/active_camax/../../raw_logs/active_camax/camax_8.7_stress.txt

Data Record #3
===========================================================================
Step = 271
Time = 27.1
Data = J
File = feb_inputs/active_camax/../../raw_logs/active_camax/camax_8.7_vol.txt

===== beginning time step 272 : 27.2 =====


Reforming stiffness matrix: reformation #1

 1
 Nonlinear solution status: time= 27.2
	stiffness updates             = 0
	right hand side evaluations   = 2
	stiffness matrix reformations = 1
	step from line search         = 1.000000
	convergence norms :     INITIAL         CURRENT         REQUIRED
	   residual            9.729570e-01    1.849712e-10    0.000000e+00 
	   energy              6.290355e-03    3.943144e-08    6.290355e-05 
	   displacement        3.311043e-04    3.311043e-04    3.311043e-10 
 2
 Nonlinear solution status: time= 27.2
	stiffness updates             = 1
	right hand side evaluations   = 3
	stiffness matrix reformations = 1
	step from line search         = 1.000000
	convergence norms :     INITIAL         CURRENT         REQUIRED
	   residual            9.729570e-01    1.200405e-16    0.000000e+00 
	   energy              6.290355e-03    8.476675e-16    6.290355e-05 
	   displacement        3.311043e-04    2.618750e-13    3.311144e-10 

convergence summary
    number of iterations   : 2
    number of reformations : 1

------- converged at time : 27.2


Data Record #1
===========================================================================
Step = 272
Time = 27.2
Data = uz
File = feb_inputs/active_camax/../../raw_logs/active_camax/camax_8.7_disp.txt

Data Record #2
===========================================================================
Step = 272
Time = 27.2
Data = sz
File = feb_inputs/active_camax/../../raw_logs/active_camax/camax_8.7_stress.txt

Data Record #3
===========================================================================
Step = 272
Time = 27.2
Data = J
File = feb_inputs/active_camax/../../raw_logs/active_camax/camax_8.7_vol.txt

===== beginning time step 273 : 27.3 =====


Reforming stiffness matrix: reformation #1

 1
 Nonlinear solution status: time= 27.3
	stiffness updates             = 0
	right hand side evaluations   = 2
	stiffness matrix reformations = 1
	step from line search         = 1.000000
	convergence norms :     INITIAL         CURRENT         REQUIRED
	   residual            1.024511e+00    1.952848e-10    0.000000e+00 
	   energy              6.808430e-03    4.187057e-08    6.808430e-05 
	   displacement        3.603826e-04    3.603826e-04    3.603826e-10 
 2
 Nonlinear solution status: time= 27.3
	stiffness updates             = 1
	right hand side evaluations   = 3
	stiffness matrix reformations = 1
	step from line search         = 1.000000
	convergence norms :     INITIAL         CURRENT         REQUIRED
	   residual            1.024511e+00    1.243117e-16    0.000000e+00 
	   energy              6.808430e-03    9.213968e-16    6.808430e-05 
	   displacement        3.603826e-04    2.775427e-13    3.603931e-10 

convergence summary
    number of iterations   : 2
    number of reformations : 1

------- converged at time : 27.3


Data Record #1
===========================================================================
Step = 273
Time = 27.3
Data = uz
File = feb_inputs/active_camax/../../raw_logs/active_camax/camax_8.7_disp.txt

Data Record #2
===========================================================================
Step = 273
Time = 27.3
Data = sz
File = feb_inputs/active_camax/../../raw_logs/active_camax/camax_8.7_stress.txt

Data Record #3
===========================================================================
Step = 273
Time = 27.3
Data = J
File = feb_inputs/active_camax/../../raw_logs/active_camax/camax_8.7_vol.txt

===== beginning time step 274 : 27.4 =====


Reforming stiffness matrix: reformation #1

 1
 Nonlinear solution status: time= 27.4
	stiffness updates             = 0
	right hand side evaluations   = 2
	stiffness matrix reformations = 1
	step from line search         = 1.000000
	convergence norms :     INITIAL         CURRENT         REQUIRED
	   residual            1.089581e+00    2.064650e-10    0.000000e+00 
	   energy              7.330988e-03    4.238313e-08    7.330988e-05 
	   displacement        3.879082e-04    3.879082e-04    3.879082e-10 
 2
 Nonlinear solution status: time= 27.4
	stiffness updates             = 1
	right hand side evaluations   = 3
	stiffness matrix reformations = 1
	step from line search         = 1.000000
	convergence norms :     INITIAL         CURRENT         REQUIRED
	   residual            1.089581e+00    1.277992e-16    0.000000e+00 
	   energy              7.330988e-03    1.012214e-15    7.330988e-05 
	   displacement        3.879082e-04    2.868851e-13    3.879187e-10 

convergence summary
    number of iterations   : 2
    number of reformations : 1

------- converged at time : 27.4


Data Record #1
===========================================================================
Step = 274
Time = 27.4
Data = uz
File = feb_inputs/active_camax/../../raw_logs/active_camax/camax_8.7_disp.txt

Data Record #2
===========================================================================
Step = 274
Time = 27.4
Data = sz
File = feb_inputs/active_camax/../../raw_logs/active_camax/camax_8.7_stress.txt

Data Record #3
===========================================================================
Step = 274
Time = 27.4
Data = J
File = feb_inputs/active_camax/../../raw_logs/active_camax/camax_8.7_vol.txt

===== beginning time step 275 : 27.5 =====


Reforming stiffness matrix: reformation #1

 1
 Nonlinear solution status: time= 27.5
	stiffness updates             = 0
	right hand side evaluations   = 2
	stiffness matrix reformations = 1
	step from line search         = 1.000000
	convergence norms :     INITIAL         CURRENT         REQUIRED
	   residual            1.155518e+00    1.703341e-10    0.000000e+00 
	   energy              7.817910e-03    4.260734e-08    7.817910e-05 
	   displacement        4.125162e-04    4.125162e-04    4.125162e-10 
 2
 Nonlinear solution status: time= 27.5
	stiffness updates             = 1
	right hand side evaluations   = 3
	stiffness matrix reformations = 1
	step from line search         = 1.000000
	convergence norms :     INITIAL         CURRENT         REQUIRED
	   residual            1.155518e+00    1.117171e-16    0.000000e+00 
	   energy              7.817910e-03    9.391316e-16    7.817910e-05 
	   displacement        4.125162e-04    3.003501e-13    4.125267e-10 

convergence summary
    number of iterations   : 2
    number of reformations : 1

------- converged at time : 27.5


Data Record #1
===========================================================================
Step = 275
Time = 27.5
Data = uz
File = feb_inputs/active_camax/../../raw_logs/active_camax/camax_8.7_disp.txt

Data Record #2
===========================================================================
Step = 275
Time = 27.5
Data = sz
File = feb_inputs/active_camax/../../raw_logs/active_camax/camax_8.7_stress.txt

Data Record #3
===========================================================================
Step = 275
Time = 27.5
Data = J
File = feb_inputs/active_camax/../../raw_logs/active_camax/camax_8.7_vol.txt

===== beginning time step 276 : 27.6 =====


Reforming stiffness matrix: reformation #1

 1
 Nonlinear solution status: time= 27.6
	stiffness updates             = 0
	right hand side evaluations   = 2
	stiffness matrix reformations = 1
	step from line search         = 1.000000
	convergence norms :     INITIAL         CURRENT         REQUIRED
	   residual            1.215641e+00    1.336137e-10    0.000000e+00 
	   energy              8.254860e-03    4.274356e-08    8.254860e-05 
	   displacement        4.345461e-04    4.345461e-04    4.345461e-10 
 2
 Nonlinear solution status: time= 27.6
	stiffness updates             = 1
	right hand side evaluations   = 3
	stiffness matrix reformations = 1
	step from line search         = 1.000000
	convergence norms :     INITIAL         CURRENT         REQUIRED
	   residual            1.215641e+00    1.014662e-16    0.000000e+00 
	   energy              8.254860e-03    9.535629e-16    8.254860e-05 
	   displacement        4.345461e-04    3.212154e-13    4.345573e-10 

convergence summary
    number of iterations   : 2
    number of reformations : 1

------- converged at time : 27.6


Data Record #1
===========================================================================
Step = 276
Time = 27.6
Data = uz
File = feb_inputs/active_camax/../../raw_logs/active_camax/camax_8.7_disp.txt

Data Record #2
===========================================================================
Step = 276
Time = 27.6
Data = sz
File = feb_inputs/active_camax/../../raw_logs/active_camax/camax_8.7_stress.txt

Data Record #3
===========================================================================
Step = 276
Time = 27.6
Data = J
File = feb_inputs/active_camax/../../raw_logs/active_camax/camax_8.7_vol.txt

===== beginning time step 277 : 27.7 =====


Reforming stiffness matrix: reformation #1

 1
 Nonlinear solution status: time= 27.7
	stiffness updates             = 0
	right hand side evaluations   = 2
	stiffness matrix reformations = 1
	step from line search         = 1.000000
	convergence norms :     INITIAL         CURRENT         REQUIRED
	   residual            1.276348e+00    1.072733e-10    0.000000e+00 
	   energy              8.661259e-03    4.212578e-08    8.661259e-05 
	   displacement        4.554306e-04    4.554306e-04    4.554306e-10 
 2
 Nonlinear solution status: time= 27.7
	stiffness updates             = 1
	right hand side evaluations   = 3
	stiffness matrix reformations = 1
	step from line search         = 1.000000
	convergence norms :     INITIAL         CURRENT         REQUIRED
	   residual            1.276348e+00    9.570967e-17    0.000000e+00 
	   energy              8.661259e-03    9.307292e-16    8.661259e-05 
	   displacement        4.554306e-04    3.252847e-13    4.554424e-10 

convergence summary
    number of iterations   : 2
    number of reformations : 1

------- converged at time : 27.7


Data Record #1
===========================================================================
Step = 277
Time = 27.7
Data = uz
File = feb_inputs/active_camax/../../raw_logs/active_camax/camax_8.7_disp.txt

Data Record #2
===========================================================================
Step = 277
Time = 27.7
Data = sz
File = feb_inputs/active_camax/../../raw_logs/active_camax/camax_8.7_stress.txt

Data Record #3
===========================================================================
Step = 277
Time = 27.7
Data = J
File = feb_inputs/active_camax/../../raw_logs/active_camax/camax_8.7_vol.txt

===== beginning time step 278 : 27.8 =====


Reforming stiffness matrix: reformation #1

 1
 Nonlinear solution status: time= 27.8
	stiffness updates             = 0
	right hand side evaluations   = 2
	stiffness matrix reformations = 1
	step from line search         = 1.000000
	convergence norms :     INITIAL         CURRENT         REQUIRED
	   residual            1.346774e+00    7.757441e-11    0.000000e+00 
	   energy              9.083585e-03    4.135702e-08    9.083585e-05 
	   displacement        4.772630e-04    4.772630e-04    4.772630e-10 
 2
 Nonlinear solution status: time= 27.8
	stiffness updates             = 1
	right hand side evaluations   = 3
	stiffness matrix reformations = 1
	step from line search         = 1.000000
	convergence norms :     INITIAL         CURRENT         REQUIRED
	   residual            1.346774e+00    8.166902e-17    0.000000e+00 
	   energy              9.083585e-03    8.945544e-16    9.083585e-05 
	   displacement        4.772630e-04    3.237766e-13    4.772747e-10 

convergence summary
    number of iterations   : 2
    number of reformations : 1

------- converged at time : 27.8


Data Record #1
===========================================================================
Step = 278
Time = 27.8
Data = uz
File = feb_inputs/active_camax/../../raw_logs/active_camax/camax_8.7_disp.txt

Data Record #2
===========================================================================
Step = 278
Time = 27.8
Data = sz
File = feb_inputs/active_camax/../../raw_logs/active_camax/camax_8.7_stress.txt

Data Record #3
===========================================================================
Step = 278
Time = 27.8
Data = J
File = feb_inputs/active_camax/../../raw_logs/active_camax/camax_8.7_vol.txt

===== beginning time step 279 : 27.9 =====


Reforming stiffness matrix: reformation #1

 1
 Nonlinear solution status: time= 27.9
	stiffness updates             = 0
	right hand side evaluations   = 2
	stiffness matrix reformations = 1
	step from line search         = 1.000000
	convergence norms :     INITIAL         CURRENT         REQUIRED
	   residual            1.434591e+00    7.622586e-11    0.000000e+00 
	   energy              9.577392e-03    3.965396e-08    9.577392e-05 
	   displacement        5.032492e-04    5.032492e-04    5.032492e-10 
 2
 Nonlinear solution status: time= 27.9
	stiffness updates             = 1
	right hand side evaluations   = 3
	stiffness matrix reformations = 1
	step from line search         = 1.000000
	convergence norms :     INITIAL         CURRENT         REQUIRED
	   residual            1.434591e+00    7.610022e-17    0.000000e+00 
	   energy              9.577392e-03    1.018710e-15    9.577392e-05 
	   displacement        5.032492e-04    3.321900e-13    5.032604e-10 

convergence summary
    number of iterations   : 2
    number of reformations : 1

------- converged at time : 27.9


Data Record #1
===========================================================================
Step = 279
Time = 27.9
Data = uz
File = feb_inputs/active_camax/../../raw_logs/active_camax/camax_8.7_disp.txt

Data Record #2
===========================================================================
Step = 279
Time = 27.9
Data = sz
File = feb_inputs/active_camax/../../raw_logs/active_camax/camax_8.7_stress.txt

Data Record #3
===========================================================================
Step = 279
Time = 27.9
Data = J
File = feb_inputs/active_camax/../../raw_logs/active_camax/camax_8.7_vol.txt

===== beginning time step 280 : 28 =====


Reforming stiffness matrix: reformation #1

 1
 Nonlinear solution status: time= 28
	stiffness updates             = 0
	right hand side evaluations   = 2
	stiffness matrix reformations = 1
	step from line search         = 1.000000
	convergence norms :     INITIAL         CURRENT         REQUIRED
	   residual            1.552063e+00    7.226153e-11    0.000000e+00 
	   energy              1.019250e-02    3.604009e-08    1.019250e-04 
	   displacement        5.352309e-04    5.352309e-04    5.352309e-10 
 2
 Nonlinear solution status: time= 28
	stiffness updates             = 1
	right hand side evaluations   = 3
	stiffness matrix reformations = 1
	step from line search         = 1.000000
	convergence norms :     INITIAL         CURRENT         REQUIRED
	   residual            1.552063e+00    6.664801e-17    0.000000e+00 
	   energy              1.019250e-02    9.989099e-16    1.019250e-04 
	   displacement        5.352309e-04    3.125256e-13    5.352413e-10 

convergence summary
    number of iterations   : 2
    number of reformations : 1

------- converged at time : 28


Data Record #1
===========================================================================
Step = 280
Time = 28
Data = uz
File = feb_inputs/active_camax/../../raw_logs/active_camax/camax_8.7_disp.txt

Data Record #2
===========================================================================
Step = 280
Time = 28
Data = sz
File = feb_inputs/active_camax/../../raw_logs/active_camax/camax_8.7_stress.txt

Data Record #3
===========================================================================
Step = 280
Time = 28
Data = J
File = feb_inputs/active_camax/../../raw_logs/active_camax/camax_8.7_vol.txt

===== beginning time step 281 : 28.1 =====


Reforming stiffness matrix: reformation #1

 1
 Nonlinear solution status: time= 28.1
	stiffness updates             = 0
	right hand side evaluations   = 2
	stiffness matrix reformations = 1
	step from line search         = 1.000000
	convergence norms :     INITIAL         CURRENT         REQUIRED
	   residual            1.711970e+00    6.599494e-11    0.000000e+00 
	   energy              1.096275e-02    3.198595e-08    1.096275e-04 
	   displacement        5.728694e-04    5.728694e-04    5.728694e-10 
 2
 Nonlinear solution status: time= 28.1
	stiffness updates             = 1
	right hand side evaluations   = 3
	stiffness matrix reformations = 1
	step from line search         = 1.000000
	convergence norms :     INITIAL         CURRENT         REQUIRED
	   residual            1.711970e+00    5.904343e-17    0.000000e+00 
	   energy              1.096275e-02    9.229010e-16    1.096275e-04 
	   displacement        5.728694e-04    2.724236e-13    5.728787e-10 

convergence summary
    number of iterations   : 2
    number of reformations : 1

------- converged at time : 28.1


Data Record #1
===========================================================================
Step = 281
Time = 28.1
Data = uz
File = feb_inputs/active_camax/../../raw_logs/active_camax/camax_8.7_disp.txt

Data Record #2
===========================================================================
Step = 281
Time = 28.1
Data = sz
File = feb_inputs/active_camax/../../raw_logs/active_camax/camax_8.7_stress.txt

Data Record #3
===========================================================================
Step = 281
Time = 28.1
Data = J
File = feb_inputs/active_camax/../../raw_logs/active_camax/camax_8.7_vol.txt

===== beginning time step 282 : 28.2 =====


Reforming stiffness matrix: reformation #1

 1
 Nonlinear solution status: time= 28.2
	stiffness updates             = 0
	right hand side evaluations   = 2
	stiffness matrix reformations = 1
	step from line search         = 1.000000
	convergence norms :     INITIAL         CURRENT         REQUIRED
	   residual            1.922272e+00    6.238180e-11    0.000000e+00 
	   energy              1.190457e-02    2.945170e-08    1.190457e-04 
	   displacement        6.173195e-04    6.173195e-04    6.173195e-10 
 2
 Nonlinear solution status: time= 28.2
	stiffness updates             = 1
	right hand side evaluations   = 3
	stiffness matrix reformations = 1
	step from line search         = 1.000000
	convergence norms :     INITIAL         CURRENT         REQUIRED
	   residual            1.922272e+00    6.933991e-17    0.000000e+00 
	   energy              1.190457e-02    9.517475e-16    1.190457e-04 
	   displacement        6.173195e-04    2.369027e-13    6.173277e-10 

convergence summary
    number of iterations   : 2
    number of reformations : 1

------- converged at time : 28.2


Data Record #1
===========================================================================
Step = 282
Time = 28.2
Data = uz
File = feb_inputs/active_camax/../../raw_logs/active_camax/camax_8.7_disp.txt

Data Record #2
===========================================================================
Step = 282
Time = 28.2
Data = sz
File = feb_inputs/active_camax/../../raw_logs/active_camax/camax_8.7_stress.txt

Data Record #3
===========================================================================
Step = 282
Time = 28.2
Data = J
File = feb_inputs/active_camax/../../raw_logs/active_camax/camax_8.7_vol.txt

===== beginning time step 283 : 28.3 =====


Reforming stiffness matrix: reformation #1

 1
 Nonlinear solution status: time= 28.3
	stiffness updates             = 0
	right hand side evaluations   = 2
	stiffness matrix reformations = 1
	step from line search         = 1.000000
	convergence norms :     INITIAL         CURRENT         REQUIRED
	   residual            2.183365e+00    6.141671e-11    0.000000e+00 
	   energy              1.301189e-02    2.887646e-08    1.301189e-04 
	   displacement        6.682995e-04    6.682995e-04    6.682995e-10 
 2
 Nonlinear solution status: time= 28.3
	stiffness updates             = 1
	right hand side evaluations   = 3
	stiffness matrix reformations = 1
	step from line search         = 1.000000
	convergence norms :     INITIAL         CURRENT         REQUIRED
	   residual            2.183365e+00    7.913536e-17    0.000000e+00 
	   energy              1.301189e-02    1.088849e-15    1.301189e-04 
	   displacement        6.682995e-04    2.289637e-13    6.683067e-10 

convergence summary
    number of iterations   : 2
    number of reformations : 1

------- converged at time : 28.3


Data Record #1
===========================================================================
Step = 283
Time = 28.3
Data = uz
File = feb_inputs/active_camax/../../raw_logs/active_camax/camax_8.7_disp.txt

Data Record #2
===========================================================================
Step = 283
Time = 28.3
Data = sz
File = feb_inputs/active_camax/../../raw_logs/active_camax/camax_8.7_stress.txt

Data Record #3
===========================================================================
Step = 283
Time = 28.3
Data = J
File = feb_inputs/active_camax/../../raw_logs/active_camax/camax_8.7_vol.txt

===== beginning time step 284 : 28.4 =====


Reforming stiffness matrix: reformation #1

 1
 Nonlinear solution status: time= 28.4
	stiffness updates             = 0
	right hand side evaluations   = 2
	stiffness matrix reformations = 1
	step from line search         = 1.000000
	convergence norms :     INITIAL         CURRENT         REQUIRED
	   residual            2.483268e+00    8.511054e-11    0.000000e+00 
	   energy              1.425440e-02    2.951482e-08    1.425440e-04 
	   displacement        7.228144e-04    7.228144e-04    7.228144e-10 
 2
 Nonlinear solution status: time= 28.4
	stiffness updates             = 1
	right hand side evaluations   = 3
	stiffness matrix reformations = 1
	step from line search         = 1.000000
	convergence norms :     INITIAL         CURRENT         REQUIRED
	   residual            2.483268e+00    1.132040e-16    0.000000e+00 
	   energy              1.425440e-02    1.375245e-15    1.425440e-04 
	   displacement        7.228144e-04    2.406688e-13    7.228207e-10 

convergence summary
    number of iterations   : 2
    number of reformations : 1

------- converged at time : 28.4


Data Record #1
===========================================================================
Step = 284
Time = 28.4
Data = uz
File = feb_inputs/active_camax/../../raw_logs/active_camax/camax_8.7_disp.txt

Data Record #2
===========================================================================
Step = 284
Time = 28.4
Data = sz
File = feb_inputs/active_camax/../../raw_logs/active_camax/camax_8.7_stress.txt

Data Record #3
===========================================================================
Step = 284
Time = 28.4
Data = J
File = feb_inputs/active_camax/../../raw_logs/active_camax/camax_8.7_vol.txt

===== beginning time step 285 : 28.5 =====


Reforming stiffness matrix: reformation #1

 1
 Nonlinear solution status: time= 28.5
	stiffness updates             = 0
	right hand side evaluations   = 2
	stiffness matrix reformations = 1
	step from line search         = 1.000000
	convergence norms :     INITIAL         CURRENT         REQUIRED
	   residual            2.799187e+00    1.084754e-10    0.000000e+00 
	   energy              1.557858e-02    3.030201e-08    1.557858e-04 
	   displacement        7.793226e-04    7.793226e-04    7.793226e-10 
 2
 Nonlinear solution status: time= 28.5
	stiffness updates             = 1
	right hand side evaluations   = 3
	stiffness matrix reformations = 1
	step from line search         = 1.000000
	convergence norms :     INITIAL         CURRENT         REQUIRED
	   residual            2.799187e+00    1.526079e-16    0.000000e+00 
	   energy              1.557858e-02    1.608302e-15    1.557858e-04 
	   displacement        7.793226e-04    2.490241e-13    7.793284e-10 

convergence summary
    number of iterations   : 2
    number of reformations : 1

------- converged at time : 28.5


Data Record #1
===========================================================================
Step = 285
Time = 28.5
Data = uz
File = feb_inputs/active_camax/../../raw_logs/active_camax/camax_8.7_disp.txt

Data Record #2
===========================================================================
Step = 285
Time = 28.5
Data = sz
File = feb_inputs/active_camax/../../raw_logs/active_camax/camax_8.7_stress.txt

Data Record #3
===========================================================================
Step = 285
Time = 28.5
Data = J
File = feb_inputs/active_camax/../../raw_logs/active_camax/camax_8.7_vol.txt

===== beginning time step 286 : 28.6 =====


Reforming stiffness matrix: reformation #1

 1
 Nonlinear solution status: time= 28.6
	stiffness updates             = 0
	right hand side evaluations   = 2
	stiffness matrix reformations = 1
	step from line search         = 1.000000
	convergence norms :     INITIAL         CURRENT         REQUIRED
	   residual            3.104040e+00    1.363091e-10    0.000000e+00 
	   energy              1.692843e-02    3.027357e-08    1.692843e-04 
	   displacement        8.372717e-04    8.372717e-04    8.372717e-10 
 2
 Nonlinear solution status: time= 28.6
	stiffness updates             = 1
	right hand side evaluations   = 3
	stiffness matrix reformations = 1
	step from line search         = 1.000000
	convergence norms :     INITIAL         CURRENT         REQUIRED
	   residual            3.104040e+00    1.882046e-16    0.000000e+00 
	   energy              1.692843e-02    1.851551e-15    1.692843e-04 
	   displacement        8.372717e-04    2.599456e-13    8.372772e-10 

convergence summary
    number of iterations   : 2
    number of reformations : 1

------- converged at time : 28.6


Data Record #1
===========================================================================
Step = 286
Time = 28.6
Data = uz
File = feb_inputs/active_camax/../../raw_logs/active_camax/camax_8.7_disp.txt

Data Record #2
===========================================================================
Step = 286
Time = 28.6
Data = sz
File = feb_inputs/active_camax/../../raw_logs/active_camax/camax_8.7_stress.txt

Data Record #3
===========================================================================
Step = 286
Time = 28.6
Data = J
File = feb_inputs/active_camax/../../raw_logs/active_camax/camax_8.7_vol.txt

===== beginning time step 287 : 28.7 =====


Reforming stiffness matrix: reformation #1

 1
 Nonlinear solution status: time= 28.7
	stiffness updates             = 0
	right hand side evaluations   = 2
	stiffness matrix reformations = 1
	step from line search         = 1.000000
	convergence norms :     INITIAL         CURRENT         REQUIRED
	   residual            3.381093e+00    1.632721e-10    0.000000e+00 
	   energy              1.827019e-02    2.879560e-08    1.827019e-04 
	   displacement        8.962740e-04    8.962740e-04    8.962740e-10 
 2
 Nonlinear solution status: time= 28.7
	stiffness updates             = 1
	right hand side evaluations   = 3
	stiffness matrix reformations = 1
	step from line search         = 1.000000
	convergence norms :     INITIAL         CURRENT         REQUIRED
	   residual            3.381093e+00    2.139964e-16    0.000000e+00 
	   energy              1.827019e-02    2.006904e-15    1.827019e-04 
	   displacement        8.962740e-04    2.599519e-13    8.962786e-10 

convergence summary
    number of iterations   : 2
    number of reformations : 1

------- converged at time : 28.7


Data Record #1
===========================================================================
Step = 287
Time = 28.7
Data = uz
File = feb_inputs/active_camax/../../raw_logs/active_camax/camax_8.7_disp.txt

Data Record #2
===========================================================================
Step = 287
Time = 28.7
Data = sz
File = feb_inputs/active_camax/../../raw_logs/active_camax/camax_8.7_stress.txt

Data Record #3
===========================================================================
Step = 287
Time = 28.7
Data = J
File = feb_inputs/active_camax/../../raw_logs/active_camax/camax_8.7_vol.txt

===== beginning time step 288 : 28.8 =====


Reforming stiffness matrix: reformation #1

 1
 Nonlinear solution status: time= 28.8
	stiffness updates             = 0
	right hand side evaluations   = 2
	stiffness matrix reformations = 1
	step from line search         = 1.000000
	convergence norms :     INITIAL         CURRENT         REQUIRED
	   residual            3.633112e+00    2.113372e-10    0.000000e+00 
	   energy              1.960557e-02    2.810523e-08    1.960557e-04 
	   displacement        9.571505e-04    9.571505e-04    9.571505e-10 
 2
 Nonlinear solution status: time= 28.8
	stiffness updates             = 1
	right hand side evaluations   = 3
	stiffness matrix reformations = 1
	step from line search         = 1.000000
	convergence norms :     INITIAL         CURRENT         REQUIRED
	   residual            3.633112e+00    2.548266e-16    0.000000e+00 
	   energy              1.960557e-02    2.221192e-15    1.960557e-04 
	   displacement        9.571505e-04    2.672307e-13    9.571540e-10 

convergence summary
    number of iterations   : 2
    number of reformations : 1

------- converged at time : 28.8


Data Record #1
===========================================================================
Step = 288
Time = 28.8
Data = uz
File = feb_inputs/active_camax/../../raw_logs/active_camax/camax_8.7_disp.txt

Data Record #2
===========================================================================
Step = 288
Time = 28.8
Data = sz
File = feb_inputs/active_camax/../../raw_logs/active_camax/camax_8.7_stress.txt

Data Record #3
===========================================================================
Step = 288
Time = 28.8
Data = J
File = feb_inputs/active_camax/../../raw_logs/active_camax/camax_8.7_vol.txt

===== beginning time step 289 : 28.9 =====


Reforming stiffness matrix: reformation #1

 1
 Nonlinear solution status: time= 28.9
	stiffness updates             = 0
	right hand side evaluations   = 2
	stiffness matrix reformations = 1
	step from line search         = 1.000000
	convergence norms :     INITIAL         CURRENT         REQUIRED
	   residual            3.865556e+00    2.487628e-10    0.000000e+00 
	   energy              2.095449e-02    3.056188e-08    2.095449e-04 
	   displacement        1.020996e-03    1.020996e-03    1.020996e-09 
 2
 Nonlinear solution status: time= 28.9
	stiffness updates             = 1
	right hand side evaluations   = 3
	stiffness matrix reformations = 1
	step from line search         = 1.000000
	convergence norms :     INITIAL         CURRENT         REQUIRED
	   residual            3.865556e+00    2.906717e-16    0.000000e+00 
	   energy              2.095449e-02    2.537826e-15    2.095449e-04 
	   displacement        1.020996e-03    3.106891e-13    1.021000e-09 

convergence summary
    number of iterations   : 2
    number of reformations : 1

------- converged at time : 28.9


Data Record #1
===========================================================================
Step = 289
Time = 28.9
Data = uz
File = feb_inputs/active_camax/../../raw_logs/active_camax/camax_8.7_disp.txt

Data Record #2
===========================================================================
Step = 289
Time = 28.9
Data = sz
File = feb_inputs/active_camax/../../raw_logs/active_camax/camax_8.7_stress.txt

Data Record #3
===========================================================================
Step = 289
Time = 28.9
Data = J
File = feb_inputs/active_camax/../../raw_logs/active_camax/camax_8.7_vol.txt

===== beginning time step 290 : 29 =====


Reforming stiffness matrix: reformation #1

 1
 Nonlinear solution status: time= 29
	stiffness updates             = 0
	right hand side evaluations   = 2
	stiffness matrix reformations = 1
	step from line search         = 1.000000
	convergence norms :     INITIAL         CURRENT         REQUIRED
	   residual            4.075286e+00    2.545572e-10    0.000000e+00 
	   energy              2.232621e-02    3.588085e-08    2.232621e-04 
	   displacement        1.088845e-03    1.088845e-03    1.088845e-09 
 2
 Nonlinear solution status: time= 29
	stiffness updates             = 1
	right hand side evaluations   = 3
	stiffness matrix reformations = 1
	step from line search         = 1.000000
	convergence norms :     INITIAL         CURRENT         REQUIRED
	   residual            4.075286e+00    2.928784e-16    0.000000e+00 
	   energy              2.232621e-02    2.816650e-15    2.232621e-04 
	   displacement        1.088845e-03    3.847112e-13    1.088850e-09 

convergence summary
    number of iterations   : 2
    number of reformations : 1

------- converged at time : 29


Data Record #1
===========================================================================
Step = 290
Time = 29
Data = uz
File = feb_inputs/active_camax/../../raw_logs/active_camax/camax_8.7_disp.txt

Data Record #2
===========================================================================
Step = 290
Time = 29
Data = sz
File = feb_inputs/active_camax/../../raw_logs/active_camax/camax_8.7_stress.txt

Data Record #3
===========================================================================
Step = 290
Time = 29
Data = J
File = feb_inputs/active_camax/../../raw_logs/active_camax/camax_8.7_vol.txt

===== beginning time step 291 : 29.1 =====


Reforming stiffness matrix: reformation #1

 1
 Nonlinear solution status: time= 29.1
	stiffness updates             = 0
	right hand side evaluations   = 2
	stiffness matrix reformations = 1
	step from line search         = 1.000000
	convergence norms :     INITIAL         CURRENT         REQUIRED
	   residual            4.259753e+00    2.821731e-10    0.000000e+00 
	   energy              2.371172e-02    4.149569e-08    2.371172e-04 
	   displacement        1.161127e-03    1.161127e-03    1.161127e-09 
 2
 Nonlinear solution status: time= 29.1
	stiffness updates             = 1
	right hand side evaluations   = 3
	stiffness matrix reformations = 1
	step from line search         = 1.000000
	convergence norms :     INITIAL         CURRENT         REQUIRED
	   residual            4.259753e+00    2.960192e-16    0.000000e+00 
	   energy              2.371172e-02    3.026524e-15    2.371172e-04 
	   displacement        1.161127e-03    4.573936e-13    1.161132e-09 

convergence summary
    number of iterations   : 2
    number of reformations : 1

------- converged at time : 29.1


Data Record #1
===========================================================================
Step = 291
Time = 29.1
Data = uz
File = feb_inputs/active_camax/../../raw_logs/active_camax/camax_8.7_disp.txt

Data Record #2
===========================================================================
Step = 291
Time = 29.1
Data = sz
File = feb_inputs/active_camax/../../raw_logs/active_camax/camax_8.7_stress.txt

Data Record #3
===========================================================================
Step = 291
Time = 29.1
Data = J
File = feb_inputs/active_camax/../../raw_logs/active_camax/camax_8.7_vol.txt

===== beginning time step 292 : 29.2 =====


Reforming stiffness matrix: reformation #1

 1
 Nonlinear solution status: time= 29.2
	stiffness updates             = 0
	right hand side evaluations   = 2
	stiffness matrix reformations = 1
	step from line search         = 1.000000
	convergence norms :     INITIAL         CURRENT         REQUIRED
	   residual            4.434413e+00    2.894761e-10    0.000000e+00 
	   energy              2.509890e-02    4.464579e-08    2.509890e-04 
	   displacement        1.235962e-03    1.235962e-03    1.235962e-09 
 2
 Nonlinear solution status: time= 29.2
	stiffness updates             = 1
	right hand side evaluations   = 3
	stiffness matrix reformations = 1
	step from line search         = 1.000000
	convergence norms :     INITIAL         CURRENT         REQUIRED
	   residual            4.434413e+00    3.078788e-16    0.000000e+00 
	   energy              2.509890e-02    3.093536e-15    2.509890e-04 
	   displacement        1.235962e-03    4.715045e-13    1.235968e-09 

convergence summary
    number of iterations   : 2
    number of reformations : 1

------- converged at time : 29.2


Data Record #1
===========================================================================
Step = 292
Time = 29.2
Data = uz
File = feb_inputs/active_camax/../../raw_logs/active_camax/camax_8.7_disp.txt

Data Record #2
===========================================================================
Step = 292
Time = 29.2
Data = sz
File = feb_inputs/active_camax/../../raw_logs/active_camax/camax_8.7_stress.txt

Data Record #3
===========================================================================
Step = 292
Time = 29.2
Data = J
File = feb_inputs/active_camax/../../raw_logs/active_camax/camax_8.7_vol.txt

===== beginning time step 293 : 29.3 =====


Reforming stiffness matrix: reformation #1

 1
 Nonlinear solution status: time= 29.3
	stiffness updates             = 0
	right hand side evaluations   = 2
	stiffness matrix reformations = 1
	step from line search         = 1.000000
	convergence norms :     INITIAL         CURRENT         REQUIRED
	   residual            4.626318e+00    2.869388e-10    0.000000e+00 
	   energy              2.648553e-02    4.517151e-08    2.648553e-04 
	   displacement        1.309684e-03    1.309684e-03    1.309684e-09 
 2
 Nonlinear solution status: time= 29.3
	stiffness updates             = 1
	right hand side evaluations   = 3
	stiffness matrix reformations = 1
	step from line search         = 1.000000
	convergence norms :     INITIAL         CURRENT         REQUIRED
	   residual            4.626318e+00    3.437332e-16    0.000000e+00 
	   energy              2.648553e-02    3.113533e-15    2.648553e-04 
	   displacement        1.309684e-03    4.472907e-13    1.309690e-09 

convergence summary
    number of iterations   : 2
    number of reformations : 1

------- converged at time : 29.3


Data Record #1
===========================================================================
Step = 293
Time = 29.3
Data = uz
File = feb_inputs/active_camax/../../raw_logs/active_camax/camax_8.7_disp.txt

Data Record #2
===========================================================================
Step = 293
Time = 29.3
Data = sz
File = feb_inputs/active_camax/../../raw_logs/active_camax/camax_8.7_stress.txt

Data Record #3
===========================================================================
Step = 293
Time = 29.3
Data = J
File = feb_inputs/active_camax/../../raw_logs/active_camax/camax_8.7_vol.txt

===== beginning time step 294 : 29.4 =====


Reforming stiffness matrix: reformation #1

 1
 Nonlinear solution status: time= 29.4
	stiffness updates             = 0
	right hand side evaluations   = 2
	stiffness matrix reformations = 1
	step from line search         = 1.000000
	convergence norms :     INITIAL         CURRENT         REQUIRED
	   residual            4.842452e+00    2.629789e-10    0.000000e+00 
	   energy              2.786851e-02    4.560147e-08    2.786851e-04 
	   displacement        1.379186e-03    1.379186e-03    1.379186e-09 
 2
 Nonlinear solution status: time= 29.4
	stiffness updates             = 1
	right hand side evaluations   = 3
	stiffness matrix reformations = 1
	step from line search         = 1.000000
	convergence norms :     INITIAL         CURRENT         REQUIRED
	   residual            4.842452e+00    3.408684e-16    0.000000e+00 
	   energy              2.786851e-02    2.803231e-15    2.786851e-04 
	   displacement        1.379186e-03    4.185109e-13    1.379193e-09 

convergence summary
    number of iterations   : 2
    number of reformations : 1

------- converged at time : 29.4


Data Record #1
===========================================================================
Step = 294
Time = 29.4
Data = uz
File = feb_inputs/active_camax/../../raw_logs/active_camax/camax_8.7_disp.txt

Data Record #2
===========================================================================
Step = 294
Time = 29.4
Data = sz
File = feb_inputs/active_camax/../../raw_logs/active_camax/camax_8.7_stress.txt

Data Record #3
===========================================================================
Step = 294
Time = 29.4
Data = J
File = feb_inputs/active_camax/../../raw_logs/active_camax/camax_8.7_vol.txt

===== beginning time step 295 : 29.5 =====


Reforming stiffness matrix: reformation #1

 1
 Nonlinear solution status: time= 29.5
	stiffness updates             = 0
	right hand side evaluations   = 2
	stiffness matrix reformations = 1
	step from line search         = 1.000000
	convergence norms :     INITIAL         CURRENT         REQUIRED
	   residual            5.061541e+00    2.119951e-10    0.000000e+00 
	   energy              2.923669e-02    4.929908e-08    2.923669e-04 
	   displacement        1.444657e-03    1.444657e-03    1.444657e-09 
 2
 Nonlinear solution status: time= 29.5
	stiffness updates             = 1
	right hand side evaluations   = 3
	stiffness matrix reformations = 1
	step from line search         = 1.000000
	convergence norms :     INITIAL         CURRENT         REQUIRED
	   residual            5.061541e+00    2.609164e-16    0.000000e+00 
	   energy              2.923669e-02    2.414173e-15    2.923669e-04 
	   displacement        1.444657e-03    4.172483e-13    1.444665e-09 

convergence summary
    number of iterations   : 2
    number of reformations : 1

------- converged at time : 29.5


Data Record #1
===========================================================================
Step = 295
Time = 29.5
Data = uz
File = feb_inputs/active_camax/../../raw_logs/active_camax/camax_8.7_disp.txt

Data Record #2
===========================================================================
Step = 295
Time = 29.5
Data = sz
File = feb_inputs/active_camax/../../raw_logs/active_camax/camax_8.7_stress.txt

Data Record #3
===========================================================================
Step = 295
Time = 29.5
Data = J
File = feb_inputs/active_camax/../../raw_logs/active_camax/camax_8.7_vol.txt

===== beginning time step 296 : 29.6 =====


Reforming stiffness matrix: reformation #1

 1
 Nonlinear solution status: time= 29.6
	stiffness updates             = 0
	right hand side evaluations   = 2
	stiffness matrix reformations = 1
	step from line search         = 1.000000
	convergence norms :     INITIAL         CURRENT         REQUIRED
	   residual            5.258221e+00    1.687099e-10    0.000000e+00 
	   energy              3.056142e-02    5.737582e-08    3.056142e-04 
	   displacement        1.508475e-03    1.508475e-03    1.508475e-09 
 2
 Nonlinear solution status: time= 29.6
	stiffness updates             = 1
	right hand side evaluations   = 3
	stiffness matrix reformations = 1
	step from line search         = 1.000000
	convergence norms :     INITIAL         CURRENT         REQUIRED
	   residual            5.258221e+00    2.094229e-16    0.000000e+00 
	   energy              3.056142e-02    2.187001e-15    3.056142e-04 
	   displacement        1.508475e-03    4.420734e-13    1.508486e-09 

convergence summary
    number of iterations   : 2
    number of reformations : 1

------- converged at time : 29.6


Data Record #1
===========================================================================
Step = 296
Time = 29.6
Data = uz
File = feb_inputs/active_camax/../../raw_logs/active_camax/camax_8.7_disp.txt

Data Record #2
===========================================================================
Step = 296
Time = 29.6
Data = sz
File = feb_inputs/active_camax/../../raw_logs/active_camax/camax_8.7_stress.txt

Data Record #3
===========================================================================
Step = 296
Time = 29.6
Data = J
File = feb_inputs/active_camax/../../raw_logs/active_camax/camax_8.7_vol.txt

===== beginning time step 297 : 29.7 =====


Reforming stiffness matrix: reformation #1

 1
 Nonlinear solution status: time= 29.7
	stiffness updates             = 0
	right hand side evaluations   = 2
	stiffness matrix reformations = 1
	step from line search         = 1.000000
	convergence norms :     INITIAL         CURRENT         REQUIRED
	   residual            5.422095e+00    1.145778e-10    0.000000e+00 
	   energy              3.179566e-02    6.741328e-08    3.179566e-04 
	   displacement        1.571909e-03    1.571909e-03    1.571909e-09 
 2
 Nonlinear solution status: time= 29.7
	stiffness updates             = 1
	right hand side evaluations   = 3
	stiffness matrix reformations = 1
	step from line search         = 1.000000
	convergence norms :     INITIAL         CURRENT         REQUIRED
	   residual            5.422095e+00    1.687411e-16    0.000000e+00 
	   energy              3.179566e-02    1.959401e-15    3.179566e-04 
	   displacement        1.571909e-03    4.830267e-13    1.571923e-09 

convergence summary
    number of iterations   : 2
    number of reformations : 1

------- converged at time : 29.7


Data Record #1
===========================================================================
Step = 297
Time = 29.7
Data = uz
File = feb_inputs/active_camax/../../raw_logs/active_camax/camax_8.7_disp.txt

Data Record #2
===========================================================================
Step = 297
Time = 29.7
Data = sz
File = feb_inputs/active_camax/../../raw_logs/active_camax/camax_8.7_stress.txt

Data Record #3
===========================================================================
Step = 297
Time = 29.7
Data = J
File = feb_inputs/active_camax/../../raw_logs/active_camax/camax_8.7_vol.txt

===== beginning time step 298 : 29.8 =====


Reforming stiffness matrix: reformation #1

 1
 Nonlinear solution status: time= 29.8
	stiffness updates             = 0
	right hand side evaluations   = 2
	stiffness matrix reformations = 1
	step from line search         = 1.000000
	convergence norms :     INITIAL         CURRENT         REQUIRED
	   residual            5.551271e+00    9.535888e-11    0.000000e+00 
	   energy              3.288119e-02    7.643592e-08    3.288119e-04 
	   displacement        1.632158e-03    1.632158e-03    1.632158e-09 
 2
 Nonlinear solution status: time= 29.8
	stiffness updates             = 1
	right hand side evaluations   = 3
	stiffness matrix reformations = 1
	step from line search         = 1.000000
	convergence norms :     INITIAL         CURRENT         REQUIRED
	   residual            5.551271e+00    1.300412e-16    0.000000e+00 
	   energy              3.288119e-02    1.743204e-15    3.288119e-04 
	   displacement        1.632158e-03    5.343096e-13    1.632174e-09 

convergence summary
    number of iterations   : 2
    number of reformations : 1

------- converged at time : 29.8


Data Record #1
===========================================================================
Step = 298
Time = 29.8
Data = uz
File = feb_inputs/active_camax/../../raw_logs/active_camax/camax_8.7_disp.txt

Data Record #2
===========================================================================
Step = 298
Time = 29.8
Data = sz
File = feb_inputs/active_camax/../../raw_logs/active_camax/camax_8.7_stress.txt

Data Record #3
===========================================================================
Step = 298
Time = 29.8
Data = J
File = feb_inputs/active_camax/../../raw_logs/active_camax/camax_8.7_vol.txt

===== beginning time step 299 : 29.9 =====


Reforming stiffness matrix: reformation #1

 1
 Nonlinear solution status: time= 29.9
	stiffness updates             = 0
	right hand side evaluations   = 2
	stiffness matrix reformations = 1
	step from line search         = 1.000000
	convergence norms :     INITIAL         CURRENT         REQUIRED
	   residual            5.644646e+00    9.589812e-11    0.000000e+00 
	   energy              3.375555e-02    8.290333e-08    3.375555e-04 
	   displacement        1.683332e-03    1.683332e-03    1.683332e-09 
 2
 Nonlinear solution status: time= 29.9
	stiffness updates             = 1
	right hand side evaluations   = 3
	stiffness matrix reformations = 1
	step from line search         = 1.000000
	convergence norms :     INITIAL         CURRENT         REQUIRED
	   residual            5.644646e+00    1.190240e-16    0.000000e+00 
	   energy              3.375555e-02    1.723937e-15    3.375555e-04 
	   displacement        1.683332e-03    5.700646e-13    1.683351e-09 

convergence summary
    number of iterations   : 2
    number of reformations : 1

------- converged at time : 29.9


Data Record #1
===========================================================================
Step = 299
Time = 29.9
Data = uz
File = feb_inputs/active_camax/../../raw_logs/active_camax/camax_8.7_disp.txt

Data Record #2
===========================================================================
Step = 299
Time = 29.9
Data = sz
File = feb_inputs/active_camax/../../raw_logs/active_camax/camax_8.7_stress.txt

Data Record #3
===========================================================================
Step = 299
Time = 29.9
Data = J
File = feb_inputs/active_camax/../../raw_logs/active_camax/camax_8.7_vol.txt

===== beginning time step 300 : 30 =====


Reforming stiffness matrix: reformation #1

 1
 Nonlinear solution status: time= 30
	stiffness updates             = 0
	right hand side evaluations   = 2
	stiffness matrix reformations = 1
	step from line search         = 1.000000
	convergence norms :     INITIAL         CURRENT         REQUIRED
	   residual            5.707049e+00    1.053329e-10    0.000000e+00 
	   energy              3.436385e-02    8.786547e-08    3.436385e-04 
	   displacement        1.719734e-03    1.719734e-03    1.719734e-09 
 2
 Nonlinear solution status: time= 30
	stiffness updates             = 1
	right hand side evaluations   = 3
	stiffness matrix reformations = 1
	step from line search         = 1.000000
	convergence norms :     INITIAL         CURRENT         REQUIRED
	   residual            5.707049e+00    1.286137e-16    0.000000e+00 
	   energy              3.436385e-02    1.865705e-15    3.436385e-04 
	   displacement        1.719734e-03    6.057554e-13    1.719756e-09 

convergence summary
    number of iterations   : 2
    number of reformations : 1

------- converged at time : 30


Data Record #1
===========================================================================
Step = 300
Time = 30
Data = uz
File = feb_inputs/active_camax/../../raw_logs/active_camax/camax_8.7_disp.txt

Data Record #2
===========================================================================
Step = 300
Time = 30
Data = sz
File = feb_inputs/active_camax/../../raw_logs/active_camax/camax_8.7_stress.txt

Data Record #3
===========================================================================
Step = 300
Time = 30
Data = J
File = feb_inputs/active_camax/../../raw_logs/active_camax/camax_8.7_vol.txt


 N O N L I N E A R   I T E R A T I O N   I N F O R M A T I O N

	Number of time steps completed .................... : 300

	Total number of equilibrium iterations ............ : 606

	Average number of equilibrium iterations .......... : 2.02

	Total number of right hand evaluations ............ : 906

	Total number of stiffness reformations ............ : 300


 L I N E A R   S O L V E R   S T A T S

	Total calls to linear solver ........ : 606

	Avg iterations per solve ............ : 1

	Time in linear solver: 0:00:17


 Elapsed time : 0:00:32

 T I M I N G   I N F O R M A T I O N

	Input time ...................... : 0:00:00 (0.0688944 sec)

	Initialization time ............. : 0:00:00 (0.0294134 sec)

	Solve time ...................... : 0:00:32 (32.2367 sec)

	   IO-time (plot, dmp, data) .... : 0:00:09 (8.80894 sec)

	   reforming stiffness .......... : 0:00:00 (0.0156587 sec)

	   evaluating stiffness ......... : 0:00:03 (3.10293 sec)

	   evaluating residual .......... : 0:00:02 (1.74798 sec)

	   model update ................. : 0:00:01 (0.965218 sec)

	   QN updates ................... : 0:00:00 (0.0184865 sec)

	   time in linear solver ........ : 0:00:17 (16.9585 sec)

	Total elapsed time .............. : 0:00:32 (32.3787 sec)


 N O R M A L   T E R M I N A T I O N

