===========================================================================
         ________    _________   _______       __     _________            
        |        |\ |        |\ |       \\    |  |\  /         \\          
        |    ____|| |    ____|| |    __  ||   |__|| |    ___    ||         
        |   |\___\| |   |\___\| |   |\_| ||    \_\| |   //  \   ||         
        |   ||__    |   ||__    |   ||_| ||   |  |\ |  ||    |  ||         
        |       |\  |       |\  |         \\  |  || |  ||    |  ||         
        |    ___||  |    ___||  |    ___   || |  || |  ||    |  ||         
        |   |\__\|  |   |\__\|  |   |\__|  || |  || |  ||    |  ||         
        |   ||      |   ||___   |   ||__|  || |  || |   \\__/   ||         
        |   ||      |        |\ |          || |  || |           ||         
        |___||      |________|| |_________//  |__||  \_________//          
                                                                           
      F I N I T E   E L E M E N T S   F O R   B I O M E C H A N I C S      
                                                                           
  version 4.12.0
  FEBio is a registered trademark.                                         
  copyright (c) 2006-2026 - All rights reserved                            
                                                                           
===========================================================================





 FILES USED
===========================================================================
	Input file : feb_inputs/active_ascl/biceps_ascl_0.5.feb
	Plot file  : feb_inputs/active_ascl/biceps_ascl_0.5.xplt
	Log file   : feb_inputs/active_ascl/biceps_ascl_0.5.log


 MESH INFO
===========================================================================
	Number of materials ............................ : 1
	Number of domains .............................. : 1
	Number of nodes ................................ : 4671
	Number of solid elements ....................... : 15813


 MODULE
===========================================================================
	Module type ....................................... : solid


 CONTROL DATA
===========================================================================
	analysis .......................................... : DYNAMIC (1)
	time_steps ........................................ : 300
	step_size ......................................... : 0.1
	plot_zero_state ................................... : no (0)
	plot_range ........................................ : 0,-1
	plot_level ........................................ : PLOT_MAJOR_ITRS (1)
	output_level ...................................... : OUTPUT_MAJOR_ITRS (1)
	plot_stride ....................................... : 1
	output_stride ..................................... : 1
	adaptor_re_solve .................................. : yes (1)
	Auto time stepper activated ....................... : no
 SOLVER PARAMETERS
===========================================================================
	symmetric_stiffness ............................... : symmetric (1)
	equation_scheme ................................... : staggered (0)
	equation_order .................................... : default (0)
	optimize_bw ....................................... : no (0)
	lstol ............................................. : 0.9
	lsmin ............................................. : 0.01
	lsiter ............................................ : 5
	ls_check_jacobians ................................ : no (0)
	max_refs .......................................... : 15
	check_zero_diagonal ............................... : no (0)
	zero_diagonal_tol ................................. : 0
	force_partition ................................... : 0
	reform_each_time_step ............................. : yes (1)
	reform_augment .................................... : no (0)
	diverge_reform .................................... : yes (1)
	min_residual ...................................... : 1e-20
	max_residual ...................................... : 0
	dtol .............................................. : 0.001
	etol .............................................. : 0.01
	rtol .............................................. : 0
	rhoi .............................................. : -2
	alpha ............................................. : 1
	beta .............................................. : 0.25
	gamma ............................................. : 0.5
	logSolve .......................................... : no (0)
	arc_length ........................................ : 0
	arc_length_scale .................................. : 0






 MATERIAL DATA
===========================================================================
  1 - Material1 (type: trans iso Mooney-Rivlin)
	density ........................................... : 1
	k ................................................. : 100
	pressure_model .................................... : default (0)
	c1 ................................................ : 13.85
	c2 ................................................ : 0
	c3 ................................................ : 2.07
	c4 ................................................ : 61.44
	c5 ................................................ : 640.7
	lam_max ........................................... : 1.03
	fiber: (type: vector)
	  vector .......................................... : 0,0,1
	active_contraction: (type: active_contraction)
	  ascl ............................................ : 0
	  Tmax ............................................ : 1
	  ca0 ............................................. : 4.35
	  camax ........................................... : 4.35
	  beta ............................................ : 4.75
	  l0 .............................................. : 1.58
	  refl ............................................ : 2.04


 BOUNDARY CONDITION DATA
===========================================================================
  1 -  Type: zero displacement
	x_dof ............................................. : yes (1)
	y_dof ............................................. : yes (1)
	z_dof ............................................. : yes (1)


 LOAD CONTROLLER DATA
===========================================================================
load controller   1 - LC1 (type: math)
	var ............................................... : (can't display value)
	math .............................................. : t/20


 OUTPUT DATA
===========================================================================
 LINEAR SOLVER DATA
===========================================================================
	Default linear solver ............................. : pardiso


Data Record #1
===========================================================================
Step = 0
Time = 0
Data = uz
File = feb_inputs/active_ascl/../../raw_logs/active_ascl/ascl_0.5_disp.txt

Data Record #2
===========================================================================
Step = 0
Time = 0
Data = sz
File = feb_inputs/active_ascl/../../raw_logs/active_ascl/ascl_0.5_stress.txt

Data Record #3
===========================================================================
Step = 0
Time = 0
Data = J
File = feb_inputs/active_ascl/../../raw_logs/active_ascl/ascl_0.5_vol.txt

 *************************************************************************
 * Selecting linear solver pardiso                                       *
 *************************************************************************

===== beginning time step 1 : 0.1 =====


Reforming stiffness matrix: reformation #1

===== reforming stiffness matrix:
	Nr of equations ........................... : 13953
	Nr of nonzeroes in stiffness matrix ....... : 245850
 1
 Nonlinear solution status: time= 0.1
	stiffness updates             = 0
	right hand side evaluations   = 2
	stiffness matrix reformations = 1
	step from line search         = 1.000000
	convergence norms :     INITIAL         CURRENT         REQUIRED
	   residual            9.491792e-06    1.085600e-06    0.000000e+00 
	   energy              9.154411e-07    8.359846e-08    9.154411e-09 
	   displacement        1.117856e-07    1.117856e-07    1.117856e-13 
 2
 Nonlinear solution status: time= 0.1
	stiffness updates             = 1
	right hand side evaluations   = 3
	stiffness matrix reformations = 1
	step from line search         = 1.000000
	convergence norms :     INITIAL         CURRENT         REQUIRED
	   residual            9.491792e-06    7.868591e-08    0.000000e+00 
	   energy              9.154411e-07    3.563973e-09    9.154411e-09 
	   displacement        1.117856e-07    2.401548e-09    1.413985e-13 
 3
 Nonlinear solution status: time= 0.1
	stiffness updates             = 2
	right hand side evaluations   = 4
	stiffness matrix reformations = 1
	step from line search         = 1.000000
	convergence norms :     INITIAL         CURRENT         REQUIRED
	   residual            9.491792e-06    2.972010e-09    0.000000e+00 
	   energy              9.154411e-07    1.363021e-10    9.154411e-09 
	   displacement        1.117856e-07    8.239877e-11    1.440772e-13 
 4
 Nonlinear solution status: time= 0.1
	stiffness updates             = 3
	right hand side evaluations   = 5
	stiffness matrix reformations = 1
	step from line search         = 1.000000
	convergence norms :     INITIAL         CURRENT         REQUIRED
	   residual            9.491792e-06    1.700822e-10    0.000000e+00 
	   energy              9.154411e-07    6.299825e-12    9.154411e-09 
	   displacement        1.117856e-07    2.181657e-12    1.436794e-13 
 5
 Nonlinear solution status: time= 0.1
	stiffness updates             = 4
	right hand side evaluations   = 6
	stiffness matrix reformations = 1
	step from line search         = 1.000000
	convergence norms :     INITIAL         CURRENT         REQUIRED
	   residual            9.491792e-06    8.447948e-12    0.000000e+00 
	   energy              9.154411e-07    2.327025e-13    9.154411e-09 
	   displacement        1.117856e-07    1.032318e-13    1.435627e-13 

convergence summary
    number of iterations   : 5
    number of reformations : 1

------- converged at time : 0.1


Data Record #1
===========================================================================
Step = 1
Time = 0.1
Data = uz
File = feb_inputs/active_ascl/../../raw_logs/active_ascl/ascl_0.5_disp.txt

Data Record #2
===========================================================================
Step = 1
Time = 0.1
Data = sz
File = feb_inputs/active_ascl/../../raw_logs/active_ascl/ascl_0.5_stress.txt

Data Record #3
===========================================================================
Step = 1
Time = 0.1
Data = J
File = feb_inputs/active_ascl/../../raw_logs/active_ascl/ascl_0.5_vol.txt

===== beginning time step 2 : 0.2 =====


Reforming stiffness matrix: reformation #1

 1
 Nonlinear solution status: time= 0.2
	stiffness updates             = 0
	right hand side evaluations   = 2
	stiffness matrix reformations = 1
	step from line search         = 1.000000
	convergence norms :     INITIAL         CURRENT         REQUIRED
	   residual            2.260694e-04    2.719032e-07    0.000000e+00 
	   energy              1.303622e-05    7.749753e-09    1.303622e-07 
	   displacement        1.704408e-06    1.704408e-06    1.704408e-12 
 2
 Nonlinear solution status: time= 0.2
	stiffness updates             = 1
	right hand side evaluations   = 3
	stiffness matrix reformations = 1
	step from line search         = 1.000000
	convergence norms :     INITIAL         CURRENT         REQUIRED
	   residual            2.260694e-04    7.361118e-09    0.000000e+00 
	   energy              1.303622e-05    1.447827e-10    1.303622e-07 
	   displacement        1.704408e-06    9.892753e-12    1.704715e-12 
 3
 Nonlinear solution status: time= 0.2
	stiffness updates             = 2
	right hand side evaluations   = 4
	stiffness matrix reformations = 1
	step from line search         = 1.000000
	convergence norms :     INITIAL         CURRENT         REQUIRED
	   residual            2.260694e-04    2.737804e-11    0.000000e+00 
	   energy              1.303622e-05    4.876592e-13    1.303622e-07 
	   displacement        1.704408e-06    3.684379e-13    1.704479e-12 

convergence summary
    number of iterations   : 3
    number of reformations : 1

------- converged at time : 0.2


Data Record #1
===========================================================================
Step = 2
Time = 0.2
Data = uz
File = feb_inputs/active_ascl/../../raw_logs/active_ascl/ascl_0.5_disp.txt

Data Record #2
===========================================================================
Step = 2
Time = 0.2
Data = sz
File = feb_inputs/active_ascl/../../raw_logs/active_ascl/ascl_0.5_stress.txt

Data Record #3
===========================================================================
Step = 2
Time = 0.2
Data = J
File = feb_inputs/active_ascl/../../raw_logs/active_ascl/ascl_0.5_vol.txt

===== beginning time step 3 : 0.3 =====


Reforming stiffness matrix: reformation #1

 1
 Nonlinear solution status: time= 0.3
	stiffness updates             = 0
	right hand side evaluations   = 2
	stiffness matrix reformations = 1
	step from line search         = 1.000000
	convergence norms :     INITIAL         CURRENT         REQUIRED
	   residual            2.129357e-03    3.362900e-07    0.000000e+00 
	   energy              5.484568e-05    1.019289e-08    5.484568e-07 
	   displacement        5.639647e-06    5.639647e-06    5.639647e-12 
 2
 Nonlinear solution status: time= 0.3
	stiffness updates             = 1
	right hand side evaluations   = 3
	stiffness matrix reformations = 1
	step from line search         = 1.000000
	convergence norms :     INITIAL         CURRENT         REQUIRED
	   residual            2.129357e-03    6.569756e-09    0.000000e+00 
	   energy              5.484568e-05    1.124238e-10    5.484568e-07 
	   displacement        5.639647e-06    6.966379e-12    5.639390e-12 
 3
 Nonlinear solution status: time= 0.3
	stiffness updates             = 2
	right hand side evaluations   = 4
	stiffness matrix reformations = 1
	step from line search         = 1.000000
	convergence norms :     INITIAL         CURRENT         REQUIRED
	   residual            2.129357e-03    3.293394e-11    0.000000e+00 
	   energy              5.484568e-05    5.918085e-13    5.484568e-07 
	   displacement        5.639647e-06    1.977681e-13    5.639169e-12 

convergence summary
    number of iterations   : 3
    number of reformations : 1

------- converged at time : 0.3


Data Record #1
===========================================================================
Step = 3
Time = 0.3
Data = uz
File = feb_inputs/active_ascl/../../raw_logs/active_ascl/ascl_0.5_disp.txt

Data Record #2
===========================================================================
Step = 3
Time = 0.3
Data = sz
File = feb_inputs/active_ascl/../../raw_logs/active_ascl/ascl_0.5_stress.txt

Data Record #3
===========================================================================
Step = 3
Time = 0.3
Data = J
File = feb_inputs/active_ascl/../../raw_logs/active_ascl/ascl_0.5_vol.txt

===== beginning time step 4 : 0.4 =====


Reforming stiffness matrix: reformation #1

 1
 Nonlinear solution status: time= 0.4
	stiffness updates             = 0
	right hand side evaluations   = 2
	stiffness matrix reformations = 1
	step from line search         = 1.000000
	convergence norms :     INITIAL         CURRENT         REQUIRED
	   residual            9.051679e-03    1.331420e-06    0.000000e+00 
	   energy              1.433373e-04    2.429015e-08    1.433373e-06 
	   displacement        1.213267e-05    1.213267e-05    1.213267e-11 
 2
 Nonlinear solution status: time= 0.4
	stiffness updates             = 1
	right hand side evaluations   = 3
	stiffness matrix reformations = 1
	step from line search         = 1.000000
	convergence norms :     INITIAL         CURRENT         REQUIRED
	   residual            9.051679e-03    2.887622e-08    0.000000e+00 
	   energy              1.433373e-04    3.866101e-10    1.433373e-06 
	   displacement        1.213267e-05    1.496405e-11    1.213271e-11 
 3
 Nonlinear solution status: time= 0.4
	stiffness updates             = 2
	right hand side evaluations   = 4
	stiffness matrix reformations = 1
	step from line search         = 1.000000
	convergence norms :     INITIAL         CURRENT         REQUIRED
	   residual            9.051679e-03    6.829921e-11    0.000000e+00 
	   energy              1.433373e-04    1.087357e-12    1.433373e-06 
	   displacement        1.213267e-05    5.197386e-13    1.213221e-11 

convergence summary
    number of iterations   : 3
    number of reformations : 1

------- converged at time : 0.4


Data Record #1
===========================================================================
Step = 4
Time = 0.4
Data = uz
File = feb_inputs/active_ascl/../../raw_logs/active_ascl/ascl_0.5_disp.txt

Data Record #2
===========================================================================
Step = 4
Time = 0.4
Data = sz
File = feb_inputs/active_ascl/../../raw_logs/active_ascl/ascl_0.5_stress.txt

Data Record #3
===========================================================================
Step = 4
Time = 0.4
Data = J
File = feb_inputs/active_ascl/../../raw_logs/active_ascl/ascl_0.5_vol.txt

===== beginning time step 5 : 0.5 =====


Reforming stiffness matrix: reformation #1

 1
 Nonlinear solution status: time= 0.5
	stiffness updates             = 0
	right hand side evaluations   = 2
	stiffness matrix reformations = 1
	step from line search         = 1.000000
	convergence norms :     INITIAL         CURRENT         REQUIRED
	   residual            2.336072e-02    1.539780e-08    0.000000e+00 
	   energy              2.860482e-04    4.954358e-10    2.860482e-06 
	   displacement        2.139233e-05    2.139233e-05    2.139233e-11 
 2
 Nonlinear solution status: time= 0.5
	stiffness updates             = 1
	right hand side evaluations   = 3
	stiffness matrix reformations = 1
	step from line search         = 1.000000
	convergence norms :     INITIAL         CURRENT         REQUIRED
	   residual            2.336072e-02    5.867358e-10    0.000000e+00 
	   energy              2.860482e-04    2.012501e-11    2.860482e-06 
	   displacement        2.139233e-05    2.210099e-12    2.139251e-11 

convergence summary
    number of iterations   : 2
    number of reformations : 1

------- converged at time : 0.5


Data Record #1
===========================================================================
Step = 5
Time = 0.5
Data = uz
File = feb_inputs/active_ascl/../../raw_logs/active_ascl/ascl_0.5_disp.txt

Data Record #2
===========================================================================
Step = 5
Time = 0.5
Data = sz
File = feb_inputs/active_ascl/../../raw_logs/active_ascl/ascl_0.5_stress.txt

Data Record #3
===========================================================================
Step = 5
Time = 0.5
Data = J
File = feb_inputs/active_ascl/../../raw_logs/active_ascl/ascl_0.5_vol.txt

===== beginning time step 6 : 0.6 =====


Reforming stiffness matrix: reformation #1

 1
 Nonlinear solution status: time= 0.6
	stiffness updates             = 0
	right hand side evaluations   = 2
	stiffness matrix reformations = 1
	step from line search         = 1.000000
	convergence norms :     INITIAL         CURRENT         REQUIRED
	   residual            4.466876e-02    1.032842e-07    0.000000e+00 
	   energy              4.790331e-04    4.713572e-09    4.790331e-06 
	   displacement        3.300770e-05    3.300770e-05    3.300770e-11 
 2
 Nonlinear solution status: time= 0.6
	stiffness updates             = 1
	right hand side evaluations   = 3
	stiffness matrix reformations = 1
	step from line search         = 1.000000
	convergence norms :     INITIAL         CURRENT         REQUIRED
	   residual            4.466876e-02    1.445523e-09    0.000000e+00 
	   energy              4.790331e-04    4.154630e-11    4.790331e-06 
	   displacement        3.300770e-05    3.587140e-12    3.300817e-11 

convergence summary
    number of iterations   : 2
    number of reformations : 1

------- converged at time : 0.6


Data Record #1
===========================================================================
Step = 6
Time = 0.6
Data = uz
File = feb_inputs/active_ascl/../../raw_logs/active_ascl/ascl_0.5_disp.txt

Data Record #2
===========================================================================
Step = 6
Time = 0.6
Data = sz
File = feb_inputs/active_ascl/../../raw_logs/active_ascl/ascl_0.5_stress.txt

Data Record #3
===========================================================================
Step = 6
Time = 0.6
Data = J
File = feb_inputs/active_ascl/../../raw_logs/active_ascl/ascl_0.5_vol.txt

===== beginning time step 7 : 0.7 =====


Reforming stiffness matrix: reformation #1

 1
 Nonlinear solution status: time= 0.7
	stiffness updates             = 0
	right hand side evaluations   = 2
	stiffness matrix reformations = 1
	step from line search         = 1.000000
	convergence norms :     INITIAL         CURRENT         REQUIRED
	   residual            7.434704e-02    1.882332e-08    0.000000e+00 
	   energy              7.128656e-04    3.075663e-09    7.128656e-06 
	   displacement        4.646428e-05    4.646428e-05    4.646428e-11 
 2
 Nonlinear solution status: time= 0.7
	stiffness updates             = 1
	right hand side evaluations   = 3
	stiffness matrix reformations = 1
	step from line search         = 1.000000
	convergence norms :     INITIAL         CURRENT         REQUIRED
	   residual            7.434704e-02    1.684730e-10    0.000000e+00 
	   energy              7.128656e-04    5.592970e-12    7.128656e-06 
	   displacement        4.646428e-05    8.231118e-13    4.646422e-11 

convergence summary
    number of iterations   : 2
    number of reformations : 1

------- converged at time : 0.7


Data Record #1
===========================================================================
Step = 7
Time = 0.7
Data = uz
File = feb_inputs/active_ascl/../../raw_logs/active_ascl/ascl_0.5_disp.txt

Data Record #2
===========================================================================
Step = 7
Time = 0.7
Data = sz
File = feb_inputs/active_ascl/../../raw_logs/active_ascl/ascl_0.5_stress.txt

Data Record #3
===========================================================================
Step = 7
Time = 0.7
Data = J
File = feb_inputs/active_ascl/../../raw_logs/active_ascl/ascl_0.5_vol.txt

===== beginning time step 8 : 0.8 =====


Reforming stiffness matrix: reformation #1

 1
 Nonlinear solution status: time= 0.8
	stiffness updates             = 0
	right hand side evaluations   = 2
	stiffness matrix reformations = 1
	step from line search         = 1.000000
	convergence norms :     INITIAL         CURRENT         REQUIRED
	   residual            1.129870e-01    6.783717e-11    0.000000e+00 
	   energy              9.755037e-04    1.245026e-09    9.755037e-06 
	   displacement        6.021104e-05    6.021104e-05    6.021104e-11 
 2
 Nonlinear solution status: time= 0.8
	stiffness updates             = 1
	right hand side evaluations   = 3
	stiffness matrix reformations = 1
	step from line search         = 1.000000
	convergence norms :     INITIAL         CURRENT         REQUIRED
	   residual            1.129870e-01    2.805690e-13    0.000000e+00 
	   energy              9.755037e-04    1.135895e-14    9.755037e-06 
	   displacement        6.021104e-05    1.771070e-15    6.021080e-11 

convergence summary
    number of iterations   : 2
    number of reformations : 1

------- converged at time : 0.8


Data Record #1
===========================================================================
Step = 8
Time = 0.8
Data = uz
File = feb_inputs/active_ascl/../../raw_logs/active_ascl/ascl_0.5_disp.txt

Data Record #2
===========================================================================
Step = 8
Time = 0.8
Data = sz
File = feb_inputs/active_ascl/../../raw_logs/active_ascl/ascl_0.5_stress.txt

Data Record #3
===========================================================================
Step = 8
Time = 0.8
Data = J
File = feb_inputs/active_ascl/../../raw_logs/active_ascl/ascl_0.5_vol.txt

===== beginning time step 9 : 0.9 =====


Reforming stiffness matrix: reformation #1

 1
 Nonlinear solution status: time= 0.9
	stiffness updates             = 0
	right hand side evaluations   = 2
	stiffness matrix reformations = 1
	step from line search         = 1.000000
	convergence norms :     INITIAL         CURRENT         REQUIRED
	   residual            1.571216e-01    8.521086e-07    0.000000e+00 
	   energy              1.256173e-03    2.334099e-08    1.256173e-05 
	   displacement        7.416065e-05    7.416065e-05    7.416065e-11 
 2
 Nonlinear solution status: time= 0.9
	stiffness updates             = 1
	right hand side evaluations   = 3
	stiffness matrix reformations = 1
	step from line search         = 1.000000
	convergence norms :     INITIAL         CURRENT         REQUIRED
	   residual            1.571216e-01    3.623937e-08    0.000000e+00 
	   energy              1.256173e-03    2.923497e-10    1.256173e-05 
	   displacement        7.416065e-05    9.910676e-12    7.416059e-11 

convergence summary
    number of iterations   : 2
    number of reformations : 1

------- converged at time : 0.9


Data Record #1
===========================================================================
Step = 9
Time = 0.9
Data = uz
File = feb_inputs/active_ascl/../../raw_logs/active_ascl/ascl_0.5_disp.txt

Data Record #2
===========================================================================
Step = 9
Time = 0.9
Data = sz
File = feb_inputs/active_ascl/../../raw_logs/active_ascl/ascl_0.5_stress.txt

Data Record #3
===========================================================================
Step = 9
Time = 0.9
Data = J
File = feb_inputs/active_ascl/../../raw_logs/active_ascl/ascl_0.5_vol.txt

===== beginning time step 10 : 1 =====


Reforming stiffness matrix: reformation #1

 1
 Nonlinear solution status: time= 1
	stiffness updates             = 0
	right hand side evaluations   = 2
	stiffness matrix reformations = 1
	step from line search         = 1.000000
	convergence norms :     INITIAL         CURRENT         REQUIRED
	   residual            2.006333e-01    5.726279e-07    0.000000e+00 
	   energy              1.543083e-03    1.185697e-08    1.543083e-05 
	   displacement        8.892788e-05    8.892788e-05    8.892788e-11 
 2
 Nonlinear solution status: time= 1
	stiffness updates             = 1
	right hand side evaluations   = 3
	stiffness matrix reformations = 1
	step from line search         = 1.000000
	convergence norms :     INITIAL         CURRENT         REQUIRED
	   residual            2.006333e-01    1.672975e-08    0.000000e+00 
	   energy              1.543083e-03    1.526488e-10    1.543083e-05 
	   displacement        8.892788e-05    3.844855e-12    8.892749e-11 

convergence summary
    number of iterations   : 2
    number of reformations : 1

------- converged at time : 1


Data Record #1
===========================================================================
Step = 10
Time = 1
Data = uz
File = feb_inputs/active_ascl/../../raw_logs/active_ascl/ascl_0.5_disp.txt

Data Record #2
===========================================================================
Step = 10
Time = 1
Data = sz
File = feb_inputs/active_ascl/../../raw_logs/active_ascl/ascl_0.5_stress.txt

Data Record #3
===========================================================================
Step = 10
Time = 1
Data = J
File = feb_inputs/active_ascl/../../raw_logs/active_ascl/ascl_0.5_vol.txt

===== beginning time step 11 : 1.1 =====


Reforming stiffness matrix: reformation #1

 1
 Nonlinear solution status: time= 1.1
	stiffness updates             = 0
	right hand side evaluations   = 2
	stiffness matrix reformations = 1
	step from line search         = 1.000000
	convergence norms :     INITIAL         CURRENT         REQUIRED
	   residual            2.384829e-01    7.093960e-08    0.000000e+00 
	   energy              1.822573e-03    5.470262e-09    1.822573e-05 
	   displacement        1.042274e-04    1.042274e-04    1.042274e-10 
 2
 Nonlinear solution status: time= 1.1
	stiffness updates             = 1
	right hand side evaluations   = 3
	stiffness matrix reformations = 1
	step from line search         = 1.000000
	convergence norms :     INITIAL         CURRENT         REQUIRED
	   residual            2.384829e-01    2.066314e-10    0.000000e+00 
	   energy              1.822573e-03    8.118275e-12    1.822573e-05 
	   displacement        1.042274e-04    6.286944e-13    1.042269e-10 

convergence summary
    number of iterations   : 2
    number of reformations : 1

------- converged at time : 1.1


Data Record #1
===========================================================================
Step = 11
Time = 1.1
Data = uz
File = feb_inputs/active_ascl/../../raw_logs/active_ascl/ascl_0.5_disp.txt

Data Record #2
===========================================================================
Step = 11
Time = 1.1
Data = sz
File = feb_inputs/active_ascl/../../raw_logs/active_ascl/ascl_0.5_stress.txt

Data Record #3
===========================================================================
Step = 11
Time = 1.1
Data = J
File = feb_inputs/active_ascl/../../raw_logs/active_ascl/ascl_0.5_vol.txt

===== beginning time step 12 : 1.2 =====


Reforming stiffness matrix: reformation #1

 1
 Nonlinear solution status: time= 1.2
	stiffness updates             = 0
	right hand side evaluations   = 2
	stiffness matrix reformations = 1
	step from line search         = 1.000000
	convergence norms :     INITIAL         CURRENT         REQUIRED
	   residual            2.718676e-01    1.105454e-09    0.000000e+00 
	   energy              2.080270e-03    2.176336e-09    2.080270e-05 
	   displacement        1.186187e-04    1.186187e-04    1.186187e-10 
 2
 Nonlinear solution status: time= 1.2
	stiffness updates             = 1
	right hand side evaluations   = 3
	stiffness matrix reformations = 1
	step from line search         = 1.000000
	convergence norms :     INITIAL         CURRENT         REQUIRED
	   residual            2.718676e-01    4.157980e-11    0.000000e+00 
	   energy              2.080270e-03    4.513002e-13    2.080270e-05 
	   displacement        1.186187e-04    1.209760e-14    1.186182e-10 

convergence summary
    number of iterations   : 2
    number of reformations : 1

------- converged at time : 1.2


Data Record #1
===========================================================================
Step = 12
Time = 1.2
Data = uz
File = feb_inputs/active_ascl/../../raw_logs/active_ascl/ascl_0.5_disp.txt

Data Record #2
===========================================================================
Step = 12
Time = 1.2
Data = sz
File = feb_inputs/active_ascl/../../raw_logs/active_ascl/ascl_0.5_stress.txt

Data Record #3
===========================================================================
Step = 12
Time = 1.2
Data = J
File = feb_inputs/active_ascl/../../raw_logs/active_ascl/ascl_0.5_vol.txt

===== beginning time step 13 : 1.3 =====


Reforming stiffness matrix: reformation #1

 1
 Nonlinear solution status: time= 1.3
	stiffness updates             = 0
	right hand side evaluations   = 2
	stiffness matrix reformations = 1
	step from line search         = 1.000000
	convergence norms :     INITIAL         CURRENT         REQUIRED
	   residual            3.037425e-01    1.502841e-09    0.000000e+00 
	   energy              2.307625e-03    2.466035e-09    2.307625e-05 
	   displacement        1.305591e-04    1.305591e-04    1.305591e-10 
 2
 Nonlinear solution status: time= 1.3
	stiffness updates             = 1
	right hand side evaluations   = 3
	stiffness matrix reformations = 1
	step from line search         = 1.000000
	convergence norms :     INITIAL         CURRENT         REQUIRED
	   residual            3.037425e-01    1.191157e-11    0.000000e+00 
	   energy              2.307625e-03    5.042362e-14    2.307625e-05 
	   displacement        1.305591e-04    1.691536e-14    1.305585e-10 

convergence summary
    number of iterations   : 2
    number of reformations : 1

------- converged at time : 1.3


Data Record #1
===========================================================================
Step = 13
Time = 1.3
Data = uz
File = feb_inputs/active_ascl/../../raw_logs/active_ascl/ascl_0.5_disp.txt

Data Record #2
===========================================================================
Step = 13
Time = 1.3
Data = sz
File = feb_inputs/active_ascl/../../raw_logs/active_ascl/ascl_0.5_stress.txt

Data Record #3
===========================================================================
Step = 13
Time = 1.3
Data = J
File = feb_inputs/active_ascl/../../raw_logs/active_ascl/ascl_0.5_vol.txt

===== beginning time step 14 : 1.4 =====


Reforming stiffness matrix: reformation #1

 1
 Nonlinear solution status: time= 1.4
	stiffness updates             = 0
	right hand side evaluations   = 2
	stiffness matrix reformations = 1
	step from line search         = 1.000000
	convergence norms :     INITIAL         CURRENT         REQUIRED
	   residual            3.332372e-01    1.887725e-11    0.000000e+00 
	   energy              2.509397e-03    2.450502e-09    2.509397e-05 
	   displacement        1.406871e-04    1.406871e-04    1.406871e-10 
 2
 Nonlinear solution status: time= 1.4
	stiffness updates             = 1
	right hand side evaluations   = 3
	stiffness matrix reformations = 1
	step from line search         = 1.000000
	convergence norms :     INITIAL         CURRENT         REQUIRED
	   residual            3.332372e-01    2.596543e-14    0.000000e+00 
	   energy              2.509397e-03    5.336207e-15    2.509397e-05 
	   displacement        1.406871e-04    4.117279e-15    1.406866e-10 

convergence summary
    number of iterations   : 2
    number of reformations : 1

------- converged at time : 1.4


Data Record #1
===========================================================================
Step = 14
Time = 1.4
Data = uz
File = feb_inputs/active_ascl/../../raw_logs/active_ascl/ascl_0.5_disp.txt

Data Record #2
===========================================================================
Step = 14
Time = 1.4
Data = sz
File = feb_inputs/active_ascl/../../raw_logs/active_ascl/ascl_0.5_stress.txt

Data Record #3
===========================================================================
Step = 14
Time = 1.4
Data = J
File = feb_inputs/active_ascl/../../raw_logs/active_ascl/ascl_0.5_vol.txt

===== beginning time step 15 : 1.5 =====


Reforming stiffness matrix: reformation #1

 1
 Nonlinear solution status: time= 1.5
	stiffness updates             = 0
	right hand side evaluations   = 2
	stiffness matrix reformations = 1
	step from line search         = 1.000000
	convergence norms :     INITIAL         CURRENT         REQUIRED
	   residual            3.626958e-01    1.032679e-10    0.000000e+00 
	   energy              2.699981e-03    2.400432e-09    2.699981e-05 
	   displacement        1.501730e-04    1.501730e-04    1.501730e-10 
 2
 Nonlinear solution status: time= 1.5
	stiffness updates             = 1
	right hand side evaluations   = 3
	stiffness matrix reformations = 1
	step from line search         = 1.000000
	convergence norms :     INITIAL         CURRENT         REQUIRED
	   residual            3.626958e-01    5.846862e-13    0.000000e+00 
	   energy              2.699981e-03    5.195991e-15    2.699981e-05 
	   displacement        1.501730e-04    4.248910e-15    1.501724e-10 

convergence summary
    number of iterations   : 2
    number of reformations : 1

------- converged at time : 1.5


Data Record #1
===========================================================================
Step = 15
Time = 1.5
Data = uz
File = feb_inputs/active_ascl/../../raw_logs/active_ascl/ascl_0.5_disp.txt

Data Record #2
===========================================================================
Step = 15
Time = 1.5
Data = sz
File = feb_inputs/active_ascl/../../raw_logs/active_ascl/ascl_0.5_stress.txt

Data Record #3
===========================================================================
Step = 15
Time = 1.5
Data = J
File = feb_inputs/active_ascl/../../raw_logs/active_ascl/ascl_0.5_vol.txt

===== beginning time step 16 : 1.6 =====


Reforming stiffness matrix: reformation #1

 1
 Nonlinear solution status: time= 1.6
	stiffness updates             = 0
	right hand side evaluations   = 2
	stiffness matrix reformations = 1
	step from line search         = 1.000000
	convergence norms :     INITIAL         CURRENT         REQUIRED
	   residual            3.997780e-01    1.825478e-11    0.000000e+00 
	   energy              2.897405e-03    2.266756e-09    2.897405e-05 
	   displacement        1.588391e-04    1.588391e-04    1.588391e-10 
 2
 Nonlinear solution status: time= 1.6
	stiffness updates             = 1
	right hand side evaluations   = 3
	stiffness matrix reformations = 1
	step from line search         = 1.000000
	convergence norms :     INITIAL         CURRENT         REQUIRED
	   residual            3.997780e-01    5.866165e-14    0.000000e+00 
	   energy              2.897405e-03    3.201497e-15    2.897405e-05 
	   displacement        1.588391e-04    2.298869e-15    1.588385e-10 

convergence summary
    number of iterations   : 2
    number of reformations : 1

------- converged at time : 1.6


Data Record #1
===========================================================================
Step = 16
Time = 1.6
Data = uz
File = feb_inputs/active_ascl/../../raw_logs/active_ascl/ascl_0.5_disp.txt

Data Record #2
===========================================================================
Step = 16
Time = 1.6
Data = sz
File = feb_inputs/active_ascl/../../raw_logs/active_ascl/ascl_0.5_stress.txt

Data Record #3
===========================================================================
Step = 16
Time = 1.6
Data = J
File = feb_inputs/active_ascl/../../raw_logs/active_ascl/ascl_0.5_vol.txt

===== beginning time step 17 : 1.7 =====


Reforming stiffness matrix: reformation #1

 1
 Nonlinear solution status: time= 1.7
	stiffness updates             = 0
	right hand side evaluations   = 2
	stiffness matrix reformations = 1
	step from line search         = 1.000000
	convergence norms :     INITIAL         CURRENT         REQUIRED
	   residual            4.522972e-01    9.761199e-12    0.000000e+00 
	   energy              3.121411e-03    2.123652e-09    3.121411e-05 
	   displacement        1.667940e-04    1.667940e-04    1.667940e-10 
 2
 Nonlinear solution status: time= 1.7
	stiffness updates             = 1
	right hand side evaluations   = 3
	stiffness matrix reformations = 1
	step from line search         = 1.000000
	convergence norms :     INITIAL         CURRENT         REQUIRED
	   residual            4.522972e-01    1.764622e-14    0.000000e+00 
	   energy              3.121411e-03    3.631560e-15    3.121411e-05 
	   displacement        1.667940e-04    3.286010e-15    1.667934e-10 

convergence summary
    number of iterations   : 2
    number of reformations : 1

------- converged at time : 1.7


Data Record #1
===========================================================================
Step = 17
Time = 1.7
Data = uz
File = feb_inputs/active_ascl/../../raw_logs/active_ascl/ascl_0.5_disp.txt

Data Record #2
===========================================================================
Step = 17
Time = 1.7
Data = sz
File = feb_inputs/active_ascl/../../raw_logs/active_ascl/ascl_0.5_stress.txt

Data Record #3
===========================================================================
Step = 17
Time = 1.7
Data = J
File = feb_inputs/active_ascl/../../raw_logs/active_ascl/ascl_0.5_vol.txt

===== beginning time step 18 : 1.8 =====


Reforming stiffness matrix: reformation #1

 1
 Nonlinear solution status: time= 1.8
	stiffness updates             = 0
	right hand side evaluations   = 2
	stiffness matrix reformations = 1
	step from line search         = 1.000000
	convergence norms :     INITIAL         CURRENT         REQUIRED
	   residual            5.235266e-01    1.182908e-07    0.000000e+00 
	   energy              3.390839e-03    2.287606e-09    3.390839e-05 
	   displacement        1.752086e-04    1.752086e-04    1.752086e-10 
 2
 Nonlinear solution status: time= 1.8
	stiffness updates             = 1
	right hand side evaluations   = 3
	stiffness matrix reformations = 1
	step from line search         = 1.000000
	convergence norms :     INITIAL         CURRENT         REQUIRED
	   residual            5.235266e-01    7.000567e-10    0.000000e+00 
	   energy              3.390839e-03    1.905547e-11    3.390839e-05 
	   displacement        1.752086e-04    1.075341e-12    1.752081e-10 

convergence summary
    number of iterations   : 2
    number of reformations : 1

------- converged at time : 1.8


Data Record #1
===========================================================================
Step = 18
Time = 1.8
Data = uz
File = feb_inputs/active_ascl/../../raw_logs/active_ascl/ascl_0.5_disp.txt

Data Record #2
===========================================================================
Step = 18
Time = 1.8
Data = sz
File = feb_inputs/active_ascl/../../raw_logs/active_ascl/ascl_0.5_stress.txt

Data Record #3
===========================================================================
Step = 18
Time = 1.8
Data = J
File = feb_inputs/active_ascl/../../raw_logs/active_ascl/ascl_0.5_vol.txt

===== beginning time step 19 : 1.9 =====


Reforming stiffness matrix: reformation #1

 1
 Nonlinear solution status: time= 1.9
	stiffness updates             = 0
	right hand side evaluations   = 2
	stiffness matrix reformations = 1
	step from line search         = 1.000000
	convergence norms :     INITIAL         CURRENT         REQUIRED
	   residual            6.118155e-01    2.309870e-07    0.000000e+00 
	   energy              3.720945e-03    8.971316e-09    3.720945e-05 
	   displacement        1.861777e-04    1.861777e-04    1.861777e-10 
 2
 Nonlinear solution status: time= 1.9
	stiffness updates             = 1
	right hand side evaluations   = 3
	stiffness matrix reformations = 1
	step from line search         = 1.000000
	convergence norms :     INITIAL         CURRENT         REQUIRED
	   residual            6.118155e-01    8.606577e-10    0.000000e+00 
	   energy              3.720945e-03    2.822421e-11    3.720945e-05 
	   displacement        1.861777e-04    2.003937e-12    1.861773e-10 

convergence summary
    number of iterations   : 2
    number of reformations : 1

------- converged at time : 1.9


Data Record #1
===========================================================================
Step = 19
Time = 1.9
Data = uz
File = feb_inputs/active_ascl/../../raw_logs/active_ascl/ascl_0.5_disp.txt

Data Record #2
===========================================================================
Step = 19
Time = 1.9
Data = sz
File = feb_inputs/active_ascl/../../raw_logs/active_ascl/ascl_0.5_stress.txt

Data Record #3
===========================================================================
Step = 19
Time = 1.9
Data = J
File = feb_inputs/active_ascl/../../raw_logs/active_ascl/ascl_0.5_vol.txt

===== beginning time step 20 : 2 =====


Reforming stiffness matrix: reformation #1

 1
 Nonlinear solution status: time= 2
	stiffness updates             = 0
	right hand side evaluations   = 2
	stiffness matrix reformations = 1
	step from line search         = 1.000000
	convergence norms :     INITIAL         CURRENT         REQUIRED
	   residual            7.155657e-01    1.501511e-06    0.000000e+00 
	   energy              4.120521e-03    5.250147e-08    4.120521e-05 
	   displacement        2.009130e-04    2.009130e-04    2.009130e-10 
 2
 Nonlinear solution status: time= 2
	stiffness updates             = 1
	right hand side evaluations   = 3
	stiffness matrix reformations = 1
	step from line search         = 1.000000
	convergence norms :     INITIAL         CURRENT         REQUIRED
	   residual            7.155657e-01    1.904696e-08    0.000000e+00 
	   energy              4.120521e-03    2.892847e-10    4.120521e-05 
	   displacement        2.009130e-04    1.345407e-11    2.009136e-10 

convergence summary
    number of iterations   : 2
    number of reformations : 1

------- converged at time : 2


Data Record #1
===========================================================================
Step = 20
Time = 2
Data = uz
File = feb_inputs/active_ascl/../../raw_logs/active_ascl/ascl_0.5_disp.txt

Data Record #2
===========================================================================
Step = 20
Time = 2
Data = sz
File = feb_inputs/active_ascl/../../raw_logs/active_ascl/ascl_0.5_stress.txt

Data Record #3
===========================================================================
Step = 20
Time = 2
Data = J
File = feb_inputs/active_ascl/../../raw_logs/active_ascl/ascl_0.5_vol.txt

===== beginning time step 21 : 2.1 =====


Reforming stiffness matrix: reformation #1

 1
 Nonlinear solution status: time= 2.1
	stiffness updates             = 0
	right hand side evaluations   = 2
	stiffness matrix reformations = 1
	step from line search         = 1.000000
	convergence norms :     INITIAL         CURRENT         REQUIRED
	   residual            8.341586e-01    7.835324e-07    0.000000e+00 
	   energy              4.597292e-03    2.894346e-08    4.597292e-05 
	   displacement        2.192882e-04    2.192882e-04    2.192882e-10 
 2
 Nonlinear solution status: time= 2.1
	stiffness updates             = 1
	right hand side evaluations   = 3
	stiffness matrix reformations = 1
	step from line search         = 1.000000
	convergence norms :     INITIAL         CURRENT         REQUIRED
	   residual            8.341586e-01    1.175513e-08    0.000000e+00 
	   energy              4.597292e-03    1.418009e-10    4.597292e-05 
	   displacement        2.192882e-04    4.647759e-12    2.192881e-10 

convergence summary
    number of iterations   : 2
    number of reformations : 1

------- converged at time : 2.1


Data Record #1
===========================================================================
Step = 21
Time = 2.1
Data = uz
File = feb_inputs/active_ascl/../../raw_logs/active_ascl/ascl_0.5_disp.txt

Data Record #2
===========================================================================
Step = 21
Time = 2.1
Data = sz
File = feb_inputs/active_ascl/../../raw_logs/active_ascl/ascl_0.5_stress.txt

Data Record #3
===========================================================================
Step = 21
Time = 2.1
Data = J
File = feb_inputs/active_ascl/../../raw_logs/active_ascl/ascl_0.5_vol.txt

===== beginning time step 22 : 2.2 =====


Reforming stiffness matrix: reformation #1

 1
 Nonlinear solution status: time= 2.2
	stiffness updates             = 0
	right hand side evaluations   = 2
	stiffness matrix reformations = 1
	step from line search         = 1.000000
	convergence norms :     INITIAL         CURRENT         REQUIRED
	   residual            9.689691e-01    6.837646e-11    0.000000e+00 
	   energy              5.161197e-03    1.312887e-09    5.161197e-05 
	   displacement        2.418685e-04    2.418685e-04    2.418685e-10 
 2
 Nonlinear solution status: time= 2.2
	stiffness updates             = 1
	right hand side evaluations   = 3
	stiffness matrix reformations = 1
	step from line search         = 1.000000
	convergence norms :     INITIAL         CURRENT         REQUIRED
	   residual            9.689691e-01    1.054171e-13    0.000000e+00 
	   energy              5.161197e-03    1.221713e-14    5.161197e-05 
	   displacement        2.418685e-04    5.521380e-15    2.418681e-10 

convergence summary
    number of iterations   : 2
    number of reformations : 1

------- converged at time : 2.2


Data Record #1
===========================================================================
Step = 22
Time = 2.2
Data = uz
File = feb_inputs/active_ascl/../../raw_logs/active_ascl/ascl_0.5_disp.txt

Data Record #2
===========================================================================
Step = 22
Time = 2.2
Data = sz
File = feb_inputs/active_ascl/../../raw_logs/active_ascl/ascl_0.5_stress.txt

Data Record #3
===========================================================================
Step = 22
Time = 2.2
Data = J
File = feb_inputs/active_ascl/../../raw_logs/active_ascl/ascl_0.5_vol.txt

===== beginning time step 23 : 2.3 =====


Reforming stiffness matrix: reformation #1

 1
 Nonlinear solution status: time= 2.3
	stiffness updates             = 0
	right hand side evaluations   = 2
	stiffness matrix reformations = 1
	step from line search         = 1.000000
	convergence norms :     INITIAL         CURRENT         REQUIRED
	   residual            1.120097e+00    1.800470e-06    0.000000e+00 
	   energy              5.816218e-03    3.016616e-08    5.816218e-05 
	   displacement        2.692376e-04    2.692376e-04    2.692376e-10 
 2
 Nonlinear solution status: time= 2.3
	stiffness updates             = 1
	right hand side evaluations   = 3
	stiffness matrix reformations = 1
	step from line search         = 1.000000
	convergence norms :     INITIAL         CURRENT         REQUIRED
	   residual            1.120097e+00    2.724212e-08    0.000000e+00 
	   energy              5.816218e-03    4.102733e-10    5.816218e-05 
	   displacement        2.692376e-04    1.555555e-11    2.692374e-10 

convergence summary
    number of iterations   : 2
    number of reformations : 1

------- converged at time : 2.3


Data Record #1
===========================================================================
Step = 23
Time = 2.3
Data = uz
File = feb_inputs/active_ascl/../../raw_logs/active_ascl/ascl_0.5_disp.txt

Data Record #2
===========================================================================
Step = 23
Time = 2.3
Data = sz
File = feb_inputs/active_ascl/../../raw_logs/active_ascl/ascl_0.5_stress.txt

Data Record #3
===========================================================================
Step = 23
Time = 2.3
Data = J
File = feb_inputs/active_ascl/../../raw_logs/active_ascl/ascl_0.5_vol.txt

===== beginning time step 24 : 2.4 =====


Reforming stiffness matrix: reformation #1

 1
 Nonlinear solution status: time= 2.4
	stiffness updates             = 0
	right hand side evaluations   = 2
	stiffness matrix reformations = 1
	step from line search         = 1.000000
	convergence norms :     INITIAL         CURRENT         REQUIRED
	   residual            1.281439e+00    4.461312e-08    0.000000e+00 
	   energy              6.554111e-03    5.359342e-09    6.554111e-05 
	   displacement        3.015005e-04    3.015005e-04    3.015005e-10 
 2
 Nonlinear solution status: time= 2.4
	stiffness updates             = 1
	right hand side evaluations   = 3
	stiffness matrix reformations = 1
	step from line search         = 1.000000
	convergence norms :     INITIAL         CURRENT         REQUIRED
	   residual            1.281439e+00    3.006863e-10    0.000000e+00 
	   energy              6.554111e-03    2.248275e-11    6.554111e-05 
	   displacement        3.015005e-04    3.505020e-12    3.015002e-10 

convergence summary
    number of iterations   : 2
    number of reformations : 1

------- converged at time : 2.4


Data Record #1
===========================================================================
Step = 24
Time = 2.4
Data = uz
File = feb_inputs/active_ascl/../../raw_logs/active_ascl/ascl_0.5_disp.txt

Data Record #2
===========================================================================
Step = 24
Time = 2.4
Data = sz
File = feb_inputs/active_ascl/../../raw_logs/active_ascl/ascl_0.5_stress.txt

Data Record #3
===========================================================================
Step = 24
Time = 2.4
Data = J
File = feb_inputs/active_ascl/../../raw_logs/active_ascl/ascl_0.5_vol.txt

===== beginning time step 25 : 2.5 =====


Reforming stiffness matrix: reformation #1

 1
 Nonlinear solution status: time= 2.5
	stiffness updates             = 0
	right hand side evaluations   = 2
	stiffness matrix reformations = 1
	step from line search         = 1.000000
	convergence norms :     INITIAL         CURRENT         REQUIRED
	   residual            1.447736e+00    8.273937e-06    0.000000e+00 
	   energy              7.352108e-03    1.445736e-07    7.352108e-05 
	   displacement        3.381760e-04    3.381760e-04    3.381760e-10 
 2
 Nonlinear solution status: time= 2.5
	stiffness updates             = 1
	right hand side evaluations   = 3
	stiffness matrix reformations = 1
	step from line search         = 1.000000
	convergence norms :     INITIAL         CURRENT         REQUIRED
	   residual            1.447736e+00    2.328290e-07    0.000000e+00 
	   energy              7.352108e-03    2.207321e-09    7.352108e-05 
	   displacement        3.381760e-04    4.305033e-11    3.381802e-10 

convergence summary
    number of iterations   : 2
    number of reformations : 1

------- converged at time : 2.5


Data Record #1
===========================================================================
Step = 25
Time = 2.5
Data = uz
File = feb_inputs/active_ascl/../../raw_logs/active_ascl/ascl_0.5_disp.txt

Data Record #2
===========================================================================
Step = 25
Time = 2.5
Data = sz
File = feb_inputs/active_ascl/../../raw_logs/active_ascl/ascl_0.5_stress.txt

Data Record #3
===========================================================================
Step = 25
Time = 2.5
Data = J
File = feb_inputs/active_ascl/../../raw_logs/active_ascl/ascl_0.5_vol.txt

===== beginning time step 26 : 2.6 =====


Reforming stiffness matrix: reformation #1

 1
 Nonlinear solution status: time= 2.6
	stiffness updates             = 0
	right hand side evaluations   = 2
	stiffness matrix reformations = 1
	step from line search         = 1.000000
	convergence norms :     INITIAL         CURRENT         REQUIRED
	   residual            1.616701e+00    1.211699e-06    0.000000e+00 
	   energy              8.182970e-03    6.994000e-08    8.182970e-05 
	   displacement        3.766615e-04    3.766615e-04    3.766615e-10 
 2
 Nonlinear solution status: time= 2.6
	stiffness updates             = 1
	right hand side evaluations   = 3
	stiffness matrix reformations = 1
	step from line search         = 1.000000
	convergence norms :     INITIAL         CURRENT         REQUIRED
	   residual            1.616701e+00    1.393828e-08    0.000000e+00 
	   energy              8.182970e-03    3.474492e-10    8.182970e-05 
	   displacement        3.766615e-04    2.580798e-11    3.766611e-10 

convergence summary
    number of iterations   : 2
    number of reformations : 1

------- converged at time : 2.6


Data Record #1
===========================================================================
Step = 26
Time = 2.6
Data = uz
File = feb_inputs/active_ascl/../../raw_logs/active_ascl/ascl_0.5_disp.txt

Data Record #2
===========================================================================
Step = 26
Time = 2.6
Data = sz
File = feb_inputs/active_ascl/../../raw_logs/active_ascl/ascl_0.5_stress.txt

Data Record #3
===========================================================================
Step = 26
Time = 2.6
Data = J
File = feb_inputs/active_ascl/../../raw_logs/active_ascl/ascl_0.5_vol.txt

===== beginning time step 27 : 2.7 =====


Reforming stiffness matrix: reformation #1

 1
 Nonlinear solution status: time= 2.7
	stiffness updates             = 0
	right hand side evaluations   = 2
	stiffness matrix reformations = 1
	step from line search         = 1.000000
	convergence norms :     INITIAL         CURRENT         REQUIRED
	   residual            1.785553e+00    1.850057e-07    0.000000e+00 
	   energy              9.022052e-03    2.219166e-08    9.022052e-05 
	   displacement        4.139787e-04    4.139787e-04    4.139787e-10 
 2
 Nonlinear solution status: time= 2.7
	stiffness updates             = 1
	right hand side evaluations   = 3
	stiffness matrix reformations = 1
	step from line search         = 1.000000
	convergence norms :     INITIAL         CURRENT         REQUIRED
	   residual            1.785553e+00    5.836997e-10    0.000000e+00 
	   energy              9.022052e-03    3.296041e-11    9.022052e-05 
	   displacement        4.139787e-04    4.393440e-12    4.139783e-10 

convergence summary
    number of iterations   : 2
    number of reformations : 1

------- converged at time : 2.7


Data Record #1
===========================================================================
Step = 27
Time = 2.7
Data = uz
File = feb_inputs/active_ascl/../../raw_logs/active_ascl/ascl_0.5_disp.txt

Data Record #2
===========================================================================
Step = 27
Time = 2.7
Data = sz
File = feb_inputs/active_ascl/../../raw_logs/active_ascl/ascl_0.5_stress.txt

Data Record #3
===========================================================================
Step = 27
Time = 2.7
Data = J
File = feb_inputs/active_ascl/../../raw_logs/active_ascl/ascl_0.5_vol.txt

===== beginning time step 28 : 2.8 =====


Reforming stiffness matrix: reformation #1

 1
 Nonlinear solution status: time= 2.8
	stiffness updates             = 0
	right hand side evaluations   = 2
	stiffness matrix reformations = 1
	step from line search         = 1.000000
	convergence norms :     INITIAL         CURRENT         REQUIRED
	   residual            1.949841e+00    2.358313e-07    0.000000e+00 
	   energy              9.852774e-03    4.122636e-08    9.852774e-05 
	   displacement        4.503419e-04    4.503419e-04    4.503419e-10 
 2
 Nonlinear solution status: time= 2.8
	stiffness updates             = 1
	right hand side evaluations   = 3
	stiffness matrix reformations = 1
	step from line search         = 1.000000
	convergence norms :     INITIAL         CURRENT         REQUIRED
	   residual            1.949841e+00    3.529726e-10    0.000000e+00 
	   energy              9.852774e-03    4.189058e-11    9.852774e-05 
	   displacement        4.503419e-04    1.234250e-11    4.503420e-10 

convergence summary
    number of iterations   : 2
    number of reformations : 1

------- converged at time : 2.8


Data Record #1
===========================================================================
Step = 28
Time = 2.8
Data = uz
File = feb_inputs/active_ascl/../../raw_logs/active_ascl/ascl_0.5_disp.txt

Data Record #2
===========================================================================
Step = 28
Time = 2.8
Data = sz
File = feb_inputs/active_ascl/../../raw_logs/active_ascl/ascl_0.5_stress.txt

Data Record #3
===========================================================================
Step = 28
Time = 2.8
Data = J
File = feb_inputs/active_ascl/../../raw_logs/active_ascl/ascl_0.5_vol.txt

===== beginning time step 29 : 2.9 =====


Reforming stiffness matrix: reformation #1

 1
 Nonlinear solution status: time= 2.9
	stiffness updates             = 0
	right hand side evaluations   = 2
	stiffness matrix reformations = 1
	step from line search         = 1.000000
	convergence norms :     INITIAL         CURRENT         REQUIRED
	   residual            2.102075e+00    2.194001e-06    0.000000e+00 
	   energy              1.066903e-02    1.596959e-07    1.066903e-04 
	   displacement        4.875367e-04    4.875367e-04    4.875367e-10 
 2
 Nonlinear solution status: time= 2.9
	stiffness updates             = 1
	right hand side evaluations   = 3
	stiffness matrix reformations = 1
	step from line search         = 1.000000
	convergence norms :     INITIAL         CURRENT         REQUIRED
	   residual            2.102075e+00    9.315632e-09    0.000000e+00 
	   energy              1.066903e-02    3.896095e-10    1.066903e-04 
	   displacement        4.875367e-04    3.839378e-11    4.875397e-10 

convergence summary
    number of iterations   : 2
    number of reformations : 1

------- converged at time : 2.9


Data Record #1
===========================================================================
Step = 29
Time = 2.9
Data = uz
File = feb_inputs/active_ascl/../../raw_logs/active_ascl/ascl_0.5_disp.txt

Data Record #2
===========================================================================
Step = 29
Time = 2.9
Data = sz
File = feb_inputs/active_ascl/../../raw_logs/active_ascl/ascl_0.5_stress.txt

Data Record #3
===========================================================================
Step = 29
Time = 2.9
Data = J
File = feb_inputs/active_ascl/../../raw_logs/active_ascl/ascl_0.5_vol.txt

===== beginning time step 30 : 3 =====


Reforming stiffness matrix: reformation #1

 1
 Nonlinear solution status: time= 3
	stiffness updates             = 0
	right hand side evaluations   = 2
	stiffness matrix reformations = 1
	step from line search         = 1.000000
	convergence norms :     INITIAL         CURRENT         REQUIRED
	   residual            2.237792e+00    6.702006e-07    0.000000e+00 
	   energy              1.147590e-02    9.096045e-08    1.147590e-04 
	   displacement        5.263099e-04    5.263099e-04    5.263099e-10 
 2
 Nonlinear solution status: time= 3
	stiffness updates             = 1
	right hand side evaluations   = 3
	stiffness matrix reformations = 1
	step from line search         = 1.000000
	convergence norms :     INITIAL         CURRENT         REQUIRED
	   residual            2.237792e+00    1.014183e-09    0.000000e+00 
	   energy              1.147590e-02    1.231936e-10    1.147590e-04 
	   displacement        5.263099e-04    3.890682e-11    5.263125e-10 

convergence summary
    number of iterations   : 2
    number of reformations : 1

------- converged at time : 3


Data Record #1
===========================================================================
Step = 30
Time = 3
Data = uz
File = feb_inputs/active_ascl/../../raw_logs/active_ascl/ascl_0.5_disp.txt

Data Record #2
===========================================================================
Step = 30
Time = 3
Data = sz
File = feb_inputs/active_ascl/../../raw_logs/active_ascl/ascl_0.5_stress.txt

Data Record #3
===========================================================================
Step = 30
Time = 3
Data = J
File = feb_inputs/active_ascl/../../raw_logs/active_ascl/ascl_0.5_vol.txt

===== beginning time step 31 : 3.1 =====


Reforming stiffness matrix: reformation #1

 1
 Nonlinear solution status: time= 3.1
	stiffness updates             = 0
	right hand side evaluations   = 2
	stiffness matrix reformations = 1
	step from line search         = 1.000000
	convergence norms :     INITIAL         CURRENT         REQUIRED
	   residual            2.357697e+00    3.418292e-08    0.000000e+00 
	   energy              1.228232e-02    2.063541e-09    1.228232e-04 
	   displacement        5.668825e-04    5.668825e-04    5.668825e-10 
 2
 Nonlinear solution status: time= 3.1
	stiffness updates             = 1
	right hand side evaluations   = 3
	stiffness matrix reformations = 1
	step from line search         = 1.000000
	convergence norms :     INITIAL         CURRENT         REQUIRED
	   residual            2.357697e+00    4.868021e-11    0.000000e+00 
	   energy              1.228232e-02    4.545947e-12    1.228232e-04 
	   displacement        5.668825e-04    1.186598e-12    5.668818e-10 

convergence summary
    number of iterations   : 2
    number of reformations : 1

------- converged at time : 3.1


Data Record #1
===========================================================================
Step = 31
Time = 3.1
Data = uz
File = feb_inputs/active_ascl/../../raw_logs/active_ascl/ascl_0.5_disp.txt

Data Record #2
===========================================================================
Step = 31
Time = 3.1
Data = sz
File = feb_inputs/active_ascl/../../raw_logs/active_ascl/ascl_0.5_stress.txt

Data Record #3
===========================================================================
Step = 31
Time = 3.1
Data = J
File = feb_inputs/active_ascl/../../raw_logs/active_ascl/ascl_0.5_vol.txt

===== beginning time step 32 : 3.2 =====


Reforming stiffness matrix: reformation #1

 1
 Nonlinear solution status: time= 3.2
	stiffness updates             = 0
	right hand side evaluations   = 2
	stiffness matrix reformations = 1
	step from line search         = 1.000000
	convergence norms :     INITIAL         CURRENT         REQUIRED
	   residual            2.465111e+00    3.648955e-09    0.000000e+00 
	   energy              1.309245e-02    1.799264e-09    1.309245e-04 
	   displacement        6.097457e-04    6.097457e-04    6.097457e-10 
 2
 Nonlinear solution status: time= 3.2
	stiffness updates             = 1
	right hand side evaluations   = 3
	stiffness matrix reformations = 1
	step from line search         = 1.000000
	convergence norms :     INITIAL         CURRENT         REQUIRED
	   residual            2.465111e+00    1.122049e-12    0.000000e+00 
	   energy              1.309245e-02    3.206127e-13    1.309245e-04 
	   displacement        6.097457e-04    2.949851e-13    6.097447e-10 

convergence summary
    number of iterations   : 2
    number of reformations : 1

------- converged at time : 3.2


Data Record #1
===========================================================================
Step = 32
Time = 3.2
Data = uz
File = feb_inputs/active_ascl/../../raw_logs/active_ascl/ascl_0.5_disp.txt

Data Record #2
===========================================================================
Step = 32
Time = 3.2
Data = sz
File = feb_inputs/active_ascl/../../raw_logs/active_ascl/ascl_0.5_stress.txt

Data Record #3
===========================================================================
Step = 32
Time = 3.2
Data = J
File = feb_inputs/active_ascl/../../raw_logs/active_ascl/ascl_0.5_vol.txt

===== beginning time step 33 : 3.3 =====


Reforming stiffness matrix: reformation #1

 1
 Nonlinear solution status: time= 3.3
	stiffness updates             = 0
	right hand side evaluations   = 2
	stiffness matrix reformations = 1
	step from line search         = 1.000000
	convergence norms :     INITIAL         CURRENT         REQUIRED
	   residual            2.564018e+00    1.402957e-08    0.000000e+00 
	   energy              1.390582e-02    1.099434e-09    1.390582e-04 
	   displacement        6.548648e-04    6.548648e-04    6.548648e-10 
 2
 Nonlinear solution status: time= 3.3
	stiffness updates             = 1
	right hand side evaluations   = 3
	stiffness matrix reformations = 1
	step from line search         = 1.000000
	convergence norms :     INITIAL         CURRENT         REQUIRED
	   residual            2.564018e+00    2.371267e-12    0.000000e+00 
	   energy              1.390582e-02    7.529607e-13    1.390582e-04 
	   displacement        6.548648e-04    7.591090e-13    6.548635e-10 

convergence summary
    number of iterations   : 2
    number of reformations : 1

------- converged at time : 3.3


Data Record #1
===========================================================================
Step = 33
Time = 3.3
Data = uz
File = feb_inputs/active_ascl/../../raw_logs/active_ascl/ascl_0.5_disp.txt

Data Record #2
===========================================================================
Step = 33
Time = 3.3
Data = sz
File = feb_inputs/active_ascl/../../raw_logs/active_ascl/ascl_0.5_stress.txt

Data Record #3
===========================================================================
Step = 33
Time = 3.3
Data = J
File = feb_inputs/active_ascl/../../raw_logs/active_ascl/ascl_0.5_vol.txt

===== beginning time step 34 : 3.4 =====


Reforming stiffness matrix: reformation #1

 1
 Nonlinear solution status: time= 3.4
	stiffness updates             = 0
	right hand side evaluations   = 2
	stiffness matrix reformations = 1
	step from line search         = 1.000000
	convergence norms :     INITIAL         CURRENT         REQUIRED
	   residual            2.657845e+00    4.353512e-12    0.000000e+00 
	   energy              1.471081e-02    6.443707e-09    1.471081e-04 
	   displacement        6.998938e-04    6.998938e-04    6.998938e-10 
 2
 Nonlinear solution status: time= 3.4
	stiffness updates             = 1
	right hand side evaluations   = 3
	stiffness matrix reformations = 1
	step from line search         = 1.000000
	convergence norms :     INITIAL         CURRENT         REQUIRED
	   residual            2.657845e+00    1.769641e-19    0.000000e+00 
	   energy              1.471081e-02    7.696596e-18    1.471081e-04 
	   displacement        6.998938e-04    9.065761e-15    6.998923e-10 

convergence summary
    number of iterations   : 2
    number of reformations : 1

------- converged at time : 3.4


Data Record #1
===========================================================================
Step = 34
Time = 3.4
Data = uz
File = feb_inputs/active_ascl/../../raw_logs/active_ascl/ascl_0.5_disp.txt

Data Record #2
===========================================================================
Step = 34
Time = 3.4
Data = sz
File = feb_inputs/active_ascl/../../raw_logs/active_ascl/ascl_0.5_stress.txt

Data Record #3
===========================================================================
Step = 34
Time = 3.4
Data = J
File = feb_inputs/active_ascl/../../raw_logs/active_ascl/ascl_0.5_vol.txt

===== beginning time step 35 : 3.5 =====


Reforming stiffness matrix: reformation #1

 1
 Nonlinear solution status: time= 3.5
	stiffness updates             = 0
	right hand side evaluations   = 2
	stiffness matrix reformations = 1
	step from line search         = 1.000000
	convergence norms :     INITIAL         CURRENT         REQUIRED
	   residual            2.752846e+00    4.896373e-10    0.000000e+00 
	   energy              1.548252e-02    6.883138e-09    1.548252e-04 
	   displacement        7.413059e-04    7.413059e-04    7.413059e-10 
 2
 Nonlinear solution status: time= 3.5
	stiffness updates             = 1
	right hand side evaluations   = 3
	stiffness matrix reformations = 1
	step from line search         = 1.000000
	convergence norms :     INITIAL         CURRENT         REQUIRED
	   residual            2.752846e+00    5.053614e-13    0.000000e+00 
	   energy              1.548252e-02    5.681365e-14    1.548252e-04 
	   displacement        7.413059e-04    2.534720e-14    7.413042e-10 

convergence summary
    number of iterations   : 2
    number of reformations : 1

------- converged at time : 3.5


Data Record #1
===========================================================================
Step = 35
Time = 3.5
Data = uz
File = feb_inputs/active_ascl/../../raw_logs/active_ascl/ascl_0.5_disp.txt

Data Record #2
===========================================================================
Step = 35
Time = 3.5
Data = sz
File = feb_inputs/active_ascl/../../raw_logs/active_ascl/ascl_0.5_stress.txt

Data Record #3
===========================================================================
Step = 35
Time = 3.5
Data = J
File = feb_inputs/active_ascl/../../raw_logs/active_ascl/ascl_0.5_vol.txt

===== beginning time step 36 : 3.6 =====


Reforming stiffness matrix: reformation #1

 1
 Nonlinear solution status: time= 3.6
	stiffness updates             = 0
	right hand side evaluations   = 2
	stiffness matrix reformations = 1
	step from line search         = 1.000000
	convergence norms :     INITIAL         CURRENT         REQUIRED
	   residual            2.852071e+00    4.691763e-12    0.000000e+00 
	   energy              1.618882e-02    8.276471e-09    1.618882e-04 
	   displacement        7.762170e-04    7.762170e-04    7.762170e-10 
 2
 Nonlinear solution status: time= 3.6
	stiffness updates             = 1
	right hand side evaluations   = 3
	stiffness matrix reformations = 1
	step from line search         = 1.000000
	convergence norms :     INITIAL         CURRENT         REQUIRED
	   residual            2.852071e+00    1.970129e-19    0.000000e+00 
	   energy              1.618882e-02    8.950205e-18    1.618882e-04 
	   displacement        7.762170e-04    1.092638e-14    7.762152e-10 

convergence summary
    number of iterations   : 2
    number of reformations : 1

------- converged at time : 3.6


Data Record #1
===========================================================================
Step = 36
Time = 3.6
Data = uz
File = feb_inputs/active_ascl/../../raw_logs/active_ascl/ascl_0.5_disp.txt

Data Record #2
===========================================================================
Step = 36
Time = 3.6
Data = sz
File = feb_inputs/active_ascl/../../raw_logs/active_ascl/ascl_0.5_stress.txt

Data Record #3
===========================================================================
Step = 36
Time = 3.6
Data = J
File = feb_inputs/active_ascl/../../raw_logs/active_ascl/ascl_0.5_vol.txt

===== beginning time step 37 : 3.7 =====


Reforming stiffness matrix: reformation #1

 1
 Nonlinear solution status: time= 3.7
	stiffness updates             = 0
	right hand side evaluations   = 2
	stiffness matrix reformations = 1
	step from line search         = 1.000000
	convergence norms :     INITIAL         CURRENT         REQUIRED
	   residual            2.951147e+00    5.549858e-12    0.000000e+00 
	   energy              1.680077e-02    8.872606e-09    1.680077e-04 
	   displacement        8.032345e-04    8.032345e-04    8.032345e-10 
 2
 Nonlinear solution status: time= 3.7
	stiffness updates             = 1
	right hand side evaluations   = 3
	stiffness matrix reformations = 1
	step from line search         = 1.000000
	convergence norms :     INITIAL         CURRENT         REQUIRED
	   residual            2.951147e+00    1.153829e-16    0.000000e+00 
	   energy              1.680077e-02    4.185204e-17    1.680077e-04 
	   displacement        8.032345e-04    1.263442e-14    8.032325e-10 

convergence summary
    number of iterations   : 2
    number of reformations : 1

------- converged at time : 3.7


Data Record #1
===========================================================================
Step = 37
Time = 3.7
Data = uz
File = feb_inputs/active_ascl/../../raw_logs/active_ascl/ascl_0.5_disp.txt

Data Record #2
===========================================================================
Step = 37
Time = 3.7
Data = sz
File = feb_inputs/active_ascl/../../raw_logs/active_ascl/ascl_0.5_stress.txt

Data Record #3
===========================================================================
Step = 37
Time = 3.7
Data = J
File = feb_inputs/active_ascl/../../raw_logs/active_ascl/ascl_0.5_vol.txt

===== beginning time step 38 : 3.8 =====


Reforming stiffness matrix: reformation #1

 1
 Nonlinear solution status: time= 3.8
	stiffness updates             = 0
	right hand side evaluations   = 2
	stiffness matrix reformations = 1
	step from line search         = 1.000000
	convergence norms :     INITIAL         CURRENT         REQUIRED
	   residual            3.040006e+00    4.667590e-12    0.000000e+00 
	   energy              1.729673e-02    9.034804e-09    1.729673e-04 
	   displacement        8.233552e-04    8.233552e-04    8.233552e-10 
 2
 Nonlinear solution status: time= 3.8
	stiffness updates             = 1
	right hand side evaluations   = 3
	stiffness matrix reformations = 1
	step from line search         = 1.000000
	convergence norms :     INITIAL         CURRENT         REQUIRED
	   residual            3.040006e+00    2.083741e-19    0.000000e+00 
	   energy              1.729673e-02    1.148677e-17    1.729673e-04 
	   displacement        8.233552e-04    1.363477e-14    8.233532e-10 

convergence summary
    number of iterations   : 2
    number of reformations : 1

------- converged at time : 3.8


Data Record #1
===========================================================================
Step = 38
Time = 3.8
Data = uz
File = feb_inputs/active_ascl/../../raw_logs/active_ascl/ascl_0.5_disp.txt

Data Record #2
===========================================================================
Step = 38
Time = 3.8
Data = sz
File = feb_inputs/active_ascl/../../raw_logs/active_ascl/ascl_0.5_stress.txt

Data Record #3
===========================================================================
Step = 38
Time = 3.8
Data = J
File = feb_inputs/active_ascl/../../raw_logs/active_ascl/ascl_0.5_vol.txt

===== beginning time step 39 : 3.9 =====


Reforming stiffness matrix: reformation #1

 1
 Nonlinear solution status: time= 3.9
	stiffness updates             = 0
	right hand side evaluations   = 2
	stiffness matrix reformations = 1
	step from line search         = 1.000000
	convergence norms :     INITIAL         CURRENT         REQUIRED
	   residual            3.107344e+00    4.264693e-12    0.000000e+00 
	   energy              1.766280e-02    8.858741e-09    1.766280e-04 
	   displacement        8.389560e-04    8.389560e-04    8.389560e-10 
 2
 Nonlinear solution status: time= 3.9
	stiffness updates             = 1
	right hand side evaluations   = 3
	stiffness matrix reformations = 1
	step from line search         = 1.000000
	convergence norms :     INITIAL         CURRENT         REQUIRED
	   residual            3.107344e+00    2.269781e-19    0.000000e+00 
	   energy              1.766280e-02    1.199004e-17    1.766280e-04 
	   displacement        8.389560e-04    1.410077e-14    8.389539e-10 

convergence summary
    number of iterations   : 2
    number of reformations : 1

------- converged at time : 3.9


Data Record #1
===========================================================================
Step = 39
Time = 3.9
Data = uz
File = feb_inputs/active_ascl/../../raw_logs/active_ascl/ascl_0.5_disp.txt

Data Record #2
===========================================================================
Step = 39
Time = 3.9
Data = sz
File = feb_inputs/active_ascl/../../raw_logs/active_ascl/ascl_0.5_stress.txt

Data Record #3
===========================================================================
Step = 39
Time = 3.9
Data = J
File = feb_inputs/active_ascl/../../raw_logs/active_ascl/ascl_0.5_vol.txt

===== beginning time step 40 : 4 =====


Reforming stiffness matrix: reformation #1

 1
 Nonlinear solution status: time= 4
	stiffness updates             = 0
	right hand side evaluations   = 2
	stiffness matrix reformations = 1
	step from line search         = 1.000000
	convergence norms :     INITIAL         CURRENT         REQUIRED
	   residual            3.152134e+00    3.722526e-12    0.000000e+00 
	   energy              1.789324e-02    8.857585e-09    1.789324e-04 
	   displacement        8.505568e-04    8.505568e-04    8.505568e-10 
 2
 Nonlinear solution status: time= 4
	stiffness updates             = 1
	right hand side evaluations   = 3
	stiffness matrix reformations = 1
	step from line search         = 1.000000
	convergence norms :     INITIAL         CURRENT         REQUIRED
	   residual            3.152134e+00    2.288124e-19    0.000000e+00 
	   energy              1.789324e-02    1.257980e-17    1.789324e-04 
	   displacement        8.505568e-04    1.426204e-14    8.505548e-10 

convergence summary
    number of iterations   : 2
    number of reformations : 1

------- converged at time : 4


Data Record #1
===========================================================================
Step = 40
Time = 4
Data = uz
File = feb_inputs/active_ascl/../../raw_logs/active_ascl/ascl_0.5_disp.txt

Data Record #2
===========================================================================
Step = 40
Time = 4
Data = sz
File = feb_inputs/active_ascl/../../raw_logs/active_ascl/ascl_0.5_stress.txt

Data Record #3
===========================================================================
Step = 40
Time = 4
Data = J
File = feb_inputs/active_ascl/../../raw_logs/active_ascl/ascl_0.5_vol.txt

===== beginning time step 41 : 4.1 =====


Reforming stiffness matrix: reformation #1

 1
 Nonlinear solution status: time= 4.1
	stiffness updates             = 0
	right hand side evaluations   = 2
	stiffness matrix reformations = 1
	step from line search         = 1.000000
	convergence norms :     INITIAL         CURRENT         REQUIRED
	   residual            3.181291e+00    3.889373e-12    0.000000e+00 
	   energy              1.799081e-02    9.106879e-09    1.799081e-04 
	   displacement        8.559227e-04    8.559227e-04    8.559227e-10 
 2
 Nonlinear solution status: time= 4.1
	stiffness updates             = 1
	right hand side evaluations   = 3
	stiffness matrix reformations = 1
	step from line search         = 1.000000
	convergence norms :     INITIAL         CURRENT         REQUIRED
	   residual            3.181291e+00    2.409829e-19    0.000000e+00 
	   energy              1.799081e-02    1.364831e-17    1.799081e-04 
	   displacement        8.559227e-04    1.422061e-14    8.559206e-10 

convergence summary
    number of iterations   : 2
    number of reformations : 1

------- converged at time : 4.1


Data Record #1
===========================================================================
Step = 41
Time = 4.1
Data = uz
File = feb_inputs/active_ascl/../../raw_logs/active_ascl/ascl_0.5_disp.txt

Data Record #2
===========================================================================
Step = 41
Time = 4.1
Data = sz
File = feb_inputs/active_ascl/../../raw_logs/active_ascl/ascl_0.5_stress.txt

Data Record #3
===========================================================================
Step = 41
Time = 4.1
Data = J
File = feb_inputs/active_ascl/../../raw_logs/active_ascl/ascl_0.5_vol.txt

===== beginning time step 42 : 4.2 =====


Reforming stiffness matrix: reformation #1

 1
 Nonlinear solution status: time= 4.2
	stiffness updates             = 0
	right hand side evaluations   = 2
	stiffness matrix reformations = 1
	step from line search         = 1.000000
	convergence norms :     INITIAL         CURRENT         REQUIRED
	   residual            3.199509e+00    3.925195e-12    0.000000e+00 
	   energy              1.796462e-02    9.372678e-09    1.796462e-04 
	   displacement        8.536544e-04    8.536544e-04    8.536544e-10 
 2
 Nonlinear solution status: time= 4.2
	stiffness updates             = 1
	right hand side evaluations   = 3
	stiffness matrix reformations = 1
	step from line search         = 1.000000
	convergence norms :     INITIAL         CURRENT         REQUIRED
	   residual            3.199509e+00    2.341340e-19    0.000000e+00 
	   energy              1.796462e-02    1.377232e-17    1.796462e-04 
	   displacement        8.536544e-04    1.387341e-14    8.536522e-10 

convergence summary
    number of iterations   : 2
    number of reformations : 1

------- converged at time : 4.2


Data Record #1
===========================================================================
Step = 42
Time = 4.2
Data = uz
File = feb_inputs/active_ascl/../../raw_logs/active_ascl/ascl_0.5_disp.txt

Data Record #2
===========================================================================
Step = 42
Time = 4.2
Data = sz
File = feb_inputs/active_ascl/../../raw_logs/active_ascl/ascl_0.5_stress.txt

Data Record #3
===========================================================================
Step = 42
Time = 4.2
Data = J
File = feb_inputs/active_ascl/../../raw_logs/active_ascl/ascl_0.5_vol.txt

===== beginning time step 43 : 4.3 =====


Reforming stiffness matrix: reformation #1

 1
 Nonlinear solution status: time= 4.3
	stiffness updates             = 0
	right hand side evaluations   = 2
	stiffness matrix reformations = 1
	step from line search         = 1.000000
	convergence norms :     INITIAL         CURRENT         REQUIRED
	   residual            3.205507e+00    4.145329e-12    0.000000e+00 
	   energy              1.782548e-02    9.580311e-09    1.782548e-04 
	   displacement        8.452249e-04    8.452249e-04    8.452249e-10 
 2
 Nonlinear solution status: time= 4.3
	stiffness updates             = 1
	right hand side evaluations   = 3
	stiffness matrix reformations = 1
	step from line search         = 1.000000
	convergence norms :     INITIAL         CURRENT         REQUIRED
	   residual            3.205507e+00    2.494282e-19    0.000000e+00 
	   energy              1.782548e-02    1.411299e-17    1.782548e-04 
	   displacement        8.452249e-04    1.404174e-14    8.452226e-10 

convergence summary
    number of iterations   : 2
    number of reformations : 1

------- converged at time : 4.3


Data Record #1
===========================================================================
Step = 43
Time = 4.3
Data = uz
File = feb_inputs/active_ascl/../../raw_logs/active_ascl/ascl_0.5_disp.txt

Data Record #2
===========================================================================
Step = 43
Time = 4.3
Data = sz
File = feb_inputs/active_ascl/../../raw_logs/active_ascl/ascl_0.5_stress.txt

Data Record #3
===========================================================================
Step = 43
Time = 4.3
Data = J
File = feb_inputs/active_ascl/../../raw_logs/active_ascl/ascl_0.5_vol.txt

===== beginning time step 44 : 4.4 =====


Reforming stiffness matrix: reformation #1

 1
 Nonlinear solution status: time= 4.4
	stiffness updates             = 0
	right hand side evaluations   = 2
	stiffness matrix reformations = 1
	step from line search         = 1.000000
	convergence norms :     INITIAL         CURRENT         REQUIRED
	   residual            3.195524e+00    5.210667e-12    0.000000e+00 
	   energy              1.758426e-02    9.546463e-09    1.758426e-04 
	   displacement        8.318768e-04    8.318768e-04    8.318768e-10 
 2
 Nonlinear solution status: time= 4.4
	stiffness updates             = 1
	right hand side evaluations   = 3
	stiffness matrix reformations = 1
	step from line search         = 1.000000
	convergence norms :     INITIAL         CURRENT         REQUIRED
	   residual            3.195524e+00    3.187140e-19    0.000000e+00 
	   energy              1.758426e-02    1.438885e-17    1.758426e-04 
	   displacement        8.318768e-04    1.376868e-14    8.318745e-10 

convergence summary
    number of iterations   : 2
    number of reformations : 1

------- converged at time : 4.4


Data Record #1
===========================================================================
Step = 44
Time = 4.4
Data = uz
File = feb_inputs/active_ascl/../../raw_logs/active_ascl/ascl_0.5_disp.txt

Data Record #2
===========================================================================
Step = 44
Time = 4.4
Data = sz
File = feb_inputs/active_ascl/../../raw_logs/active_ascl/ascl_0.5_stress.txt

Data Record #3
===========================================================================
Step = 44
Time = 4.4
Data = J
File = feb_inputs/active_ascl/../../raw_logs/active_ascl/ascl_0.5_vol.txt

===== beginning time step 45 : 4.5 =====


Reforming stiffness matrix: reformation #1

 1
 Nonlinear solution status: time= 4.5
	stiffness updates             = 0
	right hand side evaluations   = 2
	stiffness matrix reformations = 1
	step from line search         = 1.000000
	convergence norms :     INITIAL         CURRENT         REQUIRED
	   residual            3.170974e+00    6.867602e-12    0.000000e+00 
	   energy              1.725108e-02    9.176497e-09    1.725108e-04 
	   displacement        8.130574e-04    8.130574e-04    8.130574e-10 
 2
 Nonlinear solution status: time= 4.5
	stiffness updates             = 1
	right hand side evaluations   = 3
	stiffness matrix reformations = 1
	step from line search         = 1.000000
	convergence norms :     INITIAL         CURRENT         REQUIRED
	   residual            3.170974e+00    4.589585e-19    0.000000e+00 
	   energy              1.725108e-02    1.552750e-17    1.725108e-04 
	   displacement        8.130574e-04    1.300479e-14    8.130553e-10 

convergence summary
    number of iterations   : 2
    number of reformations : 1

------- converged at time : 4.5


Data Record #1
===========================================================================
Step = 45
Time = 4.5
Data = uz
File = feb_inputs/active_ascl/../../raw_logs/active_ascl/ascl_0.5_disp.txt

Data Record #2
===========================================================================
Step = 45
Time = 4.5
Data = sz
File = feb_inputs/active_ascl/../../raw_logs/active_ascl/ascl_0.5_stress.txt

Data Record #3
===========================================================================
Step = 45
Time = 4.5
Data = J
File = feb_inputs/active_ascl/../../raw_logs/active_ascl/ascl_0.5_vol.txt

===== beginning time step 46 : 4.6 =====


Reforming stiffness matrix: reformation #1

 1
 Nonlinear solution status: time= 4.6
	stiffness updates             = 0
	right hand side evaluations   = 2
	stiffness matrix reformations = 1
	step from line search         = 1.000000
	convergence norms :     INITIAL         CURRENT         REQUIRED
	   residual            3.136877e+00    8.922011e-12    0.000000e+00 
	   energy              1.683434e-02    8.751433e-09    1.683434e-04 
	   displacement        7.884373e-04    7.884373e-04    7.884373e-10 
 2
 Nonlinear solution status: time= 4.6
	stiffness updates             = 1
	right hand side evaluations   = 3
	stiffness matrix reformations = 1
	step from line search         = 1.000000
	convergence norms :     INITIAL         CURRENT         REQUIRED
	   residual            3.136877e+00    6.513634e-19    0.000000e+00 
	   energy              1.683434e-02    1.749708e-17    1.683434e-04 
	   displacement        7.884373e-04    1.321272e-14    7.884353e-10 

convergence summary
    number of iterations   : 2
    number of reformations : 1

------- converged at time : 4.6


Data Record #1
===========================================================================
Step = 46
Time = 4.6
Data = uz
File = feb_inputs/active_ascl/../../raw_logs/active_ascl/ascl_0.5_disp.txt

Data Record #2
===========================================================================
Step = 46
Time = 4.6
Data = sz
File = feb_inputs/active_ascl/../../raw_logs/active_ascl/ascl_0.5_stress.txt

Data Record #3
===========================================================================
Step = 46
Time = 4.6
Data = J
File = feb_inputs/active_ascl/../../raw_logs/active_ascl/ascl_0.5_vol.txt

===== beginning time step 47 : 4.7 =====


Reforming stiffness matrix: reformation #1

 1
 Nonlinear solution status: time= 4.7
	stiffness updates             = 0
	right hand side evaluations   = 2
	stiffness matrix reformations = 1
	step from line search         = 1.000000
	convergence norms :     INITIAL         CURRENT         REQUIRED
	   residual            3.097849e+00    1.203108e-11    0.000000e+00 
	   energy              1.634288e-02    8.366312e-09    1.634288e-04 
	   displacement        7.584068e-04    7.584068e-04    7.584068e-10 
 2
 Nonlinear solution status: time= 4.7
	stiffness updates             = 1
	right hand side evaluations   = 3
	stiffness matrix reformations = 1
	step from line search         = 1.000000
	convergence norms :     INITIAL         CURRENT         REQUIRED
	   residual            3.097849e+00    8.897191e-19    0.000000e+00 
	   energy              1.634288e-02    1.923762e-17    1.634288e-04 
	   displacement        7.584068e-04    1.399004e-14    7.584049e-10 

convergence summary
    number of iterations   : 2
    number of reformations : 1

------- converged at time : 4.7


Data Record #1
===========================================================================
Step = 47
Time = 4.7
Data = uz
File = feb_inputs/active_ascl/../../raw_logs/active_ascl/ascl_0.5_disp.txt

Data Record #2
===========================================================================
Step = 47
Time = 4.7
Data = sz
File = feb_inputs/active_ascl/../../raw_logs/active_ascl/ascl_0.5_stress.txt

Data Record #3
===========================================================================
Step = 47
Time = 4.7
Data = J
File = feb_inputs/active_ascl/../../raw_logs/active_ascl/ascl_0.5_vol.txt

===== beginning time step 48 : 4.8 =====


Reforming stiffness matrix: reformation #1

 1
 Nonlinear solution status: time= 4.8
	stiffness updates             = 0
	right hand side evaluations   = 2
	stiffness matrix reformations = 1
	step from line search         = 1.000000
	convergence norms :     INITIAL         CURRENT         REQUIRED
	   residual            3.052959e+00    1.549831e-11    0.000000e+00 
	   energy              1.579062e-02    7.911196e-09    1.579062e-04 
	   displacement        7.245510e-04    7.245510e-04    7.245510e-10 
 2
 Nonlinear solution status: time= 4.8
	stiffness updates             = 1
	right hand side evaluations   = 3
	stiffness matrix reformations = 1
	step from line search         = 1.000000
	convergence norms :     INITIAL         CURRENT         REQUIRED
	   residual            3.052959e+00    1.147171e-18    0.000000e+00 
	   energy              1.579062e-02    2.085810e-17    1.579062e-04 
	   displacement        7.245510e-04    1.461002e-14    7.245493e-10 

convergence summary
    number of iterations   : 2
    number of reformations : 1

------- converged at time : 4.8


Data Record #1
===========================================================================
Step = 48
Time = 4.8
Data = uz
File = feb_inputs/active_ascl/../../raw_logs/active_ascl/ascl_0.5_disp.txt

Data Record #2
===========================================================================
Step = 48
Time = 4.8
Data = sz
File = feb_inputs/active_ascl/../../raw_logs/active_ascl/ascl_0.5_stress.txt

Data Record #3
===========================================================================
Step = 48
Time = 4.8
Data = J
File = feb_inputs/active_ascl/../../raw_logs/active_ascl/ascl_0.5_vol.txt

===== beginning time step 49 : 4.9 =====


Reforming stiffness matrix: reformation #1

 1
 Nonlinear solution status: time= 4.9
	stiffness updates             = 0
	right hand side evaluations   = 2
	stiffness matrix reformations = 1
	step from line search         = 1.000000
	convergence norms :     INITIAL         CURRENT         REQUIRED
	   residual            2.993945e+00    1.945787e-11    0.000000e+00 
	   energy              1.519248e-02    7.407281e-09    1.519248e-04 
	   displacement        6.897348e-04    6.897348e-04    6.897348e-10 
 2
 Nonlinear solution status: time= 4.9
	stiffness updates             = 1
	right hand side evaluations   = 3
	stiffness matrix reformations = 1
	step from line search         = 1.000000
	convergence norms :     INITIAL         CURRENT         REQUIRED
	   residual            2.993945e+00    1.506806e-18    0.000000e+00 
	   energy              1.519248e-02    2.283946e-17    1.519248e-04 
	   displacement        6.897348e-04    1.461894e-14    6.897335e-10 

convergence summary
    number of iterations   : 2
    number of reformations : 1

------- converged at time : 4.9


Data Record #1
===========================================================================
Step = 49
Time = 4.9
Data = uz
File = feb_inputs/active_ascl/../../raw_logs/active_ascl/ascl_0.5_disp.txt

Data Record #2
===========================================================================
Step = 49
Time = 4.9
Data = sz
File = feb_inputs/active_ascl/../../raw_logs/active_ascl/ascl_0.5_stress.txt

Data Record #3
===========================================================================
Step = 49
Time = 4.9
Data = J
File = feb_inputs/active_ascl/../../raw_logs/active_ascl/ascl_0.5_vol.txt

===== beginning time step 50 : 5 =====


Reforming stiffness matrix: reformation #1

 1
 Nonlinear solution status: time= 5
	stiffness updates             = 0
	right hand side evaluations   = 2
	stiffness matrix reformations = 1
	step from line search         = 1.000000
	convergence norms :     INITIAL         CURRENT         REQUIRED
	   residual            2.910111e+00    2.374806e-11    0.000000e+00 
	   energy              1.455875e-02    6.833115e-09    1.455875e-04 
	   displacement        6.558106e-04    6.558106e-04    6.558106e-10 
 2
 Nonlinear solution status: time= 5
	stiffness updates             = 1
	right hand side evaluations   = 3
	stiffness matrix reformations = 1
	step from line search         = 1.000000
	convergence norms :     INITIAL         CURRENT         REQUIRED
	   residual            2.910111e+00    1.813492e-18    0.000000e+00 
	   energy              1.455875e-02    2.661467e-17    1.455875e-04 
	   displacement        6.558106e-04    1.448355e-14    6.558097e-10 

convergence summary
    number of iterations   : 2
    number of reformations : 1

------- converged at time : 5


Data Record #1
===========================================================================
Step = 50
Time = 5
Data = uz
File = feb_inputs/active_ascl/../../raw_logs/active_ascl/ascl_0.5_disp.txt

Data Record #2
===========================================================================
Step = 50
Time = 5
Data = sz
File = feb_inputs/active_ascl/../../raw_logs/active_ascl/ascl_0.5_stress.txt

Data Record #3
===========================================================================
Step = 50
Time = 5
Data = J
File = feb_inputs/active_ascl/../../raw_logs/active_ascl/ascl_0.5_vol.txt

===== beginning time step 51 : 5.1 =====


Reforming stiffness matrix: reformation #1

 1
 Nonlinear solution status: time= 5.1
	stiffness updates             = 0
	right hand side evaluations   = 2
	stiffness matrix reformations = 1
	step from line search         = 1.000000
	convergence norms :     INITIAL         CURRENT         REQUIRED
	   residual            2.794619e+00    2.546648e-11    0.000000e+00 
	   energy              1.389778e-02    6.290859e-09    1.389778e-04 
	   displacement        6.233904e-04    6.233904e-04    6.233904e-10 
 2
 Nonlinear solution status: time= 5.1
	stiffness updates             = 1
	right hand side evaluations   = 3
	stiffness matrix reformations = 1
	step from line search         = 1.000000
	convergence norms :     INITIAL         CURRENT         REQUIRED
	   residual            2.794619e+00    2.069585e-18    0.000000e+00 
	   energy              1.389778e-02    2.936105e-17    1.389778e-04 
	   displacement        6.233904e-04    1.390949e-14    6.233897e-10 

convergence summary
    number of iterations   : 2
    number of reformations : 1

------- converged at time : 5.1


Data Record #1
===========================================================================
Step = 51
Time = 5.1
Data = uz
File = feb_inputs/active_ascl/../../raw_logs/active_ascl/ascl_0.5_disp.txt

Data Record #2
===========================================================================
Step = 51
Time = 5.1
Data = sz
File = feb_inputs/active_ascl/../../raw_logs/active_ascl/ascl_0.5_stress.txt

Data Record #3
===========================================================================
Step = 51
Time = 5.1
Data = J
File = feb_inputs/active_ascl/../../raw_logs/active_ascl/ascl_0.5_vol.txt

===== beginning time step 52 : 5.2 =====


Reforming stiffness matrix: reformation #1

 1
 Nonlinear solution status: time= 5.2
	stiffness updates             = 0
	right hand side evaluations   = 2
	stiffness matrix reformations = 1
	step from line search         = 1.000000
	convergence norms :     INITIAL         CURRENT         REQUIRED
	   residual            2.654033e+00    2.653984e-11    0.000000e+00 
	   energy              1.321727e-02    6.002654e-09    1.321727e-04 
	   displacement        5.928861e-04    5.928861e-04    5.928861e-10 
 2
 Nonlinear solution status: time= 5.2
	stiffness updates             = 1
	right hand side evaluations   = 3
	stiffness matrix reformations = 1
	step from line search         = 1.000000
	convergence norms :     INITIAL         CURRENT         REQUIRED
	   residual            2.654033e+00    2.389448e-18    0.000000e+00 
	   energy              1.321727e-02    3.167887e-17    1.321727e-04 
	   displacement        5.928861e-04    1.341385e-14    5.928856e-10 

convergence summary
    number of iterations   : 2
    number of reformations : 1

------- converged at time : 5.2


Data Record #1
===========================================================================
Step = 52
Time = 5.2
Data = uz
File = feb_inputs/active_ascl/../../raw_logs/active_ascl/ascl_0.5_disp.txt

Data Record #2
===========================================================================
Step = 52
Time = 5.2
Data = sz
File = feb_inputs/active_ascl/../../raw_logs/active_ascl/ascl_0.5_stress.txt

Data Record #3
===========================================================================
Step = 52
Time = 5.2
Data = J
File = feb_inputs/active_ascl/../../raw_logs/active_ascl/ascl_0.5_vol.txt

===== beginning time step 53 : 5.3 =====


Reforming stiffness matrix: reformation #1

 1
 Nonlinear solution status: time= 5.3
	stiffness updates             = 0
	right hand side evaluations   = 2
	stiffness matrix reformations = 1
	step from line search         = 1.000000
	convergence norms :     INITIAL         CURRENT         REQUIRED
	   residual            2.501319e+00    2.483533e-11    0.000000e+00 
	   energy              1.252227e-02    5.899023e-09    1.252227e-04 
	   displacement        5.639300e-04    5.639300e-04    5.639300e-10 
 2
 Nonlinear solution status: time= 5.3
	stiffness updates             = 1
	right hand side evaluations   = 3
	stiffness matrix reformations = 1
	step from line search         = 1.000000
	convergence norms :     INITIAL         CURRENT         REQUIRED
	   residual            2.501319e+00    2.142458e-18    0.000000e+00 
	   energy              1.252227e-02    3.332847e-17    1.252227e-04 
	   displacement        5.639300e-04    1.345381e-14    5.639295e-10 

convergence summary
    number of iterations   : 2
    number of reformations : 1

------- converged at time : 5.3


Data Record #1
===========================================================================
Step = 53
Time = 5.3
Data = uz
File = feb_inputs/active_ascl/../../raw_logs/active_ascl/ascl_0.5_disp.txt

Data Record #2
===========================================================================
Step = 53
Time = 5.3
Data = sz
File = feb_inputs/active_ascl/../../raw_logs/active_ascl/ascl_0.5_stress.txt

Data Record #3
===========================================================================
Step = 53
Time = 5.3
Data = J
File = feb_inputs/active_ascl/../../raw_logs/active_ascl/ascl_0.5_vol.txt

===== beginning time step 54 : 5.4 =====


Reforming stiffness matrix: reformation #1

 1
 Nonlinear solution status: time= 5.4
	stiffness updates             = 0
	right hand side evaluations   = 2
	stiffness matrix reformations = 1
	step from line search         = 1.000000
	convergence norms :     INITIAL         CURRENT         REQUIRED
	   residual            2.341802e+00    2.159219e-11    0.000000e+00 
	   energy              1.181564e-02    5.735576e-09    1.181564e-04 
	   displacement        5.349908e-04    5.349908e-04    5.349908e-10 
 2
 Nonlinear solution status: time= 5.4
	stiffness updates             = 1
	right hand side evaluations   = 3
	stiffness matrix reformations = 1
	step from line search         = 1.000000
	convergence norms :     INITIAL         CURRENT         REQUIRED
	   residual            2.341802e+00    1.812596e-18    0.000000e+00 
	   energy              1.181564e-02    3.331528e-17    1.181564e-04 
	   displacement        5.349908e-04    1.329334e-14    5.349904e-10 

convergence summary
    number of iterations   : 2
    number of reformations : 1

------- converged at time : 5.4


Data Record #1
===========================================================================
Step = 54
Time = 5.4
Data = uz
File = feb_inputs/active_ascl/../../raw_logs/active_ascl/ascl_0.5_disp.txt

Data Record #2
===========================================================================
Step = 54
Time = 5.4
Data = sz
File = feb_inputs/active_ascl/../../raw_logs/active_ascl/ascl_0.5_stress.txt

Data Record #3
===========================================================================
Step = 54
Time = 5.4
Data = J
File = feb_inputs/active_ascl/../../raw_logs/active_ascl/ascl_0.5_vol.txt

===== beginning time step 55 : 5.5 =====


Reforming stiffness matrix: reformation #1

 1
 Nonlinear solution status: time= 5.5
	stiffness updates             = 0
	right hand side evaluations   = 2
	stiffness matrix reformations = 1
	step from line search         = 1.000000
	convergence norms :     INITIAL         CURRENT         REQUIRED
	   residual            2.177566e+00    1.610352e-11    0.000000e+00 
	   energy              1.110381e-02    5.307795e-09    1.110381e-04 
	   displacement        5.054533e-04    5.054533e-04    5.054533e-10 
 2
 Nonlinear solution status: time= 5.5
	stiffness updates             = 1
	right hand side evaluations   = 3
	stiffness matrix reformations = 1
	step from line search         = 1.000000
	convergence norms :     INITIAL         CURRENT         REQUIRED
	   residual            2.177566e+00    1.487277e-18    0.000000e+00 
	   energy              1.110381e-02    3.008399e-17    1.110381e-04 
	   displacement        5.054533e-04    1.269950e-14    5.054528e-10 

convergence summary
    number of iterations   : 2
    number of reformations : 1

------- converged at time : 5.5


Data Record #1
===========================================================================
Step = 55
Time = 5.5
Data = uz
File = feb_inputs/active_ascl/../../raw_logs/active_ascl/ascl_0.5_disp.txt

Data Record #2
===========================================================================
Step = 55
Time = 5.5
Data = sz
File = feb_inputs/active_ascl/../../raw_logs/active_ascl/ascl_0.5_stress.txt

Data Record #3
===========================================================================
Step = 55
Time = 5.5
Data = J
File = feb_inputs/active_ascl/../../raw_logs/active_ascl/ascl_0.5_vol.txt

===== beginning time step 56 : 5.6 =====


Reforming stiffness matrix: reformation #1

 1
 Nonlinear solution status: time= 5.6
	stiffness updates             = 0
	right hand side evaluations   = 2
	stiffness matrix reformations = 1
	step from line search         = 1.000000
	convergence norms :     INITIAL         CURRENT         REQUIRED
	   residual            2.010666e+00    1.069482e-11    0.000000e+00 
	   energy              1.039785e-02    4.826196e-09    1.039785e-04 
	   displacement        4.766452e-04    4.766452e-04    4.766452e-10 
 2
 Nonlinear solution status: time= 5.6
	stiffness updates             = 1
	right hand side evaluations   = 3
	stiffness matrix reformations = 1
	step from line search         = 1.000000
	convergence norms :     INITIAL         CURRENT         REQUIRED
	   residual            2.010666e+00    1.035651e-18    0.000000e+00 
	   energy              1.039785e-02    2.482330e-17    1.039785e-04 
	   displacement        4.766452e-04    1.197869e-14    4.766445e-10 

convergence summary
    number of iterations   : 2
    number of reformations : 1

------- converged at time : 5.6


Data Record #1
===========================================================================
Step = 56
Time = 5.6
Data = uz
File = feb_inputs/active_ascl/../../raw_logs/active_ascl/ascl_0.5_disp.txt

Data Record #2
===========================================================================
Step = 56
Time = 5.6
Data = sz
File = feb_inputs/active_ascl/../../raw_logs/active_ascl/ascl_0.5_stress.txt

Data Record #3
===========================================================================
Step = 56
Time = 5.6
Data = J
File = feb_inputs/active_ascl/../../raw_logs/active_ascl/ascl_0.5_vol.txt

===== beginning time step 57 : 5.7 =====


Reforming stiffness matrix: reformation #1

 1
 Nonlinear solution status: time= 5.7
	stiffness updates             = 0
	right hand side evaluations   = 2
	stiffness matrix reformations = 1
	step from line search         = 1.000000
	convergence norms :     INITIAL         CURRENT         REQUIRED
	   residual            1.844067e+00    7.436961e-12    0.000000e+00 
	   energy              9.709940e-03    4.858951e-09    9.709940e-05 
	   displacement        4.493934e-04    4.493934e-04    4.493934e-10 
 2
 Nonlinear solution status: time= 5.7
	stiffness updates             = 1
	right hand side evaluations   = 3
	stiffness matrix reformations = 1
	step from line search         = 1.000000
	convergence norms :     INITIAL         CURRENT         REQUIRED
	   residual            1.844067e+00    6.913650e-19    0.000000e+00 
	   energy              9.709940e-03    2.293483e-17    9.709940e-05 
	   displacement        4.493934e-04    1.294963e-14    4.493924e-10 

convergence summary
    number of iterations   : 2
    number of reformations : 1

------- converged at time : 5.7


Data Record #1
===========================================================================
Step = 57
Time = 5.7
Data = uz
File = feb_inputs/active_ascl/../../raw_logs/active_ascl/ascl_0.5_disp.txt

Data Record #2
===========================================================================
Step = 57
Time = 5.7
Data = sz
File = feb_inputs/active_ascl/../../raw_logs/active_ascl/ascl_0.5_stress.txt

Data Record #3
===========================================================================
Step = 57
Time = 5.7
Data = J
File = feb_inputs/active_ascl/../../raw_logs/active_ascl/ascl_0.5_vol.txt

===== beginning time step 58 : 5.8 =====


Reforming stiffness matrix: reformation #1

 1
 Nonlinear solution status: time= 5.8
	stiffness updates             = 0
	right hand side evaluations   = 2
	stiffness matrix reformations = 1
	step from line search         = 1.000000
	convergence norms :     INITIAL         CURRENT         REQUIRED
	   residual            1.685830e+00    5.409907e-12    0.000000e+00 
	   energy              9.053538e-03    5.521363e-09    9.053538e-05 
	   displacement        4.233911e-04    4.233911e-04    4.233911e-10 
 2
 Nonlinear solution status: time= 5.8
	stiffness updates             = 1
	right hand side evaluations   = 3
	stiffness matrix reformations = 1
	step from line search         = 1.000000
	convergence norms :     INITIAL         CURRENT         REQUIRED
	   residual            1.685830e+00    5.327345e-19    0.000000e+00 
	   energy              9.053538e-03    2.125422e-17    9.053538e-05 
	   displacement        4.233911e-04    1.422593e-14    4.233898e-10 

convergence summary
    number of iterations   : 2
    number of reformations : 1

------- converged at time : 5.8


Data Record #1
===========================================================================
Step = 58
Time = 5.8
Data = uz
File = feb_inputs/active_ascl/../../raw_logs/active_ascl/ascl_0.5_disp.txt

Data Record #2
===========================================================================
Step = 58
Time = 5.8
Data = sz
File = feb_inputs/active_ascl/../../raw_logs/active_ascl/ascl_0.5_stress.txt

Data Record #3
===========================================================================
Step = 58
Time = 5.8
Data = J
File = feb_inputs/active_ascl/../../raw_logs/active_ascl/ascl_0.5_vol.txt

===== beginning time step 59 : 5.9 =====


Reforming stiffness matrix: reformation #1

 1
 Nonlinear solution status: time= 5.9
	stiffness updates             = 0
	right hand side evaluations   = 2
	stiffness matrix reformations = 1
	step from line search         = 1.000000
	convergence norms :     INITIAL         CURRENT         REQUIRED
	   residual            1.541626e+00    3.402487e-12    0.000000e+00 
	   energy              8.442310e-03    6.507685e-09    8.442310e-05 
	   displacement        3.987418e-04    3.987418e-04    3.987418e-10 
 2
 Nonlinear solution status: time= 5.9
	stiffness updates             = 1
	right hand side evaluations   = 3
	stiffness matrix reformations = 1
	step from line search         = 1.000000
	convergence norms :     INITIAL         CURRENT         REQUIRED
	   residual            1.541626e+00    4.260691e-19    0.000000e+00 
	   energy              8.442310e-03    1.968819e-17    8.442310e-05 
	   displacement        3.987418e-04    1.500392e-14    3.987402e-10 

convergence summary
    number of iterations   : 2
    number of reformations : 1

------- converged at time : 5.9


Data Record #1
===========================================================================
Step = 59
Time = 5.9
Data = uz
File = feb_inputs/active_ascl/../../raw_logs/active_ascl/ascl_0.5_disp.txt

Data Record #2
===========================================================================
Step = 59
Time = 5.9
Data = sz
File = feb_inputs/active_ascl/../../raw_logs/active_ascl/ascl_0.5_stress.txt

Data Record #3
===========================================================================
Step = 59
Time = 5.9
Data = J
File = feb_inputs/active_ascl/../../raw_logs/active_ascl/ascl_0.5_vol.txt

===== beginning time step 60 : 6 =====


Reforming stiffness matrix: reformation #1

 1
 Nonlinear solution status: time= 6
	stiffness updates             = 0
	right hand side evaluations   = 2
	stiffness matrix reformations = 1
	step from line search         = 1.000000
	convergence norms :     INITIAL         CURRENT         REQUIRED
	   residual            1.409555e+00    2.826060e-12    0.000000e+00 
	   energy              7.885127e-03    7.516383e-09    7.885127e-05 
	   displacement        3.760888e-04    3.760888e-04    3.760888e-10 
 2
 Nonlinear solution status: time= 6
	stiffness updates             = 1
	right hand side evaluations   = 3
	stiffness matrix reformations = 1
	step from line search         = 1.000000
	convergence norms :     INITIAL         CURRENT         REQUIRED
	   residual            1.409555e+00    3.440641e-19    0.000000e+00 
	   energy              7.885127e-03    1.773206e-17    7.885127e-05 
	   displacement        3.760888e-04    1.585560e-14    3.760868e-10 

convergence summary
    number of iterations   : 2
    number of reformations : 1

------- converged at time : 6


Data Record #1
===========================================================================
Step = 60
Time = 6
Data = uz
File = feb_inputs/active_ascl/../../raw_logs/active_ascl/ascl_0.5_disp.txt

Data Record #2
===========================================================================
Step = 60
Time = 6
Data = sz
File = feb_inputs/active_ascl/../../raw_logs/active_ascl/ascl_0.5_stress.txt

Data Record #3
===========================================================================
Step = 60
Time = 6
Data = J
File = feb_inputs/active_ascl/../../raw_logs/active_ascl/ascl_0.5_vol.txt

===== beginning time step 61 : 6.1 =====


Reforming stiffness matrix: reformation #1

 1
 Nonlinear solution status: time= 6.1
	stiffness updates             = 0
	right hand side evaluations   = 2
	stiffness matrix reformations = 1
	step from line search         = 1.000000
	convergence norms :     INITIAL         CURRENT         REQUIRED
	   residual            1.282867e+00    2.999499e-12    0.000000e+00 
	   energy              7.381889e-03    8.271720e-09    7.381889e-05 
	   displacement        3.572316e-04    3.572316e-04    3.572316e-10 
 2
 Nonlinear solution status: time= 6.1
	stiffness updates             = 1
	right hand side evaluations   = 3
	stiffness matrix reformations = 1
	step from line search         = 1.000000
	convergence norms :     INITIAL         CURRENT         REQUIRED
	   residual            1.282867e+00    2.948775e-19    0.000000e+00 
	   energy              7.381889e-03    1.672354e-17    7.381889e-05 
	   displacement        3.572316e-04    1.712553e-14    3.572294e-10 

convergence summary
    number of iterations   : 2
    number of reformations : 1

------- converged at time : 6.1


Data Record #1
===========================================================================
Step = 61
Time = 6.1
Data = uz
File = feb_inputs/active_ascl/../../raw_logs/active_ascl/ascl_0.5_disp.txt

Data Record #2
===========================================================================
Step = 61
Time = 6.1
Data = sz
File = feb_inputs/active_ascl/../../raw_logs/active_ascl/ascl_0.5_stress.txt

Data Record #3
===========================================================================
Step = 61
Time = 6.1
Data = J
File = feb_inputs/active_ascl/../../raw_logs/active_ascl/ascl_0.5_vol.txt

===== beginning time step 62 : 6.2 =====


Reforming stiffness matrix: reformation #1

 1
 Nonlinear solution status: time= 6.2
	stiffness updates             = 0
	right hand side evaluations   = 2
	stiffness matrix reformations = 1
	step from line search         = 1.000000
	convergence norms :     INITIAL         CURRENT         REQUIRED
	   residual            1.157309e+00    2.943776e-12    0.000000e+00 
	   energy              6.920821e-03    8.586583e-09    6.920821e-05 
	   displacement        3.425324e-04    3.425324e-04    3.425324e-10 
 2
 Nonlinear solution status: time= 6.2
	stiffness updates             = 1
	right hand side evaluations   = 3
	stiffness matrix reformations = 1
	step from line search         = 1.000000
	convergence norms :     INITIAL         CURRENT         REQUIRED
	   residual            1.157309e+00    2.459392e-19    0.000000e+00 
	   energy              6.920821e-03    1.617923e-17    6.920821e-05 
	   displacement        3.425324e-04    1.789284e-14    3.425300e-10 

convergence summary
    number of iterations   : 2
    number of reformations : 1

------- converged at time : 6.2


Data Record #1
===========================================================================
Step = 62
Time = 6.2
Data = uz
File = feb_inputs/active_ascl/../../raw_logs/active_ascl/ascl_0.5_disp.txt

Data Record #2
===========================================================================
Step = 62
Time = 6.2
Data = sz
File = feb_inputs/active_ascl/../../raw_logs/active_ascl/ascl_0.5_stress.txt

Data Record #3
===========================================================================
Step = 62
Time = 6.2
Data = J
File = feb_inputs/active_ascl/../../raw_logs/active_ascl/ascl_0.5_vol.txt

===== beginning time step 63 : 6.3 =====


Reforming stiffness matrix: reformation #1

 1
 Nonlinear solution status: time= 6.3
	stiffness updates             = 0
	right hand side evaluations   = 2
	stiffness matrix reformations = 1
	step from line search         = 1.000000
	convergence norms :     INITIAL         CURRENT         REQUIRED
	   residual            1.037296e+00    4.800348e-12    0.000000e+00 
	   energy              6.479525e-03    8.833794e-09    6.479525e-05 
	   displacement        3.287797e-04    3.287797e-04    3.287797e-10 
 2
 Nonlinear solution status: time= 6.3
	stiffness updates             = 1
	right hand side evaluations   = 3
	stiffness matrix reformations = 1
	step from line search         = 1.000000
	convergence norms :     INITIAL         CURRENT         REQUIRED
	   residual            1.037296e+00    3.385337e-19    0.000000e+00 
	   energy              6.479525e-03    1.736068e-17    6.479525e-05 
	   displacement        3.287797e-04    1.826053e-14    3.287773e-10 

convergence summary
    number of iterations   : 2
    number of reformations : 1

------- converged at time : 6.3


Data Record #1
===========================================================================
Step = 63
Time = 6.3
Data = uz
File = feb_inputs/active_ascl/../../raw_logs/active_ascl/ascl_0.5_disp.txt

Data Record #2
===========================================================================
Step = 63
Time = 6.3
Data = sz
File = feb_inputs/active_ascl/../../raw_logs/active_ascl/ascl_0.5_stress.txt

Data Record #3
===========================================================================
Step = 63
Time = 6.3
Data = J
File = feb_inputs/active_ascl/../../raw_logs/active_ascl/ascl_0.5_vol.txt

===== beginning time step 64 : 6.4 =====


Reforming stiffness matrix: reformation #1

 1
 Nonlinear solution status: time= 6.4
	stiffness updates             = 0
	right hand side evaluations   = 2
	stiffness matrix reformations = 1
	step from line search         = 1.000000
	convergence norms :     INITIAL         CURRENT         REQUIRED
	   residual            9.287926e-01    6.520050e-12    0.000000e+00 
	   energy              6.028392e-03    9.232812e-09    6.028392e-05 
	   displacement        3.124845e-04    3.124845e-04    3.124845e-10 
 2
 Nonlinear solution status: time= 6.4
	stiffness updates             = 1
	right hand side evaluations   = 3
	stiffness matrix reformations = 1
	step from line search         = 1.000000
	convergence norms :     INITIAL         CURRENT         REQUIRED
	   residual            9.287926e-01    4.433640e-19    0.000000e+00 
	   energy              6.028392e-03    1.797530e-17    6.028392e-05 
	   displacement        3.124845e-04    1.873557e-14    3.124821e-10 

convergence summary
    number of iterations   : 2
    number of reformations : 1

------- converged at time : 6.4


Data Record #1
===========================================================================
Step = 64
Time = 6.4
Data = uz
File = feb_inputs/active_ascl/../../raw_logs/active_ascl/ascl_0.5_disp.txt

Data Record #2
===========================================================================
Step = 64
Time = 6.4
Data = sz
File = feb_inputs/active_ascl/../../raw_logs/active_ascl/ascl_0.5_stress.txt

Data Record #3
===========================================================================
Step = 64
Time = 6.4
Data = J
File = feb_inputs/active_ascl/../../raw_logs/active_ascl/ascl_0.5_vol.txt

===== beginning time step 65 : 6.5 =====


Reforming stiffness matrix: reformation #1

 1
 Nonlinear solution status: time= 6.5
	stiffness updates             = 0
	right hand side evaluations   = 2
	stiffness matrix reformations = 1
	step from line search         = 1.000000
	convergence norms :     INITIAL         CURRENT         REQUIRED
	   residual            8.305293e-01    7.530762e-12    0.000000e+00 
	   energy              5.541247e-03    9.561583e-09    5.541247e-05 
	   displacement        2.919053e-04    2.919053e-04    2.919053e-10 
 2
 Nonlinear solution status: time= 6.5
	stiffness updates             = 1
	right hand side evaluations   = 3
	stiffness matrix reformations = 1
	step from line search         = 1.000000
	convergence norms :     INITIAL         CURRENT         REQUIRED
	   residual            8.305293e-01    5.150017e-19    0.000000e+00 
	   energy              5.541247e-03    1.869148e-17    5.541247e-05 
	   displacement        2.919053e-04    1.992458e-14    2.919029e-10 

convergence summary
    number of iterations   : 2
    number of reformations : 1

------- converged at time : 6.5


Data Record #1
===========================================================================
Step = 65
Time = 6.5
Data = uz
File = feb_inputs/active_ascl/../../raw_logs/active_ascl/ascl_0.5_disp.txt

Data Record #2
===========================================================================
Step = 65
Time = 6.5
Data = sz
File = feb_inputs/active_ascl/../../raw_logs/active_ascl/ascl_0.5_stress.txt

Data Record #3
===========================================================================
Step = 65
Time = 6.5
Data = J
File = feb_inputs/active_ascl/../../raw_logs/active_ascl/ascl_0.5_vol.txt

===== beginning time step 66 : 6.6 =====


Reforming stiffness matrix: reformation #1

 1
 Nonlinear solution status: time= 6.6
	stiffness updates             = 0
	right hand side evaluations   = 2
	stiffness matrix reformations = 1
	step from line search         = 1.000000
	convergence norms :     INITIAL         CURRENT         REQUIRED
	   residual            7.361272e-01    8.553317e-12    0.000000e+00 
	   energy              5.005367e-03    9.384459e-09    5.005367e-05 
	   displacement        2.666995e-04    2.666995e-04    2.666995e-10 
 2
 Nonlinear solution status: time= 6.6
	stiffness updates             = 1
	right hand side evaluations   = 3
	stiffness matrix reformations = 1
	step from line search         = 1.000000
	convergence norms :     INITIAL         CURRENT         REQUIRED
	   residual            7.361272e-01    4.953070e-19    0.000000e+00 
	   energy              5.005367e-03    1.921628e-17    5.005367e-05 
	   displacement        2.666995e-04    2.017947e-14    2.666972e-10 

convergence summary
    number of iterations   : 2
    number of reformations : 1

------- converged at time : 6.6


Data Record #1
===========================================================================
Step = 66
Time = 6.6
Data = uz
File = feb_inputs/active_ascl/../../raw_logs/active_ascl/ascl_0.5_disp.txt

Data Record #2
===========================================================================
Step = 66
Time = 6.6
Data = sz
File = feb_inputs/active_ascl/../../raw_logs/active_ascl/ascl_0.5_stress.txt

Data Record #3
===========================================================================
Step = 66
Time = 6.6
Data = J
File = feb_inputs/active_ascl/../../raw_logs/active_ascl/ascl_0.5_vol.txt

===== beginning time step 67 : 6.7 =====


Reforming stiffness matrix: reformation #1

 1
 Nonlinear solution status: time= 6.7
	stiffness updates             = 0
	right hand side evaluations   = 2
	stiffness matrix reformations = 1
	step from line search         = 1.000000
	convergence norms :     INITIAL         CURRENT         REQUIRED
	   residual            6.428420e-01    7.683842e-12    0.000000e+00 
	   energy              4.425093e-03    8.447612e-09    4.425093e-05 
	   displacement        2.377207e-04    2.377207e-04    2.377207e-10 
 2
 Nonlinear solution status: time= 6.7
	stiffness updates             = 1
	right hand side evaluations   = 3
	stiffness matrix reformations = 1
	step from line search         = 1.000000
	convergence norms :     INITIAL         CURRENT         REQUIRED
	   residual            6.428420e-01    5.150431e-19    0.000000e+00 
	   energy              4.425093e-03    1.687715e-17    4.425093e-05 
	   displacement        2.377207e-04    1.691459e-14    2.377187e-10 

convergence summary
    number of iterations   : 2
    number of reformations : 1

------- converged at time : 6.7


Data Record #1
===========================================================================
Step = 67
Time = 6.7
Data = uz
File = feb_inputs/active_ascl/../../raw_logs/active_ascl/ascl_0.5_disp.txt

Data Record #2
===========================================================================
Step = 67
Time = 6.7
Data = sz
File = feb_inputs/active_ascl/../../raw_logs/active_ascl/ascl_0.5_stress.txt

Data Record #3
===========================================================================
Step = 67
Time = 6.7
Data = J
File = feb_inputs/active_ascl/../../raw_logs/active_ascl/ascl_0.5_vol.txt

===== beginning time step 68 : 6.8 =====


Reforming stiffness matrix: reformation #1

 1
 Nonlinear solution status: time= 6.8
	stiffness updates             = 0
	right hand side evaluations   = 2
	stiffness matrix reformations = 1
	step from line search         = 1.000000
	convergence norms :     INITIAL         CURRENT         REQUIRED
	   residual            5.522453e-01    6.852929e-12    0.000000e+00 
	   energy              3.818683e-03    7.144545e-09    3.818683e-05 
	   displacement        2.058951e-04    2.058951e-04    2.058951e-10 
 2
 Nonlinear solution status: time= 6.8
	stiffness updates             = 1
	right hand side evaluations   = 3
	stiffness matrix reformations = 1
	step from line search         = 1.000000
	convergence norms :     INITIAL         CURRENT         REQUIRED
	   residual            5.522453e-01    5.279399e-19    0.000000e+00 
	   energy              3.818683e-03    1.650901e-17    3.818683e-05 
	   displacement        2.058951e-04    1.451823e-14    2.058934e-10 

convergence summary
    number of iterations   : 2
    number of reformations : 1

------- converged at time : 6.8


Data Record #1
===========================================================================
Step = 68
Time = 6.8
Data = uz
File = feb_inputs/active_ascl/../../raw_logs/active_ascl/ascl_0.5_disp.txt

Data Record #2
===========================================================================
Step = 68
Time = 6.8
Data = sz
File = feb_inputs/active_ascl/../../raw_logs/active_ascl/ascl_0.5_stress.txt

Data Record #3
===========================================================================
Step = 68
Time = 6.8
Data = J
File = feb_inputs/active_ascl/../../raw_logs/active_ascl/ascl_0.5_vol.txt

===== beginning time step 69 : 6.9 =====


Reforming stiffness matrix: reformation #1

 1
 Nonlinear solution status: time= 6.9
	stiffness updates             = 0
	right hand side evaluations   = 2
	stiffness matrix reformations = 1
	step from line search         = 1.000000
	convergence norms :     INITIAL         CURRENT         REQUIRED
	   residual            4.660158e-01    6.126151e-12    0.000000e+00 
	   energy              3.211504e-03    6.021390e-09    3.211504e-05 
	   displacement        1.726788e-04    1.726788e-04    1.726788e-10 
 2
 Nonlinear solution status: time= 6.9
	stiffness updates             = 1
	right hand side evaluations   = 3
	stiffness matrix reformations = 1
	step from line search         = 1.000000
	convergence norms :     INITIAL         CURRENT         REQUIRED
	   residual            4.660158e-01    5.029020e-19    0.000000e+00 
	   energy              3.211504e-03    1.720572e-17    3.211504e-05 
	   displacement        1.726788e-04    1.378708e-14    1.726772e-10 

convergence summary
    number of iterations   : 2
    number of reformations : 1

------- converged at time : 6.9


Data Record #1
===========================================================================
Step = 69
Time = 6.9
Data = uz
File = feb_inputs/active_ascl/../../raw_logs/active_ascl/ascl_0.5_disp.txt

Data Record #2
===========================================================================
Step = 69
Time = 6.9
Data = sz
File = feb_inputs/active_ascl/../../raw_logs/active_ascl/ascl_0.5_stress.txt

Data Record #3
===========================================================================
Step = 69
Time = 6.9
Data = J
File = feb_inputs/active_ascl/../../raw_logs/active_ascl/ascl_0.5_vol.txt

===== beginning time step 70 : 7 =====


Reforming stiffness matrix: reformation #1

 1
 Nonlinear solution status: time= 7
	stiffness updates             = 0
	right hand side evaluations   = 2
	stiffness matrix reformations = 1
	step from line search         = 1.000000
	convergence norms :     INITIAL         CURRENT         REQUIRED
	   residual            3.863538e-01    6.598884e-12    0.000000e+00 
	   energy              2.631921e-03    5.292066e-09    2.631921e-05 
	   displacement        1.407352e-04    1.407352e-04    1.407352e-10 
 2
 Nonlinear solution status: time= 7
	stiffness updates             = 1
	right hand side evaluations   = 3
	stiffness matrix reformations = 1
	step from line search         = 1.000000
	convergence norms :     INITIAL         CURRENT         REQUIRED
	   residual            3.863538e-01    5.486975e-19    0.000000e+00 
	   energy              2.631921e-03    1.817658e-17    2.631921e-05 
	   displacement        1.407352e-04    1.347820e-14    1.407337e-10 

convergence summary
    number of iterations   : 2
    number of reformations : 1

------- converged at time : 7


Data Record #1
===========================================================================
Step = 70
Time = 7
Data = uz
File = feb_inputs/active_ascl/../../raw_logs/active_ascl/ascl_0.5_disp.txt

Data Record #2
===========================================================================
Step = 70
Time = 7
Data = sz
File = feb_inputs/active_ascl/../../raw_logs/active_ascl/ascl_0.5_stress.txt

Data Record #3
===========================================================================
Step = 70
Time = 7
Data = J
File = feb_inputs/active_ascl/../../raw_logs/active_ascl/ascl_0.5_vol.txt

===== beginning time step 71 : 7.1 =====


Reforming stiffness matrix: reformation #1

 1
 Nonlinear solution status: time= 7.1
	stiffness updates             = 0
	right hand side evaluations   = 2
	stiffness matrix reformations = 1
	step from line search         = 1.000000
	convergence norms :     INITIAL         CURRENT         REQUIRED
	   residual            3.142583e-01    6.901058e-12    0.000000e+00 
	   energy              2.106004e-03    4.865862e-09    2.106004e-05 
	   displacement        1.123166e-04    1.123166e-04    1.123166e-10 
 2
 Nonlinear solution status: time= 7.1
	stiffness updates             = 1
	right hand side evaluations   = 3
	stiffness matrix reformations = 1
	step from line search         = 1.000000
	convergence norms :     INITIAL         CURRENT         REQUIRED
	   residual            3.142583e-01    5.218973e-19    0.000000e+00 
	   energy              2.106004e-03    1.876050e-17    2.106004e-05 
	   displacement        1.123166e-04    1.381965e-14    1.123152e-10 

convergence summary
    number of iterations   : 2
    number of reformations : 1

------- converged at time : 7.1


Data Record #1
===========================================================================
Step = 71
Time = 7.1
Data = uz
File = feb_inputs/active_ascl/../../raw_logs/active_ascl/ascl_0.5_disp.txt

Data Record #2
===========================================================================
Step = 71
Time = 7.1
Data = sz
File = feb_inputs/active_ascl/../../raw_logs/active_ascl/ascl_0.5_stress.txt

Data Record #3
===========================================================================
Step = 71
Time = 7.1
Data = J
File = feb_inputs/active_ascl/../../raw_logs/active_ascl/ascl_0.5_vol.txt

===== beginning time step 72 : 7.2 =====


Reforming stiffness matrix: reformation #1

 1
 Nonlinear solution status: time= 7.2
	stiffness updates             = 0
	right hand side evaluations   = 2
	stiffness matrix reformations = 1
	step from line search         = 1.000000
	convergence norms :     INITIAL         CURRENT         REQUIRED
	   residual            2.496891e-01    6.915913e-12    0.000000e+00 
	   energy              1.652895e-03    4.397367e-09    1.652895e-05 
	   displacement        8.851695e-05    8.851695e-05    8.851695e-11 
 2
 Nonlinear solution status: time= 7.2
	stiffness updates             = 1
	right hand side evaluations   = 3
	stiffness matrix reformations = 1
	step from line search         = 1.000000
	convergence norms :     INITIAL         CURRENT         REQUIRED
	   residual            2.496891e-01    5.882184e-19    0.000000e+00 
	   energy              1.652895e-03    1.951065e-17    1.652895e-05 
	   displacement        8.851695e-05    1.408056e-14    8.851572e-11 

convergence summary
    number of iterations   : 2
    number of reformations : 1

------- converged at time : 7.2


Data Record #1
===========================================================================
Step = 72
Time = 7.2
Data = uz
File = feb_inputs/active_ascl/../../raw_logs/active_ascl/ascl_0.5_disp.txt

Data Record #2
===========================================================================
Step = 72
Time = 7.2
Data = sz
File = feb_inputs/active_ascl/../../raw_logs/active_ascl/ascl_0.5_stress.txt

Data Record #3
===========================================================================
Step = 72
Time = 7.2
Data = J
File = feb_inputs/active_ascl/../../raw_logs/active_ascl/ascl_0.5_vol.txt

===== beginning time step 73 : 7.3 =====


Reforming stiffness matrix: reformation #1

 1
 Nonlinear solution status: time= 7.3
	stiffness updates             = 0
	right hand side evaluations   = 2
	stiffness matrix reformations = 1
	step from line search         = 1.000000
	convergence norms :     INITIAL         CURRENT         REQUIRED
	   residual            1.932584e-01    5.683394e-12    0.000000e+00 
	   energy              1.276723e-03    3.700887e-09    1.276723e-05 
	   displacement        6.905597e-05    6.905597e-05    6.905597e-11 
 2
 Nonlinear solution status: time= 7.3
	stiffness updates             = 1
	right hand side evaluations   = 3
	stiffness matrix reformations = 1
	step from line search         = 1.000000
	convergence norms :     INITIAL         CURRENT         REQUIRED
	   residual            1.932584e-01    5.525062e-19    0.000000e+00 
	   energy              1.276723e-03    1.939512e-17    1.276723e-05 
	   displacement        6.905597e-05    1.356927e-14    6.905487e-11 

convergence summary
    number of iterations   : 2
    number of reformations : 1

------- converged at time : 7.3


Data Record #1
===========================================================================
Step = 73
Time = 7.3
Data = uz
File = feb_inputs/active_ascl/../../raw_logs/active_ascl/ascl_0.5_disp.txt

Data Record #2
===========================================================================
Step = 73
Time = 7.3
Data = sz
File = feb_inputs/active_ascl/../../raw_logs/active_ascl/ascl_0.5_stress.txt

Data Record #3
===========================================================================
Step = 73
Time = 7.3
Data = J
File = feb_inputs/active_ascl/../../raw_logs/active_ascl/ascl_0.5_vol.txt

===== beginning time step 74 : 7.4 =====


Reforming stiffness matrix: reformation #1

 1
 Nonlinear solution status: time= 7.4
	stiffness updates             = 0
	right hand side evaluations   = 2
	stiffness matrix reformations = 1
	step from line search         = 1.000000
	convergence norms :     INITIAL         CURRENT         REQUIRED
	   residual            1.460953e-01    4.981436e-12    0.000000e+00 
	   energy              9.721876e-04    2.981094e-09    9.721876e-06 
	   displacement        5.308860e-05    5.308860e-05    5.308860e-11 
 2
 Nonlinear solution status: time= 7.4
	stiffness updates             = 1
	right hand side evaluations   = 3
	stiffness matrix reformations = 1
	step from line search         = 1.000000
	convergence norms :     INITIAL         CURRENT         REQUIRED
	   residual            1.460953e-01    5.493592e-19    0.000000e+00 
	   energy              9.721876e-04    1.945325e-17    9.721876e-06 
	   displacement        5.308860e-05    1.300372e-14    5.308764e-11 

convergence summary
    number of iterations   : 2
    number of reformations : 1

------- converged at time : 7.4


Data Record #1
===========================================================================
Step = 74
Time = 7.4
Data = uz
File = feb_inputs/active_ascl/../../raw_logs/active_ascl/ascl_0.5_disp.txt

Data Record #2
===========================================================================
Step = 74
Time = 7.4
Data = sz
File = feb_inputs/active_ascl/../../raw_logs/active_ascl/ascl_0.5_stress.txt

Data Record #3
===========================================================================
Step = 74
Time = 7.4
Data = J
File = feb_inputs/active_ascl/../../raw_logs/active_ascl/ascl_0.5_vol.txt

===== beginning time step 75 : 7.5 =====


Reforming stiffness matrix: reformation #1

 1
 Nonlinear solution status: time= 7.5
	stiffness updates             = 0
	right hand side evaluations   = 2
	stiffness matrix reformations = 1
	step from line search         = 1.000000
	convergence norms :     INITIAL         CURRENT         REQUIRED
	   residual            1.095779e-01    4.096188e-12    0.000000e+00 
	   energy              7.345498e-04    2.364020e-09    7.345498e-06 
	   displacement        4.060354e-05    4.060354e-05    4.060354e-11 
 2
 Nonlinear solution status: time= 7.5
	stiffness updates             = 1
	right hand side evaluations   = 3
	stiffness matrix reformations = 1
	step from line search         = 1.000000
	convergence norms :     INITIAL         CURRENT         REQUIRED
	   residual            1.095779e-01    5.266083e-19    0.000000e+00 
	   energy              7.345498e-04    1.765567e-17    7.345498e-06 
	   displacement        4.060354e-05    1.138391e-14    4.060278e-11 

convergence summary
    number of iterations   : 2
    number of reformations : 1

------- converged at time : 7.5


Data Record #1
===========================================================================
Step = 75
Time = 7.5
Data = uz
File = feb_inputs/active_ascl/../../raw_logs/active_ascl/ascl_0.5_disp.txt

Data Record #2
===========================================================================
Step = 75
Time = 7.5
Data = sz
File = feb_inputs/active_ascl/../../raw_logs/active_ascl/ascl_0.5_stress.txt

Data Record #3
===========================================================================
Step = 75
Time = 7.5
Data = J
File = feb_inputs/active_ascl/../../raw_logs/active_ascl/ascl_0.5_vol.txt

===== beginning time step 76 : 7.6 =====


Reforming stiffness matrix: reformation #1

 1
 Nonlinear solution status: time= 7.6
	stiffness updates             = 0
	right hand side evaluations   = 2
	stiffness matrix reformations = 1
	step from line search         = 1.000000
	convergence norms :     INITIAL         CURRENT         REQUIRED
	   residual            8.343179e-02    3.437472e-12    0.000000e+00 
	   energy              5.603428e-04    1.861297e-09    5.603428e-06 
	   displacement        3.176190e-05    3.176190e-05    3.176190e-11 
 2
 Nonlinear solution status: time= 7.6
	stiffness updates             = 1
	right hand side evaluations   = 3
	stiffness matrix reformations = 1
	step from line search         = 1.000000
	convergence norms :     INITIAL         CURRENT         REQUIRED
	   residual            8.343179e-02    4.711984e-19    0.000000e+00 
	   energy              5.603428e-04    1.684908e-17    5.603428e-06 
	   displacement        3.176190e-05    9.684789e-15    3.176136e-11 

convergence summary
    number of iterations   : 2
    number of reformations : 1

------- converged at time : 7.6


Data Record #1
===========================================================================
Step = 76
Time = 7.6
Data = uz
File = feb_inputs/active_ascl/../../raw_logs/active_ascl/ascl_0.5_disp.txt

Data Record #2
===========================================================================
Step = 76
Time = 7.6
Data = sz
File = feb_inputs/active_ascl/../../raw_logs/active_ascl/ascl_0.5_stress.txt

Data Record #3
===========================================================================
Step = 76
Time = 7.6
Data = J
File = feb_inputs/active_ascl/../../raw_logs/active_ascl/ascl_0.5_vol.txt

===== beginning time step 77 : 7.7 =====


Reforming stiffness matrix: reformation #1

 1
 Nonlinear solution status: time= 7.7
	stiffness updates             = 0
	right hand side evaluations   = 2
	stiffness matrix reformations = 1
	step from line search         = 1.000000
	convergence norms :     INITIAL         CURRENT         REQUIRED
	   residual            6.560507e-02    3.561879e-12    0.000000e+00 
	   energy              4.459012e-04    1.573103e-09    4.459012e-06 
	   displacement        2.599197e-05    2.599197e-05    2.599197e-11 
 2
 Nonlinear solution status: time= 7.7
	stiffness updates             = 1
	right hand side evaluations   = 3
	stiffness matrix reformations = 1
	step from line search         = 1.000000
	convergence norms :     INITIAL         CURRENT         REQUIRED
	   residual            6.560507e-02    4.849700e-19    0.000000e+00 
	   energy              4.459012e-04    1.681260e-17    4.459012e-06 
	   displacement        2.599197e-05    9.039021e-15    2.599156e-11 

convergence summary
    number of iterations   : 2
    number of reformations : 1

------- converged at time : 7.7


Data Record #1
===========================================================================
Step = 77
Time = 7.7
Data = uz
File = feb_inputs/active_ascl/../../raw_logs/active_ascl/ascl_0.5_disp.txt

Data Record #2
===========================================================================
Step = 77
Time = 7.7
Data = sz
File = feb_inputs/active_ascl/../../raw_logs/active_ascl/ascl_0.5_stress.txt

Data Record #3
===========================================================================
Step = 77
Time = 7.7
Data = J
File = feb_inputs/active_ascl/../../raw_logs/active_ascl/ascl_0.5_vol.txt

===== beginning time step 78 : 7.8 =====


Reforming stiffness matrix: reformation #1

 1
 Nonlinear solution status: time= 7.8
	stiffness updates             = 0
	right hand side evaluations   = 2
	stiffness matrix reformations = 1
	step from line search         = 1.000000
	convergence norms :     INITIAL         CURRENT         REQUIRED
	   residual            5.444519e-02    3.372352e-12    0.000000e+00 
	   energy              3.839396e-04    1.422973e-09    3.839396e-06 
	   displacement        2.279725e-05    2.279725e-05    2.279725e-11 
 2
 Nonlinear solution status: time= 7.8
	stiffness updates             = 1
	right hand side evaluations   = 3
	stiffness matrix reformations = 1
	step from line search         = 1.000000
	convergence norms :     INITIAL         CURRENT         REQUIRED
	   residual            5.444519e-02    5.066428e-19    0.000000e+00 
	   energy              3.839396e-04    1.598315e-17    3.839396e-06 
	   displacement        2.279725e-05    8.490303e-15    2.279687e-11 

convergence summary
    number of iterations   : 2
    number of reformations : 1

------- converged at time : 7.8


Data Record #1
===========================================================================
Step = 78
Time = 7.8
Data = uz
File = feb_inputs/active_ascl/../../raw_logs/active_ascl/ascl_0.5_disp.txt

Data Record #2
===========================================================================
Step = 78
Time = 7.8
Data = sz
File = feb_inputs/active_ascl/../../raw_logs/active_ascl/ascl_0.5_stress.txt

Data Record #3
===========================================================================
Step = 78
Time = 7.8
Data = J
File = feb_inputs/active_ascl/../../raw_logs/active_ascl/ascl_0.5_vol.txt

===== beginning time step 79 : 7.9 =====


Reforming stiffness matrix: reformation #1

 1
 Nonlinear solution status: time= 7.9
	stiffness updates             = 0
	right hand side evaluations   = 2
	stiffness matrix reformations = 1
	step from line search         = 1.000000
	convergence norms :     INITIAL         CURRENT         REQUIRED
	   residual            4.849480e-02    3.395887e-12    0.000000e+00 
	   energy              3.631489e-04    1.315302e-09    3.631489e-06 
	   displacement        2.195748e-05    2.195748e-05    2.195748e-11 
 2
 Nonlinear solution status: time= 7.9
	stiffness updates             = 1
	right hand side evaluations   = 3
	stiffness matrix reformations = 1
	step from line search         = 1.000000
	convergence norms :     INITIAL         CURRENT         REQUIRED
	   residual            4.849480e-02    6.327269e-19    0.000000e+00 
	   energy              3.631489e-04    1.869558e-17    3.631489e-06 
	   displacement        2.195748e-05    8.324534e-15    2.195710e-11 

convergence summary
    number of iterations   : 2
    number of reformations : 1

------- converged at time : 7.9


Data Record #1
===========================================================================
Step = 79
Time = 7.9
Data = uz
File = feb_inputs/active_ascl/../../raw_logs/active_ascl/ascl_0.5_disp.txt

Data Record #2
===========================================================================
Step = 79
Time = 7.9
Data = sz
File = feb_inputs/active_ascl/../../raw_logs/active_ascl/ascl_0.5_stress.txt

Data Record #3
===========================================================================
Step = 79
Time = 7.9
Data = J
File = feb_inputs/active_ascl/../../raw_logs/active_ascl/ascl_0.5_vol.txt

===== beginning time step 80 : 8 =====


Reforming stiffness matrix: reformation #1

 1
 Nonlinear solution status: time= 8
	stiffness updates             = 0
	right hand side evaluations   = 2
	stiffness matrix reformations = 1
	step from line search         = 1.000000
	convergence norms :     INITIAL         CURRENT         REQUIRED
	   residual            4.558127e-02    3.810279e-12    0.000000e+00 
	   energy              3.699853e-04    1.243969e-09    3.699853e-06 
	   displacement        2.296297e-05    2.296297e-05    2.296297e-11 
 2
 Nonlinear solution status: time= 8
	stiffness updates             = 1
	right hand side evaluations   = 3
	stiffness matrix reformations = 1
	step from line search         = 1.000000
	convergence norms :     INITIAL         CURRENT         REQUIRED
	   residual            4.558127e-02    7.552436e-19    0.000000e+00 
	   energy              3.699853e-04    2.107855e-17    3.699853e-06 
	   displacement        2.296297e-05    8.151787e-15    2.296258e-11 

convergence summary
    number of iterations   : 2
    number of reformations : 1

------- converged at time : 8


Data Record #1
===========================================================================
Step = 80
Time = 8
Data = uz
File = feb_inputs/active_ascl/../../raw_logs/active_ascl/ascl_0.5_disp.txt

Data Record #2
===========================================================================
Step = 80
Time = 8
Data = sz
File = feb_inputs/active_ascl/../../raw_logs/active_ascl/ascl_0.5_stress.txt

Data Record #3
===========================================================================
Step = 80
Time = 8
Data = J
File = feb_inputs/active_ascl/../../raw_logs/active_ascl/ascl_0.5_vol.txt

===== beginning time step 81 : 8.1 =====


Reforming stiffness matrix: reformation #1

 1
 Nonlinear solution status: time= 8.1
	stiffness updates             = 0
	right hand side evaluations   = 2
	stiffness matrix reformations = 1
	step from line search         = 1.000000
	convergence norms :     INITIAL         CURRENT         REQUIRED
	   residual            4.475408e-02    5.067743e-12    0.000000e+00 
	   energy              3.943938e-04    1.383189e-09    3.943938e-06 
	   displacement        2.519865e-05    2.519865e-05    2.519865e-11 
 2
 Nonlinear solution status: time= 8.1
	stiffness updates             = 1
	right hand side evaluations   = 3
	stiffness matrix reformations = 1
	step from line search         = 1.000000
	convergence norms :     INITIAL         CURRENT         REQUIRED
	   residual            4.475408e-02    8.445725e-19    0.000000e+00 
	   energy              3.943938e-04    2.176245e-17    3.943938e-06 
	   displacement        2.519865e-05    8.505656e-15    2.519822e-11 

convergence summary
    number of iterations   : 2
    number of reformations : 1

------- converged at time : 8.1


Data Record #1
===========================================================================
Step = 81
Time = 8.1
Data = uz
File = feb_inputs/active_ascl/../../raw_logs/active_ascl/ascl_0.5_disp.txt

Data Record #2
===========================================================================
Step = 81
Time = 8.1
Data = sz
File = feb_inputs/active_ascl/../../raw_logs/active_ascl/ascl_0.5_stress.txt

Data Record #3
===========================================================================
Step = 81
Time = 8.1
Data = J
File = feb_inputs/active_ascl/../../raw_logs/active_ascl/ascl_0.5_vol.txt

===== beginning time step 82 : 8.2 =====


Reforming stiffness matrix: reformation #1

 1
 Nonlinear solution status: time= 8.2
	stiffness updates             = 0
	right hand side evaluations   = 2
	stiffness matrix reformations = 1
	step from line search         = 1.000000
	convergence norms :     INITIAL         CURRENT         REQUIRED
	   residual            4.704242e-02    6.495088e-12    0.000000e+00 
	   energy              4.341244e-04    1.927584e-09    4.341244e-06 
	   displacement        2.804296e-05    2.804296e-05    2.804296e-11 
 2
 Nonlinear solution status: time= 8.2
	stiffness updates             = 1
	right hand side evaluations   = 3
	stiffness matrix reformations = 1
	step from line search         = 1.000000
	convergence norms :     INITIAL         CURRENT         REQUIRED
	   residual            4.704242e-02    1.018167e-18    0.000000e+00 
	   energy              4.341244e-04    2.462148e-17    4.341244e-06 
	   displacement        2.804296e-05    1.016522e-14    2.804237e-11 

convergence summary
    number of iterations   : 2
    number of reformations : 1

------- converged at time : 8.2


Data Record #1
===========================================================================
Step = 82
Time = 8.2
Data = uz
File = feb_inputs/active_ascl/../../raw_logs/active_ascl/ascl_0.5_disp.txt

Data Record #2
===========================================================================
Step = 82
Time = 8.2
Data = sz
File = feb_inputs/active_ascl/../../raw_logs/active_ascl/ascl_0.5_stress.txt

Data Record #3
===========================================================================
Step = 82
Time = 8.2
Data = J
File = feb_inputs/active_ascl/../../raw_logs/active_ascl/ascl_0.5_vol.txt

===== beginning time step 83 : 8.3 =====


Reforming stiffness matrix: reformation #1

 1
 Nonlinear solution status: time= 8.3
	stiffness updates             = 0
	right hand side evaluations   = 2
	stiffness matrix reformations = 1
	step from line search         = 1.000000
	convergence norms :     INITIAL         CURRENT         REQUIRED
	   residual            5.395979e-02    8.510340e-12    0.000000e+00 
	   energy              4.935758e-04    2.767096e-09    4.935758e-06 
	   displacement        3.152303e-05    3.152303e-05    3.152303e-11 
 2
 Nonlinear solution status: time= 8.3
	stiffness updates             = 1
	right hand side evaluations   = 3
	stiffness matrix reformations = 1
	step from line search         = 1.000000
	convergence norms :     INITIAL         CURRENT         REQUIRED
	   residual            5.395979e-02    1.280167e-18    0.000000e+00 
	   energy              4.935758e-04    2.840090e-17    4.935758e-06 
	   displacement        3.152303e-05    1.271480e-14    3.152223e-11 

convergence summary
    number of iterations   : 2
    number of reformations : 1

------- converged at time : 8.3


Data Record #1
===========================================================================
Step = 83
Time = 8.3
Data = uz
File = feb_inputs/active_ascl/../../raw_logs/active_ascl/ascl_0.5_disp.txt

Data Record #2
===========================================================================
Step = 83
Time = 8.3
Data = sz
File = feb_inputs/active_ascl/../../raw_logs/active_ascl/ascl_0.5_stress.txt

Data Record #3
===========================================================================
Step = 83
Time = 8.3
Data = J
File = feb_inputs/active_ascl/../../raw_logs/active_ascl/ascl_0.5_vol.txt

===== beginning time step 84 : 8.4 =====


Reforming stiffness matrix: reformation #1

 1
 Nonlinear solution status: time= 8.4
	stiffness updates             = 0
	right hand side evaluations   = 2
	stiffness matrix reformations = 1
	step from line search         = 1.000000
	convergence norms :     INITIAL         CURRENT         REQUIRED
	   residual            6.605870e-02    1.156689e-11    0.000000e+00 
	   energy              5.751516e-04    3.734884e-09    5.751516e-06 
	   displacement        3.618853e-05    3.618853e-05    3.618853e-11 
 2
 Nonlinear solution status: time= 8.4
	stiffness updates             = 1
	right hand side evaluations   = 3
	stiffness matrix reformations = 1
	step from line search         = 1.000000
	convergence norms :     INITIAL         CURRENT         REQUIRED
	   residual            6.605870e-02    1.400550e-18    0.000000e+00 
	   energy              5.751516e-04    2.855810e-17    5.751516e-06 
	   displacement        3.618853e-05    1.420026e-14    3.618757e-11 

convergence summary
    number of iterations   : 2
    number of reformations : 1

------- converged at time : 8.4


Data Record #1
===========================================================================
Step = 84
Time = 8.4
Data = uz
File = feb_inputs/active_ascl/../../raw_logs/active_ascl/ascl_0.5_disp.txt

Data Record #2
===========================================================================
Step = 84
Time = 8.4
Data = sz
File = feb_inputs/active_ascl/../../raw_logs/active_ascl/ascl_0.5_stress.txt

Data Record #3
===========================================================================
Step = 84
Time = 8.4
Data = J
File = feb_inputs/active_ascl/../../raw_logs/active_ascl/ascl_0.5_vol.txt

===== beginning time step 85 : 8.5 =====


Reforming stiffness matrix: reformation #1

 1
 Nonlinear solution status: time= 8.5
	stiffness updates             = 0
	right hand side evaluations   = 2
	stiffness matrix reformations = 1
	step from line search         = 1.000000
	convergence norms :     INITIAL         CURRENT         REQUIRED
	   residual            8.338669e-02    1.459967e-11    0.000000e+00 
	   energy              6.776150e-04    4.687241e-09    6.776150e-06 
	   displacement        4.211663e-05    4.211663e-05    4.211663e-11 
 2
 Nonlinear solution status: time= 8.5
	stiffness updates             = 1
	right hand side evaluations   = 3
	stiffness matrix reformations = 1
	step from line search         = 1.000000
	convergence norms :     INITIAL         CURRENT         REQUIRED
	   residual            8.338669e-02    1.469889e-18    0.000000e+00 
	   energy              6.776150e-04    2.938722e-17    6.776150e-06 
	   displacement        4.211663e-05    1.540500e-14    4.211551e-11 

convergence summary
    number of iterations   : 2
    number of reformations : 1

------- converged at time : 8.5


Data Record #1
===========================================================================
Step = 85
Time = 8.5
Data = uz
File = feb_inputs/active_ascl/../../raw_logs/active_ascl/ascl_0.5_disp.txt

Data Record #2
===========================================================================
Step = 85
Time = 8.5
Data = sz
File = feb_inputs/active_ascl/../../raw_logs/active_ascl/ascl_0.5_stress.txt

Data Record #3
===========================================================================
Step = 85
Time = 8.5
Data = J
File = feb_inputs/active_ascl/../../raw_logs/active_ascl/ascl_0.5_vol.txt

===== beginning time step 86 : 8.6 =====


Reforming stiffness matrix: reformation #1

 1
 Nonlinear solution status: time= 8.6
	stiffness updates             = 0
	right hand side evaluations   = 2
	stiffness matrix reformations = 1
	step from line search         = 1.000000
	convergence norms :     INITIAL         CURRENT         REQUIRED
	   residual            1.072193e-01    1.571516e-11    0.000000e+00 
	   energy              8.048927e-04    5.470874e-09    8.048927e-06 
	   displacement        4.885691e-05    4.885691e-05    4.885691e-11 
 2
 Nonlinear solution status: time= 8.6
	stiffness updates             = 1
	right hand side evaluations   = 3
	stiffness matrix reformations = 1
	step from line search         = 1.000000
	convergence norms :     INITIAL         CURRENT         REQUIRED
	   residual            1.072193e-01    1.779967e-18    0.000000e+00 
	   energy              8.048927e-04    3.390160e-17    8.048927e-06 
	   displacement        4.885691e-05    1.721072e-14    4.885563e-11 

convergence summary
    number of iterations   : 2
    number of reformations : 1

------- converged at time : 8.6


Data Record #1
===========================================================================
Step = 86
Time = 8.6
Data = uz
File = feb_inputs/active_ascl/../../raw_logs/active_ascl/ascl_0.5_disp.txt

Data Record #2
===========================================================================
Step = 86
Time = 8.6
Data = sz
File = feb_inputs/active_ascl/../../raw_logs/active_ascl/ascl_0.5_stress.txt

Data Record #3
===========================================================================
Step = 86
Time = 8.6
Data = J
File = feb_inputs/active_ascl/../../raw_logs/active_ascl/ascl_0.5_vol.txt

===== beginning time step 87 : 8.7 =====


Reforming stiffness matrix: reformation #1

 1
 Nonlinear solution status: time= 8.7
	stiffness updates             = 0
	right hand side evaluations   = 2
	stiffness matrix reformations = 1
	step from line search         = 1.000000
	convergence norms :     INITIAL         CURRENT         REQUIRED
	   residual            1.382445e-01    1.814235e-11    0.000000e+00 
	   energy              9.644765e-04    6.065533e-09    9.644765e-06 
	   displacement        5.669320e-05    5.669320e-05    5.669320e-11 
 2
 Nonlinear solution status: time= 8.7
	stiffness updates             = 1
	right hand side evaluations   = 3
	stiffness matrix reformations = 1
	step from line search         = 1.000000
	convergence norms :     INITIAL         CURRENT         REQUIRED
	   residual            1.382445e-01    2.574256e-18    0.000000e+00 
	   energy              9.644765e-04    4.359983e-17    9.644765e-06 
	   displacement        5.669320e-05    1.986678e-14    5.669176e-11 

convergence summary
    number of iterations   : 2
    number of reformations : 1

------- converged at time : 8.7


Data Record #1
===========================================================================
Step = 87
Time = 8.7
Data = uz
File = feb_inputs/active_ascl/../../raw_logs/active_ascl/ascl_0.5_disp.txt

Data Record #2
===========================================================================
Step = 87
Time = 8.7
Data = sz
File = feb_inputs/active_ascl/../../raw_logs/active_ascl/ascl_0.5_stress.txt

Data Record #3
===========================================================================
Step = 87
Time = 8.7
Data = J
File = feb_inputs/active_ascl/../../raw_logs/active_ascl/ascl_0.5_vol.txt

===== beginning time step 88 : 8.8 =====


Reforming stiffness matrix: reformation #1

 1
 Nonlinear solution status: time= 8.8
	stiffness updates             = 0
	right hand side evaluations   = 2
	stiffness matrix reformations = 1
	step from line search         = 1.000000
	convergence norms :     INITIAL         CURRENT         REQUIRED
	   residual            1.739165e-01    2.304115e-11    0.000000e+00 
	   energy              1.155739e-03    6.635683e-09    1.155739e-05 
	   displacement        6.651151e-05    6.651151e-05    6.651151e-11 
 2
 Nonlinear solution status: time= 8.8
	stiffness updates             = 1
	right hand side evaluations   = 3
	stiffness matrix reformations = 1
	step from line search         = 1.000000
	convergence norms :     INITIAL         CURRENT         REQUIRED
	   residual            1.739165e-01    3.130210e-18    0.000000e+00 
	   energy              1.155739e-03    5.111121e-17    1.155739e-05 
	   displacement        6.651151e-05    2.236148e-14    6.650994e-11 

convergence summary
    number of iterations   : 2
    number of reformations : 1

------- converged at time : 8.8


Data Record #1
===========================================================================
Step = 88
Time = 8.8
Data = uz
File = feb_inputs/active_ascl/../../raw_logs/active_ascl/ascl_0.5_disp.txt

Data Record #2
===========================================================================
Step = 88
Time = 8.8
Data = sz
File = feb_inputs/active_ascl/../../raw_logs/active_ascl/ascl_0.5_stress.txt

Data Record #3
===========================================================================
Step = 88
Time = 8.8
Data = J
File = feb_inputs/active_ascl/../../raw_logs/active_ascl/ascl_0.5_vol.txt

===== beginning time step 89 : 8.9 =====


Reforming stiffness matrix: reformation #1

 1
 Nonlinear solution status: time= 8.9
	stiffness updates             = 0
	right hand side evaluations   = 2
	stiffness matrix reformations = 1
	step from line search         = 1.000000
	convergence norms :     INITIAL         CURRENT         REQUIRED
	   residual            2.118784e-01    2.676649e-11    0.000000e+00 
	   energy              1.366448e-03    7.249670e-09    1.366448e-05 
	   displacement        7.786244e-05    7.786244e-05    7.786244e-11 
 2
 Nonlinear solution status: time= 8.9
	stiffness updates             = 1
	right hand side evaluations   = 3
	stiffness matrix reformations = 1
	step from line search         = 1.000000
	convergence norms :     INITIAL         CURRENT         REQUIRED
	   residual            2.118784e-01    3.424886e-18    0.000000e+00 
	   energy              1.366448e-03    5.315385e-17    1.366448e-05 
	   displacement        7.786244e-05    2.355378e-14    7.786078e-11 

convergence summary
    number of iterations   : 2
    number of reformations : 1

------- converged at time : 8.9


Data Record #1
===========================================================================
Step = 89
Time = 8.9
Data = uz
File = feb_inputs/active_ascl/../../raw_logs/active_ascl/ascl_0.5_disp.txt

Data Record #2
===========================================================================
Step = 89
Time = 8.9
Data = sz
File = feb_inputs/active_ascl/../../raw_logs/active_ascl/ascl_0.5_stress.txt

Data Record #3
===========================================================================
Step = 89
Time = 8.9
Data = J
File = feb_inputs/active_ascl/../../raw_logs/active_ascl/ascl_0.5_vol.txt

===== beginning time step 90 : 9 =====


Reforming stiffness matrix: reformation #1

 1
 Nonlinear solution status: time= 9
	stiffness updates             = 0
	right hand side evaluations   = 2
	stiffness matrix reformations = 1
	step from line search         = 1.000000
	convergence norms :     INITIAL         CURRENT         REQUIRED
	   residual            2.501802e-01    2.638006e-11    0.000000e+00 
	   energy              1.576722e-03    7.753075e-09    1.576722e-05 
	   displacement        8.865702e-05    8.865702e-05    8.865702e-11 
 2
 Nonlinear solution status: time= 9
	stiffness updates             = 1
	right hand side evaluations   = 3
	stiffness matrix reformations = 1
	step from line search         = 1.000000
	convergence norms :     INITIAL         CURRENT         REQUIRED
	   residual            2.501802e-01    3.989854e-18    0.000000e+00 
	   energy              1.576722e-03    5.325857e-17    1.576722e-05 
	   displacement        8.865702e-05    2.272634e-14    8.865536e-11 

convergence summary
    number of iterations   : 2
    number of reformations : 1

------- converged at time : 9


Data Record #1
===========================================================================
Step = 90
Time = 9
Data = uz
File = feb_inputs/active_ascl/../../raw_logs/active_ascl/ascl_0.5_disp.txt

Data Record #2
===========================================================================
Step = 90
Time = 9
Data = sz
File = feb_inputs/active_ascl/../../raw_logs/active_ascl/ascl_0.5_stress.txt

Data Record #3
===========================================================================
Step = 90
Time = 9
Data = J
File = feb_inputs/active_ascl/../../raw_logs/active_ascl/ascl_0.5_vol.txt

===== beginning time step 91 : 9.1 =====


Reforming stiffness matrix: reformation #1

 1
 Nonlinear solution status: time= 9.1
	stiffness updates             = 0
	right hand side evaluations   = 2
	stiffness matrix reformations = 1
	step from line search         = 1.000000
	convergence norms :     INITIAL         CURRENT         REQUIRED
	   residual            2.832732e-01    2.731479e-11    0.000000e+00 
	   energy              1.764369e-03    8.108838e-09    1.764369e-05 
	   displacement        9.772377e-05    9.772377e-05    9.772377e-11 
 2
 Nonlinear solution status: time= 9.1
	stiffness updates             = 1
	right hand side evaluations   = 3
	stiffness matrix reformations = 1
	step from line search         = 1.000000
	convergence norms :     INITIAL         CURRENT         REQUIRED
	   residual            2.832732e-01    4.296300e-18    0.000000e+00 
	   energy              1.764369e-03    5.688327e-17    1.764369e-05 
	   displacement        9.772377e-05    2.296935e-14    9.772212e-11 

convergence summary
    number of iterations   : 2
    number of reformations : 1

------- converged at time : 9.1


Data Record #1
===========================================================================
Step = 91
Time = 9.1
Data = uz
File = feb_inputs/active_ascl/../../raw_logs/active_ascl/ascl_0.5_disp.txt

Data Record #2
===========================================================================
Step = 91
Time = 9.1
Data = sz
File = feb_inputs/active_ascl/../../raw_logs/active_ascl/ascl_0.5_stress.txt

Data Record #3
===========================================================================
Step = 91
Time = 9.1
Data = J
File = feb_inputs/active_ascl/../../raw_logs/active_ascl/ascl_0.5_vol.txt

===== beginning time step 92 : 9.2 =====


Reforming stiffness matrix: reformation #1

 1
 Nonlinear solution status: time= 9.2
	stiffness updates             = 0
	right hand side evaluations   = 2
	stiffness matrix reformations = 1
	step from line search         = 1.000000
	convergence norms :     INITIAL         CURRENT         REQUIRED
	   residual            3.051840e-01    2.639967e-11    0.000000e+00 
	   energy              1.909300e-03    8.129760e-09    1.909300e-05 
	   displacement        1.050238e-04    1.050238e-04    1.050238e-10 
 2
 Nonlinear solution status: time= 9.2
	stiffness updates             = 1
	right hand side evaluations   = 3
	stiffness matrix reformations = 1
	step from line search         = 1.000000
	convergence norms :     INITIAL         CURRENT         REQUIRED
	   residual            3.051840e-01    3.749695e-18    0.000000e+00 
	   energy              1.909300e-03    5.465210e-17    1.909300e-05 
	   displacement        1.050238e-04    2.391757e-14    1.050221e-10 

convergence summary
    number of iterations   : 2
    number of reformations : 1

------- converged at time : 9.2


Data Record #1
===========================================================================
Step = 92
Time = 9.2
Data = uz
File = feb_inputs/active_ascl/../../raw_logs/active_ascl/ascl_0.5_disp.txt

Data Record #2
===========================================================================
Step = 92
Time = 9.2
Data = sz
File = feb_inputs/active_ascl/../../raw_logs/active_ascl/ascl_0.5_stress.txt

Data Record #3
===========================================================================
Step = 92
Time = 9.2
Data = J
File = feb_inputs/active_ascl/../../raw_logs/active_ascl/ascl_0.5_vol.txt

===== beginning time step 93 : 9.3 =====


Reforming stiffness matrix: reformation #1

 1
 Nonlinear solution status: time= 9.3
	stiffness updates             = 0
	right hand side evaluations   = 2
	stiffness matrix reformations = 1
	step from line search         = 1.000000
	convergence norms :     INITIAL         CURRENT         REQUIRED
	   residual            3.150894e-01    2.627276e-11    0.000000e+00 
	   energy              2.001567e-03    7.891408e-09    2.001567e-05 
	   displacement        1.102166e-04    1.102166e-04    1.102166e-10 
 2
 Nonlinear solution status: time= 9.3
	stiffness updates             = 1
	right hand side evaluations   = 3
	stiffness matrix reformations = 1
	step from line search         = 1.000000
	convergence norms :     INITIAL         CURRENT         REQUIRED
	   residual            3.150894e-01    3.851991e-18    0.000000e+00 
	   energy              2.001567e-03    5.388059e-17    2.001567e-05 
	   displacement        1.102166e-04    2.457985e-14    1.102148e-10 

convergence summary
    number of iterations   : 2
    number of reformations : 1

------- converged at time : 9.3


Data Record #1
===========================================================================
Step = 93
Time = 9.3
Data = uz
File = feb_inputs/active_ascl/../../raw_logs/active_ascl/ascl_0.5_disp.txt

Data Record #2
===========================================================================
Step = 93
Time = 9.3
Data = sz
File = feb_inputs/active_ascl/../../raw_logs/active_ascl/ascl_0.5_stress.txt

Data Record #3
===========================================================================
Step = 93
Time = 9.3
Data = J
File = feb_inputs/active_ascl/../../raw_logs/active_ascl/ascl_0.5_vol.txt

===== beginning time step 94 : 9.4 =====


Reforming stiffness matrix: reformation #1

 1
 Nonlinear solution status: time= 9.4
	stiffness updates             = 0
	right hand side evaluations   = 2
	stiffness matrix reformations = 1
	step from line search         = 1.000000
	convergence norms :     INITIAL         CURRENT         REQUIRED
	   residual            3.164225e-01    2.451887e-11    0.000000e+00 
	   energy              2.047122e-03    7.802783e-09    2.047122e-05 
	   displacement        1.131371e-04    1.131371e-04    1.131371e-10 
 2
 Nonlinear solution status: time= 9.4
	stiffness updates             = 1
	right hand side evaluations   = 3
	stiffness matrix reformations = 1
	step from line search         = 1.000000
	convergence norms :     INITIAL         CURRENT         REQUIRED
	   residual            3.164225e-01    3.917793e-18    0.000000e+00 
	   energy              2.047122e-03    5.542573e-17    2.047122e-05 
	   displacement        1.131371e-04    2.663903e-14    1.131351e-10 

convergence summary
    number of iterations   : 2
    number of reformations : 1

------- converged at time : 9.4


Data Record #1
===========================================================================
Step = 94
Time = 9.4
Data = uz
File = feb_inputs/active_ascl/../../raw_logs/active_ascl/ascl_0.5_disp.txt

Data Record #2
===========================================================================
Step = 94
Time = 9.4
Data = sz
File = feb_inputs/active_ascl/../../raw_logs/active_ascl/ascl_0.5_stress.txt

Data Record #3
===========================================================================
Step = 94
Time = 9.4
Data = J
File = feb_inputs/active_ascl/../../raw_logs/active_ascl/ascl_0.5_vol.txt

===== beginning time step 95 : 9.5 =====


Reforming stiffness matrix: reformation #1

 1
 Nonlinear solution status: time= 9.5
	stiffness updates             = 0
	right hand side evaluations   = 2
	stiffness matrix reformations = 1
	step from line search         = 1.000000
	convergence norms :     INITIAL         CURRENT         REQUIRED
	   residual            3.134498e-01    2.114419e-11    0.000000e+00 
	   energy              2.064600e-03    7.930982e-09    2.064600e-05 
	   displacement        1.143077e-04    1.143077e-04    1.143077e-10 
 2
 Nonlinear solution status: time= 9.5
	stiffness updates             = 1
	right hand side evaluations   = 3
	stiffness matrix reformations = 1
	step from line search         = 1.000000
	convergence norms :     INITIAL         CURRENT         REQUIRED
	   residual            3.134498e-01    3.711559e-18    0.000000e+00 
	   energy              2.064600e-03    5.516614e-17    2.064600e-05 
	   displacement        1.143077e-04    2.887386e-14    1.143055e-10 

convergence summary
    number of iterations   : 2
    number of reformations : 1

------- converged at time : 9.5


Data Record #1
===========================================================================
Step = 95
Time = 9.5
Data = uz
File = feb_inputs/active_ascl/../../raw_logs/active_ascl/ascl_0.5_disp.txt

Data Record #2
===========================================================================
Step = 95
Time = 9.5
Data = sz
File = feb_inputs/active_ascl/../../raw_logs/active_ascl/ascl_0.5_stress.txt

Data Record #3
===========================================================================
Step = 95
Time = 9.5
Data = J
File = feb_inputs/active_ascl/../../raw_logs/active_ascl/ascl_0.5_vol.txt

===== beginning time step 96 : 9.6 =====


Reforming stiffness matrix: reformation #1

 1
 Nonlinear solution status: time= 9.6
	stiffness updates             = 0
	right hand side evaluations   = 2
	stiffness matrix reformations = 1
	step from line search         = 1.000000
	convergence norms :     INITIAL         CURRENT         REQUIRED
	   residual            3.109851e-01    1.867525e-11    0.000000e+00 
	   energy              2.078893e-03    7.966597e-09    2.078893e-05 
	   displacement        1.151669e-04    1.151669e-04    1.151669e-10 
 2
 Nonlinear solution status: time= 9.6
	stiffness updates             = 1
	right hand side evaluations   = 3
	stiffness matrix reformations = 1
	step from line search         = 1.000000
	convergence norms :     INITIAL         CURRENT         REQUIRED
	   residual            3.109851e-01    2.909925e-18    0.000000e+00 
	   energy              2.078893e-03    5.391972e-17    2.078893e-05 
	   displacement        1.151669e-04    2.993435e-14    1.151647e-10 

convergence summary
    number of iterations   : 2
    number of reformations : 1

------- converged at time : 9.6


Data Record #1
===========================================================================
Step = 96
Time = 9.6
Data = uz
File = feb_inputs/active_ascl/../../raw_logs/active_ascl/ascl_0.5_disp.txt

Data Record #2
===========================================================================
Step = 96
Time = 9.6
Data = sz
File = feb_inputs/active_ascl/../../raw_logs/active_ascl/ascl_0.5_stress.txt

Data Record #3
===========================================================================
Step = 96
Time = 9.6
Data = J
File = feb_inputs/active_ascl/../../raw_logs/active_ascl/ascl_0.5_vol.txt

===== beginning time step 97 : 9.7 =====


Reforming stiffness matrix: reformation #1

 1
 Nonlinear solution status: time= 9.7
	stiffness updates             = 0
	right hand side evaluations   = 2
	stiffness matrix reformations = 1
	step from line search         = 1.000000
	convergence norms :     INITIAL         CURRENT         REQUIRED
	   residual            3.150002e-01    1.550302e-11    0.000000e+00 
	   energy              2.115969e-03    7.574517e-09    2.115969e-05 
	   displacement        1.171979e-04    1.171979e-04    1.171979e-10 
 2
 Nonlinear solution status: time= 9.7
	stiffness updates             = 1
	right hand side evaluations   = 3
	stiffness matrix reformations = 1
	step from line search         = 1.000000
	convergence norms :     INITIAL         CURRENT         REQUIRED
	   residual            3.150002e-01    1.881066e-18    0.000000e+00 
	   energy              2.115969e-03    4.647122e-17    2.115969e-05 
	   displacement        1.171979e-04    2.833233e-14    1.171958e-10 

convergence summary
    number of iterations   : 2
    number of reformations : 1

------- converged at time : 9.7


Data Record #1
===========================================================================
Step = 97
Time = 9.7
Data = uz
File = feb_inputs/active_ascl/../../raw_logs/active_ascl/ascl_0.5_disp.txt

Data Record #2
===========================================================================
Step = 97
Time = 9.7
Data = sz
File = feb_inputs/active_ascl/../../raw_logs/active_ascl/ascl_0.5_stress.txt

Data Record #3
===========================================================================
Step = 97
Time = 9.7
Data = J
File = feb_inputs/active_ascl/../../raw_logs/active_ascl/ascl_0.5_vol.txt

===== beginning time step 98 : 9.8 =====


Reforming stiffness matrix: reformation #1

 1
 Nonlinear solution status: time= 9.8
	stiffness updates             = 0
	right hand side evaluations   = 2
	stiffness matrix reformations = 1
	step from line search         = 1.000000
	convergence norms :     INITIAL         CURRENT         REQUIRED
	   residual            3.312203e-01    9.587823e-12    0.000000e+00 
	   energy              2.197592e-03    6.763768e-09    2.197592e-05 
	   displacement        1.212272e-04    1.212272e-04    1.212272e-10 
 2
 Nonlinear solution status: time= 9.8
	stiffness updates             = 1
	right hand side evaluations   = 3
	stiffness matrix reformations = 1
	step from line search         = 1.000000
	convergence norms :     INITIAL         CURRENT         REQUIRED
	   residual            3.312203e-01    1.670797e-18    0.000000e+00 
	   energy              2.197592e-03    4.187921e-17    2.197592e-05 
	   displacement        1.212272e-04    2.537800e-14    1.212252e-10 

convergence summary
    number of iterations   : 2
    number of reformations : 1

------- converged at time : 9.8


Data Record #1
===========================================================================
Step = 98
Time = 9.8
Data = uz
File = feb_inputs/active_ascl/../../raw_logs/active_ascl/ascl_0.5_disp.txt

Data Record #2
===========================================================================
Step = 98
Time = 9.8
Data = sz
File = feb_inputs/active_ascl/../../raw_logs/active_ascl/ascl_0.5_stress.txt

Data Record #3
===========================================================================
Step = 98
Time = 9.8
Data = J
File = feb_inputs/active_ascl/../../raw_logs/active_ascl/ascl_0.5_vol.txt

===== beginning time step 99 : 9.9 =====


Reforming stiffness matrix: reformation #1

 1
 Nonlinear solution status: time= 9.9
	stiffness updates             = 0
	right hand side evaluations   = 2
	stiffness matrix reformations = 1
	step from line search         = 1.000000
	convergence norms :     INITIAL         CURRENT         REQUIRED
	   residual            3.630695e-01    6.399291e-11    0.000000e+00 
	   energy              2.335242e-03    6.040552e-09    2.335242e-05 
	   displacement        1.275465e-04    1.275465e-04    1.275465e-10 
 2
 Nonlinear solution status: time= 9.9
	stiffness updates             = 1
	right hand side evaluations   = 3
	stiffness matrix reformations = 1
	step from line search         = 1.000000
	convergence norms :     INITIAL         CURRENT         REQUIRED
	   residual            3.630695e-01    1.150732e-14    0.000000e+00 
	   energy              2.335242e-03    4.974443e-15    2.335242e-05 
	   displacement        1.275465e-04    3.153941e-14    1.275447e-10 

convergence summary
    number of iterations   : 2
    number of reformations : 1

------- converged at time : 9.9


Data Record #1
===========================================================================
Step = 99
Time = 9.9
Data = uz
File = feb_inputs/active_ascl/../../raw_logs/active_ascl/ascl_0.5_disp.txt

Data Record #2
===========================================================================
Step = 99
Time = 9.9
Data = sz
File = feb_inputs/active_ascl/../../raw_logs/active_ascl/ascl_0.5_stress.txt

Data Record #3
===========================================================================
Step = 99
Time = 9.9
Data = J
File = feb_inputs/active_ascl/../../raw_logs/active_ascl/ascl_0.5_vol.txt

===== beginning time step 100 : 10 =====


Reforming stiffness matrix: reformation #1

 1
 Nonlinear solution status: time= 10
	stiffness updates             = 0
	right hand side evaluations   = 2
	stiffness matrix reformations = 1
	step from line search         = 1.000000
	convergence norms :     INITIAL         CURRENT         REQUIRED
	   residual            4.096681e-01    7.401223e-12    0.000000e+00 
	   energy              2.529103e-03    5.393213e-09    2.529103e-05 
	   displacement        1.360472e-04    1.360472e-04    1.360472e-10 
 2
 Nonlinear solution status: time= 10
	stiffness updates             = 1
	right hand side evaluations   = 3
	stiffness matrix reformations = 1
	step from line search         = 1.000000
	convergence norms :     INITIAL         CURRENT         REQUIRED
	   residual            4.096681e-01    2.200616e-18    0.000000e+00 
	   energy              2.529103e-03    4.846625e-17    2.529103e-05 
	   displacement        1.360472e-04    2.493307e-14    1.360454e-10 

convergence summary
    number of iterations   : 2
    number of reformations : 1

------- converged at time : 10


Data Record #1
===========================================================================
Step = 100
Time = 10
Data = uz
File = feb_inputs/active_ascl/../../raw_logs/active_ascl/ascl_0.5_disp.txt

Data Record #2
===========================================================================
Step = 100
Time = 10
Data = sz
File = feb_inputs/active_ascl/../../raw_logs/active_ascl/ascl_0.5_stress.txt

Data Record #3
===========================================================================
Step = 100
Time = 10
Data = J
File = feb_inputs/active_ascl/../../raw_logs/active_ascl/ascl_0.5_vol.txt

===== beginning time step 101 : 10.1 =====


Reforming stiffness matrix: reformation #1

 1
 Nonlinear solution status: time= 10.1
	stiffness updates             = 0
	right hand side evaluations   = 2
	stiffness matrix reformations = 1
	step from line search         = 1.000000
	convergence norms :     INITIAL         CURRENT         REQUIRED
	   residual            4.677729e-01    6.250080e-12    0.000000e+00 
	   energy              2.774776e-03    5.048897e-09    2.774776e-05 
	   displacement        1.465187e-04    1.465187e-04    1.465187e-10 
 2
 Nonlinear solution status: time= 10.1
	stiffness updates             = 1
	right hand side evaluations   = 3
	stiffness matrix reformations = 1
	step from line search         = 1.000000
	convergence norms :     INITIAL         CURRENT         REQUIRED
	   residual            4.677729e-01    2.080739e-18    0.000000e+00 
	   energy              2.774776e-03    4.370862e-17    2.774776e-05 
	   displacement        1.465187e-04    2.271613e-14    1.465172e-10 

convergence summary
    number of iterations   : 2
    number of reformations : 1

------- converged at time : 10.1


Data Record #1
===========================================================================
Step = 101
Time = 10.1
Data = uz
File = feb_inputs/active_ascl/../../raw_logs/active_ascl/ascl_0.5_disp.txt

Data Record #2
===========================================================================
Step = 101
Time = 10.1
Data = sz
File = feb_inputs/active_ascl/../../raw_logs/active_ascl/ascl_0.5_stress.txt

Data Record #3
===========================================================================
Step = 101
Time = 10.1
Data = J
File = feb_inputs/active_ascl/../../raw_logs/active_ascl/ascl_0.5_vol.txt

===== beginning time step 102 : 10.2 =====


Reforming stiffness matrix: reformation #1

 1
 Nonlinear solution status: time= 10.2
	stiffness updates             = 0
	right hand side evaluations   = 2
	stiffness matrix reformations = 1
	step from line search         = 1.000000
	convergence norms :     INITIAL         CURRENT         REQUIRED
	   residual            5.358433e-01    5.834511e-12    0.000000e+00 
	   energy              3.065601e-03    5.010662e-09    3.065601e-05 
	   displacement        1.585986e-04    1.585986e-04    1.585986e-10 
 2
 Nonlinear solution status: time= 10.2
	stiffness updates             = 1
	right hand side evaluations   = 3
	stiffness matrix reformations = 1
	step from line search         = 1.000000
	convergence norms :     INITIAL         CURRENT         REQUIRED
	   residual            5.358433e-01    1.837123e-18    0.000000e+00 
	   energy              3.065601e-03    4.183555e-17    3.065601e-05 
	   displacement        1.585986e-04    2.143267e-14    1.585972e-10 

convergence summary
    number of iterations   : 2
    number of reformations : 1

------- converged at time : 10.2


Data Record #1
===========================================================================
Step = 102
Time = 10.2
Data = uz
File = feb_inputs/active_ascl/../../raw_logs/active_ascl/ascl_0.5_disp.txt

Data Record #2
===========================================================================
Step = 102
Time = 10.2
Data = sz
File = feb_inputs/active_ascl/../../raw_logs/active_ascl/ascl_0.5_stress.txt

Data Record #3
===========================================================================
Step = 102
Time = 10.2
Data = J
File = feb_inputs/active_ascl/../../raw_logs/active_ascl/ascl_0.5_vol.txt

===== beginning time step 103 : 10.3 =====


Reforming stiffness matrix: reformation #1

 1
 Nonlinear solution status: time= 10.3
	stiffness updates             = 0
	right hand side evaluations   = 2
	stiffness matrix reformations = 1
	step from line search         = 1.000000
	convergence norms :     INITIAL         CURRENT         REQUIRED
	   residual            6.146320e-01    1.627181e-10    0.000000e+00 
	   energy              3.392078e-03    5.006770e-09    3.392078e-05 
	   displacement        1.714809e-04    1.714809e-04    1.714809e-10 
 2
 Nonlinear solution status: time= 10.3
	stiffness updates             = 1
	right hand side evaluations   = 3
	stiffness matrix reformations = 1
	step from line search         = 1.000000
	convergence norms :     INITIAL         CURRENT         REQUIRED
	   residual            6.146320e-01    2.626648e-14    0.000000e+00 
	   energy              3.392078e-03    1.221906e-14    3.392078e-05 
	   displacement        1.714809e-04    3.932225e-14    1.714795e-10 

convergence summary
    number of iterations   : 2
    number of reformations : 1

------- converged at time : 10.3


Data Record #1
===========================================================================
Step = 103
Time = 10.3
Data = uz
File = feb_inputs/active_ascl/../../raw_logs/active_ascl/ascl_0.5_disp.txt

Data Record #2
===========================================================================
Step = 103
Time = 10.3
Data = sz
File = feb_inputs/active_ascl/../../raw_logs/active_ascl/ascl_0.5_stress.txt

Data Record #3
===========================================================================
Step = 103
Time = 10.3
Data = J
File = feb_inputs/active_ascl/../../raw_logs/active_ascl/ascl_0.5_vol.txt

===== beginning time step 104 : 10.4 =====


Reforming stiffness matrix: reformation #1

 1
 Nonlinear solution status: time= 10.4
	stiffness updates             = 0
	right hand side evaluations   = 2
	stiffness matrix reformations = 1
	step from line search         = 1.000000
	convergence norms :     INITIAL         CURRENT         REQUIRED
	   residual            7.028149e-01    1.409898e-11    0.000000e+00 
	   energy              3.746443e-03    5.135263e-09    3.746443e-05 
	   displacement        1.845138e-04    1.845138e-04    1.845138e-10 
 2
 Nonlinear solution status: time= 10.4
	stiffness updates             = 1
	right hand side evaluations   = 3
	stiffness matrix reformations = 1
	step from line search         = 1.000000
	convergence norms :     INITIAL         CURRENT         REQUIRED
	   residual            7.028149e-01    3.892620e-18    0.000000e+00 
	   energy              3.746443e-03    6.801581e-17    3.746443e-05 
	   displacement        1.845138e-04    2.423118e-14    1.845127e-10 

convergence summary
    number of iterations   : 2
    number of reformations : 1

------- converged at time : 10.4


Data Record #1
===========================================================================
Step = 104
Time = 10.4
Data = uz
File = feb_inputs/active_ascl/../../raw_logs/active_ascl/ascl_0.5_disp.txt

Data Record #2
===========================================================================
Step = 104
Time = 10.4
Data = sz
File = feb_inputs/active_ascl/../../raw_logs/active_ascl/ascl_0.5_stress.txt

Data Record #3
===========================================================================
Step = 104
Time = 10.4
Data = J
File = feb_inputs/active_ascl/../../raw_logs/active_ascl/ascl_0.5_vol.txt

===== beginning time step 105 : 10.5 =====


Reforming stiffness matrix: reformation #1

 1
 Nonlinear solution status: time= 10.5
	stiffness updates             = 0
	right hand side evaluations   = 2
	stiffness matrix reformations = 1
	step from line search         = 1.000000
	convergence norms :     INITIAL         CURRENT         REQUIRED
	   residual            7.964570e-01    1.711883e-11    0.000000e+00 
	   energy              4.130678e-03    5.051806e-09    4.130678e-05 
	   displacement        1.984545e-04    1.984545e-04    1.984545e-10 
 2
 Nonlinear solution status: time= 10.5
	stiffness updates             = 1
	right hand side evaluations   = 3
	stiffness matrix reformations = 1
	step from line search         = 1.000000
	convergence norms :     INITIAL         CURRENT         REQUIRED
	   residual            7.964570e-01    4.787434e-18    0.000000e+00 
	   energy              4.130678e-03    8.534334e-17    4.130678e-05 
	   displacement        1.984545e-04    2.584967e-14    1.984535e-10 

convergence summary
    number of iterations   : 2
    number of reformations : 1

------- converged at time : 10.5


Data Record #1
===========================================================================
Step = 105
Time = 10.5
Data = uz
File = feb_inputs/active_ascl/../../raw_logs/active_ascl/ascl_0.5_disp.txt

Data Record #2
===========================================================================
Step = 105
Time = 10.5
Data = sz
File = feb_inputs/active_ascl/../../raw_logs/active_ascl/ascl_0.5_stress.txt

Data Record #3
===========================================================================
Step = 105
Time = 10.5
Data = J
File = feb_inputs/active_ascl/../../raw_logs/active_ascl/ascl_0.5_vol.txt

===== beginning time step 106 : 10.6 =====


Reforming stiffness matrix: reformation #1

 1
 Nonlinear solution status: time= 10.6
	stiffness updates             = 0
	right hand side evaluations   = 2
	stiffness matrix reformations = 1
	step from line search         = 1.000000
	convergence norms :     INITIAL         CURRENT         REQUIRED
	   residual            8.929415e-01    1.724417e-11    0.000000e+00 
	   energy              4.556063e-03    5.092353e-09    4.556063e-05 
	   displacement        2.147659e-04    2.147659e-04    2.147659e-10 
 2
 Nonlinear solution status: time= 10.6
	stiffness updates             = 1
	right hand side evaluations   = 3
	stiffness matrix reformations = 1
	step from line search         = 1.000000
	convergence norms :     INITIAL         CURRENT         REQUIRED
	   residual            8.929415e-01    5.363328e-18    0.000000e+00 
	   energy              4.556063e-03    9.769657e-17    4.556063e-05 
	   displacement        2.147659e-04    2.756871e-14    2.147650e-10 

convergence summary
    number of iterations   : 2
    number of reformations : 1

------- converged at time : 10.6


Data Record #1
===========================================================================
Step = 106
Time = 10.6
Data = uz
File = feb_inputs/active_ascl/../../raw_logs/active_ascl/ascl_0.5_disp.txt

Data Record #2
===========================================================================
Step = 106
Time = 10.6
Data = sz
File = feb_inputs/active_ascl/../../raw_logs/active_ascl/ascl_0.5_stress.txt

Data Record #3
===========================================================================
Step = 106
Time = 10.6
Data = J
File = feb_inputs/active_ascl/../../raw_logs/active_ascl/ascl_0.5_vol.txt

===== beginning time step 107 : 10.7 =====


Reforming stiffness matrix: reformation #1

 1
 Nonlinear solution status: time= 10.7
	stiffness updates             = 0
	right hand side evaluations   = 2
	stiffness matrix reformations = 1
	step from line search         = 1.000000
	convergence norms :     INITIAL         CURRENT         REQUIRED
	   residual            9.930877e-01    1.744246e-11    0.000000e+00 
	   energy              5.033222e-03    5.435656e-09    5.033222e-05 
	   displacement        2.342932e-04    2.342932e-04    2.342932e-10 
 2
 Nonlinear solution status: time= 10.7
	stiffness updates             = 1
	right hand side evaluations   = 3
	stiffness matrix reformations = 1
	step from line search         = 1.000000
	convergence norms :     INITIAL         CURRENT         REQUIRED
	   residual            9.930877e-01    5.623000e-18    0.000000e+00 
	   energy              5.033222e-03    9.815875e-17    5.033222e-05 
	   displacement        2.342932e-04    2.879319e-14    2.342921e-10 

convergence summary
    number of iterations   : 2
    number of reformations : 1

------- converged at time : 10.7


Data Record #1
===========================================================================
Step = 107
Time = 10.7
Data = uz
File = feb_inputs/active_ascl/../../raw_logs/active_ascl/ascl_0.5_disp.txt

Data Record #2
===========================================================================
Step = 107
Time = 10.7
Data = sz
File = feb_inputs/active_ascl/../../raw_logs/active_ascl/ascl_0.5_stress.txt

Data Record #3
===========================================================================
Step = 107
Time = 10.7
Data = J
File = feb_inputs/active_ascl/../../raw_logs/active_ascl/ascl_0.5_vol.txt

===== beginning time step 108 : 10.8 =====


Reforming stiffness matrix: reformation #1

 1
 Nonlinear solution status: time= 10.8
	stiffness updates             = 0
	right hand side evaluations   = 2
	stiffness matrix reformations = 1
	step from line search         = 1.000000
	convergence norms :     INITIAL         CURRENT         REQUIRED
	   residual            1.097226e+00    1.884071e-11    0.000000e+00 
	   energy              5.565321e-03    6.249201e-09    5.565321e-05 
	   displacement        2.576051e-04    2.576051e-04    2.576051e-10 
 2
 Nonlinear solution status: time= 10.8
	stiffness updates             = 1
	right hand side evaluations   = 3
	stiffness matrix reformations = 1
	step from line search         = 1.000000
	convergence norms :     INITIAL         CURRENT         REQUIRED
	   residual            1.097226e+00    5.954067e-18    0.000000e+00 
	   energy              5.565321e-03    1.038868e-16    5.565321e-05 
	   displacement        2.576051e-04    3.254942e-14    2.576037e-10 

convergence summary
    number of iterations   : 2
    number of reformations : 1

------- converged at time : 10.8


Data Record #1
===========================================================================
Step = 108
Time = 10.8
Data = uz
File = feb_inputs/active_ascl/../../raw_logs/active_ascl/ascl_0.5_disp.txt

Data Record #2
===========================================================================
Step = 108
Time = 10.8
Data = sz
File = feb_inputs/active_ascl/../../raw_logs/active_ascl/ascl_0.5_stress.txt

Data Record #3
===========================================================================
Step = 108
Time = 10.8
Data = J
File = feb_inputs/active_ascl/../../raw_logs/active_ascl/ascl_0.5_vol.txt

===== beginning time step 109 : 10.9 =====


Reforming stiffness matrix: reformation #1

 1
 Nonlinear solution status: time= 10.9
	stiffness updates             = 0
	right hand side evaluations   = 2
	stiffness matrix reformations = 1
	step from line search         = 1.000000
	convergence norms :     INITIAL         CURRENT         REQUIRED
	   residual            1.200566e+00    1.990623e-11    0.000000e+00 
	   energy              6.149335e-03    7.382093e-09    6.149335e-05 
	   displacement        2.851459e-04    2.851459e-04    2.851459e-10 
 2
 Nonlinear solution status: time= 10.9
	stiffness updates             = 1
	right hand side evaluations   = 3
	stiffness matrix reformations = 1
	step from line search         = 1.000000
	convergence norms :     INITIAL         CURRENT         REQUIRED
	   residual            1.200566e+00    6.618274e-18    0.000000e+00 
	   energy              6.149335e-03    1.093819e-16    6.149335e-05 
	   displacement        2.851459e-04    3.691320e-14    2.851441e-10 

convergence summary
    number of iterations   : 2
    number of reformations : 1

------- converged at time : 10.9


Data Record #1
===========================================================================
Step = 109
Time = 10.9
Data = uz
File = feb_inputs/active_ascl/../../raw_logs/active_ascl/ascl_0.5_disp.txt

Data Record #2
===========================================================================
Step = 109
Time = 10.9
Data = sz
File = feb_inputs/active_ascl/../../raw_logs/active_ascl/ascl_0.5_stress.txt

Data Record #3
===========================================================================
Step = 109
Time = 10.9
Data = J
File = feb_inputs/active_ascl/../../raw_logs/active_ascl/ascl_0.5_vol.txt

===== beginning time step 110 : 11 =====


Reforming stiffness matrix: reformation #1

 1
 Nonlinear solution status: time= 11
	stiffness updates             = 0
	right hand side evaluations   = 2
	stiffness matrix reformations = 1
	step from line search         = 1.000000
	convergence norms :     INITIAL         CURRENT         REQUIRED
	   residual            1.297551e+00    1.674140e-11    0.000000e+00 
	   energy              6.782585e-03    8.392210e-09    6.782585e-05 
	   displacement        3.174686e-04    3.174686e-04    3.174686e-10 
 2
 Nonlinear solution status: time= 11
	stiffness updates             = 1
	right hand side evaluations   = 3
	stiffness matrix reformations = 1
	step from line search         = 1.000000
	convergence norms :     INITIAL         CURRENT         REQUIRED
	   residual            1.297551e+00    5.820378e-18    0.000000e+00 
	   energy              6.782585e-03    1.005611e-16    6.782585e-05 
	   displacement        3.174686e-04    3.915050e-14    3.174665e-10 

convergence summary
    number of iterations   : 2
    number of reformations : 1

------- converged at time : 11


Data Record #1
===========================================================================
Step = 110
Time = 11
Data = uz
File = feb_inputs/active_ascl/../../raw_logs/active_ascl/ascl_0.5_disp.txt

Data Record #2
===========================================================================
Step = 110
Time = 11
Data = sz
File = feb_inputs/active_ascl/../../raw_logs/active_ascl/ascl_0.5_stress.txt

Data Record #3
===========================================================================
Step = 110
Time = 11
Data = J
File = feb_inputs/active_ascl/../../raw_logs/active_ascl/ascl_0.5_vol.txt

===== beginning time step 111 : 11.1 =====


Reforming stiffness matrix: reformation #1

 1
 Nonlinear solution status: time= 11.1
	stiffness updates             = 0
	right hand side evaluations   = 2
	stiffness matrix reformations = 1
	step from line search         = 1.000000
	convergence norms :     INITIAL         CURRENT         REQUIRED
	   residual            1.387620e+00    1.332930e-11    0.000000e+00 
	   energy              7.467120e-03    9.355696e-09    7.467120e-05 
	   displacement        3.547030e-04    3.547030e-04    3.547030e-10 
 2
 Nonlinear solution status: time= 11.1
	stiffness updates             = 1
	right hand side evaluations   = 3
	stiffness matrix reformations = 1
	step from line search         = 1.000000
	convergence norms :     INITIAL         CURRENT         REQUIRED
	   residual            1.387620e+00    5.038060e-18    0.000000e+00 
	   energy              7.467120e-03    9.934357e-17    7.467120e-05 
	   displacement        3.547030e-04    4.251019e-14    3.547005e-10 

convergence summary
    number of iterations   : 2
    number of reformations : 1

------- converged at time : 11.1


Data Record #1
===========================================================================
Step = 111
Time = 11.1
Data = uz
File = feb_inputs/active_ascl/../../raw_logs/active_ascl/ascl_0.5_disp.txt

Data Record #2
===========================================================================
Step = 111
Time = 11.1
Data = sz
File = feb_inputs/active_ascl/../../raw_logs/active_ascl/ascl_0.5_stress.txt

Data Record #3
===========================================================================
Step = 111
Time = 11.1
Data = J
File = feb_inputs/active_ascl/../../raw_logs/active_ascl/ascl_0.5_vol.txt

===== beginning time step 112 : 11.2 =====


Reforming stiffness matrix: reformation #1

 1
 Nonlinear solution status: time= 11.2
	stiffness updates             = 0
	right hand side evaluations   = 2
	stiffness matrix reformations = 1
	step from line search         = 1.000000
	convergence norms :     INITIAL         CURRENT         REQUIRED
	   residual            1.477960e+00    1.365240e-11    0.000000e+00 
	   energy              8.205188e-03    1.063147e-08    8.205188e-05 
	   displacement        3.950684e-04    3.950684e-04    3.950684e-10 
 2
 Nonlinear solution status: time= 11.2
	stiffness updates             = 1
	right hand side evaluations   = 3
	stiffness matrix reformations = 1
	step from line search         = 1.000000
	convergence norms :     INITIAL         CURRENT         REQUIRED
	   residual            1.477960e+00    5.143423e-18    0.000000e+00 
	   energy              8.205188e-03    1.140697e-16    8.205188e-05 
	   displacement        3.950684e-04    4.838579e-14    3.950654e-10 

convergence summary
    number of iterations   : 2
    number of reformations : 1

------- converged at time : 11.2


Data Record #1
===========================================================================
Step = 112
Time = 11.2
Data = uz
File = feb_inputs/active_ascl/../../raw_logs/active_ascl/ascl_0.5_disp.txt

Data Record #2
===========================================================================
Step = 112
Time = 11.2
Data = sz
File = feb_inputs/active_ascl/../../raw_logs/active_ascl/ascl_0.5_stress.txt

Data Record #3
===========================================================================
Step = 112
Time = 11.2
Data = J
File = feb_inputs/active_ascl/../../raw_logs/active_ascl/ascl_0.5_vol.txt

===== beginning time step 113 : 11.3 =====


Reforming stiffness matrix: reformation #1

 1
 Nonlinear solution status: time= 11.3
	stiffness updates             = 0
	right hand side evaluations   = 2
	stiffness matrix reformations = 1
	step from line search         = 1.000000
	convergence norms :     INITIAL         CURRENT         REQUIRED
	   residual            1.579004e+00    1.399567e-11    0.000000e+00 
	   energy              8.993366e-03    1.230480e-08    8.993366e-05 
	   displacement        4.365580e-04    4.365580e-04    4.365580e-10 
 2
 Nonlinear solution status: time= 11.3
	stiffness updates             = 1
	right hand side evaluations   = 3
	stiffness matrix reformations = 1
	step from line search         = 1.000000
	convergence norms :     INITIAL         CURRENT         REQUIRED
	   residual            1.579004e+00    5.571662e-18    0.000000e+00 
	   energy              8.993366e-03    1.234261e-16    8.993366e-05 
	   displacement        4.365580e-04    5.468926e-14    4.365545e-10 

convergence summary
    number of iterations   : 2
    number of reformations : 1

------- converged at time : 11.3


Data Record #1
===========================================================================
Step = 113
Time = 11.3
Data = uz
File = feb_inputs/active_ascl/../../raw_logs/active_ascl/ascl_0.5_disp.txt

Data Record #2
===========================================================================
Step = 113
Time = 11.3
Data = sz
File = feb_inputs/active_ascl/../../raw_logs/active_ascl/ascl_0.5_stress.txt

Data Record #3
===========================================================================
Step = 113
Time = 11.3
Data = J
File = feb_inputs/active_ascl/../../raw_logs/active_ascl/ascl_0.5_vol.txt

===== beginning time step 114 : 11.4 =====


Reforming stiffness matrix: reformation #1

 1
 Nonlinear solution status: time= 11.4
	stiffness updates             = 0
	right hand side evaluations   = 2
	stiffness matrix reformations = 1
	step from line search         = 1.000000
	convergence norms :     INITIAL         CURRENT         REQUIRED
	   residual            1.694103e+00    1.247195e-11    0.000000e+00 
	   energy              9.819581e-03    1.428265e-08    9.819581e-05 
	   displacement        4.787140e-04    4.787140e-04    4.787140e-10 
 2
 Nonlinear solution status: time= 11.4
	stiffness updates             = 1
	right hand side evaluations   = 3
	stiffness matrix reformations = 1
	step from line search         = 1.000000
	convergence norms :     INITIAL         CURRENT         REQUIRED
	   residual            1.694103e+00    5.275059e-18    0.000000e+00 
	   energy              9.819581e-03    1.258507e-16    9.819581e-05 
	   displacement        4.787140e-04    5.994260e-14    4.787101e-10 

convergence summary
    number of iterations   : 2
    number of reformations : 1

------- converged at time : 11.4


Data Record #1
===========================================================================
Step = 114
Time = 11.4
Data = uz
File = feb_inputs/active_ascl/../../raw_logs/active_ascl/ascl_0.5_disp.txt

Data Record #2
===========================================================================
Step = 114
Time = 11.4
Data = sz
File = feb_inputs/active_ascl/../../raw_logs/active_ascl/ascl_0.5_stress.txt

Data Record #3
===========================================================================
Step = 114
Time = 11.4
Data = J
File = feb_inputs/active_ascl/../../raw_logs/active_ascl/ascl_0.5_vol.txt

===== beginning time step 115 : 11.5 =====


Reforming stiffness matrix: reformation #1

 1
 Nonlinear solution status: time= 11.5
	stiffness updates             = 0
	right hand side evaluations   = 2
	stiffness matrix reformations = 1
	step from line search         = 1.000000
	convergence norms :     INITIAL         CURRENT         REQUIRED
	   residual            1.818299e+00    1.223308e-11    0.000000e+00 
	   energy              1.066010e-02    1.644447e-08    1.066010e-04 
	   displacement        5.209764e-04    5.209764e-04    5.209764e-10 
 2
 Nonlinear solution status: time= 11.5
	stiffness updates             = 1
	right hand side evaluations   = 3
	stiffness matrix reformations = 1
	step from line search         = 1.000000
	convergence norms :     INITIAL         CURRENT         REQUIRED
	   residual            1.818299e+00    4.606840e-18    0.000000e+00 
	   energy              1.066010e-02    1.305467e-16    1.066010e-04 
	   displacement        5.209764e-04    6.481351e-14    5.209719e-10 

convergence summary
    number of iterations   : 2
    number of reformations : 1

------- converged at time : 11.5


Data Record #1
===========================================================================
Step = 115
Time = 11.5
Data = uz
File = feb_inputs/active_ascl/../../raw_logs/active_ascl/ascl_0.5_disp.txt

Data Record #2
===========================================================================
Step = 115
Time = 11.5
Data = sz
File = feb_inputs/active_ascl/../../raw_logs/active_ascl/ascl_0.5_stress.txt

Data Record #3
===========================================================================
Step = 115
Time = 11.5
Data = J
File = feb_inputs/active_ascl/../../raw_logs/active_ascl/ascl_0.5_vol.txt

===== beginning time step 116 : 11.6 =====


Reforming stiffness matrix: reformation #1

 1
 Nonlinear solution status: time= 11.6
	stiffness updates             = 0
	right hand side evaluations   = 2
	stiffness matrix reformations = 1
	step from line search         = 1.000000
	convergence norms :     INITIAL         CURRENT         REQUIRED
	   residual            1.947686e+00    1.390728e-11    0.000000e+00 
	   energy              1.148490e-02    1.867361e-08    1.148490e-04 
	   displacement        5.617292e-04    5.617292e-04    5.617292e-10 
 2
 Nonlinear solution status: time= 11.6
	stiffness updates             = 1
	right hand side evaluations   = 3
	stiffness matrix reformations = 1
	step from line search         = 1.000000
	convergence norms :     INITIAL         CURRENT         REQUIRED
	   residual            1.947686e+00    4.570579e-18    0.000000e+00 
	   energy              1.148490e-02    1.335107e-16    1.148490e-04 
	   displacement        5.617292e-04    6.890488e-14    5.617243e-10 

convergence summary
    number of iterations   : 2
    number of reformations : 1

------- converged at time : 11.6


Data Record #1
===========================================================================
Step = 116
Time = 11.6
Data = uz
File = feb_inputs/active_ascl/../../raw_logs/active_ascl/ascl_0.5_disp.txt

Data Record #2
===========================================================================
Step = 116
Time = 11.6
Data = sz
File = feb_inputs/active_ascl/../../raw_logs/active_ascl/ascl_0.5_stress.txt

Data Record #3
===========================================================================
Step = 116
Time = 11.6
Data = J
File = feb_inputs/active_ascl/../../raw_logs/active_ascl/ascl_0.5_vol.txt

===== beginning time step 117 : 11.7 =====


Reforming stiffness matrix: reformation #1

 1
 Nonlinear solution status: time= 11.7
	stiffness updates             = 0
	right hand side evaluations   = 2
	stiffness matrix reformations = 1
	step from line search         = 1.000000
	convergence norms :     INITIAL         CURRENT         REQUIRED
	   residual            2.081601e+00    1.346219e-11    0.000000e+00 
	   energy              1.226622e-02    2.060623e-08    1.226622e-04 
	   displacement        5.988169e-04    5.988169e-04    5.988169e-10 
 2
 Nonlinear solution status: time= 11.7
	stiffness updates             = 1
	right hand side evaluations   = 3
	stiffness matrix reformations = 1
	step from line search         = 1.000000
	convergence norms :     INITIAL         CURRENT         REQUIRED
	   residual            2.081601e+00    4.404591e-18    0.000000e+00 
	   energy              1.226622e-02    1.289366e-16    1.226622e-04 
	   displacement        5.988169e-04    7.057039e-14    5.988115e-10 

convergence summary
    number of iterations   : 2
    number of reformations : 1

------- converged at time : 11.7


Data Record #1
===========================================================================
Step = 117
Time = 11.7
Data = uz
File = feb_inputs/active_ascl/../../raw_logs/active_ascl/ascl_0.5_disp.txt

Data Record #2
===========================================================================
Step = 117
Time = 11.7
Data = sz
File = feb_inputs/active_ascl/../../raw_logs/active_ascl/ascl_0.5_stress.txt

Data Record #3
===========================================================================
Step = 117
Time = 11.7
Data = J
File = feb_inputs/active_ascl/../../raw_logs/active_ascl/ascl_0.5_vol.txt

===== beginning time step 118 : 11.8 =====


Reforming stiffness matrix: reformation #1

 1
 Nonlinear solution status: time= 11.8
	stiffness updates             = 0
	right hand side evaluations   = 2
	stiffness matrix reformations = 1
	step from line search         = 1.000000
	convergence norms :     INITIAL         CURRENT         REQUIRED
	   residual            2.217260e+00    1.209611e-11    0.000000e+00 
	   energy              1.298060e-02    2.201853e-08    1.298060e-04 
	   displacement        6.307371e-04    6.307371e-04    6.307371e-10 
 2
 Nonlinear solution status: time= 11.8
	stiffness updates             = 1
	right hand side evaluations   = 3
	stiffness matrix reformations = 1
	step from line search         = 1.000000
	convergence norms :     INITIAL         CURRENT         REQUIRED
	   residual            2.217260e+00    4.493396e-18    0.000000e+00 
	   energy              1.298060e-02    1.346202e-16    1.298060e-04 
	   displacement        6.307371e-04    7.445513e-14    6.307315e-10 

convergence summary
    number of iterations   : 2
    number of reformations : 1

------- converged at time : 11.8


Data Record #1
===========================================================================
Step = 118
Time = 11.8
Data = uz
File = feb_inputs/active_ascl/../../raw_logs/active_ascl/ascl_0.5_disp.txt

Data Record #2
===========================================================================
Step = 118
Time = 11.8
Data = sz
File = feb_inputs/active_ascl/../../raw_logs/active_ascl/ascl_0.5_stress.txt

Data Record #3
===========================================================================
Step = 118
Time = 11.8
Data = J
File = feb_inputs/active_ascl/../../raw_logs/active_ascl/ascl_0.5_vol.txt

===== beginning time step 119 : 11.9 =====


Reforming stiffness matrix: reformation #1

 1
 Nonlinear solution status: time= 11.9
	stiffness updates             = 0
	right hand side evaluations   = 2
	stiffness matrix reformations = 1
	step from line search         = 1.000000
	convergence norms :     INITIAL         CURRENT         REQUIRED
	   residual            2.347477e+00    1.203930e-11    0.000000e+00 
	   energy              1.360336e-02    2.261435e-08    1.360336e-04 
	   displacement        6.571215e-04    6.571215e-04    6.571215e-10 
 2
 Nonlinear solution status: time= 11.9
	stiffness updates             = 1
	right hand side evaluations   = 3
	stiffness matrix reformations = 1
	step from line search         = 1.000000
	convergence norms :     INITIAL         CURRENT         REQUIRED
	   residual            2.347477e+00    4.836043e-18    0.000000e+00 
	   energy              1.360336e-02    1.471458e-16    1.360336e-04 
	   displacement        6.571215e-04    7.881055e-14    6.571157e-10 

convergence summary
    number of iterations   : 2
    number of reformations : 1

------- converged at time : 11.9


Data Record #1
===========================================================================
Step = 119
Time = 11.9
Data = uz
File = feb_inputs/active_ascl/../../raw_logs/active_ascl/ascl_0.5_disp.txt

Data Record #2
===========================================================================
Step = 119
Time = 11.9
Data = sz
File = feb_inputs/active_ascl/../../raw_logs/active_ascl/ascl_0.5_stress.txt

Data Record #3
===========================================================================
Step = 119
Time = 11.9
Data = J
File = feb_inputs/active_ascl/../../raw_logs/active_ascl/ascl_0.5_vol.txt

===== beginning time step 120 : 12 =====


Reforming stiffness matrix: reformation #1

 1
 Nonlinear solution status: time= 12
	stiffness updates             = 0
	right hand side evaluations   = 2
	stiffness matrix reformations = 1
	step from line search         = 1.000000
	convergence norms :     INITIAL         CURRENT         REQUIRED
	   residual            2.461704e+00    1.404076e-11    0.000000e+00 
	   energy              1.411369e-02    2.239833e-08    1.411369e-04 
	   displacement        6.782847e-04    6.782847e-04    6.782847e-10 
 2
 Nonlinear solution status: time= 12
	stiffness updates             = 1
	right hand side evaluations   = 3
	stiffness matrix reformations = 1
	step from line search         = 1.000000
	convergence norms :     INITIAL         CURRENT         REQUIRED
	   residual            2.461704e+00    6.147918e-18    0.000000e+00 
	   energy              1.411369e-02    1.596062e-16    1.411369e-04 
	   displacement        6.782847e-04    8.017426e-14    6.782789e-10 

convergence summary
    number of iterations   : 2
    number of reformations : 1

------- converged at time : 12


Data Record #1
===========================================================================
Step = 120
Time = 12
Data = uz
File = feb_inputs/active_ascl/../../raw_logs/active_ascl/ascl_0.5_disp.txt

Data Record #2
===========================================================================
Step = 120
Time = 12
Data = sz
File = feb_inputs/active_ascl/../../raw_logs/active_ascl/ascl_0.5_stress.txt

Data Record #3
===========================================================================
Step = 120
Time = 12
Data = J
File = feb_inputs/active_ascl/../../raw_logs/active_ascl/ascl_0.5_vol.txt

===== beginning time step 121 : 12.1 =====


Reforming stiffness matrix: reformation #1

 1
 Nonlinear solution status: time= 12.1
	stiffness updates             = 0
	right hand side evaluations   = 2
	stiffness matrix reformations = 1
	step from line search         = 1.000000
	convergence norms :     INITIAL         CURRENT         REQUIRED
	   residual            2.552515e+00    1.626545e-11    0.000000e+00 
	   energy              1.450404e-02    2.219658e-08    1.450404e-04 
	   displacement        6.945590e-04    6.945590e-04    6.945590e-10 
 2
 Nonlinear solution status: time= 12.1
	stiffness updates             = 1
	right hand side evaluations   = 3
	stiffness matrix reformations = 1
	step from line search         = 1.000000
	convergence norms :     INITIAL         CURRENT         REQUIRED
	   residual            2.552515e+00    6.765094e-18    0.000000e+00 
	   energy              1.450404e-02    1.681400e-16    1.450404e-04 
	   displacement        6.945590e-04    8.086102e-14    6.945533e-10 

convergence summary
    number of iterations   : 2
    number of reformations : 1

------- converged at time : 12.1


Data Record #1
===========================================================================
Step = 121
Time = 12.1
Data = uz
File = feb_inputs/active_ascl/../../raw_logs/active_ascl/ascl_0.5_disp.txt

Data Record #2
===========================================================================
Step = 121
Time = 12.1
Data = sz
File = feb_inputs/active_ascl/../../raw_logs/active_ascl/ascl_0.5_stress.txt

Data Record #3
===========================================================================
Step = 121
Time = 12.1
Data = J
File = feb_inputs/active_ascl/../../raw_logs/active_ascl/ascl_0.5_vol.txt

===== beginning time step 122 : 12.2 =====


Reforming stiffness matrix: reformation #1

 1
 Nonlinear solution status: time= 12.2
	stiffness updates             = 0
	right hand side evaluations   = 2
	stiffness matrix reformations = 1
	step from line search         = 1.000000
	convergence norms :     INITIAL         CURRENT         REQUIRED
	   residual            2.621532e+00    1.973449e-11    0.000000e+00 
	   energy              1.478245e-02    2.226766e-08    1.478245e-04 
	   displacement        7.061928e-04    7.061928e-04    7.061928e-10 
 2
 Nonlinear solution status: time= 12.2
	stiffness updates             = 1
	right hand side evaluations   = 3
	stiffness matrix reformations = 1
	step from line search         = 1.000000
	convergence norms :     INITIAL         CURRENT         REQUIRED
	   residual            2.621532e+00    7.793081e-18    0.000000e+00 
	   energy              1.478245e-02    1.764473e-16    1.478245e-04 
	   displacement        7.061928e-04    8.306182e-14    7.061871e-10 

convergence summary
    number of iterations   : 2
    number of reformations : 1

------- converged at time : 12.2


Data Record #1
===========================================================================
Step = 122
Time = 12.2
Data = uz
File = feb_inputs/active_ascl/../../raw_logs/active_ascl/ascl_0.5_disp.txt

Data Record #2
===========================================================================
Step = 122
Time = 12.2
Data = sz
File = feb_inputs/active_ascl/../../raw_logs/active_ascl/ascl_0.5_stress.txt

Data Record #3
===========================================================================
Step = 122
Time = 12.2
Data = J
File = feb_inputs/active_ascl/../../raw_logs/active_ascl/ascl_0.5_vol.txt

===== beginning time step 123 : 12.3 =====


Reforming stiffness matrix: reformation #1

 1
 Nonlinear solution status: time= 12.3
	stiffness updates             = 0
	right hand side evaluations   = 2
	stiffness matrix reformations = 1
	step from line search         = 1.000000
	convergence norms :     INITIAL         CURRENT         REQUIRED
	   residual            2.680007e+00    2.096400e-11    0.000000e+00 
	   energy              1.496871e-02    2.193679e-08    1.496871e-04 
	   displacement        7.132103e-04    7.132103e-04    7.132103e-10 
 2
 Nonlinear solution status: time= 12.3
	stiffness updates             = 1
	right hand side evaluations   = 3
	stiffness matrix reformations = 1
	step from line search         = 1.000000
	convergence norms :     INITIAL         CURRENT         REQUIRED
	   residual            2.680007e+00    9.149685e-18    0.000000e+00 
	   energy              1.496871e-02    1.789952e-16    1.496871e-04 
	   displacement        7.132103e-04    8.327935e-14    7.132049e-10 

convergence summary
    number of iterations   : 2
    number of reformations : 1

------- converged at time : 12.3


Data Record #1
===========================================================================
Step = 123
Time = 12.3
Data = uz
File = feb_inputs/active_ascl/../../raw_logs/active_ascl/ascl_0.5_disp.txt

Data Record #2
===========================================================================
Step = 123
Time = 12.3
Data = sz
File = feb_inputs/active_ascl/../../raw_logs/active_ascl/ascl_0.5_stress.txt

Data Record #3
===========================================================================
Step = 123
Time = 12.3
Data = J
File = feb_inputs/active_ascl/../../raw_logs/active_ascl/ascl_0.5_vol.txt

===== beginning time step 124 : 12.4 =====


Reforming stiffness matrix: reformation #1

 1
 Nonlinear solution status: time= 12.4
	stiffness updates             = 0
	right hand side evaluations   = 2
	stiffness matrix reformations = 1
	step from line search         = 1.000000
	convergence norms :     INITIAL         CURRENT         REQUIRED
	   residual            2.741576e+00    2.667909e-11    0.000000e+00 
	   energy              1.508942e-02    2.087360e-08    1.508942e-04 
	   displacement        7.147938e-04    7.147938e-04    7.147938e-10 
 2
 Nonlinear solution status: time= 12.4
	stiffness updates             = 1
	right hand side evaluations   = 3
	stiffness matrix reformations = 1
	step from line search         = 1.000000
	convergence norms :     INITIAL         CURRENT         REQUIRED
	   residual            2.741576e+00    1.022627e-17    0.000000e+00 
	   energy              1.508942e-02    1.983354e-16    1.508942e-04 
	   displacement        7.147938e-04    8.481265e-14    7.147889e-10 

convergence summary
    number of iterations   : 2
    number of reformations : 1

------- converged at time : 12.4


Data Record #1
===========================================================================
Step = 124
Time = 12.4
Data = uz
File = feb_inputs/active_ascl/../../raw_logs/active_ascl/ascl_0.5_disp.txt

Data Record #2
===========================================================================
Step = 124
Time = 12.4
Data = sz
File = feb_inputs/active_ascl/../../raw_logs/active_ascl/ascl_0.5_stress.txt

Data Record #3
===========================================================================
Step = 124
Time = 12.4
Data = J
File = feb_inputs/active_ascl/../../raw_logs/active_ascl/ascl_0.5_vol.txt

===== beginning time step 125 : 12.5 =====


Reforming stiffness matrix: reformation #1

 1
 Nonlinear solution status: time= 12.5
	stiffness updates             = 0
	right hand side evaluations   = 2
	stiffness matrix reformations = 1
	step from line search         = 1.000000
	convergence norms :     INITIAL         CURRENT         REQUIRED
	   residual            2.809871e+00    3.643521e-11    0.000000e+00 
	   energy              1.517266e-02    1.889107e-08    1.517266e-04 
	   displacement        7.111765e-04    7.111765e-04    7.111765e-10 
 2
 Nonlinear solution status: time= 12.5
	stiffness updates             = 1
	right hand side evaluations   = 3
	stiffness matrix reformations = 1
	step from line search         = 1.000000
	convergence norms :     INITIAL         CURRENT         REQUIRED
	   residual            2.809871e+00    1.362606e-17    0.000000e+00 
	   energy              1.517266e-02    2.306170e-16    1.517266e-04 
	   displacement        7.111765e-04    8.280106e-14    7.111725e-10 

convergence summary
    number of iterations   : 2
    number of reformations : 1

------- converged at time : 12.5


Data Record #1
===========================================================================
Step = 125
Time = 12.5
Data = uz
File = feb_inputs/active_ascl/../../raw_logs/active_ascl/ascl_0.5_disp.txt

Data Record #2
===========================================================================
Step = 125
Time = 12.5
Data = sz
File = feb_inputs/active_ascl/../../raw_logs/active_ascl/ascl_0.5_stress.txt

Data Record #3
===========================================================================
Step = 125
Time = 12.5
Data = J
File = feb_inputs/active_ascl/../../raw_logs/active_ascl/ascl_0.5_vol.txt

===== beginning time step 126 : 12.6 =====


Reforming stiffness matrix: reformation #1

 1
 Nonlinear solution status: time= 12.6
	stiffness updates             = 0
	right hand side evaluations   = 2
	stiffness matrix reformations = 1
	step from line search         = 1.000000
	convergence norms :     INITIAL         CURRENT         REQUIRED
	   residual            2.876236e+00    4.793683e-11    0.000000e+00 
	   energy              1.523905e-02    1.651628e-08    1.523905e-04 
	   displacement        7.060239e-04    7.060239e-04    7.060239e-10 
 2
 Nonlinear solution status: time= 12.6
	stiffness updates             = 1
	right hand side evaluations   = 3
	stiffness matrix reformations = 1
	step from line search         = 1.000000
	convergence norms :     INITIAL         CURRENT         REQUIRED
	   residual            2.876236e+00    1.830838e-17    0.000000e+00 
	   energy              1.523905e-02    2.463531e-16    1.523905e-04 
	   displacement        7.060239e-04    7.328383e-14    7.060207e-10 

convergence summary
    number of iterations   : 2
    number of reformations : 1

------- converged at time : 12.6


Data Record #1
===========================================================================
Step = 126
Time = 12.6
Data = uz
File = feb_inputs/active_ascl/../../raw_logs/active_ascl/ascl_0.5_disp.txt

Data Record #2
===========================================================================
Step = 126
Time = 12.6
Data = sz
File = feb_inputs/active_ascl/../../raw_logs/active_ascl/ascl_0.5_stress.txt

Data Record #3
===========================================================================
Step = 126
Time = 12.6
Data = J
File = feb_inputs/active_ascl/../../raw_logs/active_ascl/ascl_0.5_vol.txt

===== beginning time step 127 : 12.7 =====


Reforming stiffness matrix: reformation #1

 1
 Nonlinear solution status: time= 12.7
	stiffness updates             = 0
	right hand side evaluations   = 2
	stiffness matrix reformations = 1
	step from line search         = 1.000000
	convergence norms :     INITIAL         CURRENT         REQUIRED
	   residual            2.930873e+00    6.494171e-11    0.000000e+00 
	   energy              1.529409e-02    1.506629e-08    1.529409e-04 
	   displacement        7.024596e-04    7.024596e-04    7.024596e-10 
 2
 Nonlinear solution status: time= 12.7
	stiffness updates             = 1
	right hand side evaluations   = 3
	stiffness matrix reformations = 1
	step from line search         = 1.000000
	convergence norms :     INITIAL         CURRENT         REQUIRED
	   residual            2.930873e+00    2.618357e-17    0.000000e+00 
	   energy              1.529409e-02    2.809704e-16    1.529409e-04 
	   displacement        7.024596e-04    6.800189e-14    7.024572e-10 

convergence summary
    number of iterations   : 2
    number of reformations : 1

------- converged at time : 12.7


Data Record #1
===========================================================================
Step = 127
Time = 12.7
Data = uz
File = feb_inputs/active_ascl/../../raw_logs/active_ascl/ascl_0.5_disp.txt

Data Record #2
===========================================================================
Step = 127
Time = 12.7
Data = sz
File = feb_inputs/active_ascl/../../raw_logs/active_ascl/ascl_0.5_stress.txt

Data Record #3
===========================================================================
Step = 127
Time = 12.7
Data = J
File = feb_inputs/active_ascl/../../raw_logs/active_ascl/ascl_0.5_vol.txt

===== beginning time step 128 : 12.8 =====


Reforming stiffness matrix: reformation #1

 1
 Nonlinear solution status: time= 12.8
	stiffness updates             = 0
	right hand side evaluations   = 2
	stiffness matrix reformations = 1
	step from line search         = 1.000000
	convergence norms :     INITIAL         CURRENT         REQUIRED
	   residual            2.973237e+00    8.181836e-11    0.000000e+00 
	   energy              1.533013e-02    1.477999e-08    1.533013e-04 
	   displacement        6.995019e-04    6.995019e-04    6.995019e-10 
 2
 Nonlinear solution status: time= 12.8
	stiffness updates             = 1
	right hand side evaluations   = 3
	stiffness matrix reformations = 1
	step from line search         = 1.000000
	convergence norms :     INITIAL         CURRENT         REQUIRED
	   residual            2.973237e+00    3.446246e-17    0.000000e+00 
	   energy              1.533013e-02    3.375105e-16    1.533013e-04 
	   displacement        6.995019e-04    6.943932e-14    6.995000e-10 

convergence summary
    number of iterations   : 2
    number of reformations : 1

------- converged at time : 12.8


Data Record #1
===========================================================================
Step = 128
Time = 12.8
Data = uz
File = feb_inputs/active_ascl/../../raw_logs/active_ascl/ascl_0.5_disp.txt

Data Record #2
===========================================================================
Step = 128
Time = 12.8
Data = sz
File = feb_inputs/active_ascl/../../raw_logs/active_ascl/ascl_0.5_stress.txt

Data Record #3
===========================================================================
Step = 128
Time = 12.8
Data = J
File = feb_inputs/active_ascl/../../raw_logs/active_ascl/ascl_0.5_vol.txt

===== beginning time step 129 : 12.9 =====


Reforming stiffness matrix: reformation #1

 1
 Nonlinear solution status: time= 12.9
	stiffness updates             = 0
	right hand side evaluations   = 2
	stiffness matrix reformations = 1
	step from line search         = 1.000000
	convergence norms :     INITIAL         CURRENT         REQUIRED
	   residual            3.007227e+00    8.599335e-11    0.000000e+00 
	   energy              1.533366e-02    1.492834e-08    1.533366e-04 
	   displacement        6.952425e-04    6.952425e-04    6.952425e-10 
 2
 Nonlinear solution status: time= 12.9
	stiffness updates             = 1
	right hand side evaluations   = 3
	stiffness matrix reformations = 1
	step from line search         = 1.000000
	convergence norms :     INITIAL         CURRENT         REQUIRED
	   residual            3.007227e+00    3.561578e-17    0.000000e+00 
	   energy              1.533366e-02    3.625133e-16    1.533366e-04 
	   displacement        6.952425e-04    7.005890e-14    6.952409e-10 

convergence summary
    number of iterations   : 2
    number of reformations : 1

------- converged at time : 12.9


Data Record #1
===========================================================================
Step = 129
Time = 12.9
Data = uz
File = feb_inputs/active_ascl/../../raw_logs/active_ascl/ascl_0.5_disp.txt

Data Record #2
===========================================================================
Step = 129
Time = 12.9
Data = sz
File = feb_inputs/active_ascl/../../raw_logs/active_ascl/ascl_0.5_stress.txt

Data Record #3
===========================================================================
Step = 129
Time = 12.9
Data = J
File = feb_inputs/active_ascl/../../raw_logs/active_ascl/ascl_0.5_vol.txt

===== beginning time step 130 : 13 =====


Reforming stiffness matrix: reformation #1

 1
 Nonlinear solution status: time= 13
	stiffness updates             = 0
	right hand side evaluations   = 2
	stiffness matrix reformations = 1
	step from line search         = 1.000000
	convergence norms :     INITIAL         CURRENT         REQUIRED
	   residual            3.029728e+00    9.489159e-11    0.000000e+00 
	   energy              1.529389e-02    1.494166e-08    1.529389e-04 
	   displacement        6.898229e-04    6.898229e-04    6.898229e-10 
 2
 Nonlinear solution status: time= 13
	stiffness updates             = 1
	right hand side evaluations   = 3
	stiffness matrix reformations = 1
	step from line search         = 1.000000
	convergence norms :     INITIAL         CURRENT         REQUIRED
	   residual            3.029728e+00    4.131894e-17    0.000000e+00 
	   energy              1.529389e-02    4.264221e-16    1.529389e-04 
	   displacement        6.898229e-04    7.592205e-14    6.898217e-10 

convergence summary
    number of iterations   : 2
    number of reformations : 1

------- converged at time : 13


Data Record #1
===========================================================================
Step = 130
Time = 13
Data = uz
File = feb_inputs/active_ascl/../../raw_logs/active_ascl/ascl_0.5_disp.txt

Data Record #2
===========================================================================
Step = 130
Time = 13
Data = sz
File = feb_inputs/active_ascl/../../raw_logs/active_ascl/ascl_0.5_stress.txt

Data Record #3
===========================================================================
Step = 130
Time = 13
Data = J
File = feb_inputs/active_ascl/../../raw_logs/active_ascl/ascl_0.5_vol.txt

===== beginning time step 131 : 13.1 =====


Reforming stiffness matrix: reformation #1

 1
 Nonlinear solution status: time= 13.1
	stiffness updates             = 0
	right hand side evaluations   = 2
	stiffness matrix reformations = 1
	step from line search         = 1.000000
	convergence norms :     INITIAL         CURRENT         REQUIRED
	   residual            3.031744e+00    1.087818e-10    0.000000e+00 
	   energy              1.520565e-02    1.455622e-08    1.520565e-04 
	   displacement        6.844487e-04    6.844487e-04    6.844487e-10 
 2
 Nonlinear solution status: time= 13.1
	stiffness updates             = 1
	right hand side evaluations   = 3
	stiffness matrix reformations = 1
	step from line search         = 1.000000
	convergence norms :     INITIAL         CURRENT         REQUIRED
	   residual            3.031744e+00    4.679579e-17    0.000000e+00 
	   energy              1.520565e-02    4.725106e-16    1.520565e-04 
	   displacement        6.844487e-04    7.807662e-14    6.844476e-10 

convergence summary
    number of iterations   : 2
    number of reformations : 1

------- converged at time : 13.1


Data Record #1
===========================================================================
Step = 131
Time = 13.1
Data = uz
File = feb_inputs/active_ascl/../../raw_logs/active_ascl/ascl_0.5_disp.txt

Data Record #2
===========================================================================
Step = 131
Time = 13.1
Data = sz
File = feb_inputs/active_ascl/../../raw_logs/active_ascl/ascl_0.5_stress.txt

Data Record #3
===========================================================================
Step = 131
Time = 13.1
Data = J
File = feb_inputs/active_ascl/../../raw_logs/active_ascl/ascl_0.5_vol.txt

===== beginning time step 132 : 13.2 =====


Reforming stiffness matrix: reformation #1

 1
 Nonlinear solution status: time= 13.2
	stiffness updates             = 0
	right hand side evaluations   = 2
	stiffness matrix reformations = 1
	step from line search         = 1.000000
	convergence norms :     INITIAL         CURRENT         REQUIRED
	   residual            3.007714e+00    1.078925e-10    0.000000e+00 
	   energy              1.506916e-02    1.390554e-08    1.506916e-04 
	   displacement        6.796422e-04    6.796422e-04    6.796422e-10 
 2
 Nonlinear solution status: time= 13.2
	stiffness updates             = 1
	right hand side evaluations   = 3
	stiffness matrix reformations = 1
	step from line search         = 1.000000
	convergence norms :     INITIAL         CURRENT         REQUIRED
	   residual            3.007714e+00    4.376716e-17    0.000000e+00 
	   energy              1.506916e-02    4.397693e-16    1.506916e-04 
	   displacement        6.796422e-04    7.256066e-14    6.796409e-10 

convergence summary
    number of iterations   : 2
    number of reformations : 1

------- converged at time : 13.2


Data Record #1
===========================================================================
Step = 132
Time = 13.2
Data = uz
File = feb_inputs/active_ascl/../../raw_logs/active_ascl/ascl_0.5_disp.txt

Data Record #2
===========================================================================
Step = 132
Time = 13.2
Data = sz
File = feb_inputs/active_ascl/../../raw_logs/active_ascl/ascl_0.5_stress.txt

Data Record #3
===========================================================================
Step = 132
Time = 13.2
Data = J
File = feb_inputs/active_ascl/../../raw_logs/active_ascl/ascl_0.5_vol.txt

===== beginning time step 133 : 13.3 =====


Reforming stiffness matrix: reformation #1

 1
 Nonlinear solution status: time= 13.3
	stiffness updates             = 0
	right hand side evaluations   = 2
	stiffness matrix reformations = 1
	step from line search         = 1.000000
	convergence norms :     INITIAL         CURRENT         REQUIRED
	   residual            2.958762e+00    9.633972e-11    0.000000e+00 
	   energy              1.488694e-02    1.354847e-08    1.488694e-04 
	   displacement        6.746533e-04    6.746533e-04    6.746533e-10 
 2
 Nonlinear solution status: time= 13.3
	stiffness updates             = 1
	right hand side evaluations   = 3
	stiffness matrix reformations = 1
	step from line search         = 1.000000
	convergence norms :     INITIAL         CURRENT         REQUIRED
	   residual            2.958762e+00    3.845260e-17    0.000000e+00 
	   energy              1.488694e-02    3.846023e-16    1.488694e-04 
	   displacement        6.746533e-04    6.872743e-14    6.746516e-10 

convergence summary
    number of iterations   : 2
    number of reformations : 1

------- converged at time : 13.3


Data Record #1
===========================================================================
Step = 133
Time = 13.3
Data = uz
File = feb_inputs/active_ascl/../../raw_logs/active_ascl/ascl_0.5_disp.txt

Data Record #2
===========================================================================
Step = 133
Time = 13.3
Data = sz
File = feb_inputs/active_ascl/../../raw_logs/active_ascl/ascl_0.5_stress.txt

Data Record #3
===========================================================================
Step = 133
Time = 13.3
Data = J
File = feb_inputs/active_ascl/../../raw_logs/active_ascl/ascl_0.5_vol.txt

===== beginning time step 134 : 13.4 =====


Reforming stiffness matrix: reformation #1

 1
 Nonlinear solution status: time= 13.4
	stiffness updates             = 0
	right hand side evaluations   = 2
	stiffness matrix reformations = 1
	step from line search         = 1.000000
	convergence norms :     INITIAL         CURRENT         REQUIRED
	   residual            2.888580e+00    8.343156e-11    0.000000e+00 
	   energy              1.465980e-02    1.394458e-08    1.465980e-04 
	   displacement        6.687757e-04    6.687757e-04    6.687757e-10 
 2
 Nonlinear solution status: time= 13.4
	stiffness updates             = 1
	right hand side evaluations   = 3
	stiffness matrix reformations = 1
	step from line search         = 1.000000
	convergence norms :     INITIAL         CURRENT         REQUIRED
	   residual            2.888580e+00    3.387050e-17    0.000000e+00 
	   energy              1.465980e-02    3.512479e-16    1.465980e-04 
	   displacement        6.687757e-04    6.955478e-14    6.687738e-10 

convergence summary
    number of iterations   : 2
    number of reformations : 1

------- converged at time : 13.4


Data Record #1
===========================================================================
Step = 134
Time = 13.4
Data = uz
File = feb_inputs/active_ascl/../../raw_logs/active_ascl/ascl_0.5_disp.txt

Data Record #2
===========================================================================
Step = 134
Time = 13.4
Data = sz
File = feb_inputs/active_ascl/../../raw_logs/active_ascl/ascl_0.5_stress.txt

Data Record #3
===========================================================================
Step = 134
Time = 13.4
Data = J
File = feb_inputs/active_ascl/../../raw_logs/active_ascl/ascl_0.5_vol.txt

===== beginning time step 135 : 13.5 =====


Reforming stiffness matrix: reformation #1

 1
 Nonlinear solution status: time= 13.5
	stiffness updates             = 0
	right hand side evaluations   = 2
	stiffness matrix reformations = 1
	step from line search         = 1.000000
	convergence norms :     INITIAL         CURRENT         REQUIRED
	   residual            2.802304e+00    7.258370e-11    0.000000e+00 
	   energy              1.439150e-02    1.507196e-08    1.439150e-04 
	   displacement        6.622297e-04    6.622297e-04    6.622297e-10 
 2
 Nonlinear solution status: time= 13.5
	stiffness updates             = 1
	right hand side evaluations   = 3
	stiffness matrix reformations = 1
	step from line search         = 1.000000
	convergence norms :     INITIAL         CURRENT         REQUIRED
	   residual            2.802304e+00    3.038710e-17    0.000000e+00 
	   energy              1.439150e-02    3.295215e-16    1.439150e-04 
	   displacement        6.622297e-04    7.333051e-14    6.622277e-10 

convergence summary
    number of iterations   : 2
    number of reformations : 1

------- converged at time : 13.5


Data Record #1
===========================================================================
Step = 135
Time = 13.5
Data = uz
File = feb_inputs/active_ascl/../../raw_logs/active_ascl/ascl_0.5_disp.txt

Data Record #2
===========================================================================
Step = 135
Time = 13.5
Data = sz
File = feb_inputs/active_ascl/../../raw_logs/active_ascl/ascl_0.5_stress.txt

Data Record #3
===========================================================================
Step = 135
Time = 13.5
Data = J
File = feb_inputs/active_ascl/../../raw_logs/active_ascl/ascl_0.5_vol.txt

===== beginning time step 136 : 13.6 =====


Reforming stiffness matrix: reformation #1

 1
 Nonlinear solution status: time= 13.6
	stiffness updates             = 0
	right hand side evaluations   = 2
	stiffness matrix reformations = 1
	step from line search         = 1.000000
	convergence norms :     INITIAL         CURRENT         REQUIRED
	   residual            2.706557e+00    6.108003e-11    0.000000e+00 
	   energy              1.409009e-02    1.617293e-08    1.409009e-04 
	   displacement        6.545943e-04    6.545943e-04    6.545943e-10 
 2
 Nonlinear solution status: time= 13.6
	stiffness updates             = 1
	right hand side evaluations   = 3
	stiffness matrix reformations = 1
	step from line search         = 1.000000
	convergence norms :     INITIAL         CURRENT         REQUIRED
	   residual            2.706557e+00    2.569528e-17    0.000000e+00 
	   energy              1.409009e-02    2.940302e-16    1.409009e-04 
	   displacement        6.545943e-04    7.531105e-14    6.545920e-10 

convergence summary
    number of iterations   : 2
    number of reformations : 1

------- converged at time : 13.6


Data Record #1
===========================================================================
Step = 136
Time = 13.6
Data = uz
File = feb_inputs/active_ascl/../../raw_logs/active_ascl/ascl_0.5_disp.txt

Data Record #2
===========================================================================
Step = 136
Time = 13.6
Data = sz
File = feb_inputs/active_ascl/../../raw_logs/active_ascl/ascl_0.5_stress.txt

Data Record #3
===========================================================================
Step = 136
Time = 13.6
Data = J
File = feb_inputs/active_ascl/../../raw_logs/active_ascl/ascl_0.5_vol.txt

===== beginning time step 137 : 13.7 =====


Reforming stiffness matrix: reformation #1

 1
 Nonlinear solution status: time= 13.7
	stiffness updates             = 0
	right hand side evaluations   = 2
	stiffness matrix reformations = 1
	step from line search         = 1.000000
	convergence norms :     INITIAL         CURRENT         REQUIRED
	   residual            2.605419e+00    4.768598e-11    0.000000e+00 
	   energy              1.376213e-02    1.661364e-08    1.376213e-04 
	   displacement        6.445386e-04    6.445386e-04    6.445386e-10 
 2
 Nonlinear solution status: time= 13.7
	stiffness updates             = 1
	right hand side evaluations   = 3
	stiffness matrix reformations = 1
	step from line search         = 1.000000
	convergence norms :     INITIAL         CURRENT         REQUIRED
	   residual            2.605419e+00    2.093320e-17    0.000000e+00 
	   energy              1.376213e-02    2.537814e-16    1.376213e-04 
	   displacement        6.445386e-04    7.425227e-14    6.445359e-10 

convergence summary
    number of iterations   : 2
    number of reformations : 1

------- converged at time : 13.7


Data Record #1
===========================================================================
Step = 137
Time = 13.7
Data = uz
File = feb_inputs/active_ascl/../../raw_logs/active_ascl/ascl_0.5_disp.txt

Data Record #2
===========================================================================
Step = 137
Time = 13.7
Data = sz
File = feb_inputs/active_ascl/../../raw_logs/active_ascl/ascl_0.5_stress.txt

Data Record #3
===========================================================================
Step = 137
Time = 13.7
Data = J
File = feb_inputs/active_ascl/../../raw_logs/active_ascl/ascl_0.5_vol.txt

===== beginning time step 138 : 13.8 =====


Reforming stiffness matrix: reformation #1

 1
 Nonlinear solution status: time= 13.8
	stiffness updates             = 0
	right hand side evaluations   = 2
	stiffness matrix reformations = 1
	step from line search         = 1.000000
	convergence norms :     INITIAL         CURRENT         REQUIRED
	   residual            2.498552e+00    3.463661e-11    0.000000e+00 
	   energy              1.340879e-02    1.676712e-08    1.340879e-04 
	   displacement        6.317336e-04    6.317336e-04    6.317336e-10 
 2
 Nonlinear solution status: time= 13.8
	stiffness updates             = 1
	right hand side evaluations   = 3
	stiffness matrix reformations = 1
	step from line search         = 1.000000
	convergence norms :     INITIAL         CURRENT         REQUIRED
	   residual            2.498552e+00    1.655291e-17    0.000000e+00 
	   energy              1.340879e-02    2.236913e-16    1.340879e-04 
	   displacement        6.317336e-04    7.324655e-14    6.317303e-10 

convergence summary
    number of iterations   : 2
    number of reformations : 1

------- converged at time : 13.8


Data Record #1
===========================================================================
Step = 138
Time = 13.8
Data = uz
File = feb_inputs/active_ascl/../../raw_logs/active_ascl/ascl_0.5_disp.txt

Data Record #2
===========================================================================
Step = 138
Time = 13.8
Data = sz
File = feb_inputs/active_ascl/../../raw_logs/active_ascl/ascl_0.5_stress.txt

Data Record #3
===========================================================================
Step = 138
Time = 13.8
Data = J
File = feb_inputs/active_ascl/../../raw_logs/active_ascl/ascl_0.5_vol.txt

===== beginning time step 139 : 13.9 =====


Reforming stiffness matrix: reformation #1

 1
 Nonlinear solution status: time= 13.9
	stiffness updates             = 0
	right hand side evaluations   = 2
	stiffness matrix reformations = 1
	step from line search         = 1.000000
	convergence norms :     INITIAL         CURRENT         REQUIRED
	   residual            2.382885e+00    2.527051e-11    0.000000e+00 
	   energy              1.302762e-02    1.736456e-08    1.302762e-04 
	   displacement        6.178753e-04    6.178753e-04    6.178753e-10 
 2
 Nonlinear solution status: time= 13.9
	stiffness updates             = 1
	right hand side evaluations   = 3
	stiffness matrix reformations = 1
	step from line search         = 1.000000
	convergence norms :     INITIAL         CURRENT         REQUIRED
	   residual            2.382885e+00    1.323300e-17    0.000000e+00 
	   energy              1.302762e-02    2.118375e-16    1.302762e-04 
	   displacement        6.178753e-04    7.551612e-14    6.178713e-10 

convergence summary
    number of iterations   : 2
    number of reformations : 1

------- converged at time : 13.9


Data Record #1
===========================================================================
Step = 139
Time = 13.9
Data = uz
File = feb_inputs/active_ascl/../../raw_logs/active_ascl/ascl_0.5_disp.txt

Data Record #2
===========================================================================
Step = 139
Time = 13.9
Data = sz
File = feb_inputs/active_ascl/../../raw_logs/active_ascl/ascl_0.5_stress.txt

Data Record #3
===========================================================================
Step = 139
Time = 13.9
Data = J
File = feb_inputs/active_ascl/../../raw_logs/active_ascl/ascl_0.5_vol.txt

===== beginning time step 140 : 14 =====


Reforming stiffness matrix: reformation #1

 1
 Nonlinear solution status: time= 14
	stiffness updates             = 0
	right hand side evaluations   = 2
	stiffness matrix reformations = 1
	step from line search         = 1.000000
	convergence norms :     INITIAL         CURRENT         REQUIRED
	   residual            2.256786e+00    1.752025e-11    0.000000e+00 
	   energy              1.261375e-02    1.904279e-08    1.261375e-04 
	   displacement        6.045554e-04    6.045554e-04    6.045554e-10 
 2
 Nonlinear solution status: time= 14
	stiffness updates             = 1
	right hand side evaluations   = 3
	stiffness matrix reformations = 1
	step from line search         = 1.000000
	convergence norms :     INITIAL         CURRENT         REQUIRED
	   residual            2.256786e+00    8.167365e-18    0.000000e+00 
	   energy              1.261375e-02    1.777320e-16    1.261375e-04 
	   displacement        6.045554e-04    7.919766e-14    6.045511e-10 

convergence summary
    number of iterations   : 2
    number of reformations : 1

------- converged at time : 14


Data Record #1
===========================================================================
Step = 140
Time = 14
Data = uz
File = feb_inputs/active_ascl/../../raw_logs/active_ascl/ascl_0.5_disp.txt

Data Record #2
===========================================================================
Step = 140
Time = 14
Data = sz
File = feb_inputs/active_ascl/../../raw_logs/active_ascl/ascl_0.5_stress.txt

Data Record #3
===========================================================================
Step = 140
Time = 14
Data = J
File = feb_inputs/active_ascl/../../raw_logs/active_ascl/ascl_0.5_vol.txt

===== beginning time step 141 : 14.1 =====


Reforming stiffness matrix: reformation #1

 1
 Nonlinear solution status: time= 14.1
	stiffness updates             = 0
	right hand side evaluations   = 2
	stiffness matrix reformations = 1
	step from line search         = 1.000000
	convergence norms :     INITIAL         CURRENT         REQUIRED
	   residual            2.123703e+00    1.593557e-11    0.000000e+00 
	   energy              1.216080e-02    2.143509e-08    1.216080e-04 
	   displacement        5.905549e-04    5.905549e-04    5.905549e-10 
 2
 Nonlinear solution status: time= 14.1
	stiffness updates             = 1
	right hand side evaluations   = 3
	stiffness matrix reformations = 1
	step from line search         = 1.000000
	convergence norms :     INITIAL         CURRENT         REQUIRED
	   residual            2.123703e+00    5.522723e-18    0.000000e+00 
	   energy              1.216080e-02    1.550312e-16    1.216080e-04 
	   displacement        5.905549e-04    8.857299e-14    5.905500e-10 

convergence summary
    number of iterations   : 2
    number of reformations : 1

------- converged at time : 14.1


Data Record #1
===========================================================================
Step = 141
Time = 14.1
Data = uz
File = feb_inputs/active_ascl/../../raw_logs/active_ascl/ascl_0.5_disp.txt

Data Record #2
===========================================================================
Step = 141
Time = 14.1
Data = sz
File = feb_inputs/active_ascl/../../raw_logs/active_ascl/ascl_0.5_stress.txt

Data Record #3
===========================================================================
Step = 141
Time = 14.1
Data = J
File = feb_inputs/active_ascl/../../raw_logs/active_ascl/ascl_0.5_vol.txt

===== beginning time step 142 : 14.2 =====


Reforming stiffness matrix: reformation #1

 1
 Nonlinear solution status: time= 14.2
	stiffness updates             = 0
	right hand side evaluations   = 2
	stiffness matrix reformations = 1
	step from line search         = 1.000000
	convergence norms :     INITIAL         CURRENT         REQUIRED
	   residual            1.990539e+00    1.843846e-11    0.000000e+00 
	   energy              1.166271e-02    2.297068e-08    1.166271e-04 
	   displacement        5.729883e-04    5.729883e-04    5.729883e-10 
 2
 Nonlinear solution status: time= 14.2
	stiffness updates             = 1
	right hand side evaluations   = 3
	stiffness matrix reformations = 1
	step from line search         = 1.000000
	convergence norms :     INITIAL         CURRENT         REQUIRED
	   residual            1.990539e+00    5.182791e-18    0.000000e+00 
	   energy              1.166271e-02    1.620518e-16    1.166271e-04 
	   displacement        5.729883e-04    9.898490e-14    5.729829e-10 

convergence summary
    number of iterations   : 2
    number of reformations : 1

------- converged at time : 14.2


Data Record #1
===========================================================================
Step = 142
Time = 14.2
Data = uz
File = feb_inputs/active_ascl/../../raw_logs/active_ascl/ascl_0.5_disp.txt

Data Record #2
===========================================================================
Step = 142
Time = 14.2
Data = sz
File = feb_inputs/active_ascl/../../raw_logs/active_ascl/ascl_0.5_stress.txt

Data Record #3
===========================================================================
Step = 142
Time = 14.2
Data = J
File = feb_inputs/active_ascl/../../raw_logs/active_ascl/ascl_0.5_vol.txt

===== beginning time step 143 : 14.3 =====


Reforming stiffness matrix: reformation #1

 1
 Nonlinear solution status: time= 14.3
	stiffness updates             = 0
	right hand side evaluations   = 2
	stiffness matrix reformations = 1
	step from line search         = 1.000000
	convergence norms :     INITIAL         CURRENT         REQUIRED
	   residual            1.861482e+00    1.919109e-11    0.000000e+00 
	   energy              1.111425e-02    2.286270e-08    1.111425e-04 
	   displacement        5.505014e-04    5.505014e-04    5.505014e-10 
 2
 Nonlinear solution status: time= 14.3
	stiffness updates             = 1
	right hand side evaluations   = 3
	stiffness matrix reformations = 1
	step from line search         = 1.000000
	convergence norms :     INITIAL         CURRENT         REQUIRED
	   residual            1.861482e+00    5.301796e-18    0.000000e+00 
	   energy              1.111425e-02    1.746907e-16    1.111425e-04 
	   displacement        5.505014e-04    1.043986e-13    5.504957e-10 

convergence summary
    number of iterations   : 2
    number of reformations : 1

------- converged at time : 14.3


Data Record #1
===========================================================================
Step = 143
Time = 14.3
Data = uz
File = feb_inputs/active_ascl/../../raw_logs/active_ascl/ascl_0.5_disp.txt

Data Record #2
===========================================================================
Step = 143
Time = 14.3
Data = sz
File = feb_inputs/active_ascl/../../raw_logs/active_ascl/ascl_0.5_stress.txt

Data Record #3
===========================================================================
Step = 143
Time = 14.3
Data = J
File = feb_inputs/active_ascl/../../raw_logs/active_ascl/ascl_0.5_vol.txt

===== beginning time step 144 : 14.4 =====


Reforming stiffness matrix: reformation #1

 1
 Nonlinear solution status: time= 14.4
	stiffness updates             = 0
	right hand side evaluations   = 2
	stiffness matrix reformations = 1
	step from line search         = 1.000000
	convergence norms :     INITIAL         CURRENT         REQUIRED
	   residual            1.736682e+00    2.003631e-11    0.000000e+00 
	   energy              1.051259e-02    2.138372e-08    1.051259e-04 
	   displacement        5.235385e-04    5.235385e-04    5.235385e-10 
 2
 Nonlinear solution status: time= 14.4
	stiffness updates             = 1
	right hand side evaluations   = 3
	stiffness matrix reformations = 1
	step from line search         = 1.000000
	convergence norms :     INITIAL         CURRENT         REQUIRED
	   residual            1.736682e+00    7.558173e-18    0.000000e+00 
	   energy              1.051259e-02    1.871419e-16    1.051259e-04 
	   displacement        5.235385e-04    1.055601e-13    5.235329e-10 

convergence summary
    number of iterations   : 2
    number of reformations : 1

------- converged at time : 14.4


Data Record #1
===========================================================================
Step = 144
Time = 14.4
Data = uz
File = feb_inputs/active_ascl/../../raw_logs/active_ascl/ascl_0.5_disp.txt

Data Record #2
===========================================================================
Step = 144
Time = 14.4
Data = sz
File = feb_inputs/active_ascl/../../raw_logs/active_ascl/ascl_0.5_stress.txt

Data Record #3
===========================================================================
Step = 144
Time = 14.4
Data = J
File = feb_inputs/active_ascl/../../raw_logs/active_ascl/ascl_0.5_vol.txt

===== beginning time step 145 : 14.5 =====


Reforming stiffness matrix: reformation #1

 1
 Nonlinear solution status: time= 14.5
	stiffness updates             = 0
	right hand side evaluations   = 2
	stiffness matrix reformations = 1
	step from line search         = 1.000000
	convergence norms :     INITIAL         CURRENT         REQUIRED
	   residual            1.616575e+00    1.841241e-11    0.000000e+00 
	   energy              9.856158e-03    1.938431e-08    9.856158e-05 
	   displacement        4.923754e-04    4.923754e-04    4.923754e-10 
 2
 Nonlinear solution status: time= 14.5
	stiffness updates             = 1
	right hand side evaluations   = 3
	stiffness matrix reformations = 1
	step from line search         = 1.000000
	convergence norms :     INITIAL         CURRENT         REQUIRED
	   residual            1.616575e+00    9.387941e-18    0.000000e+00 
	   energy              9.856158e-03    1.925529e-16    9.856158e-05 
	   displacement        4.923754e-04    1.008240e-13    4.923702e-10 

convergence summary
    number of iterations   : 2
    number of reformations : 1

------- converged at time : 14.5


Data Record #1
===========================================================================
Step = 145
Time = 14.5
Data = uz
File = feb_inputs/active_ascl/../../raw_logs/active_ascl/ascl_0.5_disp.txt

Data Record #2
===========================================================================
Step = 145
Time = 14.5
Data = sz
File = feb_inputs/active_ascl/../../raw_logs/active_ascl/ascl_0.5_stress.txt

Data Record #3
===========================================================================
Step = 145
Time = 14.5
Data = J
File = feb_inputs/active_ascl/../../raw_logs/active_ascl/ascl_0.5_vol.txt

===== beginning time step 146 : 14.6 =====


Reforming stiffness matrix: reformation #1

 1
 Nonlinear solution status: time= 14.6
	stiffness updates             = 0
	right hand side evaluations   = 2
	stiffness matrix reformations = 1
	step from line search         = 1.000000
	convergence norms :     INITIAL         CURRENT         REQUIRED
	   residual            1.500165e+00    1.638354e-11    0.000000e+00 
	   energy              9.145690e-03    1.798853e-08    9.145690e-05 
	   displacement        4.566347e-04    4.566347e-04    4.566347e-10 
 2
 Nonlinear solution status: time= 14.6
	stiffness updates             = 1
	right hand side evaluations   = 3
	stiffness matrix reformations = 1
	step from line search         = 1.000000
	convergence norms :     INITIAL         CURRENT         REQUIRED
	   residual            1.500165e+00    8.786588e-18    0.000000e+00 
	   energy              9.145690e-03    1.840519e-16    9.145690e-05 
	   displacement        4.566347e-04    9.703305e-14    4.566298e-10 

convergence summary
    number of iterations   : 2
    number of reformations : 1

------- converged at time : 14.6


Data Record #1
===========================================================================
Step = 146
Time = 14.6
Data = uz
File = feb_inputs/active_ascl/../../raw_logs/active_ascl/ascl_0.5_disp.txt

Data Record #2
===========================================================================
Step = 146
Time = 14.6
Data = sz
File = feb_inputs/active_ascl/../../raw_logs/active_ascl/ascl_0.5_stress.txt

Data Record #3
===========================================================================
Step = 146
Time = 14.6
Data = J
File = feb_inputs/active_ascl/../../raw_logs/active_ascl/ascl_0.5_vol.txt

===== beginning time step 147 : 14.7 =====


Reforming stiffness matrix: reformation #1

 1
 Nonlinear solution status: time= 14.7
	stiffness updates             = 0
	right hand side evaluations   = 2
	stiffness matrix reformations = 1
	step from line search         = 1.000000
	convergence norms :     INITIAL         CURRENT         REQUIRED
	   residual            1.382309e+00    1.455524e-11    0.000000e+00 
	   energy              8.387448e-03    1.720415e-08    8.387448e-05 
	   displacement        4.170555e-04    4.170555e-04    4.170555e-10 
 2
 Nonlinear solution status: time= 14.7
	stiffness updates             = 1
	right hand side evaluations   = 3
	stiffness matrix reformations = 1
	step from line search         = 1.000000
	convergence norms :     INITIAL         CURRENT         REQUIRED
	   residual            1.382309e+00    7.889043e-18    0.000000e+00 
	   energy              8.387448e-03    1.762253e-16    8.387448e-05 
	   displacement        4.170555e-04    9.391922e-14    4.170510e-10 

convergence summary
    number of iterations   : 2
    number of reformations : 1

------- converged at time : 14.7


Data Record #1
===========================================================================
Step = 147
Time = 14.7
Data = uz
File = feb_inputs/active_ascl/../../raw_logs/active_ascl/ascl_0.5_disp.txt

Data Record #2
===========================================================================
Step = 147
Time = 14.7
Data = sz
File = feb_inputs/active_ascl/../../raw_logs/active_ascl/ascl_0.5_stress.txt

Data Record #3
===========================================================================
Step = 147
Time = 14.7
Data = J
File = feb_inputs/active_ascl/../../raw_logs/active_ascl/ascl_0.5_vol.txt

===== beginning time step 148 : 14.8 =====


Reforming stiffness matrix: reformation #1

 1
 Nonlinear solution status: time= 14.8
	stiffness updates             = 0
	right hand side evaluations   = 2
	stiffness matrix reformations = 1
	step from line search         = 1.000000
	convergence norms :     INITIAL         CURRENT         REQUIRED
	   residual            1.258267e+00    1.669541e-11    0.000000e+00 
	   energy              7.594046e-03    1.627407e-08    7.594046e-05 
	   displacement        3.760282e-04    3.760282e-04    3.760282e-10 
 2
 Nonlinear solution status: time= 14.8
	stiffness updates             = 1
	right hand side evaluations   = 3
	stiffness matrix reformations = 1
	step from line search         = 1.000000
	convergence norms :     INITIAL         CURRENT         REQUIRED
	   residual            1.258267e+00    9.037991e-18    0.000000e+00 
	   energy              7.594046e-03    1.746867e-16    7.594046e-05 
	   displacement        3.760282e-04    8.676752e-14    3.760241e-10 

convergence summary
    number of iterations   : 2
    number of reformations : 1

------- converged at time : 14.8


Data Record #1
===========================================================================
Step = 148
Time = 14.8
Data = uz
File = feb_inputs/active_ascl/../../raw_logs/active_ascl/ascl_0.5_disp.txt

Data Record #2
===========================================================================
Step = 148
Time = 14.8
Data = sz
File = feb_inputs/active_ascl/../../raw_logs/active_ascl/ascl_0.5_stress.txt

Data Record #3
===========================================================================
Step = 148
Time = 14.8
Data = J
File = feb_inputs/active_ascl/../../raw_logs/active_ascl/ascl_0.5_vol.txt

===== beginning time step 149 : 14.9 =====


Reforming stiffness matrix: reformation #1

 1
 Nonlinear solution status: time= 14.9
	stiffness updates             = 0
	right hand side evaluations   = 2
	stiffness matrix reformations = 1
	step from line search         = 1.000000
	convergence norms :     INITIAL         CURRENT         REQUIRED
	   residual            1.128872e+00    1.611873e-11    0.000000e+00 
	   energy              6.786292e-03    1.474245e-08    6.786292e-05 
	   displacement        3.356373e-04    3.356373e-04    3.356373e-10 
 2
 Nonlinear solution status: time= 14.9
	stiffness updates             = 1
	right hand side evaluations   = 3
	stiffness matrix reformations = 1
	step from line search         = 1.000000
	convergence norms :     INITIAL         CURRENT         REQUIRED
	   residual            1.128872e+00    8.925742e-18    0.000000e+00 
	   energy              6.786292e-03    1.684141e-16    6.786292e-05 
	   displacement        3.356373e-04    7.821206e-14    3.356337e-10 

convergence summary
    number of iterations   : 2
    number of reformations : 1

------- converged at time : 14.9


Data Record #1
===========================================================================
Step = 149
Time = 14.9
Data = uz
File = feb_inputs/active_ascl/../../raw_logs/active_ascl/ascl_0.5_disp.txt

Data Record #2
===========================================================================
Step = 149
Time = 14.9
Data = sz
File = feb_inputs/active_ascl/../../raw_logs/active_ascl/ascl_0.5_stress.txt

Data Record #3
===========================================================================
Step = 149
Time = 14.9
Data = J
File = feb_inputs/active_ascl/../../raw_logs/active_ascl/ascl_0.5_vol.txt

===== beginning time step 150 : 15 =====


Reforming stiffness matrix: reformation #1

 1
 Nonlinear solution status: time= 15
	stiffness updates             = 0
	right hand side evaluations   = 2
	stiffness matrix reformations = 1
	step from line search         = 1.000000
	convergence norms :     INITIAL         CURRENT         REQUIRED
	   residual            1.001635e+00    1.421389e-11    0.000000e+00 
	   energy              5.992789e-03    1.281300e-08    5.992789e-05 
	   displacement        2.968837e-04    2.968837e-04    2.968837e-10 
 2
 Nonlinear solution status: time= 15
	stiffness updates             = 1
	right hand side evaluations   = 3
	stiffness matrix reformations = 1
	step from line search         = 1.000000
	convergence norms :     INITIAL         CURRENT         REQUIRED
	   residual            1.001635e+00    8.109559e-18    0.000000e+00 
	   energy              5.992789e-03    1.484109e-16    5.992789e-05 
	   displacement        2.968837e-04    6.750245e-14    2.968806e-10 

convergence summary
    number of iterations   : 2
    number of reformations : 1

------- converged at time : 15


Data Record #1
===========================================================================
Step = 150
Time = 15
Data = uz
File = feb_inputs/active_ascl/../../raw_logs/active_ascl/ascl_0.5_disp.txt

Data Record #2
===========================================================================
Step = 150
Time = 15
Data = sz
File = feb_inputs/active_ascl/../../raw_logs/active_ascl/ascl_0.5_stress.txt

Data Record #3
===========================================================================
Step = 150
Time = 15
Data = J
File = feb_inputs/active_ascl/../../raw_logs/active_ascl/ascl_0.5_vol.txt

===== beginning time step 151 : 15.1 =====


Reforming stiffness matrix: reformation #1

 1
 Nonlinear solution status: time= 15.1
	stiffness updates             = 0
	right hand side evaluations   = 2
	stiffness matrix reformations = 1
	step from line search         = 1.000000
	convergence norms :     INITIAL         CURRENT         REQUIRED
	   residual            8.840134e-01    1.268866e-11    0.000000e+00 
	   energy              5.245393e-03    1.104174e-08    5.245393e-05 
	   displacement        2.607814e-04    2.607814e-04    2.607814e-10 
 2
 Nonlinear solution status: time= 15.1
	stiffness updates             = 1
	right hand side evaluations   = 3
	stiffness matrix reformations = 1
	step from line search         = 1.000000
	convergence norms :     INITIAL         CURRENT         REQUIRED
	   residual            8.840134e-01    8.416531e-18    0.000000e+00 
	   energy              5.245393e-03    1.358599e-16    5.245393e-05 
	   displacement        2.607814e-04    5.885287e-14    2.607788e-10 

convergence summary
    number of iterations   : 2
    number of reformations : 1

------- converged at time : 15.1


Data Record #1
===========================================================================
Step = 151
Time = 15.1
Data = uz
File = feb_inputs/active_ascl/../../raw_logs/active_ascl/ascl_0.5_disp.txt

Data Record #2
===========================================================================
Step = 151
Time = 15.1
Data = sz
File = feb_inputs/active_ascl/../../raw_logs/active_ascl/ascl_0.5_stress.txt

Data Record #3
===========================================================================
Step = 151
Time = 15.1
Data = J
File = feb_inputs/active_ascl/../../raw_logs/active_ascl/ascl_0.5_vol.txt

===== beginning time step 152 : 15.2 =====


Reforming stiffness matrix: reformation #1

 1
 Nonlinear solution status: time= 15.2
	stiffness updates             = 0
	right hand side evaluations   = 2
	stiffness matrix reformations = 1
	step from line search         = 1.000000
	convergence norms :     INITIAL         CURRENT         REQUIRED
	   residual            7.791424e-01    1.086440e-11    0.000000e+00 
	   energy              4.569613e-03    9.831109e-09    4.569613e-05 
	   displacement        2.279307e-04    2.279307e-04    2.279307e-10 
 2
 Nonlinear solution status: time= 15.2
	stiffness updates             = 1
	right hand side evaluations   = 3
	stiffness matrix reformations = 1
	step from line search         = 1.000000
	convergence norms :     INITIAL         CURRENT         REQUIRED
	   residual            7.791424e-01    7.449934e-18    0.000000e+00 
	   energy              4.569613e-03    1.330891e-16    4.569613e-05 
	   displacement        2.279307e-04    5.450089e-14    2.279282e-10 

convergence summary
    number of iterations   : 2
    number of reformations : 1

------- converged at time : 15.2


Data Record #1
===========================================================================
Step = 152
Time = 15.2
Data = uz
File = feb_inputs/active_ascl/../../raw_logs/active_ascl/ascl_0.5_disp.txt

Data Record #2
===========================================================================
Step = 152
Time = 15.2
Data = sz
File = feb_inputs/active_ascl/../../raw_logs/active_ascl/ascl_0.5_stress.txt

Data Record #3
===========================================================================
Step = 152
Time = 15.2
Data = J
File = feb_inputs/active_ascl/../../raw_logs/active_ascl/ascl_0.5_vol.txt

===== beginning time step 153 : 15.3 =====


Reforming stiffness matrix: reformation #1

 1
 Nonlinear solution status: time= 15.3
	stiffness updates             = 0
	right hand side evaluations   = 2
	stiffness matrix reformations = 1
	step from line search         = 1.000000
	convergence norms :     INITIAL         CURRENT         REQUIRED
	   residual            6.889244e-01    1.093908e-11    0.000000e+00 
	   energy              3.977691e-03    9.263624e-09    3.977691e-05 
	   displacement        1.984045e-04    1.984045e-04    1.984045e-10 
 2
 Nonlinear solution status: time= 15.3
	stiffness updates             = 1
	right hand side evaluations   = 3
	stiffness matrix reformations = 1
	step from line search         = 1.000000
	convergence norms :     INITIAL         CURRENT         REQUIRED
	   residual            6.889244e-01    7.010264e-18    0.000000e+00 
	   energy              3.977691e-03    1.351396e-16    3.977691e-05 
	   displacement        1.984045e-04    5.254864e-14    1.984021e-10 

convergence summary
    number of iterations   : 2
    number of reformations : 1

------- converged at time : 15.3


Data Record #1
===========================================================================
Step = 153
Time = 15.3
Data = uz
File = feb_inputs/active_ascl/../../raw_logs/active_ascl/ascl_0.5_disp.txt

Data Record #2
===========================================================================
Step = 153
Time = 15.3
Data = sz
File = feb_inputs/active_ascl/../../raw_logs/active_ascl/ascl_0.5_stress.txt

Data Record #3
===========================================================================
Step = 153
Time = 15.3
Data = J
File = feb_inputs/active_ascl/../../raw_logs/active_ascl/ascl_0.5_vol.txt

===== beginning time step 154 : 15.4 =====


Reforming stiffness matrix: reformation #1

 1
 Nonlinear solution status: time= 15.4
	stiffness updates             = 0
	right hand side evaluations   = 2
	stiffness matrix reformations = 1
	step from line search         = 1.000000
	convergence norms :     INITIAL         CURRENT         REQUIRED
	   residual            6.129245e-01    1.158225e-11    0.000000e+00 
	   energy              3.467969e-03    8.803673e-09    3.467969e-05 
	   displacement        1.725388e-04    1.725388e-04    1.725388e-10 
 2
 Nonlinear solution status: time= 15.4
	stiffness updates             = 1
	right hand side evaluations   = 3
	stiffness matrix reformations = 1
	step from line search         = 1.000000
	convergence norms :     INITIAL         CURRENT         REQUIRED
	   residual            6.129245e-01    7.571878e-18    0.000000e+00 
	   energy              3.467969e-03    1.522994e-16    3.467969e-05 
	   displacement        1.725388e-04    5.408262e-14    1.725363e-10 

convergence summary
    number of iterations   : 2
    number of reformations : 1

------- converged at time : 15.4


Data Record #1
===========================================================================
Step = 154
Time = 15.4
Data = uz
File = feb_inputs/active_ascl/../../raw_logs/active_ascl/ascl_0.5_disp.txt

Data Record #2
===========================================================================
Step = 154
Time = 15.4
Data = sz
File = feb_inputs/active_ascl/../../raw_logs/active_ascl/ascl_0.5_stress.txt

Data Record #3
===========================================================================
Step = 154
Time = 15.4
Data = J
File = feb_inputs/active_ascl/../../raw_logs/active_ascl/ascl_0.5_vol.txt

===== beginning time step 155 : 15.5 =====


Reforming stiffness matrix: reformation #1

 1
 Nonlinear solution status: time= 15.5
	stiffness updates             = 0
	right hand side evaluations   = 2
	stiffness matrix reformations = 1
	step from line search         = 1.000000
	convergence norms :     INITIAL         CURRENT         REQUIRED
	   residual            5.471927e-01    1.039301e-11    0.000000e+00 
	   energy              3.029325e-03    7.870756e-09    3.029325e-05 
	   displacement        1.501718e-04    1.501718e-04    1.501718e-10 
 2
 Nonlinear solution status: time= 15.5
	stiffness updates             = 1
	right hand side evaluations   = 3
	stiffness matrix reformations = 1
	step from line search         = 1.000000
	convergence norms :     INITIAL         CURRENT         REQUIRED
	   residual            5.471927e-01    7.354854e-18    0.000000e+00 
	   energy              3.029325e-03    1.519269e-16    3.029325e-05 
	   displacement        1.501718e-04    4.995290e-14    1.501696e-10 

convergence summary
    number of iterations   : 2
    number of reformations : 1

------- converged at time : 15.5


Data Record #1
===========================================================================
Step = 155
Time = 15.5
Data = uz
File = feb_inputs/active_ascl/../../raw_logs/active_ascl/ascl_0.5_disp.txt

Data Record #2
===========================================================================
Step = 155
Time = 15.5
Data = sz
File = feb_inputs/active_ascl/../../raw_logs/active_ascl/ascl_0.5_stress.txt

Data Record #3
===========================================================================
Step = 155
Time = 15.5
Data = J
File = feb_inputs/active_ascl/../../raw_logs/active_ascl/ascl_0.5_vol.txt

===== beginning time step 156 : 15.6 =====


Reforming stiffness matrix: reformation #1

 1
 Nonlinear solution status: time= 15.6
	stiffness updates             = 0
	right hand side evaluations   = 2
	stiffness matrix reformations = 1
	step from line search         = 1.000000
	convergence norms :     INITIAL         CURRENT         REQUIRED
	   residual            4.874547e-01    1.190692e-11    0.000000e+00 
	   energy              2.647824e-03    6.834833e-09    2.647824e-05 
	   displacement        1.308616e-04    1.308616e-04    1.308616e-10 
 2
 Nonlinear solution status: time= 15.6
	stiffness updates             = 1
	right hand side evaluations   = 3
	stiffness matrix reformations = 1
	step from line search         = 1.000000
	convergence norms :     INITIAL         CURRENT         REQUIRED
	   residual            4.874547e-01    8.380380e-18    0.000000e+00 
	   energy              2.647824e-03    1.595184e-16    2.647824e-05 
	   displacement        1.308616e-04    4.741652e-14    1.308595e-10 

convergence summary
    number of iterations   : 2
    number of reformations : 1

------- converged at time : 15.6


Data Record #1
===========================================================================
Step = 156
Time = 15.6
Data = uz
File = feb_inputs/active_ascl/../../raw_logs/active_ascl/ascl_0.5_disp.txt

Data Record #2
===========================================================================
Step = 156
Time = 15.6
Data = sz
File = feb_inputs/active_ascl/../../raw_logs/active_ascl/ascl_0.5_stress.txt

Data Record #3
===========================================================================
Step = 156
Time = 15.6
Data = J
File = feb_inputs/active_ascl/../../raw_logs/active_ascl/ascl_0.5_vol.txt

===== beginning time step 157 : 15.7 =====


Reforming stiffness matrix: reformation #1

 1
 Nonlinear solution status: time= 15.7
	stiffness updates             = 0
	right hand side evaluations   = 2
	stiffness matrix reformations = 1
	step from line search         = 1.000000
	convergence norms :     INITIAL         CURRENT         REQUIRED
	   residual            4.316787e-01    1.580766e-11    0.000000e+00 
	   energy              2.309037e-03    6.025471e-09    2.309037e-05 
	   displacement        1.137658e-04    1.137658e-04    1.137658e-10 
 2
 Nonlinear solution status: time= 15.7
	stiffness updates             = 1
	right hand side evaluations   = 3
	stiffness matrix reformations = 1
	step from line search         = 1.000000
	convergence norms :     INITIAL         CURRENT         REQUIRED
	   residual            4.316787e-01    1.032001e-17    0.000000e+00 
	   energy              2.309037e-03    1.815195e-16    2.309037e-05 
	   displacement        1.137658e-04    5.068609e-14    1.137639e-10 

convergence summary
    number of iterations   : 2
    number of reformations : 1

------- converged at time : 15.7


Data Record #1
===========================================================================
Step = 157
Time = 15.7
Data = uz
File = feb_inputs/active_ascl/../../raw_logs/active_ascl/ascl_0.5_disp.txt

Data Record #2
===========================================================================
Step = 157
Time = 15.7
Data = sz
File = feb_inputs/active_ascl/../../raw_logs/active_ascl/ascl_0.5_stress.txt

Data Record #3
===========================================================================
Step = 157
Time = 15.7
Data = J
File = feb_inputs/active_ascl/../../raw_logs/active_ascl/ascl_0.5_vol.txt

===== beginning time step 158 : 15.8 =====


Reforming stiffness matrix: reformation #1

 1
 Nonlinear solution status: time= 15.8
	stiffness updates             = 0
	right hand side evaluations   = 2
	stiffness matrix reformations = 1
	step from line search         = 1.000000
	convergence norms :     INITIAL         CURRENT         REQUIRED
	   residual            3.785605e-01    1.592933e-11    0.000000e+00 
	   energy              2.002250e-03    5.338695e-09    2.002250e-05 
	   displacement        9.802192e-05    9.802192e-05    9.802192e-11 
 2
 Nonlinear solution status: time= 15.8
	stiffness updates             = 1
	right hand side evaluations   = 3
	stiffness matrix reformations = 1
	step from line search         = 1.000000
	convergence norms :     INITIAL         CURRENT         REQUIRED
	   residual            3.785605e-01    9.456747e-18    0.000000e+00 
	   energy              2.002250e-03    1.821731e-16    2.002250e-05 
	   displacement        9.802192e-05    5.038660e-14    9.802021e-11 

convergence summary
    number of iterations   : 2
    number of reformations : 1

------- converged at time : 15.8


Data Record #1
===========================================================================
Step = 158
Time = 15.8
Data = uz
File = feb_inputs/active_ascl/../../raw_logs/active_ascl/ascl_0.5_disp.txt

Data Record #2
===========================================================================
Step = 158
Time = 15.8
Data = sz
File = feb_inputs/active_ascl/../../raw_logs/active_ascl/ascl_0.5_stress.txt

Data Record #3
===========================================================================
Step = 158
Time = 15.8
Data = J
File = feb_inputs/active_ascl/../../raw_logs/active_ascl/ascl_0.5_vol.txt

===== beginning time step 159 : 15.9 =====


Reforming stiffness matrix: reformation #1

 1
 Nonlinear solution status: time= 15.9
	stiffness updates             = 0
	right hand side evaluations   = 2
	stiffness matrix reformations = 1
	step from line search         = 1.000000
	convergence norms :     INITIAL         CURRENT         REQUIRED
	   residual            3.269882e-01    1.581658e-11    0.000000e+00 
	   energy              1.726311e-03    4.851864e-09    1.726311e-05 
	   displacement        8.407138e-05    8.407138e-05    8.407138e-11 
 2
 Nonlinear solution status: time= 15.9
	stiffness updates             = 1
	right hand side evaluations   = 3
	stiffness matrix reformations = 1
	step from line search         = 1.000000
	convergence norms :     INITIAL         CURRENT         REQUIRED
	   residual            3.269882e-01    1.079332e-17    0.000000e+00 
	   energy              1.726311e-03    1.897289e-16    1.726311e-05 
	   displacement        8.407138e-05    4.724182e-14    8.406991e-11 

convergence summary
    number of iterations   : 2
    number of reformations : 1

------- converged at time : 15.9


Data Record #1
===========================================================================
Step = 159
Time = 15.9
Data = uz
File = feb_inputs/active_ascl/../../raw_logs/active_ascl/ascl_0.5_disp.txt

Data Record #2
===========================================================================
Step = 159
Time = 15.9
Data = sz
File = feb_inputs/active_ascl/../../raw_logs/active_ascl/ascl_0.5_stress.txt

Data Record #3
===========================================================================
Step = 159
Time = 15.9
Data = J
File = feb_inputs/active_ascl/../../raw_logs/active_ascl/ascl_0.5_vol.txt

===== beginning time step 160 : 16 =====


Reforming stiffness matrix: reformation #1

 1
 Nonlinear solution status: time= 16
	stiffness updates             = 0
	right hand side evaluations   = 2
	stiffness matrix reformations = 1
	step from line search         = 1.000000
	convergence norms :     INITIAL         CURRENT         REQUIRED
	   residual            2.780429e-01    1.281928e-11    0.000000e+00 
	   energy              1.490864e-03    4.373931e-09    1.490864e-05 
	   displacement        7.296907e-05    7.296907e-05    7.296907e-11 
 2
 Nonlinear solution status: time= 16
	stiffness updates             = 1
	right hand side evaluations   = 3
	stiffness matrix reformations = 1
	step from line search         = 1.000000
	convergence norms :     INITIAL         CURRENT         REQUIRED
	   residual            2.780429e-01    1.045422e-17    0.000000e+00 
	   energy              1.490864e-03    1.769019e-16    1.490864e-05 
	   displacement        7.296907e-05    4.127097e-14    7.296767e-11 

convergence summary
    number of iterations   : 2
    number of reformations : 1

------- converged at time : 16


Data Record #1
===========================================================================
Step = 160
Time = 16
Data = uz
File = feb_inputs/active_ascl/../../raw_logs/active_ascl/ascl_0.5_disp.txt

Data Record #2
===========================================================================
Step = 160
Time = 16
Data = sz
File = feb_inputs/active_ascl/../../raw_logs/active_ascl/ascl_0.5_stress.txt

Data Record #3
===========================================================================
Step = 160
Time = 16
Data = J
File = feb_inputs/active_ascl/../../raw_logs/active_ascl/ascl_0.5_vol.txt

===== beginning time step 161 : 16.1 =====


Reforming stiffness matrix: reformation #1

 1
 Nonlinear solution status: time= 16.1
	stiffness updates             = 0
	right hand side evaluations   = 2
	stiffness matrix reformations = 1
	step from line search         = 1.000000
	convergence norms :     INITIAL         CURRENT         REQUIRED
	   residual            2.357081e-01    1.122177e-11    0.000000e+00 
	   energy              1.314728e-03    3.986359e-09    1.314728e-05 
	   displacement        6.576322e-05    6.576322e-05    6.576322e-11 
 2
 Nonlinear solution status: time= 16.1
	stiffness updates             = 1
	right hand side evaluations   = 3
	stiffness matrix reformations = 1
	step from line search         = 1.000000
	convergence norms :     INITIAL         CURRENT         REQUIRED
	   residual            2.357081e-01    9.795402e-18    0.000000e+00 
	   energy              1.314728e-03    1.532515e-16    1.314728e-05 
	   displacement        6.576322e-05    3.583483e-14    6.576179e-11 

convergence summary
    number of iterations   : 2
    number of reformations : 1

------- converged at time : 16.1


Data Record #1
===========================================================================
Step = 161
Time = 16.1
Data = uz
File = feb_inputs/active_ascl/../../raw_logs/active_ascl/ascl_0.5_disp.txt

Data Record #2
===========================================================================
Step = 161
Time = 16.1
Data = sz
File = feb_inputs/active_ascl/../../raw_logs/active_ascl/ascl_0.5_stress.txt

Data Record #3
===========================================================================
Step = 161
Time = 16.1
Data = J
File = feb_inputs/active_ascl/../../raw_logs/active_ascl/ascl_0.5_vol.txt

===== beginning time step 162 : 16.2 =====


Reforming stiffness matrix: reformation #1

 1
 Nonlinear solution status: time= 16.2
	stiffness updates             = 0
	right hand side evaluations   = 2
	stiffness matrix reformations = 1
	step from line search         = 1.000000
	convergence norms :     INITIAL         CURRENT         REQUIRED
	   residual            2.055896e-01    9.251955e-12    0.000000e+00 
	   energy              1.216120e-03    3.948654e-09    1.216120e-05 
	   displacement        6.320286e-05    6.320286e-05    6.320286e-11 
 2
 Nonlinear solution status: time= 16.2
	stiffness updates             = 1
	right hand side evaluations   = 3
	stiffness matrix reformations = 1
	step from line search         = 1.000000
	convergence norms :     INITIAL         CURRENT         REQUIRED
	   residual            2.055896e-01    7.563257e-18    0.000000e+00 
	   energy              1.216120e-03    1.146650e-16    1.216120e-05 
	   displacement        6.320286e-05    3.159647e-14    6.320141e-11 

convergence summary
    number of iterations   : 2
    number of reformations : 1

------- converged at time : 16.2


Data Record #1
===========================================================================
Step = 162
Time = 16.2
Data = uz
File = feb_inputs/active_ascl/../../raw_logs/active_ascl/ascl_0.5_disp.txt

Data Record #2
===========================================================================
Step = 162
Time = 16.2
Data = sz
File = feb_inputs/active_ascl/../../raw_logs/active_ascl/ascl_0.5_stress.txt

Data Record #3
===========================================================================
Step = 162
Time = 16.2
Data = J
File = feb_inputs/active_ascl/../../raw_logs/active_ascl/ascl_0.5_vol.txt

===== beginning time step 163 : 16.3 =====


Reforming stiffness matrix: reformation #1

 1
 Nonlinear solution status: time= 16.3
	stiffness updates             = 0
	right hand side evaluations   = 2
	stiffness matrix reformations = 1
	step from line search         = 1.000000
	convergence norms :     INITIAL         CURRENT         REQUIRED
	   residual            1.919375e-01    1.336433e-11    0.000000e+00 
	   energy              1.203851e-03    4.714280e-09    1.203851e-05 
	   displacement        6.513574e-05    6.513574e-05    6.513574e-11 
 2
 Nonlinear solution status: time= 16.3
	stiffness updates             = 1
	right hand side evaluations   = 3
	stiffness matrix reformations = 1
	step from line search         = 1.000000
	convergence norms :     INITIAL         CURRENT         REQUIRED
	   residual            1.919375e-01    7.917888e-18    0.000000e+00 
	   energy              1.203851e-03    1.125386e-16    1.203851e-05 
	   displacement        6.513574e-05    3.560138e-14    6.513412e-11 

convergence summary
    number of iterations   : 2
    number of reformations : 1

------- converged at time : 16.3


Data Record #1
===========================================================================
Step = 163
Time = 16.3
Data = uz
File = feb_inputs/active_ascl/../../raw_logs/active_ascl/ascl_0.5_disp.txt

Data Record #2
===========================================================================
Step = 163
Time = 16.3
Data = sz
File = feb_inputs/active_ascl/../../raw_logs/active_ascl/ascl_0.5_stress.txt

Data Record #3
===========================================================================
Step = 163
Time = 16.3
Data = J
File = feb_inputs/active_ascl/../../raw_logs/active_ascl/ascl_0.5_vol.txt

===== beginning time step 164 : 16.4 =====


Reforming stiffness matrix: reformation #1

 1
 Nonlinear solution status: time= 16.4
	stiffness updates             = 0
	right hand side evaluations   = 2
	stiffness matrix reformations = 1
	step from line search         = 1.000000
	convergence norms :     INITIAL         CURRENT         REQUIRED
	   residual            1.962294e-01    2.350604e-11    0.000000e+00 
	   energy              1.272113e-03    6.298976e-09    1.272113e-05 
	   displacement        7.068490e-05    7.068490e-05    7.068490e-11 
 2
 Nonlinear solution status: time= 16.4
	stiffness updates             = 1
	right hand side evaluations   = 3
	stiffness matrix reformations = 1
	step from line search         = 1.000000
	convergence norms :     INITIAL         CURRENT         REQUIRED
	   residual            1.962294e-01    1.163857e-17    0.000000e+00 
	   energy              1.272113e-03    1.440476e-16    1.272113e-05 
	   displacement        7.068490e-05    4.691206e-14    7.068294e-11 

convergence summary
    number of iterations   : 2
    number of reformations : 1

------- converged at time : 16.4


Data Record #1
===========================================================================
Step = 164
Time = 16.4
Data = uz
File = feb_inputs/active_ascl/../../raw_logs/active_ascl/ascl_0.5_disp.txt

Data Record #2
===========================================================================
Step = 164
Time = 16.4
Data = sz
File = feb_inputs/active_ascl/../../raw_logs/active_ascl/ascl_0.5_stress.txt

Data Record #3
===========================================================================
Step = 164
Time = 16.4
Data = J
File = feb_inputs/active_ascl/../../raw_logs/active_ascl/ascl_0.5_vol.txt

===== beginning time step 165 : 16.5 =====


Reforming stiffness matrix: reformation #1

 1
 Nonlinear solution status: time= 16.5
	stiffness updates             = 0
	right hand side evaluations   = 2
	stiffness matrix reformations = 1
	step from line search         = 1.000000
	convergence norms :     INITIAL         CURRENT         REQUIRED
	   residual            2.168489e-01    3.495750e-11    0.000000e+00 
	   energy              1.403997e-03    8.368196e-09    1.403997e-05 
	   displacement        7.871163e-05    7.871163e-05    7.871163e-11 
 2
 Nonlinear solution status: time= 16.5
	stiffness updates             = 1
	right hand side evaluations   = 3
	stiffness matrix reformations = 1
	step from line search         = 1.000000
	convergence norms :     INITIAL         CURRENT         REQUIRED
	   residual            2.168489e-01    1.441388e-17    0.000000e+00 
	   energy              1.403997e-03    1.815142e-16    1.403997e-05 
	   displacement        7.871163e-05    6.229010e-14    7.870922e-11 

convergence summary
    number of iterations   : 2
    number of reformations : 1

------- converged at time : 16.5


Data Record #1
===========================================================================
Step = 165
Time = 16.5
Data = uz
File = feb_inputs/active_ascl/../../raw_logs/active_ascl/ascl_0.5_disp.txt

Data Record #2
===========================================================================
Step = 165
Time = 16.5
Data = sz
File = feb_inputs/active_ascl/../../raw_logs/active_ascl/ascl_0.5_stress.txt

Data Record #3
===========================================================================
Step = 165
Time = 16.5
Data = J
File = feb_inputs/active_ascl/../../raw_logs/active_ascl/ascl_0.5_vol.txt

===== beginning time step 166 : 16.6 =====


Reforming stiffness matrix: reformation #1

 1
 Nonlinear solution status: time= 16.6
	stiffness updates             = 0
	right hand side evaluations   = 2
	stiffness matrix reformations = 1
	step from line search         = 1.000000
	convergence norms :     INITIAL         CURRENT         REQUIRED
	   residual            2.494621e-01    4.216113e-11    0.000000e+00 
	   energy              1.582424e-03    1.023967e-08    1.582424e-05 
	   displacement        8.823391e-05    8.823391e-05    8.823391e-11 
 2
 Nonlinear solution status: time= 16.6
	stiffness updates             = 1
	right hand side evaluations   = 3
	stiffness matrix reformations = 1
	step from line search         = 1.000000
	convergence norms :     INITIAL         CURRENT         REQUIRED
	   residual            2.494621e-01    1.661043e-17    0.000000e+00 
	   energy              1.582424e-03    1.950724e-16    1.582424e-05 
	   displacement        8.823391e-05    7.241138e-14    8.823112e-11 

convergence summary
    number of iterations   : 2
    number of reformations : 1

------- converged at time : 16.6


Data Record #1
===========================================================================
Step = 166
Time = 16.6
Data = uz
File = feb_inputs/active_ascl/../../raw_logs/active_ascl/ascl_0.5_disp.txt

Data Record #2
===========================================================================
Step = 166
Time = 16.6
Data = sz
File = feb_inputs/active_ascl/../../raw_logs/active_ascl/ascl_0.5_stress.txt

Data Record #3
===========================================================================
Step = 166
Time = 16.6
Data = J
File = feb_inputs/active_ascl/../../raw_logs/active_ascl/ascl_0.5_vol.txt

===== beginning time step 167 : 16.7 =====


Reforming stiffness matrix: reformation #1

 1
 Nonlinear solution status: time= 16.7
	stiffness updates             = 0
	right hand side evaluations   = 2
	stiffness matrix reformations = 1
	step from line search         = 1.000000
	convergence norms :     INITIAL         CURRENT         REQUIRED
	   residual            2.893189e-01    4.896388e-11    0.000000e+00 
	   energy              1.794325e-03    1.149126e-08    1.794325e-05 
	   displacement        9.876540e-05    9.876540e-05    9.876540e-11 
 2
 Nonlinear solution status: time= 16.7
	stiffness updates             = 1
	right hand side evaluations   = 3
	stiffness matrix reformations = 1
	step from line search         = 1.000000
	convergence norms :     INITIAL         CURRENT         REQUIRED
	   residual            2.893189e-01    2.136772e-17    0.000000e+00 
	   energy              1.794325e-03    2.134795e-16    1.794325e-05 
	   displacement        9.876540e-05    7.738205e-14    9.876238e-11 

convergence summary
    number of iterations   : 2
    number of reformations : 1

------- converged at time : 16.7


Data Record #1
===========================================================================
Step = 167
Time = 16.7
Data = uz
File = feb_inputs/active_ascl/../../raw_logs/active_ascl/ascl_0.5_disp.txt

Data Record #2
===========================================================================
Step = 167
Time = 16.7
Data = sz
File = feb_inputs/active_ascl/../../raw_logs/active_ascl/ascl_0.5_stress.txt

Data Record #3
===========================================================================
Step = 167
Time = 16.7
Data = J
File = feb_inputs/active_ascl/../../raw_logs/active_ascl/ascl_0.5_vol.txt

===== beginning time step 168 : 16.8 =====


Reforming stiffness matrix: reformation #1

 1
 Nonlinear solution status: time= 16.8
	stiffness updates             = 0
	right hand side evaluations   = 2
	stiffness matrix reformations = 1
	step from line search         = 1.000000
	convergence norms :     INITIAL         CURRENT         REQUIRED
	   residual            3.318999e-01    5.287706e-11    0.000000e+00 
	   energy              2.025504e-03    1.236429e-08    2.025504e-05 
	   displacement        1.102512e-04    1.102512e-04    1.102512e-10 
 2
 Nonlinear solution status: time= 16.8
	stiffness updates             = 1
	right hand side evaluations   = 3
	stiffness matrix reformations = 1
	step from line search         = 1.000000
	convergence norms :     INITIAL         CURRENT         REQUIRED
	   residual            3.318999e-01    2.342183e-17    0.000000e+00 
	   energy              2.025504e-03    2.468092e-16    2.025504e-05 
	   displacement        1.102512e-04    8.389602e-14    1.102479e-10 

convergence summary
    number of iterations   : 2
    number of reformations : 1

------- converged at time : 16.8


Data Record #1
===========================================================================
Step = 168
Time = 16.8
Data = uz
File = feb_inputs/active_ascl/../../raw_logs/active_ascl/ascl_0.5_disp.txt

Data Record #2
===========================================================================
Step = 168
Time = 16.8
Data = sz
File = feb_inputs/active_ascl/../../raw_logs/active_ascl/ascl_0.5_stress.txt

Data Record #3
===========================================================================
Step = 168
Time = 16.8
Data = J
File = feb_inputs/active_ascl/../../raw_logs/active_ascl/ascl_0.5_vol.txt

===== beginning time step 169 : 16.9 =====


Reforming stiffness matrix: reformation #1

 1
 Nonlinear solution status: time= 16.9
	stiffness updates             = 0
	right hand side evaluations   = 2
	stiffness matrix reformations = 1
	step from line search         = 1.000000
	convergence norms :     INITIAL         CURRENT         REQUIRED
	   residual            3.722110e-01    6.126358e-11    0.000000e+00 
	   energy              2.257749e-03    1.347835e-08    2.257749e-05 
	   displacement        1.221894e-04    1.221894e-04    1.221894e-10 
 2
 Nonlinear solution status: time= 16.9
	stiffness updates             = 1
	right hand side evaluations   = 3
	stiffness matrix reformations = 1
	step from line search         = 1.000000
	convergence norms :     INITIAL         CURRENT         REQUIRED
	   residual            3.722110e-01    2.556974e-17    0.000000e+00 
	   energy              2.257749e-03    2.660843e-16    2.257749e-05 
	   displacement        1.221894e-04    8.462639e-14    1.221860e-10 

convergence summary
    number of iterations   : 2
    number of reformations : 1

------- converged at time : 16.9


Data Record #1
===========================================================================
Step = 169
Time = 16.9
Data = uz
File = feb_inputs/active_ascl/../../raw_logs/active_ascl/ascl_0.5_disp.txt

Data Record #2
===========================================================================
Step = 169
Time = 16.9
Data = sz
File = feb_inputs/active_ascl/../../raw_logs/active_ascl/ascl_0.5_stress.txt

Data Record #3
===========================================================================
Step = 169
Time = 16.9
Data = J
File = feb_inputs/active_ascl/../../raw_logs/active_ascl/ascl_0.5_vol.txt

===== beginning time step 170 : 17 =====


Reforming stiffness matrix: reformation #1

 1
 Nonlinear solution status: time= 17
	stiffness updates             = 0
	right hand side evaluations   = 2
	stiffness matrix reformations = 1
	step from line search         = 1.000000
	convergence norms :     INITIAL         CURRENT         REQUIRED
	   residual            4.070742e-01    7.747188e-11    0.000000e+00 
	   energy              2.473203e-03    1.532929e-08    2.473203e-05 
	   displacement        1.335939e-04    1.335939e-04    1.335939e-10 
 2
 Nonlinear solution status: time= 17
	stiffness updates             = 1
	right hand side evaluations   = 3
	stiffness matrix reformations = 1
	step from line search         = 1.000000
	convergence norms :     INITIAL         CURRENT         REQUIRED
	   residual            4.070742e-01    3.236077e-17    0.000000e+00 
	   energy              2.473203e-03    2.932894e-16    2.473203e-05 
	   displacement        1.335939e-04    8.900110e-14    1.335902e-10 

convergence summary
    number of iterations   : 2
    number of reformations : 1

------- converged at time : 17


Data Record #1
===========================================================================
Step = 170
Time = 17
Data = uz
File = feb_inputs/active_ascl/../../raw_logs/active_ascl/ascl_0.5_disp.txt

Data Record #2
===========================================================================
Step = 170
Time = 17
Data = sz
File = feb_inputs/active_ascl/../../raw_logs/active_ascl/ascl_0.5_stress.txt

Data Record #3
===========================================================================
Step = 170
Time = 17
Data = J
File = feb_inputs/active_ascl/../../raw_logs/active_ascl/ascl_0.5_vol.txt

===== beginning time step 171 : 17.1 =====


Reforming stiffness matrix: reformation #1

 1
 Nonlinear solution status: time= 17.1
	stiffness updates             = 0
	right hand side evaluations   = 2
	stiffness matrix reformations = 1
	step from line search         = 1.000000
	convergence norms :     INITIAL         CURRENT         REQUIRED
	   residual            4.355092e-01    9.898272e-11    0.000000e+00 
	   energy              2.654305e-03    1.727733e-08    2.654305e-05 
	   displacement        1.430761e-04    1.430761e-04    1.430761e-10 
 2
 Nonlinear solution status: time= 17.1
	stiffness updates             = 1
	right hand side evaluations   = 3
	stiffness matrix reformations = 1
	step from line search         = 1.000000
	convergence norms :     INITIAL         CURRENT         REQUIRED
	   residual            4.355092e-01    4.109332e-17    0.000000e+00 
	   energy              2.654305e-03    3.476893e-16    2.654305e-05 
	   displacement        1.430761e-04    9.982658e-14    1.430720e-10 

convergence summary
    number of iterations   : 2
    number of reformations : 1

------- converged at time : 17.1


Data Record #1
===========================================================================
Step = 171
Time = 17.1
Data = uz
File = feb_inputs/active_ascl/../../raw_logs/active_ascl/ascl_0.5_disp.txt

Data Record #2
===========================================================================
Step = 171
Time = 17.1
Data = sz
File = feb_inputs/active_ascl/../../raw_logs/active_ascl/ascl_0.5_stress.txt

Data Record #3
===========================================================================
Step = 171
Time = 17.1
Data = J
File = feb_inputs/active_ascl/../../raw_logs/active_ascl/ascl_0.5_vol.txt

===== beginning time step 172 : 17.2 =====


Reforming stiffness matrix: reformation #1

 1
 Nonlinear solution status: time= 17.2
	stiffness updates             = 0
	right hand side evaluations   = 2
	stiffness matrix reformations = 1
	step from line search         = 1.000000
	convergence norms :     INITIAL         CURRENT         REQUIRED
	   residual            4.563391e-01    1.145040e-10    0.000000e+00 
	   energy              2.782717e-03    1.809682e-08    2.782717e-05 
	   displacement        1.493752e-04    1.493752e-04    1.493752e-10 
 2
 Nonlinear solution status: time= 17.2
	stiffness updates             = 1
	right hand side evaluations   = 3
	stiffness matrix reformations = 1
	step from line search         = 1.000000
	convergence norms :     INITIAL         CURRENT         REQUIRED
	   residual            4.563391e-01    4.497859e-17    0.000000e+00 
	   energy              2.782717e-03    3.784491e-16    2.782717e-05 
	   displacement        1.493752e-04    1.008048e-13    1.493709e-10 

convergence summary
    number of iterations   : 2
    number of reformations : 1

------- converged at time : 17.2


Data Record #1
===========================================================================
Step = 172
Time = 17.2
Data = uz
File = feb_inputs/active_ascl/../../raw_logs/active_ascl/ascl_0.5_disp.txt

Data Record #2
===========================================================================
Step = 172
Time = 17.2
Data = sz
File = feb_inputs/active_ascl/../../raw_logs/active_ascl/ascl_0.5_stress.txt

Data Record #3
===========================================================================
Step = 172
Time = 17.2
Data = J
File = feb_inputs/active_ascl/../../raw_logs/active_ascl/ascl_0.5_vol.txt

===== beginning time step 173 : 17.3 =====


Reforming stiffness matrix: reformation #1

 1
 Nonlinear solution status: time= 17.3
	stiffness updates             = 0
	right hand side evaluations   = 2
	stiffness matrix reformations = 1
	step from line search         = 1.000000
	convergence norms :     INITIAL         CURRENT         REQUIRED
	   residual            4.682581e-01    1.094415e-10    0.000000e+00 
	   energy              2.844096e-03    1.747555e-08    2.844096e-05 
	   displacement        1.518413e-04    1.518413e-04    1.518413e-10 
 2
 Nonlinear solution status: time= 17.3
	stiffness updates             = 1
	right hand side evaluations   = 3
	stiffness matrix reformations = 1
	step from line search         = 1.000000
	convergence norms :     INITIAL         CURRENT         REQUIRED
	   residual            4.682581e-01    4.452267e-17    0.000000e+00 
	   energy              2.844096e-03    3.588732e-16    2.844096e-05 
	   displacement        1.518413e-04    9.226390e-14    1.518372e-10 

convergence summary
    number of iterations   : 2
    number of reformations : 1

------- converged at time : 17.3


Data Record #1
===========================================================================
Step = 173
Time = 17.3
Data = uz
File = feb_inputs/active_ascl/../../raw_logs/active_ascl/ascl_0.5_disp.txt

Data Record #2
===========================================================================
Step = 173
Time = 17.3
Data = sz
File = feb_inputs/active_ascl/../../raw_logs/active_ascl/ascl_0.5_stress.txt

Data Record #3
===========================================================================
Step = 173
Time = 17.3
Data = J
File = feb_inputs/active_ascl/../../raw_logs/active_ascl/ascl_0.5_vol.txt

===== beginning time step 174 : 17.4 =====


Reforming stiffness matrix: reformation #1

 1
 Nonlinear solution status: time= 17.4
	stiffness updates             = 0
	right hand side evaluations   = 2
	stiffness matrix reformations = 1
	step from line search         = 1.000000
	convergence norms :     INITIAL         CURRENT         REQUIRED
	   residual            4.706145e-01    9.104895e-11    0.000000e+00 
	   energy              2.836188e-03    1.587107e-08    2.836188e-05 
	   displacement        1.500496e-04    1.500496e-04    1.500496e-10 
 2
 Nonlinear solution status: time= 17.4
	stiffness updates             = 1
	right hand side evaluations   = 3
	stiffness matrix reformations = 1
	step from line search         = 1.000000
	convergence norms :     INITIAL         CURRENT         REQUIRED
	   residual            4.706145e-01    4.045509e-17    0.000000e+00 
	   energy              2.836188e-03    3.194016e-16    2.836188e-05 
	   displacement        1.500496e-04    8.233324e-14    1.500457e-10 

convergence summary
    number of iterations   : 2
    number of reformations : 1

------- converged at time : 17.4


Data Record #1
===========================================================================
Step = 174
Time = 17.4
Data = uz
File = feb_inputs/active_ascl/../../raw_logs/active_ascl/ascl_0.5_disp.txt

Data Record #2
===========================================================================
Step = 174
Time = 17.4
Data = sz
File = feb_inputs/active_ascl/../../raw_logs/active_ascl/ascl_0.5_stress.txt

Data Record #3
===========================================================================
Step = 174
Time = 17.4
Data = J
File = feb_inputs/active_ascl/../../raw_logs/active_ascl/ascl_0.5_vol.txt

===== beginning time step 175 : 17.5 =====


Reforming stiffness matrix: reformation #1

 1
 Nonlinear solution status: time= 17.5
	stiffness updates             = 0
	right hand side evaluations   = 2
	stiffness matrix reformations = 1
	step from line search         = 1.000000
	convergence norms :     INITIAL         CURRENT         REQUIRED
	   residual            4.656038e-01    7.424333e-11    0.000000e+00 
	   energy              2.770653e-03    1.403940e-08    2.770653e-05 
	   displacement        1.448895e-04    1.448895e-04    1.448895e-10 
 2
 Nonlinear solution status: time= 17.5
	stiffness updates             = 1
	right hand side evaluations   = 3
	stiffness matrix reformations = 1
	step from line search         = 1.000000
	convergence norms :     INITIAL         CURRENT         REQUIRED
	   residual            4.656038e-01    3.352179e-17    0.000000e+00 
	   energy              2.770653e-03    2.688400e-16    2.770653e-05 
	   displacement        1.448895e-04    7.520820e-14    1.448860e-10 

convergence summary
    number of iterations   : 2
    number of reformations : 1

------- converged at time : 17.5


Data Record #1
===========================================================================
Step = 175
Time = 17.5
Data = uz
File = feb_inputs/active_ascl/../../raw_logs/active_ascl/ascl_0.5_disp.txt

Data Record #2
===========================================================================
Step = 175
Time = 17.5
Data = sz
File = feb_inputs/active_ascl/../../raw_logs/active_ascl/ascl_0.5_stress.txt

Data Record #3
===========================================================================
Step = 175
Time = 17.5
Data = J
File = feb_inputs/active_ascl/../../raw_logs/active_ascl/ascl_0.5_vol.txt

===== beginning time step 176 : 17.6 =====


Reforming stiffness matrix: reformation #1

 1
 Nonlinear solution status: time= 17.6
	stiffness updates             = 0
	right hand side evaluations   = 2
	stiffness matrix reformations = 1
	step from line search         = 1.000000
	convergence norms :     INITIAL         CURRENT         REQUIRED
	   residual            4.572138e-01    5.625504e-11    0.000000e+00 
	   energy              2.665212e-03    1.247371e-08    2.665212e-05 
	   displacement        1.379716e-04    1.379716e-04    1.379716e-10 
 2
 Nonlinear solution status: time= 17.6
	stiffness updates             = 1
	right hand side evaluations   = 3
	stiffness matrix reformations = 1
	step from line search         = 1.000000
	convergence norms :     INITIAL         CURRENT         REQUIRED
	   residual            4.572138e-01    2.636832e-17    0.000000e+00 
	   energy              2.665212e-03    2.436996e-16    2.665212e-05 
	   displacement        1.379716e-04    7.346007e-14    1.379683e-10 

convergence summary
    number of iterations   : 2
    number of reformations : 1

------- converged at time : 17.6


Data Record #1
===========================================================================
Step = 176
Time = 17.6
Data = uz
File = feb_inputs/active_ascl/../../raw_logs/active_ascl/ascl_0.5_disp.txt

Data Record #2
===========================================================================
Step = 176
Time = 17.6
Data = sz
File = feb_inputs/active_ascl/../../raw_logs/active_ascl/ascl_0.5_stress.txt

Data Record #3
===========================================================================
Step = 176
Time = 17.6
Data = J
File = feb_inputs/active_ascl/../../raw_logs/active_ascl/ascl_0.5_vol.txt

===== beginning time step 177 : 17.7 =====


Reforming stiffness matrix: reformation #1

 1
 Nonlinear solution status: time= 17.7
	stiffness updates             = 0
	right hand side evaluations   = 2
	stiffness matrix reformations = 1
	step from line search         = 1.000000
	convergence norms :     INITIAL         CURRENT         REQUIRED
	   residual            4.476144e-01    4.197351e-11    0.000000e+00 
	   energy              2.540139e-03    1.081618e-08    2.540139e-05 
	   displacement        1.302367e-04    1.302367e-04    1.302367e-10 
 2
 Nonlinear solution status: time= 17.7
	stiffness updates             = 1
	right hand side evaluations   = 3
	stiffness matrix reformations = 1
	step from line search         = 1.000000
	convergence norms :     INITIAL         CURRENT         REQUIRED
	   residual            4.476144e-01    2.222678e-17    0.000000e+00 
	   energy              2.540139e-03    2.337396e-16    2.540139e-05 
	   displacement        1.302367e-04    7.085291e-14    1.302338e-10 

convergence summary
    number of iterations   : 2
    number of reformations : 1

------- converged at time : 17.7


Data Record #1
===========================================================================
Step = 177
Time = 17.7
Data = uz
File = feb_inputs/active_ascl/../../raw_logs/active_ascl/ascl_0.5_disp.txt

Data Record #2
===========================================================================
Step = 177
Time = 17.7
Data = sz
File = feb_inputs/active_ascl/../../raw_logs/active_ascl/ascl_0.5_stress.txt

Data Record #3
===========================================================================
Step = 177
Time = 17.7
Data = J
File = feb_inputs/active_ascl/../../raw_logs/active_ascl/ascl_0.5_vol.txt

===== beginning time step 178 : 17.8 =====


Reforming stiffness matrix: reformation #1

 1
 Nonlinear solution status: time= 17.8
	stiffness updates             = 0
	right hand side evaluations   = 2
	stiffness matrix reformations = 1
	step from line search         = 1.000000
	convergence norms :     INITIAL         CURRENT         REQUIRED
	   residual            4.391897e-01    3.217206e-11    0.000000e+00 
	   energy              2.418995e-03    9.282093e-09    2.418995e-05 
	   displacement        1.228441e-04    1.228441e-04    1.228441e-10 
 2
 Nonlinear solution status: time= 17.8
	stiffness updates             = 1
	right hand side evaluations   = 3
	stiffness matrix reformations = 1
	step from line search         = 1.000000
	convergence norms :     INITIAL         CURRENT         REQUIRED
	   residual            4.391897e-01    1.901603e-17    0.000000e+00 
	   energy              2.418995e-03    2.237496e-16    2.418995e-05 
	   displacement        1.228441e-04    6.909227e-14    1.228415e-10 

convergence summary
    number of iterations   : 2
    number of reformations : 1

------- converged at time : 17.8


Data Record #1
===========================================================================
Step = 178
Time = 17.8
Data = uz
File = feb_inputs/active_ascl/../../raw_logs/active_ascl/ascl_0.5_disp.txt

Data Record #2
===========================================================================
Step = 178
Time = 17.8
Data = sz
File = feb_inputs/active_ascl/../../raw_logs/active_ascl/ascl_0.5_stress.txt

Data Record #3
===========================================================================
Step = 178
Time = 17.8
Data = J
File = feb_inputs/active_ascl/../../raw_logs/active_ascl/ascl_0.5_vol.txt

===== beginning time step 179 : 17.9 =====


Reforming stiffness matrix: reformation #1

 1
 Nonlinear solution status: time= 17.9
	stiffness updates             = 0
	right hand side evaluations   = 2
	stiffness matrix reformations = 1
	step from line search         = 1.000000
	convergence norms :     INITIAL         CURRENT         REQUIRED
	   residual            4.343699e-01    2.405740e-11    0.000000e+00 
	   energy              2.322407e-03    8.376724e-09    2.322407e-05 
	   displacement        1.169734e-04    1.169734e-04    1.169734e-10 
 2
 Nonlinear solution status: time= 17.9
	stiffness updates             = 1
	right hand side evaluations   = 3
	stiffness matrix reformations = 1
	step from line search         = 1.000000
	convergence norms :     INITIAL         CURRENT         REQUIRED
	   residual            4.343699e-01    1.589255e-17    0.000000e+00 
	   energy              2.322407e-03    2.260968e-16    2.322407e-05 
	   displacement        1.169734e-04    7.446239e-14    1.169709e-10 

convergence summary
    number of iterations   : 2
    number of reformations : 1

------- converged at time : 17.9


Data Record #1
===========================================================================
Step = 179
Time = 17.9
Data = uz
File = feb_inputs/active_ascl/../../raw_logs/active_ascl/ascl_0.5_disp.txt

Data Record #2
===========================================================================
Step = 179
Time = 17.9
Data = sz
File = feb_inputs/active_ascl/../../raw_logs/active_ascl/ascl_0.5_stress.txt

Data Record #3
===========================================================================
Step = 179
Time = 17.9
Data = J
File = feb_inputs/active_ascl/../../raw_logs/active_ascl/ascl_0.5_vol.txt

===== beginning time step 180 : 18 =====


Reforming stiffness matrix: reformation #1

 1
 Nonlinear solution status: time= 18
	stiffness updates             = 0
	right hand side evaluations   = 2
	stiffness matrix reformations = 1
	step from line search         = 1.000000
	convergence norms :     INITIAL         CURRENT         REQUIRED
	   residual            4.352291e-01    1.935939e-11    0.000000e+00 
	   energy              2.264831e-03    7.487228e-09    2.264831e-05 
	   displacement        1.130702e-04    1.130702e-04    1.130702e-10 
 2
 Nonlinear solution status: time= 18
	stiffness updates             = 1
	right hand side evaluations   = 3
	stiffness matrix reformations = 1
	step from line search         = 1.000000
	convergence norms :     INITIAL         CURRENT         REQUIRED
	   residual            4.352291e-01    1.546623e-17    0.000000e+00 
	   energy              2.264831e-03    2.253663e-16    2.264831e-05 
	   displacement        1.130702e-04    7.380744e-14    1.130680e-10 

convergence summary
    number of iterations   : 2
    number of reformations : 1

------- converged at time : 18


Data Record #1
===========================================================================
Step = 180
Time = 18
Data = uz
File = feb_inputs/active_ascl/../../raw_logs/active_ascl/ascl_0.5_disp.txt

Data Record #2
===========================================================================
Step = 180
Time = 18
Data = sz
File = feb_inputs/active_ascl/../../raw_logs/active_ascl/ascl_0.5_stress.txt

Data Record #3
===========================================================================
Step = 180
Time = 18
Data = J
File = feb_inputs/active_ascl/../../raw_logs/active_ascl/ascl_0.5_vol.txt

===== beginning time step 181 : 18.1 =====


Reforming stiffness matrix: reformation #1

 1
 Nonlinear solution status: time= 18.1
	stiffness updates             = 0
	right hand side evaluations   = 2
	stiffness matrix reformations = 1
	step from line search         = 1.000000
	convergence norms :     INITIAL         CURRENT         REQUIRED
	   residual            4.434483e-01    1.686423e-11    0.000000e+00 
	   energy              2.254496e-03    6.228913e-09    2.254496e-05 
	   displacement        1.114174e-04    1.114174e-04    1.114174e-10 
 2
 Nonlinear solution status: time= 18.1
	stiffness updates             = 1
	right hand side evaluations   = 3
	stiffness matrix reformations = 1
	step from line search         = 1.000000
	convergence norms :     INITIAL         CURRENT         REQUIRED
	   residual            4.434483e-01    1.447642e-17    0.000000e+00 
	   energy              2.254496e-03    1.895905e-16    2.254496e-05 
	   displacement        1.114174e-04    6.253132e-14    1.114155e-10 

convergence summary
    number of iterations   : 2
    number of reformations : 1

------- converged at time : 18.1


Data Record #1
===========================================================================
Step = 181
Time = 18.1
Data = uz
File = feb_inputs/active_ascl/../../raw_logs/active_ascl/ascl_0.5_disp.txt

Data Record #2
===========================================================================
Step = 181
Time = 18.1
Data = sz
File = feb_inputs/active_ascl/../../raw_logs/active_ascl/ascl_0.5_stress.txt

Data Record #3
===========================================================================
Step = 181
Time = 18.1
Data = J
File = feb_inputs/active_ascl/../../raw_logs/active_ascl/ascl_0.5_vol.txt

===== beginning time step 182 : 18.2 =====


Reforming stiffness matrix: reformation #1

 1
 Nonlinear solution status: time= 18.2
	stiffness updates             = 0
	right hand side evaluations   = 2
	stiffness matrix reformations = 1
	step from line search         = 1.000000
	convergence norms :     INITIAL         CURRENT         REQUIRED
	   residual            4.574972e-01    1.418058e-11    0.000000e+00 
	   energy              2.292227e-03    5.256659e-09    2.292227e-05 
	   displacement        1.123868e-04    1.123868e-04    1.123868e-10 
 2
 Nonlinear solution status: time= 18.2
	stiffness updates             = 1
	right hand side evaluations   = 3
	stiffness matrix reformations = 1
	step from line search         = 1.000000
	convergence norms :     INITIAL         CURRENT         REQUIRED
	   residual            4.574972e-01    1.307395e-17    0.000000e+00 
	   energy              2.292227e-03    1.739707e-16    2.292227e-05 
	   displacement        1.123868e-04    5.528291e-14    1.123852e-10 

convergence summary
    number of iterations   : 2
    number of reformations : 1

------- converged at time : 18.2


Data Record #1
===========================================================================
Step = 182
Time = 18.2
Data = uz
File = feb_inputs/active_ascl/../../raw_logs/active_ascl/ascl_0.5_disp.txt

Data Record #2
===========================================================================
Step = 182
Time = 18.2
Data = sz
File = feb_inputs/active_ascl/../../raw_logs/active_ascl/ascl_0.5_stress.txt

Data Record #3
===========================================================================
Step = 182
Time = 18.2
Data = J
File = feb_inputs/active_ascl/../../raw_logs/active_ascl/ascl_0.5_vol.txt

===== beginning time step 183 : 18.3 =====


Reforming stiffness matrix: reformation #1

 1
 Nonlinear solution status: time= 18.3
	stiffness updates             = 0
	right hand side evaluations   = 2
	stiffness matrix reformations = 1
	step from line search         = 1.000000
	convergence norms :     INITIAL         CURRENT         REQUIRED
	   residual            4.748460e-01    1.704010e-11    0.000000e+00 
	   energy              2.369736e-03    4.913490e-09    2.369736e-05 
	   displacement        1.158355e-04    1.158355e-04    1.158355e-10 
 2
 Nonlinear solution status: time= 18.3
	stiffness updates             = 1
	right hand side evaluations   = 3
	stiffness matrix reformations = 1
	step from line search         = 1.000000
	convergence norms :     INITIAL         CURRENT         REQUIRED
	   residual            4.748460e-01    1.621744e-17    0.000000e+00 
	   energy              2.369736e-03    1.869647e-16    2.369736e-05 
	   displacement        1.158355e-04    5.438562e-14    1.158340e-10 

convergence summary
    number of iterations   : 2
    number of reformations : 1

------- converged at time : 18.3


Data Record #1
===========================================================================
Step = 183
Time = 18.3
Data = uz
File = feb_inputs/active_ascl/../../raw_logs/active_ascl/ascl_0.5_disp.txt

Data Record #2
===========================================================================
Step = 183
Time = 18.3
Data = sz
File = feb_inputs/active_ascl/../../raw_logs/active_ascl/ascl_0.5_stress.txt

Data Record #3
===========================================================================
Step = 183
Time = 18.3
Data = J
File = feb_inputs/active_ascl/../../raw_logs/active_ascl/ascl_0.5_vol.txt

===== beginning time step 184 : 18.4 =====


Reforming stiffness matrix: reformation #1

 1
 Nonlinear solution status: time= 18.4
	stiffness updates             = 0
	right hand side evaluations   = 2
	stiffness matrix reformations = 1
	step from line search         = 1.000000
	convergence norms :     INITIAL         CURRENT         REQUIRED
	   residual            4.958255e-01    2.217062e-11    0.000000e+00 
	   energy              2.475056e-03    5.046861e-09    2.475056e-05 
	   displacement        1.209837e-04    1.209837e-04    1.209837e-10 
 2
 Nonlinear solution status: time= 18.4
	stiffness updates             = 1
	right hand side evaluations   = 3
	stiffness matrix reformations = 1
	step from line search         = 1.000000
	convergence norms :     INITIAL         CURRENT         REQUIRED
	   residual            4.958255e-01    2.047319e-17    0.000000e+00 
	   energy              2.475056e-03    2.056831e-16    2.475056e-05 
	   displacement        1.209837e-04    5.649660e-14    1.209821e-10 

convergence summary
    number of iterations   : 2
    number of reformations : 1

------- converged at time : 18.4


Data Record #1
===========================================================================
Step = 184
Time = 18.4
Data = uz
File = feb_inputs/active_ascl/../../raw_logs/active_ascl/ascl_0.5_disp.txt

Data Record #2
===========================================================================
Step = 184
Time = 18.4
Data = sz
File = feb_inputs/active_ascl/../../raw_logs/active_ascl/ascl_0.5_stress.txt

Data Record #3
===========================================================================
Step = 184
Time = 18.4
Data = J
File = feb_inputs/active_ascl/../../raw_logs/active_ascl/ascl_0.5_vol.txt

===== beginning time step 185 : 18.5 =====


Reforming stiffness matrix: reformation #1

 1
 Nonlinear solution status: time= 18.5
	stiffness updates             = 0
	right hand side evaluations   = 2
	stiffness matrix reformations = 1
	step from line search         = 1.000000
	convergence norms :     INITIAL         CURRENT         REQUIRED
	   residual            5.211963e-01    2.521353e-11    0.000000e+00 
	   energy              2.602252e-03    5.448585e-09    2.602252e-05 
	   displacement        1.271453e-04    1.271453e-04    1.271453e-10 
 2
 Nonlinear solution status: time= 18.5
	stiffness updates             = 1
	right hand side evaluations   = 3
	stiffness matrix reformations = 1
	step from line search         = 1.000000
	convergence norms :     INITIAL         CURRENT         REQUIRED
	   residual            5.211963e-01    2.292346e-17    0.000000e+00 
	   energy              2.602252e-03    2.227732e-16    2.602252e-05 
	   displacement        1.271453e-04    5.965991e-14    1.271436e-10 

convergence summary
    number of iterations   : 2
    number of reformations : 1

------- converged at time : 18.5


Data Record #1
===========================================================================
Step = 185
Time = 18.5
Data = uz
File = feb_inputs/active_ascl/../../raw_logs/active_ascl/ascl_0.5_disp.txt

Data Record #2
===========================================================================
Step = 185
Time = 18.5
Data = sz
File = feb_inputs/active_ascl/../../raw_logs/active_ascl/ascl_0.5_stress.txt

Data Record #3
===========================================================================
Step = 185
Time = 18.5
Data = J
File = feb_inputs/active_ascl/../../raw_logs/active_ascl/ascl_0.5_vol.txt

===== beginning time step 186 : 18.6 =====


Reforming stiffness matrix: reformation #1

 1
 Nonlinear solution status: time= 18.6
	stiffness updates             = 0
	right hand side evaluations   = 2
	stiffness matrix reformations = 1
	step from line search         = 1.000000
	convergence norms :     INITIAL         CURRENT         REQUIRED
	   residual            5.490088e-01    2.178385e-11    0.000000e+00 
	   energy              2.755343e-03    5.912328e-09    2.755343e-05 
	   displacement        1.346851e-04    1.346851e-04    1.346851e-10 
 2
 Nonlinear solution status: time= 18.6
	stiffness updates             = 1
	right hand side evaluations   = 3
	stiffness matrix reformations = 1
	step from line search         = 1.000000
	convergence norms :     INITIAL         CURRENT         REQUIRED
	   residual            5.490088e-01    2.198641e-17    0.000000e+00 
	   energy              2.755343e-03    2.325693e-16    2.755343e-05 
	   displacement        1.346851e-04    6.225402e-14    1.346833e-10 

convergence summary
    number of iterations   : 2
    number of reformations : 1

------- converged at time : 18.6


Data Record #1
===========================================================================
Step = 186
Time = 18.6
Data = uz
File = feb_inputs/active_ascl/../../raw_logs/active_ascl/ascl_0.5_disp.txt

Data Record #2
===========================================================================
Step = 186
Time = 18.6
Data = sz
File = feb_inputs/active_ascl/../../raw_logs/active_ascl/ascl_0.5_stress.txt

Data Record #3
===========================================================================
Step = 186
Time = 18.6
Data = J
File = feb_inputs/active_ascl/../../raw_logs/active_ascl/ascl_0.5_vol.txt

===== beginning time step 187 : 18.7 =====


Reforming stiffness matrix: reformation #1

 1
 Nonlinear solution status: time= 18.7
	stiffness updates             = 0
	right hand side evaluations   = 2
	stiffness matrix reformations = 1
	step from line search         = 1.000000
	convergence norms :     INITIAL         CURRENT         REQUIRED
	   residual            5.766842e-01    2.187931e-11    0.000000e+00 
	   energy              2.945177e-03    6.466098e-09    2.945177e-05 
	   displacement        1.447160e-04    1.447160e-04    1.447160e-10 
 2
 Nonlinear solution status: time= 18.7
	stiffness updates             = 1
	right hand side evaluations   = 3
	stiffness matrix reformations = 1
	step from line search         = 1.000000
	convergence norms :     INITIAL         CURRENT         REQUIRED
	   residual            5.766842e-01    2.346597e-17    0.000000e+00 
	   energy              2.945177e-03    2.583882e-16    2.945177e-05 
	   displacement        1.447160e-04    6.643176e-14    1.447140e-10 

convergence summary
    number of iterations   : 2
    number of reformations : 1

------- converged at time : 18.7


Data Record #1
===========================================================================
Step = 187
Time = 18.7
Data = uz
File = feb_inputs/active_ascl/../../raw_logs/active_ascl/ascl_0.5_disp.txt

Data Record #2
===========================================================================
Step = 187
Time = 18.7
Data = sz
File = feb_inputs/active_ascl/../../raw_logs/active_ascl/ascl_0.5_stress.txt

Data Record #3
===========================================================================
Step = 187
Time = 18.7
Data = J
File = feb_inputs/active_ascl/../../raw_logs/active_ascl/ascl_0.5_vol.txt

===== beginning time step 188 : 18.8 =====


Reforming stiffness matrix: reformation #1

 1
 Nonlinear solution status: time= 18.8
	stiffness updates             = 0
	right hand side evaluations   = 2
	stiffness matrix reformations = 1
	step from line search         = 1.000000
	convergence norms :     INITIAL         CURRENT         REQUIRED
	   residual            6.037245e-01    2.121746e-11    0.000000e+00 
	   energy              3.182715e-03    7.425877e-09    3.182715e-05 
	   displacement        1.579119e-04    1.579119e-04    1.579119e-10 
 2
 Nonlinear solution status: time= 18.8
	stiffness updates             = 1
	right hand side evaluations   = 3
	stiffness matrix reformations = 1
	step from line search         = 1.000000
	convergence norms :     INITIAL         CURRENT         REQUIRED
	   residual            6.037245e-01    2.304230e-17    0.000000e+00 
	   energy              3.182715e-03    2.572551e-16    3.182715e-05 
	   displacement        1.579119e-04    7.131691e-14    1.579097e-10 

convergence summary
    number of iterations   : 2
    number of reformations : 1

------- converged at time : 18.8


Data Record #1
===========================================================================
Step = 188
Time = 18.8
Data = uz
File = feb_inputs/active_ascl/../../raw_logs/active_ascl/ascl_0.5_disp.txt

Data Record #2
===========================================================================
Step = 188
Time = 18.8
Data = sz
File = feb_inputs/active_ascl/../../raw_logs/active_ascl/ascl_0.5_stress.txt

Data Record #3
===========================================================================
Step = 188
Time = 18.8
Data = J
File = feb_inputs/active_ascl/../../raw_logs/active_ascl/ascl_0.5_vol.txt

===== beginning time step 189 : 18.9 =====


Reforming stiffness matrix: reformation #1

 1
 Nonlinear solution status: time= 18.9
	stiffness updates             = 0
	right hand side evaluations   = 2
	stiffness matrix reformations = 1
	step from line search         = 1.000000
	convergence norms :     INITIAL         CURRENT         REQUIRED
	   residual            6.334304e-01    1.827244e-11    0.000000e+00 
	   energy              3.479495e-03    8.814001e-09    3.479495e-05 
	   displacement        1.746916e-04    1.746916e-04    1.746916e-10 
 2
 Nonlinear solution status: time= 18.9
	stiffness updates             = 1
	right hand side evaluations   = 3
	stiffness matrix reformations = 1
	step from line search         = 1.000000
	convergence norms :     INITIAL         CURRENT         REQUIRED
	   residual            6.334304e-01    2.096633e-17    0.000000e+00 
	   energy              3.479495e-03    2.540848e-16    3.479495e-05 
	   displacement        1.746916e-04    7.292236e-14    1.746890e-10 

convergence summary
    number of iterations   : 2
    number of reformations : 1

------- converged at time : 18.9


Data Record #1
===========================================================================
Step = 189
Time = 18.9
Data = uz
File = feb_inputs/active_ascl/../../raw_logs/active_ascl/ascl_0.5_disp.txt

Data Record #2
===========================================================================
Step = 189
Time = 18.9
Data = sz
File = feb_inputs/active_ascl/../../raw_logs/active_ascl/ascl_0.5_stress.txt

Data Record #3
===========================================================================
Step = 189
Time = 18.9
Data = J
File = feb_inputs/active_ascl/../../raw_logs/active_ascl/ascl_0.5_vol.txt

===== beginning time step 190 : 19 =====


Reforming stiffness matrix: reformation #1

 1
 Nonlinear solution status: time= 19
	stiffness updates             = 0
	right hand side evaluations   = 2
	stiffness matrix reformations = 1
	step from line search         = 1.000000
	convergence norms :     INITIAL         CURRENT         REQUIRED
	   residual            6.712751e-01    1.604592e-11    0.000000e+00 
	   energy              3.845075e-03    1.086481e-08    3.845075e-05 
	   displacement        1.953758e-04    1.953758e-04    1.953758e-10 
 2
 Nonlinear solution status: time= 19
	stiffness updates             = 1
	right hand side evaluations   = 3
	stiffness matrix reformations = 1
	step from line search         = 1.000000
	convergence norms :     INITIAL         CURRENT         REQUIRED
	   residual            6.712751e-01    1.784935e-17    0.000000e+00 
	   energy              3.845075e-03    2.721139e-16    3.845075e-05 
	   displacement        1.953758e-04    8.061541e-14    1.953726e-10 

convergence summary
    number of iterations   : 2
    number of reformations : 1

------- converged at time : 19


Data Record #1
===========================================================================
Step = 190
Time = 19
Data = uz
File = feb_inputs/active_ascl/../../raw_logs/active_ascl/ascl_0.5_disp.txt

Data Record #2
===========================================================================
Step = 190
Time = 19
Data = sz
File = feb_inputs/active_ascl/../../raw_logs/active_ascl/ascl_0.5_stress.txt

Data Record #3
===========================================================================
Step = 190
Time = 19
Data = J
File = feb_inputs/active_ascl/../../raw_logs/active_ascl/ascl_0.5_vol.txt

===== beginning time step 191 : 19.1 =====


Reforming stiffness matrix: reformation #1

 1
 Nonlinear solution status: time= 19.1
	stiffness updates             = 0
	right hand side evaluations   = 2
	stiffness matrix reformations = 1
	step from line search         = 1.000000
	convergence norms :     INITIAL         CURRENT         REQUIRED
	   residual            7.191735e-01    2.007354e-11    0.000000e+00 
	   energy              4.279346e-03    1.420229e-08    4.279346e-05 
	   displacement        2.195340e-04    2.195340e-04    2.195340e-10 
 2
 Nonlinear solution status: time= 19.1
	stiffness updates             = 1
	right hand side evaluations   = 3
	stiffness matrix reformations = 1
	step from line search         = 1.000000
	convergence norms :     INITIAL         CURRENT         REQUIRED
	   residual            7.191735e-01    2.227014e-17    0.000000e+00 
	   energy              4.279346e-03    3.531418e-16    4.279346e-05 
	   displacement        2.195340e-04    1.034821e-13    2.195298e-10 

convergence summary
    number of iterations   : 2
    number of reformations : 1

------- converged at time : 19.1


Data Record #1
===========================================================================
Step = 191
Time = 19.1
Data = uz
File = feb_inputs/active_ascl/../../raw_logs/active_ascl/ascl_0.5_disp.txt

Data Record #2
===========================================================================
Step = 191
Time = 19.1
Data = sz
File = feb_inputs/active_ascl/../../raw_logs/active_ascl/ascl_0.5_stress.txt

Data Record #3
===========================================================================
Step = 191
Time = 19.1
Data = J
File = feb_inputs/active_ascl/../../raw_logs/active_ascl/ascl_0.5_vol.txt

===== beginning time step 192 : 19.2 =====


Reforming stiffness matrix: reformation #1

 1
 Nonlinear solution status: time= 19.2
	stiffness updates             = 0
	right hand side evaluations   = 2
	stiffness matrix reformations = 1
	step from line search         = 1.000000
	convergence norms :     INITIAL         CURRENT         REQUIRED
	   residual            7.766419e-01    2.251843e-11    0.000000e+00 
	   energy              4.769999e-03    1.842758e-08    4.769999e-05 
	   displacement        2.461680e-04    2.461680e-04    2.461680e-10 
 2
 Nonlinear solution status: time= 19.2
	stiffness updates             = 1
	right hand side evaluations   = 3
	stiffness matrix reformations = 1
	step from line search         = 1.000000
	convergence norms :     INITIAL         CURRENT         REQUIRED
	   residual            7.766419e-01    2.417205e-17    0.000000e+00 
	   energy              4.769999e-03    3.866573e-16    4.769999e-05 
	   displacement        2.461680e-04    1.230414e-13    2.461628e-10 

convergence summary
    number of iterations   : 2
    number of reformations : 1

------- converged at time : 19.2


Data Record #1
===========================================================================
Step = 192
Time = 19.2
Data = uz
File = feb_inputs/active_ascl/../../raw_logs/active_ascl/ascl_0.5_disp.txt

Data Record #2
===========================================================================
Step = 192
Time = 19.2
Data = sz
File = feb_inputs/active_ascl/../../raw_logs/active_ascl/ascl_0.5_stress.txt

Data Record #3
===========================================================================
Step = 192
Time = 19.2
Data = J
File = feb_inputs/active_ascl/../../raw_logs/active_ascl/ascl_0.5_vol.txt

===== beginning time step 193 : 19.3 =====


Reforming stiffness matrix: reformation #1

 1
 Nonlinear solution status: time= 19.3
	stiffness updates             = 0
	right hand side evaluations   = 2
	stiffness matrix reformations = 1
	step from line search         = 1.000000
	convergence norms :     INITIAL         CURRENT         REQUIRED
	   residual            8.440382e-01    2.858342e-11    0.000000e+00 
	   energy              5.297056e-03    2.230591e-08    5.297056e-05 
	   displacement        2.743565e-04    2.743565e-04    2.743565e-10 
 2
 Nonlinear solution status: time= 19.3
	stiffness updates             = 1
	right hand side evaluations   = 3
	stiffness matrix reformations = 1
	step from line search         = 1.000000
	convergence norms :     INITIAL         CURRENT         REQUIRED
	   residual            8.440382e-01    2.382049e-17    0.000000e+00 
	   energy              5.297056e-03    3.810423e-16    5.297056e-05 
	   displacement        2.743565e-04    1.399505e-13    2.743502e-10 

convergence summary
    number of iterations   : 2
    number of reformations : 1

------- converged at time : 19.3


Data Record #1
===========================================================================
Step = 193
Time = 19.3
Data = uz
File = feb_inputs/active_ascl/../../raw_logs/active_ascl/ascl_0.5_disp.txt

Data Record #2
===========================================================================
Step = 193
Time = 19.3
Data = sz
File = feb_inputs/active_ascl/../../raw_logs/active_ascl/ascl_0.5_stress.txt

Data Record #3
===========================================================================
Step = 193
Time = 19.3
Data = J
File = feb_inputs/active_ascl/../../raw_logs/active_ascl/ascl_0.5_vol.txt

===== beginning time step 194 : 19.4 =====


Reforming stiffness matrix: reformation #1

 1
 Nonlinear solution status: time= 19.4
	stiffness updates             = 0
	right hand side evaluations   = 2
	stiffness matrix reformations = 1
	step from line search         = 1.000000
	convergence norms :     INITIAL         CURRENT         REQUIRED
	   residual            9.207754e-01    3.165971e-11    0.000000e+00 
	   energy              5.837019e-03    2.473230e-08    5.837019e-05 
	   displacement        3.022534e-04    3.022534e-04    3.022534e-10 
 2
 Nonlinear solution status: time= 19.4
	stiffness updates             = 1
	right hand side evaluations   = 3
	stiffness matrix reformations = 1
	step from line search         = 1.000000
	convergence norms :     INITIAL         CURRENT         REQUIRED
	   residual            9.207754e-01    2.359603e-17    0.000000e+00 
	   energy              5.837019e-03    3.827678e-16    5.837019e-05 
	   displacement        3.022534e-04    1.519941e-13    3.022463e-10 

convergence summary
    number of iterations   : 2
    number of reformations : 1

------- converged at time : 19.4


Data Record #1
===========================================================================
Step = 194
Time = 19.4
Data = uz
File = feb_inputs/active_ascl/../../raw_logs/active_ascl/ascl_0.5_disp.txt

Data Record #2
===========================================================================
Step = 194
Time = 19.4
Data = sz
File = feb_inputs/active_ascl/../../raw_logs/active_ascl/ascl_0.5_stress.txt

Data Record #3
===========================================================================
Step = 194
Time = 19.4
Data = J
File = feb_inputs/active_ascl/../../raw_logs/active_ascl/ascl_0.5_vol.txt

===== beginning time step 195 : 19.5 =====


Reforming stiffness matrix: reformation #1

 1
 Nonlinear solution status: time= 19.5
	stiffness updates             = 0
	right hand side evaluations   = 2
	stiffness matrix reformations = 1
	step from line search         = 1.000000
	convergence norms :     INITIAL         CURRENT         REQUIRED
	   residual            1.004479e+00    2.909188e-11    0.000000e+00 
	   energy              6.368794e-03    2.570573e-08    6.368794e-05 
	   displacement        3.275792e-04    3.275792e-04    3.275792e-10 
 2
 Nonlinear solution status: time= 19.5
	stiffness updates             = 1
	right hand side evaluations   = 3
	stiffness matrix reformations = 1
	step from line search         = 1.000000
	convergence norms :     INITIAL         CURRENT         REQUIRED
	   residual            1.004479e+00    2.057721e-17    0.000000e+00 
	   energy              6.368794e-03    3.723049e-16    6.368794e-05 
	   displacement        3.275792e-04    1.534382e-13    3.275719e-10 

convergence summary
    number of iterations   : 2
    number of reformations : 1

------- converged at time : 19.5


Data Record #1
===========================================================================
Step = 195
Time = 19.5
Data = uz
File = feb_inputs/active_ascl/../../raw_logs/active_ascl/ascl_0.5_disp.txt

Data Record #2
===========================================================================
Step = 195
Time = 19.5
Data = sz
File = feb_inputs/active_ascl/../../raw_logs/active_ascl/ascl_0.5_stress.txt

Data Record #3
===========================================================================
Step = 195
Time = 19.5
Data = J
File = feb_inputs/active_ascl/../../raw_logs/active_ascl/ascl_0.5_vol.txt

===== beginning time step 196 : 19.6 =====


Reforming stiffness matrix: reformation #1

 1
 Nonlinear solution status: time= 19.6
	stiffness updates             = 0
	right hand side evaluations   = 2
	stiffness matrix reformations = 1
	step from line search         = 1.000000
	convergence norms :     INITIAL         CURRENT         REQUIRED
	   residual            1.092480e+00    2.899968e-11    0.000000e+00 
	   energy              6.878856e-03    2.625242e-08    6.878856e-05 
	   displacement        3.499799e-04    3.499799e-04    3.499799e-10 
 2
 Nonlinear solution status: time= 19.6
	stiffness updates             = 1
	right hand side evaluations   = 3
	stiffness matrix reformations = 1
	step from line search         = 1.000000
	convergence norms :     INITIAL         CURRENT         REQUIRED
	   residual            1.092480e+00    1.993148e-17    0.000000e+00 
	   energy              6.878856e-03    3.901012e-16    6.878856e-05 
	   displacement        3.499799e-04    1.541651e-13    3.499727e-10 

convergence summary
    number of iterations   : 2
    number of reformations : 1

------- converged at time : 19.6


Data Record #1
===========================================================================
Step = 196
Time = 19.6
Data = uz
File = feb_inputs/active_ascl/../../raw_logs/active_ascl/ascl_0.5_disp.txt

Data Record #2
===========================================================================
Step = 196
Time = 19.6
Data = sz
File = feb_inputs/active_ascl/../../raw_logs/active_ascl/ascl_0.5_stress.txt

Data Record #3
===========================================================================
Step = 196
Time = 19.6
Data = J
File = feb_inputs/active_ascl/../../raw_logs/active_ascl/ascl_0.5_vol.txt

===== beginning time step 197 : 19.7 =====


Reforming stiffness matrix: reformation #1

 1
 Nonlinear solution status: time= 19.7
	stiffness updates             = 0
	right hand side evaluations   = 2
	stiffness matrix reformations = 1
	step from line search         = 1.000000
	convergence norms :     INITIAL         CURRENT         REQUIRED
	   residual            1.181806e+00    2.950456e-11    0.000000e+00 
	   energy              7.361929e-03    2.693292e-08    7.361929e-05 
	   displacement        3.705313e-04    3.705313e-04    3.705313e-10 
 2
 Nonlinear solution status: time= 19.7
	stiffness updates             = 1
	right hand side evaluations   = 3
	stiffness matrix reformations = 1
	step from line search         = 1.000000
	convergence norms :     INITIAL         CURRENT         REQUIRED
	   residual            1.181806e+00    1.816817e-17    0.000000e+00 
	   energy              7.361929e-03    4.000912e-16    7.361929e-05 
	   displacement        3.705313e-04    1.566054e-13    3.705242e-10 

convergence summary
    number of iterations   : 2
    number of reformations : 1

------- converged at time : 19.7


Data Record #1
===========================================================================
Step = 197
Time = 19.7
Data = uz
File = feb_inputs/active_ascl/../../raw_logs/active_ascl/ascl_0.5_disp.txt

Data Record #2
===========================================================================
Step = 197
Time = 19.7
Data = sz
File = feb_inputs/active_ascl/../../raw_logs/active_ascl/ascl_0.5_stress.txt

Data Record #3
===========================================================================
Step = 197
Time = 19.7
Data = J
File = feb_inputs/active_ascl/../../raw_logs/active_ascl/ascl_0.5_vol.txt

===== beginning time step 198 : 19.8 =====


Reforming stiffness matrix: reformation #1

 1
 Nonlinear solution status: time= 19.8
	stiffness updates             = 0
	right hand side evaluations   = 2
	stiffness matrix reformations = 1
	step from line search         = 1.000000
	convergence norms :     INITIAL         CURRENT         REQUIRED
	   residual            1.269445e+00    3.080237e-11    0.000000e+00 
	   energy              7.819382e-03    2.697839e-08    7.819382e-05 
	   displacement        3.897655e-04    3.897655e-04    3.897655e-10 
 2
 Nonlinear solution status: time= 19.8
	stiffness updates             = 1
	right hand side evaluations   = 3
	stiffness matrix reformations = 1
	step from line search         = 1.000000
	convergence norms :     INITIAL         CURRENT         REQUIRED
	   residual            1.269445e+00    2.189658e-17    0.000000e+00 
	   energy              7.819382e-03    4.224812e-16    7.819382e-05 
	   displacement        3.897655e-04    1.589986e-13    3.897586e-10 

convergence summary
    number of iterations   : 2
    number of reformations : 1

------- converged at time : 19.8


Data Record #1
===========================================================================
Step = 198
Time = 19.8
Data = uz
File = feb_inputs/active_ascl/../../raw_logs/active_ascl/ascl_0.5_disp.txt

Data Record #2
===========================================================================
Step = 198
Time = 19.8
Data = sz
File = feb_inputs/active_ascl/../../raw_logs/active_ascl/ascl_0.5_stress.txt

Data Record #3
===========================================================================
Step = 198
Time = 19.8
Data = J
File = feb_inputs/active_ascl/../../raw_logs/active_ascl/ascl_0.5_vol.txt

===== beginning time step 199 : 19.9 =====


Reforming stiffness matrix: reformation #1

 1
 Nonlinear solution status: time= 19.9
	stiffness updates             = 0
	right hand side evaluations   = 2
	stiffness matrix reformations = 1
	step from line search         = 1.000000
	convergence norms :     INITIAL         CURRENT         REQUIRED
	   residual            1.353987e+00    2.779634e-11    0.000000e+00 
	   energy              8.255246e-03    2.563593e-08    8.255246e-05 
	   displacement        4.083555e-04    4.083555e-04    4.083555e-10 
 2
 Nonlinear solution status: time= 19.9
	stiffness updates             = 1
	right hand side evaluations   = 3
	stiffness matrix reformations = 1
	step from line search         = 1.000000
	convergence norms :     INITIAL         CURRENT         REQUIRED
	   residual            1.353987e+00    2.605207e-17    0.000000e+00 
	   energy              8.255246e-03    4.716643e-16    8.255246e-05 
	   displacement        4.083555e-04    1.617382e-13    4.083488e-10 

convergence summary
    number of iterations   : 2
    number of reformations : 1

------- converged at time : 19.9


Data Record #1
===========================================================================
Step = 199
Time = 19.9
Data = uz
File = feb_inputs/active_ascl/../../raw_logs/active_ascl/ascl_0.5_disp.txt

Data Record #2
===========================================================================
Step = 199
Time = 19.9
Data = sz
File = feb_inputs/active_ascl/../../raw_logs/active_ascl/ascl_0.5_stress.txt

Data Record #3
===========================================================================
Step = 199
Time = 19.9
Data = J
File = feb_inputs/active_ascl/../../raw_logs/active_ascl/ascl_0.5_vol.txt

===== beginning time step 200 : 20 =====


Reforming stiffness matrix: reformation #1

 1
 Nonlinear solution status: time= 20
	stiffness updates             = 0
	right hand side evaluations   = 2
	stiffness matrix reformations = 1
	step from line search         = 1.000000
	convergence norms :     INITIAL         CURRENT         REQUIRED
	   residual            1.434787e+00    2.574467e-11    0.000000e+00 
	   energy              8.673134e-03    2.348956e-08    8.673134e-05 
	   displacement        4.272188e-04    4.272188e-04    4.272188e-10 
 2
 Nonlinear solution status: time= 20
	stiffness updates             = 1
	right hand side evaluations   = 3
	stiffness matrix reformations = 1
	step from line search         = 1.000000
	convergence norms :     INITIAL         CURRENT         REQUIRED
	   residual            1.434787e+00    2.447251e-17    0.000000e+00 
	   energy              8.673134e-03    5.003084e-16    8.673134e-05 
	   displacement        4.272188e-04    1.631885e-13    4.272122e-10 

convergence summary
    number of iterations   : 2
    number of reformations : 1

------- converged at time : 20


Data Record #1
===========================================================================
Step = 200
Time = 20
Data = uz
File = feb_inputs/active_ascl/../../raw_logs/active_ascl/ascl_0.5_disp.txt

Data Record #2
===========================================================================
Step = 200
Time = 20
Data = sz
File = feb_inputs/active_ascl/../../raw_logs/active_ascl/ascl_0.5_stress.txt

Data Record #3
===========================================================================
Step = 200
Time = 20
Data = J
File = feb_inputs/active_ascl/../../raw_logs/active_ascl/ascl_0.5_vol.txt

===== beginning time step 201 : 20.1 =====


Reforming stiffness matrix: reformation #1

 1
 Nonlinear solution status: time= 20.1
	stiffness updates             = 0
	right hand side evaluations   = 2
	stiffness matrix reformations = 1
	step from line search         = 1.000000
	convergence norms :     INITIAL         CURRENT         REQUIRED
	   residual            1.514197e+00    2.910001e-11    0.000000e+00 
	   energy              9.076610e-03    2.184683e-08    9.076610e-05 
	   displacement        4.461450e-04    4.461450e-04    4.461450e-10 
 2
 Nonlinear solution status: time= 20.1
	stiffness updates             = 1
	right hand side evaluations   = 3
	stiffness matrix reformations = 1
	step from line search         = 1.000000
	convergence norms :     INITIAL         CURRENT         REQUIRED
	   residual            1.514197e+00    2.473148e-17    0.000000e+00 
	   energy              9.076610e-03    4.979536e-16    9.076610e-05 
	   displacement        4.461450e-04    1.621791e-13    4.461386e-10 

convergence summary
    number of iterations   : 2
    number of reformations : 1

------- converged at time : 20.1


Data Record #1
===========================================================================
Step = 201
Time = 20.1
Data = uz
File = feb_inputs/active_ascl/../../raw_logs/active_ascl/ascl_0.5_disp.txt

Data Record #2
===========================================================================
Step = 201
Time = 20.1
Data = sz
File = feb_inputs/active_ascl/../../raw_logs/active_ascl/ascl_0.5_stress.txt

Data Record #3
===========================================================================
Step = 201
Time = 20.1
Data = J
File = feb_inputs/active_ascl/../../raw_logs/active_ascl/ascl_0.5_vol.txt

===== beginning time step 202 : 20.2 =====


Reforming stiffness matrix: reformation #1

 1
 Nonlinear solution status: time= 20.2
	stiffness updates             = 0
	right hand side evaluations   = 2
	stiffness matrix reformations = 1
	step from line search         = 1.000000
	convergence norms :     INITIAL         CURRENT         REQUIRED
	   residual            1.600695e+00    3.401325e-11    0.000000e+00 
	   energy              9.471957e-03    2.155509e-08    9.471957e-05 
	   displacement        4.639532e-04    4.639532e-04    4.639532e-10 
 2
 Nonlinear solution status: time= 20.2
	stiffness updates             = 1
	right hand side evaluations   = 3
	stiffness matrix reformations = 1
	step from line search         = 1.000000
	convergence norms :     INITIAL         CURRENT         REQUIRED
	   residual            1.600695e+00    3.241041e-17    0.000000e+00 
	   energy              9.471957e-03    5.481944e-16    9.471957e-05 
	   displacement        4.639532e-04    1.646929e-13    4.639474e-10 

convergence summary
    number of iterations   : 2
    number of reformations : 1

------- converged at time : 20.2


Data Record #1
===========================================================================
Step = 202
Time = 20.2
Data = uz
File = feb_inputs/active_ascl/../../raw_logs/active_ascl/ascl_0.5_disp.txt

Data Record #2
===========================================================================
Step = 202
Time = 20.2
Data = sz
File = feb_inputs/active_ascl/../../raw_logs/active_ascl/ascl_0.5_stress.txt

Data Record #3
===========================================================================
Step = 202
Time = 20.2
Data = J
File = feb_inputs/active_ascl/../../raw_logs/active_ascl/ascl_0.5_vol.txt

===== beginning time step 203 : 20.3 =====


Reforming stiffness matrix: reformation #1

 1
 Nonlinear solution status: time= 20.3
	stiffness updates             = 0
	right hand side evaluations   = 2
	stiffness matrix reformations = 1
	step from line search         = 1.000000
	convergence norms :     INITIAL         CURRENT         REQUIRED
	   residual            1.702213e+00    4.009161e-11    0.000000e+00 
	   energy              9.868114e-03    2.168735e-08    9.868114e-05 
	   displacement        4.797326e-04    4.797326e-04    4.797326e-10 
 2
 Nonlinear solution status: time= 20.3
	stiffness updates             = 1
	right hand side evaluations   = 3
	stiffness matrix reformations = 1
	step from line search         = 1.000000
	convergence norms :     INITIAL         CURRENT         REQUIRED
	   residual            1.702213e+00    4.266834e-17    0.000000e+00 
	   energy              9.868114e-03    5.913875e-16    9.868114e-05 
	   displacement        4.797326e-04    1.661186e-13    4.797275e-10 

convergence summary
    number of iterations   : 2
    number of reformations : 1

------- converged at time : 20.3


Data Record #1
===========================================================================
Step = 203
Time = 20.3
Data = uz
File = feb_inputs/active_ascl/../../raw_logs/active_ascl/ascl_0.5_disp.txt

Data Record #2
===========================================================================
Step = 203
Time = 20.3
Data = sz
File = feb_inputs/active_ascl/../../raw_logs/active_ascl/ascl_0.5_stress.txt

Data Record #3
===========================================================================
Step = 203
Time = 20.3
Data = J
File = feb_inputs/active_ascl/../../raw_logs/active_ascl/ascl_0.5_vol.txt

===== beginning time step 204 : 20.4 =====


Reforming stiffness matrix: reformation #1

 1
 Nonlinear solution status: time= 20.4
	stiffness updates             = 0
	right hand side evaluations   = 2
	stiffness matrix reformations = 1
	step from line search         = 1.000000
	convergence norms :     INITIAL         CURRENT         REQUIRED
	   residual            1.820590e+00    5.305124e-11    0.000000e+00 
	   energy              1.028034e-02    2.105774e-08    1.028034e-04 
	   displacement        4.941353e-04    4.941353e-04    4.941353e-10 
 2
 Nonlinear solution status: time= 20.4
	stiffness updates             = 1
	right hand side evaluations   = 3
	stiffness matrix reformations = 1
	step from line search         = 1.000000
	convergence norms :     INITIAL         CURRENT         REQUIRED
	   residual            1.820590e+00    5.714683e-17    0.000000e+00 
	   energy              1.028034e-02    6.338421e-16    1.028034e-04 
	   displacement        4.941353e-04    1.607600e-13    4.941311e-10 

convergence summary
    number of iterations   : 2
    number of reformations : 1

------- converged at time : 20.4


Data Record #1
===========================================================================
Step = 204
Time = 20.4
Data = uz
File = feb_inputs/active_ascl/../../raw_logs/active_ascl/ascl_0.5_disp.txt

Data Record #2
===========================================================================
Step = 204
Time = 20.4
Data = sz
File = feb_inputs/active_ascl/../../raw_logs/active_ascl/ascl_0.5_stress.txt

Data Record #3
===========================================================================
Step = 204
Time = 20.4
Data = J
File = feb_inputs/active_ascl/../../raw_logs/active_ascl/ascl_0.5_vol.txt

===== beginning time step 205 : 20.5 =====


Reforming stiffness matrix: reformation #1

 1
 Nonlinear solution status: time= 20.5
	stiffness updates             = 0
	right hand side evaluations   = 2
	stiffness matrix reformations = 1
	step from line search         = 1.000000
	convergence norms :     INITIAL         CURRENT         REQUIRED
	   residual            1.954137e+00    7.593814e-11    0.000000e+00 
	   energy              1.072720e-02    1.984023e-08    1.072720e-04 
	   displacement        5.093920e-04    5.093920e-04    5.093920e-10 
 2
 Nonlinear solution status: time= 20.5
	stiffness updates             = 1
	right hand side evaluations   = 3
	stiffness matrix reformations = 1
	step from line search         = 1.000000
	convergence norms :     INITIAL         CURRENT         REQUIRED
	   residual            1.954137e+00    7.652883e-17    0.000000e+00 
	   energy              1.072720e-02    7.670455e-16    1.072720e-04 
	   displacement        5.093920e-04    1.553170e-13    5.093887e-10 

convergence summary
    number of iterations   : 2
    number of reformations : 1

------- converged at time : 20.5


Data Record #1
===========================================================================
Step = 205
Time = 20.5
Data = uz
File = feb_inputs/active_ascl/../../raw_logs/active_ascl/ascl_0.5_disp.txt

Data Record #2
===========================================================================
Step = 205
Time = 20.5
Data = sz
File = feb_inputs/active_ascl/../../raw_logs/active_ascl/ascl_0.5_stress.txt

Data Record #3
===========================================================================
Step = 205
Time = 20.5
Data = J
File = feb_inputs/active_ascl/../../raw_logs/active_ascl/ascl_0.5_vol.txt

===== beginning time step 206 : 20.6 =====


Reforming stiffness matrix: reformation #1

 1
 Nonlinear solution status: time= 20.6
	stiffness updates             = 0
	right hand side evaluations   = 2
	stiffness matrix reformations = 1
	step from line search         = 1.000000
	convergence norms :     INITIAL         CURRENT         REQUIRED
	   residual            2.096506e+00    1.107407e-10    0.000000e+00 
	   energy              1.121719e-02    1.879077e-08    1.121719e-04 
	   displacement        5.271233e-04    5.271233e-04    5.271233e-10 
 2
 Nonlinear solution status: time= 20.6
	stiffness updates             = 1
	right hand side evaluations   = 3
	stiffness matrix reformations = 1
	step from line search         = 1.000000
	convergence norms :     INITIAL         CURRENT         REQUIRED
	   residual            2.096506e+00    1.013720e-16    0.000000e+00 
	   energy              1.121719e-02    8.861400e-16    1.121719e-04 
	   displacement        5.271233e-04    1.480015e-13    5.271209e-10 

convergence summary
    number of iterations   : 2
    number of reformations : 1

------- converged at time : 20.6


Data Record #1
===========================================================================
Step = 206
Time = 20.6
Data = uz
File = feb_inputs/active_ascl/../../raw_logs/active_ascl/ascl_0.5_disp.txt

Data Record #2
===========================================================================
Step = 206
Time = 20.6
Data = sz
File = feb_inputs/active_ascl/../../raw_logs/active_ascl/ascl_0.5_stress.txt

Data Record #3
===========================================================================
Step = 206
Time = 20.6
Data = J
File = feb_inputs/active_ascl/../../raw_logs/active_ascl/ascl_0.5_vol.txt

===== beginning time step 207 : 20.7 =====


Reforming stiffness matrix: reformation #1

 1
 Nonlinear solution status: time= 20.7
	stiffness updates             = 0
	right hand side evaluations   = 2
	stiffness matrix reformations = 1
	step from line search         = 1.000000
	convergence norms :     INITIAL         CURRENT         REQUIRED
	   residual            2.237409e+00    1.324965e-10    0.000000e+00 
	   energy              1.174209e-02    1.864458e-08    1.174209e-04 
	   displacement        5.474298e-04    5.474298e-04    5.474298e-10 
 2
 Nonlinear solution status: time= 20.7
	stiffness updates             = 1
	right hand side evaluations   = 3
	stiffness matrix reformations = 1
	step from line search         = 1.000000
	convergence norms :     INITIAL         CURRENT         REQUIRED
	   residual            2.237409e+00    1.151624e-16    0.000000e+00 
	   energy              1.174209e-02    9.464530e-16    1.174209e-04 
	   displacement        5.474298e-04    1.443145e-13    5.474279e-10 

convergence summary
    number of iterations   : 2
    number of reformations : 1

------- converged at time : 20.7


Data Record #1
===========================================================================
Step = 207
Time = 20.7
Data = uz
File = feb_inputs/active_ascl/../../raw_logs/active_ascl/ascl_0.5_disp.txt

Data Record #2
===========================================================================
Step = 207
Time = 20.7
Data = sz
File = feb_inputs/active_ascl/../../raw_logs/active_ascl/ascl_0.5_stress.txt

Data Record #3
===========================================================================
Step = 207
Time = 20.7
Data = J
File = feb_inputs/active_ascl/../../raw_logs/active_ascl/ascl_0.5_vol.txt

===== beginning time step 208 : 20.8 =====


Reforming stiffness matrix: reformation #1

 1
 Nonlinear solution status: time= 20.8
	stiffness updates             = 0
	right hand side evaluations   = 2
	stiffness matrix reformations = 1
	step from line search         = 1.000000
	convergence norms :     INITIAL         CURRENT         REQUIRED
	   residual            2.369582e+00    1.478340e-10    0.000000e+00 
	   energy              1.228188e-02    1.970997e-08    1.228188e-04 
	   displacement        5.704901e-04    5.704901e-04    5.704901e-10 
 2
 Nonlinear solution status: time= 20.8
	stiffness updates             = 1
	right hand side evaluations   = 3
	stiffness matrix reformations = 1
	step from line search         = 1.000000
	convergence norms :     INITIAL         CURRENT         REQUIRED
	   residual            2.369582e+00    1.266637e-16    0.000000e+00 
	   energy              1.228188e-02    1.015617e-15    1.228188e-04 
	   displacement        5.704901e-04    1.504254e-13    5.704880e-10 

convergence summary
    number of iterations   : 2
    number of reformations : 1

------- converged at time : 20.8


Data Record #1
===========================================================================
Step = 208
Time = 20.8
Data = uz
File = feb_inputs/active_ascl/../../raw_logs/active_ascl/ascl_0.5_disp.txt

Data Record #2
===========================================================================
Step = 208
Time = 20.8
Data = sz
File = feb_inputs/active_ascl/../../raw_logs/active_ascl/ascl_0.5_stress.txt

Data Record #3
===========================================================================
Step = 208
Time = 20.8
Data = J
File = feb_inputs/active_ascl/../../raw_logs/active_ascl/ascl_0.5_vol.txt

===== beginning time step 209 : 20.9 =====


Reforming stiffness matrix: reformation #1

 1
 Nonlinear solution status: time= 20.9
	stiffness updates             = 0
	right hand side evaluations   = 2
	stiffness matrix reformations = 1
	step from line search         = 1.000000
	convergence norms :     INITIAL         CURRENT         REQUIRED
	   residual            2.489849e+00    1.440659e-10    0.000000e+00 
	   energy              1.281520e-02    2.138491e-08    1.281520e-04 
	   displacement        5.956286e-04    5.956286e-04    5.956286e-10 
 2
 Nonlinear solution status: time= 20.9
	stiffness updates             = 1
	right hand side evaluations   = 3
	stiffness matrix reformations = 1
	step from line search         = 1.000000
	convergence norms :     INITIAL         CURRENT         REQUIRED
	   residual            2.489849e+00    1.315424e-16    0.000000e+00 
	   energy              1.281520e-02    1.026446e-15    1.281520e-04 
	   displacement        5.956286e-04    1.572166e-13    5.956262e-10 

convergence summary
    number of iterations   : 2
    number of reformations : 1

------- converged at time : 20.9


Data Record #1
===========================================================================
Step = 209
Time = 20.9
Data = uz
File = feb_inputs/active_ascl/../../raw_logs/active_ascl/ascl_0.5_disp.txt

Data Record #2
===========================================================================
Step = 209
Time = 20.9
Data = sz
File = feb_inputs/active_ascl/../../raw_logs/active_ascl/ascl_0.5_stress.txt

Data Record #3
===========================================================================
Step = 209
Time = 20.9
Data = J
File = feb_inputs/active_ascl/../../raw_logs/active_ascl/ascl_0.5_vol.txt

===== beginning time step 210 : 21 =====


Reforming stiffness matrix: reformation #1

 1
 Nonlinear solution status: time= 21
	stiffness updates             = 0
	right hand side evaluations   = 2
	stiffness matrix reformations = 1
	step from line search         = 1.000000
	convergence norms :     INITIAL         CURRENT         REQUIRED
	   residual            2.595825e+00    1.371341e-10    0.000000e+00 
	   energy              1.332270e-02    2.238330e-08    1.332270e-04 
	   displacement        6.207633e-04    6.207633e-04    6.207633e-10 
 2
 Nonlinear solution status: time= 21
	stiffness updates             = 1
	right hand side evaluations   = 3
	stiffness matrix reformations = 1
	step from line search         = 1.000000
	convergence norms :     INITIAL         CURRENT         REQUIRED
	   residual            2.595825e+00    1.272298e-16    0.000000e+00 
	   energy              1.332270e-02    9.843038e-16    1.332270e-04 
	   displacement        6.207633e-04    1.604771e-13    6.207609e-10 

convergence summary
    number of iterations   : 2
    number of reformations : 1

------- converged at time : 21


Data Record #1
===========================================================================
Step = 210
Time = 21
Data = uz
File = feb_inputs/active_ascl/../../raw_logs/active_ascl/ascl_0.5_disp.txt

Data Record #2
===========================================================================
Step = 210
Time = 21
Data = sz
File = feb_inputs/active_ascl/../../raw_logs/active_ascl/ascl_0.5_stress.txt

Data Record #3
===========================================================================
Step = 210
Time = 21
Data = J
File = feb_inputs/active_ascl/../../raw_logs/active_ascl/ascl_0.5_vol.txt

===== beginning time step 211 : 21.1 =====


Reforming stiffness matrix: reformation #1

 1
 Nonlinear solution status: time= 21.1
	stiffness updates             = 0
	right hand side evaluations   = 2
	stiffness matrix reformations = 1
	step from line search         = 1.000000
	convergence norms :     INITIAL         CURRENT         REQUIRED
	   residual            2.682380e+00    1.331379e-10    0.000000e+00 
	   energy              1.378200e-02    2.176681e-08    1.378200e-04 
	   displacement        6.443779e-04    6.443779e-04    6.443779e-10 
 2
 Nonlinear solution status: time= 21.1
	stiffness updates             = 1
	right hand side evaluations   = 3
	stiffness matrix reformations = 1
	step from line search         = 1.000000
	convergence norms :     INITIAL         CURRENT         REQUIRED
	   residual            2.682380e+00    1.310423e-16    0.000000e+00 
	   energy              1.378200e-02    9.754389e-16    1.378200e-04 
	   displacement        6.443779e-04    1.570526e-13    6.443755e-10 

convergence summary
    number of iterations   : 2
    number of reformations : 1

------- converged at time : 21.1


Data Record #1
===========================================================================
Step = 211
Time = 21.1
Data = uz
File = feb_inputs/active_ascl/../../raw_logs/active_ascl/ascl_0.5_disp.txt

Data Record #2
===========================================================================
Step = 211
Time = 21.1
Data = sz
File = feb_inputs/active_ascl/../../raw_logs/active_ascl/ascl_0.5_stress.txt

Data Record #3
===========================================================================
Step = 211
Time = 21.1
Data = J
File = feb_inputs/active_ascl/../../raw_logs/active_ascl/ascl_0.5_vol.txt

===== beginning time step 212 : 21.2 =====


Reforming stiffness matrix: reformation #1

 1
 Nonlinear solution status: time= 21.2
	stiffness updates             = 0
	right hand side evaluations   = 2
	stiffness matrix reformations = 1
	step from line search         = 1.000000
	convergence norms :     INITIAL         CURRENT         REQUIRED
	   residual            2.741954e+00    1.497394e-10    0.000000e+00 
	   energy              1.417152e-02    2.045831e-08    1.417152e-04 
	   displacement        6.654458e-04    6.654458e-04    6.654458e-10 
 2
 Nonlinear solution status: time= 21.2
	stiffness updates             = 1
	right hand side evaluations   = 3
	stiffness matrix reformations = 1
	step from line search         = 1.000000
	convergence norms :     INITIAL         CURRENT         REQUIRED
	   residual            2.741954e+00    1.412793e-16    0.000000e+00 
	   energy              1.417152e-02    1.060300e-15    1.417152e-04 
	   displacement        6.654458e-04    1.574004e-13    6.654434e-10 

convergence summary
    number of iterations   : 2
    number of reformations : 1

------- converged at time : 21.2


Data Record #1
===========================================================================
Step = 212
Time = 21.2
Data = uz
File = feb_inputs/active_ascl/../../raw_logs/active_ascl/ascl_0.5_disp.txt

Data Record #2
===========================================================================
Step = 212
Time = 21.2
Data = sz
File = feb_inputs/active_ascl/../../raw_logs/active_ascl/ascl_0.5_stress.txt

Data Record #3
===========================================================================
Step = 212
Time = 21.2
Data = J
File = feb_inputs/active_ascl/../../raw_logs/active_ascl/ascl_0.5_vol.txt

===== beginning time step 213 : 21.3 =====


Reforming stiffness matrix: reformation #1

 1
 Nonlinear solution status: time= 21.3
	stiffness updates             = 0
	right hand side evaluations   = 2
	stiffness matrix reformations = 1
	step from line search         = 1.000000
	convergence norms :     INITIAL         CURRENT         REQUIRED
	   residual            2.774802e+00    1.681968e-10    0.000000e+00 
	   energy              1.447910e-02    2.016116e-08    1.447910e-04 
	   displacement        6.831422e-04    6.831422e-04    6.831422e-10 
 2
 Nonlinear solution status: time= 21.3
	stiffness updates             = 1
	right hand side evaluations   = 3
	stiffness matrix reformations = 1
	step from line search         = 1.000000
	convergence norms :     INITIAL         CURRENT         REQUIRED
	   residual            2.774802e+00    1.547895e-16    0.000000e+00 
	   energy              1.447910e-02    1.150830e-15    1.447910e-04 
	   displacement        6.831422e-04    1.661413e-13    6.831396e-10 

convergence summary
    number of iterations   : 2
    number of reformations : 1

------- converged at time : 21.3


Data Record #1
===========================================================================
Step = 213
Time = 21.3
Data = uz
File = feb_inputs/active_ascl/../../raw_logs/active_ascl/ascl_0.5_disp.txt

Data Record #2
===========================================================================
Step = 213
Time = 21.3
Data = sz
File = feb_inputs/active_ascl/../../raw_logs/active_ascl/ascl_0.5_stress.txt

Data Record #3
===========================================================================
Step = 213
Time = 21.3
Data = J
File = feb_inputs/active_ascl/../../raw_logs/active_ascl/ascl_0.5_vol.txt

===== beginning time step 214 : 21.4 =====


Reforming stiffness matrix: reformation #1

 1
 Nonlinear solution status: time= 21.4
	stiffness updates             = 0
	right hand side evaluations   = 2
	stiffness matrix reformations = 1
	step from line search         = 1.000000
	convergence norms :     INITIAL         CURRENT         REQUIRED
	   residual            2.790249e+00    1.667655e-10    0.000000e+00 
	   energy              1.470643e-02    2.127473e-08    1.470643e-04 
	   displacement        6.966811e-04    6.966811e-04    6.966811e-10 
 2
 Nonlinear solution status: time= 21.4
	stiffness updates             = 1
	right hand side evaluations   = 3
	stiffness matrix reformations = 1
	step from line search         = 1.000000
	convergence norms :     INITIAL         CURRENT         REQUIRED
	   residual            2.790249e+00    1.524216e-16    0.000000e+00 
	   energy              1.470643e-02    1.197071e-15    1.470643e-04 
	   displacement        6.966811e-04    1.782223e-13    6.966784e-10 

convergence summary
    number of iterations   : 2
    number of reformations : 1

------- converged at time : 21.4


Data Record #1
===========================================================================
Step = 214
Time = 21.4
Data = uz
File = feb_inputs/active_ascl/../../raw_logs/active_ascl/ascl_0.5_disp.txt

Data Record #2
===========================================================================
Step = 214
Time = 21.4
Data = sz
File = feb_inputs/active_ascl/../../raw_logs/active_ascl/ascl_0.5_stress.txt

Data Record #3
===========================================================================
Step = 214
Time = 21.4
Data = J
File = feb_inputs/active_ascl/../../raw_logs/active_ascl/ascl_0.5_vol.txt

===== beginning time step 215 : 21.5 =====


Reforming stiffness matrix: reformation #1

 1
 Nonlinear solution status: time= 21.5
	stiffness updates             = 0
	right hand side evaluations   = 2
	stiffness matrix reformations = 1
	step from line search         = 1.000000
	convergence norms :     INITIAL         CURRENT         REQUIRED
	   residual            2.795319e+00    1.470257e-10    0.000000e+00 
	   energy              1.486932e-02    2.277271e-08    1.486932e-04 
	   displacement        7.052457e-04    7.052457e-04    7.052457e-10 
 2
 Nonlinear solution status: time= 21.5
	stiffness updates             = 1
	right hand side evaluations   = 3
	stiffness matrix reformations = 1
	step from line search         = 1.000000
	convergence norms :     INITIAL         CURRENT         REQUIRED
	   residual            2.795319e+00    1.375394e-16    0.000000e+00 
	   energy              1.486932e-02    1.170407e-15    1.486932e-04 
	   displacement        7.052457e-04    1.897320e-13    7.052430e-10 

convergence summary
    number of iterations   : 2
    number of reformations : 1

------- converged at time : 21.5


Data Record #1
===========================================================================
Step = 215
Time = 21.5
Data = uz
File = feb_inputs/active_ascl/../../raw_logs/active_ascl/ascl_0.5_disp.txt

Data Record #2
===========================================================================
Step = 215
Time = 21.5
Data = sz
File = feb_inputs/active_ascl/../../raw_logs/active_ascl/ascl_0.5_stress.txt

Data Record #3
===========================================================================
Step = 215
Time = 21.5
Data = J
File = feb_inputs/active_ascl/../../raw_logs/active_ascl/ascl_0.5_vol.txt

===== beginning time step 216 : 21.6 =====


Reforming stiffness matrix: reformation #1

 1
 Nonlinear solution status: time= 21.6
	stiffness updates             = 0
	right hand side evaluations   = 2
	stiffness matrix reformations = 1
	step from line search         = 1.000000
	convergence norms :     INITIAL         CURRENT         REQUIRED
	   residual            2.792538e+00    1.275987e-10    0.000000e+00 
	   energy              1.499293e-02    2.393120e-08    1.499293e-04 
	   displacement        7.104318e-04    7.104318e-04    7.104318e-10 
 2
 Nonlinear solution status: time= 21.6
	stiffness updates             = 1
	right hand side evaluations   = 3
	stiffness matrix reformations = 1
	step from line search         = 1.000000
	convergence norms :     INITIAL         CURRENT         REQUIRED
	   residual            2.792538e+00    1.347710e-16    0.000000e+00 
	   energy              1.499293e-02    1.126765e-15    1.499293e-04 
	   displacement        7.104318e-04    1.934847e-13    7.104287e-10 

convergence summary
    number of iterations   : 2
    number of reformations : 1

------- converged at time : 21.6


Data Record #1
===========================================================================
Step = 216
Time = 21.6
Data = uz
File = feb_inputs/active_ascl/../../raw_logs/active_ascl/ascl_0.5_disp.txt

Data Record #2
===========================================================================
Step = 216
Time = 21.6
Data = sz
File = feb_inputs/active_ascl/../../raw_logs/active_ascl/ascl_0.5_stress.txt

Data Record #3
===========================================================================
Step = 216
Time = 21.6
Data = J
File = feb_inputs/active_ascl/../../raw_logs/active_ascl/ascl_0.5_vol.txt

===== beginning time step 217 : 21.7 =====


Reforming stiffness matrix: reformation #1

 1
 Nonlinear solution status: time= 21.7
	stiffness updates             = 0
	right hand side evaluations   = 2
	stiffness matrix reformations = 1
	step from line search         = 1.000000
	convergence norms :     INITIAL         CURRENT         REQUIRED
	   residual            2.782153e+00    1.081920e-10    0.000000e+00 
	   energy              1.509835e-02    2.474700e-08    1.509835e-04 
	   displacement        7.151903e-04    7.151903e-04    7.151903e-10 
 2
 Nonlinear solution status: time= 21.7
	stiffness updates             = 1
	right hand side evaluations   = 3
	stiffness matrix reformations = 1
	step from line search         = 1.000000
	convergence norms :     INITIAL         CURRENT         REQUIRED
	   residual            2.782153e+00    1.154761e-16    0.000000e+00 
	   energy              1.509835e-02    9.783574e-16    1.509835e-04 
	   displacement        7.151903e-04    1.869382e-13    7.151869e-10 

convergence summary
    number of iterations   : 2
    number of reformations : 1

------- converged at time : 21.7


Data Record #1
===========================================================================
Step = 217
Time = 21.7
Data = uz
File = feb_inputs/active_ascl/../../raw_logs/active_ascl/ascl_0.5_disp.txt

Data Record #2
===========================================================================
Step = 217
Time = 21.7
Data = sz
File = feb_inputs/active_ascl/../../raw_logs/active_ascl/ascl_0.5_stress.txt

Data Record #3
===========================================================================
Step = 217
Time = 21.7
Data = J
File = feb_inputs/active_ascl/../../raw_logs/active_ascl/ascl_0.5_vol.txt

===== beginning time step 218 : 21.8 =====


Reforming stiffness matrix: reformation #1

 1
 Nonlinear solution status: time= 21.8
	stiffness updates             = 0
	right hand side evaluations   = 2
	stiffness matrix reformations = 1
	step from line search         = 1.000000
	convergence norms :     INITIAL         CURRENT         REQUIRED
	   residual            2.761407e+00    8.961537e-11    0.000000e+00 
	   energy              1.518966e-02    2.586846e-08    1.518966e-04 
	   displacement        7.209506e-04    7.209506e-04    7.209506e-10 
 2
 Nonlinear solution status: time= 21.8
	stiffness updates             = 1
	right hand side evaluations   = 3
	stiffness matrix reformations = 1
	step from line search         = 1.000000
	convergence norms :     INITIAL         CURRENT         REQUIRED
	   residual            2.761407e+00    8.871088e-17    0.000000e+00 
	   energy              1.518966e-02    8.179166e-16    1.518966e-04 
	   displacement        7.209506e-04    1.888494e-13    7.209466e-10 

convergence summary
    number of iterations   : 2
    number of reformations : 1

------- converged at time : 21.8


Data Record #1
===========================================================================
Step = 218
Time = 21.8
Data = uz
File = feb_inputs/active_ascl/../../raw_logs/active_ascl/ascl_0.5_disp.txt

Data Record #2
===========================================================================
Step = 218
Time = 21.8
Data = sz
File = feb_inputs/active_ascl/../../raw_logs/active_ascl/ascl_0.5_stress.txt

Data Record #3
===========================================================================
Step = 218
Time = 21.8
Data = J
File = feb_inputs/active_ascl/../../raw_logs/active_ascl/ascl_0.5_vol.txt

===== beginning time step 219 : 21.9 =====


Reforming stiffness matrix: reformation #1

 1
 Nonlinear solution status: time= 21.9
	stiffness updates             = 0
	right hand side evaluations   = 2
	stiffness matrix reformations = 1
	step from line search         = 1.000000
	convergence norms :     INITIAL         CURRENT         REQUIRED
	   residual            2.726708e+00    7.110958e-11    0.000000e+00 
	   energy              1.525554e-02    2.802051e-08    1.525554e-04 
	   displacement        7.280374e-04    7.280374e-04    7.280374e-10 
 2
 Nonlinear solution status: time= 21.9
	stiffness updates             = 1
	right hand side evaluations   = 3
	stiffness matrix reformations = 1
	step from line search         = 1.000000
	convergence norms :     INITIAL         CURRENT         REQUIRED
	   residual            2.726708e+00    8.232751e-17    0.000000e+00 
	   energy              1.525554e-02    7.728392e-16    1.525554e-04 
	   displacement        7.280374e-04    2.052075e-13    7.280328e-10 

convergence summary
    number of iterations   : 2
    number of reformations : 1

------- converged at time : 21.9


Data Record #1
===========================================================================
Step = 219
Time = 21.9
Data = uz
File = feb_inputs/active_ascl/../../raw_logs/active_ascl/ascl_0.5_disp.txt

Data Record #2
===========================================================================
Step = 219
Time = 21.9
Data = sz
File = feb_inputs/active_ascl/../../raw_logs/active_ascl/ascl_0.5_stress.txt

Data Record #3
===========================================================================
Step = 219
Time = 21.9
Data = J
File = feb_inputs/active_ascl/../../raw_logs/active_ascl/ascl_0.5_vol.txt

===== beginning time step 220 : 22 =====


Reforming stiffness matrix: reformation #1

 1
 Nonlinear solution status: time= 22
	stiffness updates             = 0
	right hand side evaluations   = 2
	stiffness matrix reformations = 1
	step from line search         = 1.000000
	convergence norms :     INITIAL         CURRENT         REQUIRED
	   residual            2.678537e+00    5.830534e-11    0.000000e+00 
	   energy              1.527503e-02    3.143718e-08    1.527503e-04 
	   displacement        7.353588e-04    7.353588e-04    7.353588e-10 
 2
 Nonlinear solution status: time= 22
	stiffness updates             = 1
	right hand side evaluations   = 3
	stiffness matrix reformations = 1
	step from line search         = 1.000000
	convergence norms :     INITIAL         CURRENT         REQUIRED
	   residual            2.678537e+00    6.787761e-17    0.000000e+00 
	   energy              1.527503e-02    7.243736e-16    1.527503e-04 
	   displacement        7.353588e-04    2.254734e-13    7.353536e-10 

convergence summary
    number of iterations   : 2
    number of reformations : 1

------- converged at time : 22


Data Record #1
===========================================================================
Step = 220
Time = 22
Data = uz
File = feb_inputs/active_ascl/../../raw_logs/active_ascl/ascl_0.5_disp.txt

Data Record #2
===========================================================================
Step = 220
Time = 22
Data = sz
File = feb_inputs/active_ascl/../../raw_logs/active_ascl/ascl_0.5_stress.txt

Data Record #3
===========================================================================
Step = 220
Time = 22
Data = J
File = feb_inputs/active_ascl/../../raw_logs/active_ascl/ascl_0.5_vol.txt

===== beginning time step 221 : 22.1 =====


Reforming stiffness matrix: reformation #1

 1
 Nonlinear solution status: time= 22.1
	stiffness updates             = 0
	right hand side evaluations   = 2
	stiffness matrix reformations = 1
	step from line search         = 1.000000
	convergence norms :     INITIAL         CURRENT         REQUIRED
	   residual            2.620547e+00    5.555742e-11    0.000000e+00 
	   energy              1.522253e-02    3.524997e-08    1.522253e-04 
	   displacement        7.404183e-04    7.404183e-04    7.404183e-10 
 2
 Nonlinear solution status: time= 22.1
	stiffness updates             = 1
	right hand side evaluations   = 3
	stiffness matrix reformations = 1
	step from line search         = 1.000000
	convergence norms :     INITIAL         CURRENT         REQUIRED
	   residual            2.620547e+00    5.549014e-17    0.000000e+00 
	   energy              1.522253e-02    7.230535e-16    1.522253e-04 
	   displacement        7.404183e-04    2.584579e-13    7.404122e-10 

convergence summary
    number of iterations   : 2
    number of reformations : 1

------- converged at time : 22.1


Data Record #1
===========================================================================
Step = 221
Time = 22.1
Data = uz
File = feb_inputs/active_ascl/../../raw_logs/active_ascl/ascl_0.5_disp.txt

Data Record #2
===========================================================================
Step = 221
Time = 22.1
Data = sz
File = feb_inputs/active_ascl/../../raw_logs/active_ascl/ascl_0.5_stress.txt

Data Record #3
===========================================================================
Step = 221
Time = 22.1
Data = J
File = feb_inputs/active_ascl/../../raw_logs/active_ascl/ascl_0.5_vol.txt

===== beginning time step 222 : 22.2 =====


Reforming stiffness matrix: reformation #1

 1
 Nonlinear solution status: time= 22.2
	stiffness updates             = 0
	right hand side evaluations   = 2
	stiffness matrix reformations = 1
	step from line search         = 1.000000
	convergence norms :     INITIAL         CURRENT         REQUIRED
	   residual            2.554916e+00    5.652569e-11    0.000000e+00 
	   energy              1.507116e-02    3.729175e-08    1.507116e-04 
	   displacement        7.401416e-04    7.401416e-04    7.401416e-10 
 2
 Nonlinear solution status: time= 22.2
	stiffness updates             = 1
	right hand side evaluations   = 3
	stiffness matrix reformations = 1
	step from line search         = 1.000000
	convergence norms :     INITIAL         CURRENT         REQUIRED
	   residual            2.554916e+00    5.620698e-17    0.000000e+00 
	   energy              1.507116e-02    7.720694e-16    1.507116e-04 
	   displacement        7.401416e-04    2.815330e-13    7.401348e-10 

convergence summary
    number of iterations   : 2
    number of reformations : 1

------- converged at time : 22.2


Data Record #1
===========================================================================
Step = 222
Time = 22.2
Data = uz
File = feb_inputs/active_ascl/../../raw_logs/active_ascl/ascl_0.5_disp.txt

Data Record #2
===========================================================================
Step = 222
Time = 22.2
Data = sz
File = feb_inputs/active_ascl/../../raw_logs/active_ascl/ascl_0.5_stress.txt

Data Record #3
===========================================================================
Step = 222
Time = 22.2
Data = J
File = feb_inputs/active_ascl/../../raw_logs/active_ascl/ascl_0.5_vol.txt

===== beginning time step 223 : 22.3 =====


Reforming stiffness matrix: reformation #1

 1
 Nonlinear solution status: time= 22.3
	stiffness updates             = 0
	right hand side evaluations   = 2
	stiffness matrix reformations = 1
	step from line search         = 1.000000
	convergence norms :     INITIAL         CURRENT         REQUIRED
	   residual            2.482663e+00    5.338023e-11    0.000000e+00 
	   energy              1.480219e-02    3.661217e-08    1.480219e-04 
	   displacement        7.323226e-04    7.323226e-04    7.323226e-10 
 2
 Nonlinear solution status: time= 22.3
	stiffness updates             = 1
	right hand side evaluations   = 3
	stiffness matrix reformations = 1
	step from line search         = 1.000000
	convergence norms :     INITIAL         CURRENT         REQUIRED
	   residual            2.482663e+00    5.684964e-17    0.000000e+00 
	   energy              1.480219e-02    7.555116e-16    1.480219e-04 
	   displacement        7.323226e-04    2.703447e-13    7.323154e-10 

convergence summary
    number of iterations   : 2
    number of reformations : 1

------- converged at time : 22.3


Data Record #1
===========================================================================
Step = 223
Time = 22.3
Data = uz
File = feb_inputs/active_ascl/../../raw_logs/active_ascl/ascl_0.5_disp.txt

Data Record #2
===========================================================================
Step = 223
Time = 22.3
Data = sz
File = feb_inputs/active_ascl/../../raw_logs/active_ascl/ascl_0.5_stress.txt

Data Record #3
===========================================================================
Step = 223
Time = 22.3
Data = J
File = feb_inputs/active_ascl/../../raw_logs/active_ascl/ascl_0.5_vol.txt

===== beginning time step 224 : 22.4 =====


Reforming stiffness matrix: reformation #1

 1
 Nonlinear solution status: time= 22.4
	stiffness updates             = 0
	right hand side evaluations   = 2
	stiffness matrix reformations = 1
	step from line search         = 1.000000
	convergence norms :     INITIAL         CURRENT         REQUIRED
	   residual            2.405659e+00    5.221291e-11    0.000000e+00 
	   energy              1.441270e-02    3.458830e-08    1.441270e-04 
	   displacement        7.160008e-04    7.160008e-04    7.160008e-10 
 2
 Nonlinear solution status: time= 22.4
	stiffness updates             = 1
	right hand side evaluations   = 3
	stiffness matrix reformations = 1
	step from line search         = 1.000000
	convergence norms :     INITIAL         CURRENT         REQUIRED
	   residual            2.405659e+00    6.204575e-17    0.000000e+00 
	   energy              1.441270e-02    7.859164e-16    1.441270e-04 
	   displacement        7.160008e-04    2.541475e-13    7.159933e-10 

convergence summary
    number of iterations   : 2
    number of reformations : 1

------- converged at time : 22.4


Data Record #1
===========================================================================
Step = 224
Time = 22.4
Data = uz
File = feb_inputs/active_ascl/../../raw_logs/active_ascl/ascl_0.5_disp.txt

Data Record #2
===========================================================================
Step = 224
Time = 22.4
Data = sz
File = feb_inputs/active_ascl/../../raw_logs/active_ascl/ascl_0.5_stress.txt

Data Record #3
===========================================================================
Step = 224
Time = 22.4
Data = J
File = feb_inputs/active_ascl/../../raw_logs/active_ascl/ascl_0.5_vol.txt

===== beginning time step 225 : 22.5 =====


Reforming stiffness matrix: reformation #1

 1
 Nonlinear solution status: time= 22.5
	stiffness updates             = 0
	right hand side evaluations   = 2
	stiffness matrix reformations = 1
	step from line search         = 1.000000
	convergence norms :     INITIAL         CURRENT         REQUIRED
	   residual            2.324976e+00    4.479262e-11    0.000000e+00 
	   energy              1.391078e-02    3.263288e-08    1.391078e-04 
	   displacement        6.908199e-04    6.908199e-04    6.908199e-10 
 2
 Nonlinear solution status: time= 22.5
	stiffness updates             = 1
	right hand side evaluations   = 3
	stiffness matrix reformations = 1
	step from line search         = 1.000000
	convergence norms :     INITIAL         CURRENT         REQUIRED
	   residual            2.324976e+00    5.950890e-17    0.000000e+00 
	   energy              1.391078e-02    7.941169e-16    1.391078e-04 
	   displacement        6.908199e-04    2.346786e-13    6.908125e-10 

convergence summary
    number of iterations   : 2
    number of reformations : 1

------- converged at time : 22.5


Data Record #1
===========================================================================
Step = 225
Time = 22.5
Data = uz
File = feb_inputs/active_ascl/../../raw_logs/active_ascl/ascl_0.5_disp.txt

Data Record #2
===========================================================================
Step = 225
Time = 22.5
Data = sz
File = feb_inputs/active_ascl/../../raw_logs/active_ascl/ascl_0.5_stress.txt

Data Record #3
===========================================================================
Step = 225
Time = 22.5
Data = J
File = feb_inputs/active_ascl/../../raw_logs/active_ascl/ascl_0.5_vol.txt

===== beginning time step 226 : 22.6 =====


Reforming stiffness matrix: reformation #1

 1
 Nonlinear solution status: time= 22.6
	stiffness updates             = 0
	right hand side evaluations   = 2
	stiffness matrix reformations = 1
	step from line search         = 1.000000
	convergence norms :     INITIAL         CURRENT         REQUIRED
	   residual            2.238555e+00    3.798356e-11    0.000000e+00 
	   energy              1.331243e-02    3.185454e-08    1.331243e-04 
	   displacement        6.585069e-04    6.585069e-04    6.585069e-10 
 2
 Nonlinear solution status: time= 22.6
	stiffness updates             = 1
	right hand side evaluations   = 3
	stiffness matrix reformations = 1
	step from line search         = 1.000000
	convergence norms :     INITIAL         CURRENT         REQUIRED
	   residual            2.238555e+00    5.001121e-17    0.000000e+00 
	   energy              1.331243e-02    7.086356e-16    1.331243e-04 
	   displacement        6.585069e-04    2.192684e-13    6.584997e-10 

convergence summary
    number of iterations   : 2
    number of reformations : 1

------- converged at time : 22.6


Data Record #1
===========================================================================
Step = 226
Time = 22.6
Data = uz
File = feb_inputs/active_ascl/../../raw_logs/active_ascl/ascl_0.5_disp.txt

Data Record #2
===========================================================================
Step = 226
Time = 22.6
Data = sz
File = feb_inputs/active_ascl/../../raw_logs/active_ascl/ascl_0.5_stress.txt

Data Record #3
===========================================================================
Step = 226
Time = 22.6
Data = J
File = feb_inputs/active_ascl/../../raw_logs/active_ascl/ascl_0.5_vol.txt

===== beginning time step 227 : 22.7 =====


Reforming stiffness matrix: reformation #1

 1
 Nonlinear solution status: time= 22.7
	stiffness updates             = 0
	right hand side evaluations   = 2
	stiffness matrix reformations = 1
	step from line search         = 1.000000
	convergence norms :     INITIAL         CURRENT         REQUIRED
	   residual            2.143813e+00    3.699354e-11    0.000000e+00 
	   energy              1.263768e-02    3.153531e-08    1.263768e-04 
	   displacement        6.221519e-04    6.221519e-04    6.221519e-10 
 2
 Nonlinear solution status: time= 22.7
	stiffness updates             = 1
	right hand side evaluations   = 3
	stiffness matrix reformations = 1
	step from line search         = 1.000000
	convergence norms :     INITIAL         CURRENT         REQUIRED
	   residual            2.143813e+00    4.922456e-17    0.000000e+00 
	   energy              1.263768e-02    7.100127e-16    1.263768e-04 
	   displacement        6.221519e-04    2.203309e-13    6.221447e-10 

convergence summary
    number of iterations   : 2
    number of reformations : 1

------- converged at time : 22.7


Data Record #1
===========================================================================
Step = 227
Time = 22.7
Data = uz
File = feb_inputs/active_ascl/../../raw_logs/active_ascl/ascl_0.5_disp.txt

Data Record #2
===========================================================================
Step = 227
Time = 22.7
Data = sz
File = feb_inputs/active_ascl/../../raw_logs/active_ascl/ascl_0.5_stress.txt

Data Record #3
===========================================================================
Step = 227
Time = 22.7
Data = J
File = feb_inputs/active_ascl/../../raw_logs/active_ascl/ascl_0.5_vol.txt

===== beginning time step 228 : 22.8 =====


Reforming stiffness matrix: reformation #1

 1
 Nonlinear solution status: time= 22.8
	stiffness updates             = 0
	right hand side evaluations   = 2
	stiffness matrix reformations = 1
	step from line search         = 1.000000
	convergence norms :     INITIAL         CURRENT         REQUIRED
	   residual            2.041029e+00    3.769718e-11    0.000000e+00 
	   energy              1.190794e-02    2.997343e-08    1.190794e-04 
	   displacement        5.839738e-04    5.839738e-04    5.839738e-10 
 2
 Nonlinear solution status: time= 22.8
	stiffness updates             = 1
	right hand side evaluations   = 3
	stiffness matrix reformations = 1
	step from line search         = 1.000000
	convergence norms :     INITIAL         CURRENT         REQUIRED
	   residual            2.041029e+00    5.430274e-17    0.000000e+00 
	   energy              1.190794e-02    7.094455e-16    1.190794e-04 
	   displacement        5.839738e-04    2.061369e-13    5.839668e-10 

convergence summary
    number of iterations   : 2
    number of reformations : 1

------- converged at time : 22.8


Data Record #1
===========================================================================
Step = 228
Time = 22.8
Data = uz
File = feb_inputs/active_ascl/../../raw_logs/active_ascl/ascl_0.5_disp.txt

Data Record #2
===========================================================================
Step = 228
Time = 22.8
Data = sz
File = feb_inputs/active_ascl/../../raw_logs/active_ascl/ascl_0.5_stress.txt

Data Record #3
===========================================================================
Step = 228
Time = 22.8
Data = J
File = feb_inputs/active_ascl/../../raw_logs/active_ascl/ascl_0.5_vol.txt

===== beginning time step 229 : 22.9 =====


Reforming stiffness matrix: reformation #1

 1
 Nonlinear solution status: time= 22.9
	stiffness updates             = 0
	right hand side evaluations   = 2
	stiffness matrix reformations = 1
	step from line search         = 1.000000
	convergence norms :     INITIAL         CURRENT         REQUIRED
	   residual            1.934014e+00    4.449793e-11    0.000000e+00 
	   energy              1.114488e-02    2.688457e-08    1.114488e-04 
	   displacement        5.446572e-04    5.446572e-04    5.446572e-10 
 2
 Nonlinear solution status: time= 22.9
	stiffness updates             = 1
	right hand side evaluations   = 3
	stiffness matrix reformations = 1
	step from line search         = 1.000000
	convergence norms :     INITIAL         CURRENT         REQUIRED
	   residual            1.934014e+00    5.974728e-17    0.000000e+00 
	   energy              1.114488e-02    6.857779e-16    1.114488e-04 
	   displacement        5.446572e-04    1.825314e-13    5.446505e-10 

convergence summary
    number of iterations   : 2
    number of reformations : 1

------- converged at time : 22.9


Data Record #1
===========================================================================
Step = 229
Time = 22.9
Data = uz
File = feb_inputs/active_ascl/../../raw_logs/active_ascl/ascl_0.5_disp.txt

Data Record #2
===========================================================================
Step = 229
Time = 22.9
Data = sz
File = feb_inputs/active_ascl/../../raw_logs/active_ascl/ascl_0.5_stress.txt

Data Record #3
===========================================================================
Step = 229
Time = 22.9
Data = J
File = feb_inputs/active_ascl/../../raw_logs/active_ascl/ascl_0.5_vol.txt

===== beginning time step 230 : 23 =====


Reforming stiffness matrix: reformation #1

 1
 Nonlinear solution status: time= 23
	stiffness updates             = 0
	right hand side evaluations   = 2
	stiffness matrix reformations = 1
	step from line search         = 1.000000
	convergence norms :     INITIAL         CURRENT         REQUIRED
	   residual            1.827824e+00    5.739781e-11    0.000000e+00 
	   energy              1.037044e-02    2.341499e-08    1.037044e-04 
	   displacement        5.041163e-04    5.041163e-04    5.041163e-10 
 2
 Nonlinear solution status: time= 23
	stiffness updates             = 1
	right hand side evaluations   = 3
	stiffness matrix reformations = 1
	step from line search         = 1.000000
	convergence norms :     INITIAL         CURRENT         REQUIRED
	   residual            1.827824e+00    6.800275e-17    0.000000e+00 
	   energy              1.037044e-02    6.988215e-16    1.037044e-04 
	   displacement        5.041163e-04    1.690986e-13    5.041101e-10 

convergence summary
    number of iterations   : 2
    number of reformations : 1

------- converged at time : 23


Data Record #1
===========================================================================
Step = 230
Time = 23
Data = uz
File = feb_inputs/active_ascl/../../raw_logs/active_ascl/ascl_0.5_disp.txt

Data Record #2
===========================================================================
Step = 230
Time = 23
Data = sz
File = feb_inputs/active_ascl/../../raw_logs/active_ascl/ascl_0.5_stress.txt

Data Record #3
===========================================================================
Step = 230
Time = 23
Data = J
File = feb_inputs/active_ascl/../../raw_logs/active_ascl/ascl_0.5_vol.txt

===== beginning time step 231 : 23.1 =====


Reforming stiffness matrix: reformation #1

 1
 Nonlinear solution status: time= 23.1
	stiffness updates             = 0
	right hand side evaluations   = 2
	stiffness matrix reformations = 1
	step from line search         = 1.000000
	convergence norms :     INITIAL         CURRENT         REQUIRED
	   residual            1.723869e+00    6.358082e-11    0.000000e+00 
	   energy              9.605145e-03    2.085837e-08    9.605145e-05 
	   displacement        4.635960e-04    4.635960e-04    4.635960e-10 
 2
 Nonlinear solution status: time= 23.1
	stiffness updates             = 1
	right hand side evaluations   = 3
	stiffness matrix reformations = 1
	step from line search         = 1.000000
	convergence norms :     INITIAL         CURRENT         REQUIRED
	   residual            1.723869e+00    7.592353e-17    0.000000e+00 
	   energy              9.605145e-03    7.035149e-16    9.605145e-05 
	   displacement        4.635960e-04    1.597117e-13    4.635903e-10 

convergence summary
    number of iterations   : 2
    number of reformations : 1

------- converged at time : 23.1


Data Record #1
===========================================================================
Step = 231
Time = 23.1
Data = uz
File = feb_inputs/active_ascl/../../raw_logs/active_ascl/ascl_0.5_disp.txt

Data Record #2
===========================================================================
Step = 231
Time = 23.1
Data = sz
File = feb_inputs/active_ascl/../../raw_logs/active_ascl/ascl_0.5_stress.txt

Data Record #3
===========================================================================
Step = 231
Time = 23.1
Data = J
File = feb_inputs/active_ascl/../../raw_logs/active_ascl/ascl_0.5_vol.txt

===== beginning time step 232 : 23.2 =====


Reforming stiffness matrix: reformation #1

 1
 Nonlinear solution status: time= 23.2
	stiffness updates             = 0
	right hand side evaluations   = 2
	stiffness matrix reformations = 1
	step from line search         = 1.000000
	convergence norms :     INITIAL         CURRENT         REQUIRED
	   residual            1.622525e+00    5.926298e-11    0.000000e+00 
	   energy              8.866205e-03    1.989259e-08    8.866205e-05 
	   displacement        4.245061e-04    4.245061e-04    4.245061e-10 
 2
 Nonlinear solution status: time= 23.2
	stiffness updates             = 1
	right hand side evaluations   = 3
	stiffness matrix reformations = 1
	step from line search         = 1.000000
	convergence norms :     INITIAL         CURRENT         REQUIRED
	   residual            1.622525e+00    7.967727e-17    0.000000e+00 
	   energy              8.866205e-03    7.334166e-16    8.866205e-05 
	   displacement        4.245061e-04    1.617062e-13    4.245005e-10 

convergence summary
    number of iterations   : 2
    number of reformations : 1

------- converged at time : 23.2


Data Record #1
===========================================================================
Step = 232
Time = 23.2
Data = uz
File = feb_inputs/active_ascl/../../raw_logs/active_ascl/ascl_0.5_disp.txt

Data Record #2
===========================================================================
Step = 232
Time = 23.2
Data = sz
File = feb_inputs/active_ascl/../../raw_logs/active_ascl/ascl_0.5_stress.txt

Data Record #3
===========================================================================
Step = 232
Time = 23.2
Data = J
File = feb_inputs/active_ascl/../../raw_logs/active_ascl/ascl_0.5_vol.txt

===== beginning time step 233 : 23.3 =====


Reforming stiffness matrix: reformation #1

 1
 Nonlinear solution status: time= 23.3
	stiffness updates             = 0
	right hand side evaluations   = 2
	stiffness matrix reformations = 1
	step from line search         = 1.000000
	convergence norms :     INITIAL         CURRENT         REQUIRED
	   residual            1.525873e+00    5.295865e-11    0.000000e+00 
	   energy              8.164277e-03    1.974244e-08    8.164277e-05 
	   displacement        3.867982e-04    3.867982e-04    3.867982e-10 
 2
 Nonlinear solution status: time= 23.3
	stiffness updates             = 1
	right hand side evaluations   = 3
	stiffness matrix reformations = 1
	step from line search         = 1.000000
	convergence norms :     INITIAL         CURRENT         REQUIRED
	   residual            1.525873e+00    6.873367e-17    0.000000e+00 
	   energy              8.164277e-03    7.296253e-16    8.164277e-05 
	   displacement        3.867982e-04    1.656054e-13    3.867933e-10 

convergence summary
    number of iterations   : 2
    number of reformations : 1

------- converged at time : 23.3


Data Record #1
===========================================================================
Step = 233
Time = 23.3
Data = uz
File = feb_inputs/active_ascl/../../raw_logs/active_ascl/ascl_0.5_disp.txt

Data Record #2
===========================================================================
Step = 233
Time = 23.3
Data = sz
File = feb_inputs/active_ascl/../../raw_logs/active_ascl/ascl_0.5_stress.txt

Data Record #3
===========================================================================
Step = 233
Time = 23.3
Data = J
File = feb_inputs/active_ascl/../../raw_logs/active_ascl/ascl_0.5_vol.txt

===== beginning time step 234 : 23.4 =====


Reforming stiffness matrix: reformation #1

 1
 Nonlinear solution status: time= 23.4
	stiffness updates             = 0
	right hand side evaluations   = 2
	stiffness matrix reformations = 1
	step from line search         = 1.000000
	convergence norms :     INITIAL         CURRENT         REQUIRED
	   residual            1.433363e+00    5.099731e-11    0.000000e+00 
	   energy              7.503654e-03    1.877320e-08    7.503654e-05 
	   displacement        3.506730e-04    3.506730e-04    3.506730e-10 
 2
 Nonlinear solution status: time= 23.4
	stiffness updates             = 1
	right hand side evaluations   = 3
	stiffness matrix reformations = 1
	step from line search         = 1.000000
	convergence norms :     INITIAL         CURRENT         REQUIRED
	   residual            1.433363e+00    6.245441e-17    0.000000e+00 
	   energy              7.503654e-03    6.838087e-16    7.503654e-05 
	   displacement        3.506730e-04    1.546153e-13    3.506688e-10 

convergence summary
    number of iterations   : 2
    number of reformations : 1

------- converged at time : 23.4


Data Record #1
===========================================================================
Step = 234
Time = 23.4
Data = uz
File = feb_inputs/active_ascl/../../raw_logs/active_ascl/ascl_0.5_disp.txt

Data Record #2
===========================================================================
Step = 234
Time = 23.4
Data = sz
File = feb_inputs/active_ascl/../../raw_logs/active_ascl/ascl_0.5_stress.txt

Data Record #3
===========================================================================
Step = 234
Time = 23.4
Data = J
File = feb_inputs/active_ascl/../../raw_logs/active_ascl/ascl_0.5_vol.txt

===== beginning time step 235 : 23.5 =====


Reforming stiffness matrix: reformation #1

 1
 Nonlinear solution status: time= 23.5
	stiffness updates             = 0
	right hand side evaluations   = 2
	stiffness matrix reformations = 1
	step from line search         = 1.000000
	convergence norms :     INITIAL         CURRENT         REQUIRED
	   residual            1.341125e+00    5.638439e-11    0.000000e+00 
	   energy              6.887073e-03    1.642861e-08    6.887073e-05 
	   displacement        3.176051e-04    3.176051e-04    3.176051e-10 
 2
 Nonlinear solution status: time= 23.5
	stiffness updates             = 1
	right hand side evaluations   = 3
	stiffness matrix reformations = 1
	step from line search         = 1.000000
	convergence norms :     INITIAL         CURRENT         REQUIRED
	   residual            1.341125e+00    7.166021e-17    0.000000e+00 
	   energy              6.887073e-03    7.476601e-16    6.887073e-05 
	   displacement        3.176051e-04    1.446669e-13    3.176018e-10 

convergence summary
    number of iterations   : 2
    number of reformations : 1

------- converged at time : 23.5


Data Record #1
===========================================================================
Step = 235
Time = 23.5
Data = uz
File = feb_inputs/active_ascl/../../raw_logs/active_ascl/ascl_0.5_disp.txt

Data Record #2
===========================================================================
Step = 235
Time = 23.5
Data = sz
File = feb_inputs/active_ascl/../../raw_logs/active_ascl/ascl_0.5_stress.txt

Data Record #3
===========================================================================
Step = 235
Time = 23.5
Data = J
File = feb_inputs/active_ascl/../../raw_logs/active_ascl/ascl_0.5_vol.txt

===== beginning time step 236 : 23.6 =====


Reforming stiffness matrix: reformation #1

 1
 Nonlinear solution status: time= 23.6
	stiffness updates             = 0
	right hand side evaluations   = 2
	stiffness matrix reformations = 1
	step from line search         = 1.000000
	convergence norms :     INITIAL         CURRENT         REQUIRED
	   residual            1.245810e+00    7.482978e-11    0.000000e+00 
	   energy              6.314267e-03    1.351259e-08    6.314267e-05 
	   displacement        2.887192e-04    2.887192e-04    2.887192e-10 
 2
 Nonlinear solution status: time= 23.6
	stiffness updates             = 1
	right hand side evaluations   = 3
	stiffness matrix reformations = 1
	step from line search         = 1.000000
	convergence norms :     INITIAL         CURRENT         REQUIRED
	   residual            1.245810e+00    9.712527e-17    0.000000e+00 
	   energy              6.314267e-03    9.214819e-16    6.314267e-05 
	   displacement        2.887192e-04    1.398869e-13    2.887170e-10 

convergence summary
    number of iterations   : 2
    number of reformations : 1

------- converged at time : 23.6


Data Record #1
===========================================================================
Step = 236
Time = 23.6
Data = uz
File = feb_inputs/active_ascl/../../raw_logs/active_ascl/ascl_0.5_disp.txt

Data Record #2
===========================================================================
Step = 236
Time = 23.6
Data = sz
File = feb_inputs/active_ascl/../../raw_logs/active_ascl/ascl_0.5_stress.txt

Data Record #3
===========================================================================
Step = 236
Time = 23.6
Data = J
File = feb_inputs/active_ascl/../../raw_logs/active_ascl/ascl_0.5_vol.txt

===== beginning time step 237 : 23.7 =====


Reforming stiffness matrix: reformation #1

 1
 Nonlinear solution status: time= 23.7
	stiffness updates             = 0
	right hand side evaluations   = 2
	stiffness matrix reformations = 1
	step from line search         = 1.000000
	convergence norms :     INITIAL         CURRENT         REQUIRED
	   residual            1.146676e+00    8.495374e-11    0.000000e+00 
	   energy              5.782008e-03    1.135629e-08    5.782008e-05 
	   displacement        2.635111e-04    2.635111e-04    2.635111e-10 
 2
 Nonlinear solution status: time= 23.7
	stiffness updates             = 1
	right hand side evaluations   = 3
	stiffness matrix reformations = 1
	step from line search         = 1.000000
	convergence norms :     INITIAL         CURRENT         REQUIRED
	   residual            1.146676e+00    1.155376e-16    0.000000e+00 
	   energy              5.782008e-03    1.024400e-15    5.782008e-05 
	   displacement        2.635111e-04    1.346942e-13    2.635097e-10 

convergence summary
    number of iterations   : 2
    number of reformations : 1

------- converged at time : 23.7


Data Record #1
===========================================================================
Step = 237
Time = 23.7
Data = uz
File = feb_inputs/active_ascl/../../raw_logs/active_ascl/ascl_0.5_disp.txt

Data Record #2
===========================================================================
Step = 237
Time = 23.7
Data = sz
File = feb_inputs/active_ascl/../../raw_logs/active_ascl/ascl_0.5_stress.txt

Data Record #3
===========================================================================
Step = 237
Time = 23.7
Data = J
File = feb_inputs/active_ascl/../../raw_logs/active_ascl/ascl_0.5_vol.txt

===== beginning time step 238 : 23.8 =====


Reforming stiffness matrix: reformation #1

 1
 Nonlinear solution status: time= 23.8
	stiffness updates             = 0
	right hand side evaluations   = 2
	stiffness matrix reformations = 1
	step from line search         = 1.000000
	convergence norms :     INITIAL         CURRENT         REQUIRED
	   residual            1.045697e+00    9.315375e-11    0.000000e+00 
	   energy              5.290387e-03    1.053716e-08    5.290387e-05 
	   displacement        2.410974e-04    2.410974e-04    2.410974e-10 
 2
 Nonlinear solution status: time= 23.8
	stiffness updates             = 1
	right hand side evaluations   = 3
	stiffness matrix reformations = 1
	step from line search         = 1.000000
	convergence norms :     INITIAL         CURRENT         REQUIRED
	   residual            1.045697e+00    1.272796e-16    0.000000e+00 
	   energy              5.290387e-03    1.077871e-15    5.290387e-05 
	   displacement        2.410974e-04    1.356337e-13    2.410959e-10 

convergence summary
    number of iterations   : 2
    number of reformations : 1

------- converged at time : 23.8


Data Record #1
===========================================================================
Step = 238
Time = 23.8
Data = uz
File = feb_inputs/active_ascl/../../raw_logs/active_ascl/ascl_0.5_disp.txt

Data Record #2
===========================================================================
Step = 238
Time = 23.8
Data = sz
File = feb_inputs/active_ascl/../../raw_logs/active_ascl/ascl_0.5_stress.txt

Data Record #3
===========================================================================
Step = 238
Time = 23.8
Data = J
File = feb_inputs/active_ascl/../../raw_logs/active_ascl/ascl_0.5_vol.txt

===== beginning time step 239 : 23.9 =====


Reforming stiffness matrix: reformation #1

 1
 Nonlinear solution status: time= 23.9
	stiffness updates             = 0
	right hand side evaluations   = 2
	stiffness matrix reformations = 1
	step from line search         = 1.000000
	convergence norms :     INITIAL         CURRENT         REQUIRED
	   residual            9.479129e-01    8.464021e-11    0.000000e+00 
	   energy              4.845937e-03    1.037061e-08    4.845937e-05 
	   displacement        2.214494e-04    2.214494e-04    2.214494e-10 
 2
 Nonlinear solution status: time= 23.9
	stiffness updates             = 1
	right hand side evaluations   = 3
	stiffness matrix reformations = 1
	step from line search         = 1.000000
	convergence norms :     INITIAL         CURRENT         REQUIRED
	   residual            9.479129e-01    1.137305e-16    0.000000e+00 
	   energy              4.845937e-03    9.808487e-16    4.845937e-05 
	   displacement        2.214494e-04    1.331220e-13    2.214473e-10 

convergence summary
    number of iterations   : 2
    number of reformations : 1

------- converged at time : 23.9


Data Record #1
===========================================================================
Step = 239
Time = 23.9
Data = uz
File = feb_inputs/active_ascl/../../raw_logs/active_ascl/ascl_0.5_disp.txt

Data Record #2
===========================================================================
Step = 239
Time = 23.9
Data = sz
File = feb_inputs/active_ascl/../../raw_logs/active_ascl/ascl_0.5_stress.txt

Data Record #3
===========================================================================
Step = 239
Time = 23.9
Data = J
File = feb_inputs/active_ascl/../../raw_logs/active_ascl/ascl_0.5_vol.txt

===== beginning time step 240 : 24 =====


Reforming stiffness matrix: reformation #1

 1
 Nonlinear solution status: time= 24
	stiffness updates             = 0
	right hand side evaluations   = 2
	stiffness matrix reformations = 1
	step from line search         = 1.000000
	convergence norms :     INITIAL         CURRENT         REQUIRED
	   residual            8.594627e-01    5.650222e-11    0.000000e+00 
	   energy              4.461901e-03    1.023423e-08    4.461901e-05 
	   displacement        2.052602e-04    2.052602e-04    2.052602e-10 
 2
 Nonlinear solution status: time= 24
	stiffness updates             = 1
	right hand side evaluations   = 3
	stiffness matrix reformations = 1
	step from line search         = 1.000000
	convergence norms :     INITIAL         CURRENT         REQUIRED
	   residual            8.594627e-01    8.939764e-17    0.000000e+00 
	   energy              4.461901e-03    7.227330e-16    4.461901e-05 
	   displacement        2.052602e-04    1.166448e-13    2.052575e-10 

convergence summary
    number of iterations   : 2
    number of reformations : 1

------- converged at time : 24


Data Record #1
===========================================================================
Step = 240
Time = 24
Data = uz
File = feb_inputs/active_ascl/../../raw_logs/active_ascl/ascl_0.5_disp.txt

Data Record #2
===========================================================================
Step = 240
Time = 24
Data = sz
File = feb_inputs/active_ascl/../../raw_logs/active_ascl/ascl_0.5_stress.txt

Data Record #3
===========================================================================
Step = 240
Time = 24
Data = J
File = feb_inputs/active_ascl/../../raw_logs/active_ascl/ascl_0.5_vol.txt

===== beginning time step 241 : 24.1 =====


Reforming stiffness matrix: reformation #1

 1
 Nonlinear solution status: time= 24.1
	stiffness updates             = 0
	right hand side evaluations   = 2
	stiffness matrix reformations = 1
	step from line search         = 1.000000
	convergence norms :     INITIAL         CURRENT         REQUIRED
	   residual            7.843643e-01    4.337326e-11    0.000000e+00 
	   energy              4.152006e-03    1.027110e-08    4.152006e-05 
	   displacement        1.932693e-04    1.932693e-04    1.932693e-10 
 2
 Nonlinear solution status: time= 24.1
	stiffness updates             = 1
	right hand side evaluations   = 3
	stiffness matrix reformations = 1
	step from line search         = 1.000000
	convergence norms :     INITIAL         CURRENT         REQUIRED
	   residual            7.843643e-01    6.780835e-17    0.000000e+00 
	   energy              4.152006e-03    5.359068e-16    4.152006e-05 
	   displacement        1.932693e-04    1.008496e-13    1.932660e-10 

convergence summary
    number of iterations   : 2
    number of reformations : 1

------- converged at time : 24.1


Data Record #1
===========================================================================
Step = 241
Time = 24.1
Data = uz
File = feb_inputs/active_ascl/../../raw_logs/active_ascl/ascl_0.5_disp.txt

Data Record #2
===========================================================================
Step = 241
Time = 24.1
Data = sz
File = feb_inputs/active_ascl/../../raw_logs/active_ascl/ascl_0.5_stress.txt

Data Record #3
===========================================================================
Step = 241
Time = 24.1
Data = J
File = feb_inputs/active_ascl/../../raw_logs/active_ascl/ascl_0.5_vol.txt

===== beginning time step 242 : 24.2 =====


Reforming stiffness matrix: reformation #1

 1
 Nonlinear solution status: time= 24.2
	stiffness updates             = 0
	right hand side evaluations   = 2
	stiffness matrix reformations = 1
	step from line search         = 1.000000
	convergence norms :     INITIAL         CURRENT         REQUIRED
	   residual            7.264302e-01    3.660619e-11    0.000000e+00 
	   energy              3.925665e-03    1.092965e-08    3.925665e-05 
	   displacement        1.855461e-04    1.855461e-04    1.855461e-10 
 2
 Nonlinear solution status: time= 24.2
	stiffness updates             = 1
	right hand side evaluations   = 3
	stiffness matrix reformations = 1
	step from line search         = 1.000000
	convergence norms :     INITIAL         CURRENT         REQUIRED
	   residual            7.264302e-01    5.135922e-17    0.000000e+00 
	   energy              3.925665e-03    4.630406e-16    3.925665e-05 
	   displacement        1.855461e-04    1.068802e-13    1.855420e-10 

convergence summary
    number of iterations   : 2
    number of reformations : 1

------- converged at time : 24.2


Data Record #1
===========================================================================
Step = 242
Time = 24.2
Data = uz
File = feb_inputs/active_ascl/../../raw_logs/active_ascl/ascl_0.5_disp.txt

Data Record #2
===========================================================================
Step = 242
Time = 24.2
Data = sz
File = feb_inputs/active_ascl/../../raw_logs/active_ascl/ascl_0.5_stress.txt

Data Record #3
===========================================================================
Step = 242
Time = 24.2
Data = J
File = feb_inputs/active_ascl/../../raw_logs/active_ascl/ascl_0.5_vol.txt

===== beginning time step 243 : 24.3 =====


Reforming stiffness matrix: reformation #1

 1
 Nonlinear solution status: time= 24.3
	stiffness updates             = 0
	right hand side evaluations   = 2
	stiffness matrix reformations = 1
	step from line search         = 1.000000
	convergence norms :     INITIAL         CURRENT         REQUIRED
	   residual            6.894820e-01    3.080734e-11    0.000000e+00 
	   energy              3.789727e-03    1.252704e-08    3.789727e-05 
	   displacement        1.814542e-04    1.814542e-04    1.814542e-10 
 2
 Nonlinear solution status: time= 24.3
	stiffness updates             = 1
	right hand side evaluations   = 3
	stiffness matrix reformations = 1
	step from line search         = 1.000000
	convergence norms :     INITIAL         CURRENT         REQUIRED
	   residual            6.894820e-01    3.971221e-17    0.000000e+00 
	   energy              3.789727e-03    4.877552e-16    3.789727e-05 
	   displacement        1.814542e-04    1.284659e-13    1.814492e-10 

convergence summary
    number of iterations   : 2
    number of reformations : 1

------- converged at time : 24.3


Data Record #1
===========================================================================
Step = 243
Time = 24.3
Data = uz
File = feb_inputs/active_ascl/../../raw_logs/active_ascl/ascl_0.5_disp.txt

Data Record #2
===========================================================================
Step = 243
Time = 24.3
Data = sz
File = feb_inputs/active_ascl/../../raw_logs/active_ascl/ascl_0.5_stress.txt

Data Record #3
===========================================================================
Step = 243
Time = 24.3
Data = J
File = feb_inputs/active_ascl/../../raw_logs/active_ascl/ascl_0.5_vol.txt

===== beginning time step 244 : 24.4 =====


Reforming stiffness matrix: reformation #1

 1
 Nonlinear solution status: time= 24.4
	stiffness updates             = 0
	right hand side evaluations   = 2
	stiffness matrix reformations = 1
	step from line search         = 1.000000
	convergence norms :     INITIAL         CURRENT         REQUIRED
	   residual            6.734704e-01    3.485839e-11    0.000000e+00 
	   energy              3.747555e-03    1.496605e-08    3.747555e-05 
	   displacement        1.809460e-04    1.809460e-04    1.809460e-10 
 2
 Nonlinear solution status: time= 24.4
	stiffness updates             = 1
	right hand side evaluations   = 3
	stiffness matrix reformations = 1
	step from line search         = 1.000000
	convergence norms :     INITIAL         CURRENT         REQUIRED
	   residual            6.734704e-01    3.356925e-17    0.000000e+00 
	   energy              3.747555e-03    4.721216e-16    3.747555e-05 
	   displacement        1.809460e-04    1.421859e-13    1.809405e-10 

convergence summary
    number of iterations   : 2
    number of reformations : 1

------- converged at time : 24.4


Data Record #1
===========================================================================
Step = 244
Time = 24.4
Data = uz
File = feb_inputs/active_ascl/../../raw_logs/active_ascl/ascl_0.5_disp.txt

Data Record #2
===========================================================================
Step = 244
Time = 24.4
Data = sz
File = feb_inputs/active_ascl/../../raw_logs/active_ascl/ascl_0.5_stress.txt

Data Record #3
===========================================================================
Step = 244
Time = 24.4
Data = J
File = feb_inputs/active_ascl/../../raw_logs/active_ascl/ascl_0.5_vol.txt

===== beginning time step 245 : 24.5 =====


Reforming stiffness matrix: reformation #1

 1
 Nonlinear solution status: time= 24.5
	stiffness updates             = 0
	right hand side evaluations   = 2
	stiffness matrix reformations = 1
	step from line search         = 1.000000
	convergence norms :     INITIAL         CURRENT         REQUIRED
	   residual            6.732379e-01    4.266282e-11    0.000000e+00 
	   energy              3.794429e-03    1.823997e-08    3.794429e-05 
	   displacement        1.849112e-04    1.849112e-04    1.849112e-10 
 2
 Nonlinear solution status: time= 24.5
	stiffness updates             = 1
	right hand side evaluations   = 3
	stiffness matrix reformations = 1
	step from line search         = 1.000000
	convergence norms :     INITIAL         CURRENT         REQUIRED
	   residual            6.732379e-01    3.661023e-17    0.000000e+00 
	   energy              3.794429e-03    4.965253e-16    3.794429e-05 
	   displacement        1.849112e-04    1.606419e-13    1.849051e-10 

convergence summary
    number of iterations   : 2
    number of reformations : 1

------- converged at time : 24.5


Data Record #1
===========================================================================
Step = 245
Time = 24.5
Data = uz
File = feb_inputs/active_ascl/../../raw_logs/active_ascl/ascl_0.5_disp.txt

Data Record #2
===========================================================================
Step = 245
Time = 24.5
Data = sz
File = feb_inputs/active_ascl/../../raw_logs/active_ascl/ascl_0.5_stress.txt

Data Record #3
===========================================================================
Step = 245
Time = 24.5
Data = J
File = feb_inputs/active_ascl/../../raw_logs/active_ascl/ascl_0.5_vol.txt

===== beginning time step 246 : 24.6 =====


Reforming stiffness matrix: reformation #1

 1
 Nonlinear solution status: time= 24.6
	stiffness updates             = 0
	right hand side evaluations   = 2
	stiffness matrix reformations = 1
	step from line search         = 1.000000
	convergence norms :     INITIAL         CURRENT         REQUIRED
	   residual            6.823628e-01    6.569036e-11    0.000000e+00 
	   energy              3.910403e-03    2.167433e-08    3.910403e-05 
	   displacement        1.930968e-04    1.930968e-04    1.930968e-10 
 2
 Nonlinear solution status: time= 24.6
	stiffness updates             = 1
	right hand side evaluations   = 3
	stiffness matrix reformations = 1
	step from line search         = 1.000000
	convergence norms :     INITIAL         CURRENT         REQUIRED
	   residual            6.823628e-01    5.508522e-17    0.000000e+00 
	   energy              3.910403e-03    6.172902e-16    3.910403e-05 
	   displacement        1.930968e-04    1.821108e-13    1.930901e-10 

convergence summary
    number of iterations   : 2
    number of reformations : 1

------- converged at time : 24.6


Data Record #1
===========================================================================
Step = 246
Time = 24.6
Data = uz
File = feb_inputs/active_ascl/../../raw_logs/active_ascl/ascl_0.5_disp.txt

Data Record #2
===========================================================================
Step = 246
Time = 24.6
Data = sz
File = feb_inputs/active_ascl/../../raw_logs/active_ascl/ascl_0.5_stress.txt

Data Record #3
===========================================================================
Step = 246
Time = 24.6
Data = J
File = feb_inputs/active_ascl/../../raw_logs/active_ascl/ascl_0.5_vol.txt

===== beginning time step 247 : 24.7 =====


Reforming stiffness matrix: reformation #1

 1
 Nonlinear solution status: time= 24.7
	stiffness updates             = 0
	right hand side evaluations   = 2
	stiffness matrix reformations = 1
	step from line search         = 1.000000
	convergence norms :     INITIAL         CURRENT         REQUIRED
	   residual            6.967861e-01    9.610974e-11    0.000000e+00 
	   energy              4.059488e-03    2.468063e-08    4.059488e-05 
	   displacement        2.031030e-04    2.031030e-04    2.031030e-10 
 2
 Nonlinear solution status: time= 24.7
	stiffness updates             = 1
	right hand side evaluations   = 3
	stiffness matrix reformations = 1
	step from line search         = 1.000000
	convergence norms :     INITIAL         CURRENT         REQUIRED
	   residual            6.967861e-01    7.198956e-17    0.000000e+00 
	   energy              4.059488e-03    6.494020e-16    4.059488e-05 
	   displacement        2.031030e-04    1.873250e-13    2.030961e-10 

convergence summary
    number of iterations   : 2
    number of reformations : 1

------- converged at time : 24.7


Data Record #1
===========================================================================
Step = 247
Time = 24.7
Data = uz
File = feb_inputs/active_ascl/../../raw_logs/active_ascl/ascl_0.5_disp.txt

Data Record #2
===========================================================================
Step = 247
Time = 24.7
Data = sz
File = feb_inputs/active_ascl/../../raw_logs/active_ascl/ascl_0.5_stress.txt

Data Record #3
===========================================================================
Step = 247
Time = 24.7
Data = J
File = feb_inputs/active_ascl/../../raw_logs/active_ascl/ascl_0.5_vol.txt

===== beginning time step 248 : 24.8 =====


Reforming stiffness matrix: reformation #1

 1
 Nonlinear solution status: time= 24.8
	stiffness updates             = 0
	right hand side evaluations   = 2
	stiffness matrix reformations = 1
	step from line search         = 1.000000
	convergence norms :     INITIAL         CURRENT         REQUIRED
	   residual            7.131478e-01    1.282152e-10    0.000000e+00 
	   energy              4.198274e-03    2.697036e-08    4.198274e-05 
	   displacement        2.120067e-04    2.120067e-04    2.120067e-10 
 2
 Nonlinear solution status: time= 24.8
	stiffness updates             = 1
	right hand side evaluations   = 3
	stiffness matrix reformations = 1
	step from line search         = 1.000000
	convergence norms :     INITIAL         CURRENT         REQUIRED
	   residual            7.131478e-01    1.012354e-16    0.000000e+00 
	   energy              4.198274e-03    7.344498e-16    4.198274e-05 
	   displacement        2.120067e-04    1.918052e-13    2.119997e-10 

convergence summary
    number of iterations   : 2
    number of reformations : 1

------- converged at time : 24.8


Data Record #1
===========================================================================
Step = 248
Time = 24.8
Data = uz
File = feb_inputs/active_ascl/../../raw_logs/active_ascl/ascl_0.5_disp.txt

Data Record #2
===========================================================================
Step = 248
Time = 24.8
Data = sz
File = feb_inputs/active_ascl/../../raw_logs/active_ascl/ascl_0.5_stress.txt

Data Record #3
===========================================================================
Step = 248
Time = 24.8
Data = J
File = feb_inputs/active_ascl/../../raw_logs/active_ascl/ascl_0.5_vol.txt

===== beginning time step 249 : 24.9 =====


Reforming stiffness matrix: reformation #1

 1
 Nonlinear solution status: time= 24.9
	stiffness updates             = 0
	right hand side evaluations   = 2
	stiffness matrix reformations = 1
	step from line search         = 1.000000
	convergence norms :     INITIAL         CURRENT         REQUIRED
	   residual            7.274778e-01    1.511928e-10    0.000000e+00 
	   energy              4.287156e-03    2.811687e-08    4.287156e-05 
	   displacement        2.175283e-04    2.175283e-04    2.175283e-10 
 2
 Nonlinear solution status: time= 24.9
	stiffness updates             = 1
	right hand side evaluations   = 3
	stiffness matrix reformations = 1
	step from line search         = 1.000000
	convergence norms :     INITIAL         CURRENT         REQUIRED
	   residual            7.274778e-01    1.406279e-16    0.000000e+00 
	   energy              4.287156e-03    8.809008e-16    4.287156e-05 
	   displacement        2.175283e-04    2.009415e-13    2.175211e-10 

convergence summary
    number of iterations   : 2
    number of reformations : 1

------- converged at time : 24.9


Data Record #1
===========================================================================
Step = 249
Time = 24.9
Data = uz
File = feb_inputs/active_ascl/../../raw_logs/active_ascl/ascl_0.5_disp.txt

Data Record #2
===========================================================================
Step = 249
Time = 24.9
Data = sz
File = feb_inputs/active_ascl/../../raw_logs/active_ascl/ascl_0.5_stress.txt

Data Record #3
===========================================================================
Step = 249
Time = 24.9
Data = J
File = feb_inputs/active_ascl/../../raw_logs/active_ascl/ascl_0.5_vol.txt

===== beginning time step 250 : 25 =====


Reforming stiffness matrix: reformation #1

 1
 Nonlinear solution status: time= 25
	stiffness updates             = 0
	right hand side evaluations   = 2
	stiffness matrix reformations = 1
	step from line search         = 1.000000
	convergence norms :     INITIAL         CURRENT         REQUIRED
	   residual            7.356381e-01    1.618210e-10    0.000000e+00 
	   energy              4.302208e-03    2.838308e-08    4.302208e-05 
	   displacement        2.182020e-04    2.182020e-04    2.182020e-10 
 2
 Nonlinear solution status: time= 25
	stiffness updates             = 1
	right hand side evaluations   = 3
	stiffness matrix reformations = 1
	step from line search         = 1.000000
	convergence norms :     INITIAL         CURRENT         REQUIRED
	   residual            7.356381e-01    1.435256e-16    0.000000e+00 
	   energy              4.302208e-03    8.676362e-16    4.302208e-05 
	   displacement        2.182020e-04    2.008957e-13    2.181946e-10 

convergence summary
    number of iterations   : 2
    number of reformations : 1

------- converged at time : 25


Data Record #1
===========================================================================
Step = 250
Time = 25
Data = uz
File = feb_inputs/active_ascl/../../raw_logs/active_ascl/ascl_0.5_disp.txt

Data Record #2
===========================================================================
Step = 250
Time = 25
Data = sz
File = feb_inputs/active_ascl/../../raw_logs/active_ascl/ascl_0.5_stress.txt

Data Record #3
===========================================================================
Step = 250
Time = 25
Data = J
File = feb_inputs/active_ascl/../../raw_logs/active_ascl/ascl_0.5_vol.txt

===== beginning time step 251 : 25.1 =====


Reforming stiffness matrix: reformation #1

 1
 Nonlinear solution status: time= 25.1
	stiffness updates             = 0
	right hand side evaluations   = 2
	stiffness matrix reformations = 1
	step from line search         = 1.000000
	convergence norms :     INITIAL         CURRENT         REQUIRED
	   residual            7.348755e-01    1.616265e-10    0.000000e+00 
	   energy              4.238833e-03    2.780962e-08    4.238833e-05 
	   displacement        2.138974e-04    2.138974e-04    2.138974e-10 
 2
 Nonlinear solution status: time= 25.1
	stiffness updates             = 1
	right hand side evaluations   = 3
	stiffness matrix reformations = 1
	step from line search         = 1.000000
	convergence norms :     INITIAL         CURRENT         REQUIRED
	   residual            7.348755e-01    1.294961e-16    0.000000e+00 
	   energy              4.238833e-03    8.168016e-16    4.238833e-05 
	   displacement        2.138974e-04    1.955412e-13    2.138902e-10 

convergence summary
    number of iterations   : 2
    number of reformations : 1

------- converged at time : 25.1


Data Record #1
===========================================================================
Step = 251
Time = 25.1
Data = uz
File = feb_inputs/active_ascl/../../raw_logs/active_ascl/ascl_0.5_disp.txt

Data Record #2
===========================================================================
Step = 251
Time = 25.1
Data = sz
File = feb_inputs/active_ascl/../../raw_logs/active_ascl/ascl_0.5_stress.txt

Data Record #3
===========================================================================
Step = 251
Time = 25.1
Data = J
File = feb_inputs/active_ascl/../../raw_logs/active_ascl/ascl_0.5_vol.txt

===== beginning time step 252 : 25.2 =====


Reforming stiffness matrix: reformation #1

 1
 Nonlinear solution status: time= 25.2
	stiffness updates             = 0
	right hand side evaluations   = 2
	stiffness matrix reformations = 1
	step from line search         = 1.000000
	convergence norms :     INITIAL         CURRENT         REQUIRED
	   residual            7.271773e-01    1.470184e-10    0.000000e+00 
	   energy              4.110322e-03    2.580522e-08    4.110322e-05 
	   displacement        2.060248e-04    2.060248e-04    2.060248e-10 
 2
 Nonlinear solution status: time= 25.2
	stiffness updates             = 1
	right hand side evaluations   = 3
	stiffness matrix reformations = 1
	step from line search         = 1.000000
	convergence norms :     INITIAL         CURRENT         REQUIRED
	   residual            7.271773e-01    1.133372e-16    0.000000e+00 
	   energy              4.110322e-03    7.451338e-16    4.110322e-05 
	   displacement        2.060248e-04    1.835546e-13    2.060182e-10 

convergence summary
    number of iterations   : 2
    number of reformations : 1

------- converged at time : 25.2


Data Record #1
===========================================================================
Step = 252
Time = 25.2
Data = uz
File = feb_inputs/active_ascl/../../raw_logs/active_ascl/ascl_0.5_disp.txt

Data Record #2
===========================================================================
Step = 252
Time = 25.2
Data = sz
File = feb_inputs/active_ascl/../../raw_logs/active_ascl/ascl_0.5_stress.txt

Data Record #3
===========================================================================
Step = 252
Time = 25.2
Data = J
File = feb_inputs/active_ascl/../../raw_logs/active_ascl/ascl_0.5_vol.txt

===== beginning time step 253 : 25.3 =====


Reforming stiffness matrix: reformation #1

 1
 Nonlinear solution status: time= 25.3
	stiffness updates             = 0
	right hand side evaluations   = 2
	stiffness matrix reformations = 1
	step from line search         = 1.000000
	convergence norms :     INITIAL         CURRENT         REQUIRED
	   residual            7.158707e-01    1.293100e-10    0.000000e+00 
	   energy              3.938114e-03    2.245773e-08    3.938114e-05 
	   displacement        1.959919e-04    1.959919e-04    1.959919e-10 
 2
 Nonlinear solution status: time= 25.3
	stiffness updates             = 1
	right hand side evaluations   = 3
	stiffness matrix reformations = 1
	step from line search         = 1.000000
	convergence norms :     INITIAL         CURRENT         REQUIRED
	   residual            7.158707e-01    9.794938e-17    0.000000e+00 
	   energy              3.938114e-03    6.757016e-16    3.938114e-05 
	   displacement        1.959919e-04    1.720470e-13    1.959859e-10 

convergence summary
    number of iterations   : 2
    number of reformations : 1

------- converged at time : 25.3


Data Record #1
===========================================================================
Step = 253
Time = 25.3
Data = uz
File = feb_inputs/active_ascl/../../raw_logs/active_ascl/ascl_0.5_disp.txt

Data Record #2
===========================================================================
Step = 253
Time = 25.3
Data = sz
File = feb_inputs/active_ascl/../../raw_logs/active_ascl/ascl_0.5_stress.txt

Data Record #3
===========================================================================
Step = 253
Time = 25.3
Data = J
File = feb_inputs/active_ascl/../../raw_logs/active_ascl/ascl_0.5_vol.txt

===== beginning time step 254 : 25.4 =====


Reforming stiffness matrix: reformation #1

 1
 Nonlinear solution status: time= 25.4
	stiffness updates             = 0
	right hand side evaluations   = 2
	stiffness matrix reformations = 1
	step from line search         = 1.000000
	convergence norms :     INITIAL         CURRENT         REQUIRED
	   residual            7.008380e-01    1.156524e-10    0.000000e+00 
	   energy              3.744674e-03    1.888815e-08    3.744674e-05 
	   displacement        1.848259e-04    1.848259e-04    1.848259e-10 
 2
 Nonlinear solution status: time= 25.4
	stiffness updates             = 1
	right hand side evaluations   = 3
	stiffness matrix reformations = 1
	step from line search         = 1.000000
	convergence norms :     INITIAL         CURRENT         REQUIRED
	   residual            7.008380e-01    9.431869e-17    0.000000e+00 
	   energy              3.744674e-03    6.710061e-16    3.744674e-05 
	   displacement        1.848259e-04    1.678619e-13    1.848204e-10 

convergence summary
    number of iterations   : 2
    number of reformations : 1

------- converged at time : 25.4


Data Record #1
===========================================================================
Step = 254
Time = 25.4
Data = uz
File = feb_inputs/active_ascl/../../raw_logs/active_ascl/ascl_0.5_disp.txt

Data Record #2
===========================================================================
Step = 254
Time = 25.4
Data = sz
File = feb_inputs/active_ascl/../../raw_logs/active_ascl/ascl_0.5_stress.txt

Data Record #3
===========================================================================
Step = 254
Time = 25.4
Data = J
File = feb_inputs/active_ascl/../../raw_logs/active_ascl/ascl_0.5_vol.txt

===== beginning time step 255 : 25.5 =====


Reforming stiffness matrix: reformation #1

 1
 Nonlinear solution status: time= 25.5
	stiffness updates             = 0
	right hand side evaluations   = 2
	stiffness matrix reformations = 1
	step from line search         = 1.000000
	convergence norms :     INITIAL         CURRENT         REQUIRED
	   residual            6.813814e-01    9.906371e-11    0.000000e+00 
	   energy              3.549649e-03    1.587634e-08    3.549649e-05 
	   displacement        1.740929e-04    1.740929e-04    1.740929e-10 
 2
 Nonlinear solution status: time= 25.5
	stiffness updates             = 1
	right hand side evaluations   = 3
	stiffness matrix reformations = 1
	step from line search         = 1.000000
	convergence norms :     INITIAL         CURRENT         REQUIRED
	   residual            6.813814e-01    8.519295e-17    0.000000e+00 
	   energy              3.549649e-03    6.130614e-16    3.549649e-05 
	   displacement        1.740929e-04    1.664497e-13    1.740878e-10 

convergence summary
    number of iterations   : 2
    number of reformations : 1

------- converged at time : 25.5


Data Record #1
===========================================================================
Step = 255
Time = 25.5
Data = uz
File = feb_inputs/active_ascl/../../raw_logs/active_ascl/ascl_0.5_disp.txt

Data Record #2
===========================================================================
Step = 255
Time = 25.5
Data = sz
File = feb_inputs/active_ascl/../../raw_logs/active_ascl/ascl_0.5_stress.txt

Data Record #3
===========================================================================
Step = 255
Time = 25.5
Data = J
File = feb_inputs/active_ascl/../../raw_logs/active_ascl/ascl_0.5_vol.txt

===== beginning time step 256 : 25.6 =====


Reforming stiffness matrix: reformation #1

 1
 Nonlinear solution status: time= 25.6
	stiffness updates             = 0
	right hand side evaluations   = 2
	stiffness matrix reformations = 1
	step from line search         = 1.000000
	convergence norms :     INITIAL         CURRENT         REQUIRED
	   residual            6.596383e-01    8.382263e-11    0.000000e+00 
	   energy              3.367013e-03    1.353938e-08    3.367013e-05 
	   displacement        1.651041e-04    1.651041e-04    1.651041e-10 
 2
 Nonlinear solution status: time= 25.6
	stiffness updates             = 1
	right hand side evaluations   = 3
	stiffness matrix reformations = 1
	step from line search         = 1.000000
	convergence norms :     INITIAL         CURRENT         REQUIRED
	   residual            6.596383e-01    7.562537e-17    0.000000e+00 
	   energy              3.367013e-03    5.249146e-16    3.367013e-05 
	   displacement        1.651041e-04    1.660494e-13    1.650995e-10 

convergence summary
    number of iterations   : 2
    number of reformations : 1

------- converged at time : 25.6


Data Record #1
===========================================================================
Step = 256
Time = 25.6
Data = uz
File = feb_inputs/active_ascl/../../raw_logs/active_ascl/ascl_0.5_disp.txt

Data Record #2
===========================================================================
Step = 256
Time = 25.6
Data = sz
File = feb_inputs/active_ascl/../../raw_logs/active_ascl/ascl_0.5_stress.txt

Data Record #3
===========================================================================
Step = 256
Time = 25.6
Data = J
File = feb_inputs/active_ascl/../../raw_logs/active_ascl/ascl_0.5_vol.txt

===== beginning time step 257 : 25.7 =====


Reforming stiffness matrix: reformation #1

 1
 Nonlinear solution status: time= 25.7
	stiffness updates             = 0
	right hand side evaluations   = 2
	stiffness matrix reformations = 1
	step from line search         = 1.000000
	convergence norms :     INITIAL         CURRENT         REQUIRED
	   residual            6.387201e-01    7.424492e-11    0.000000e+00 
	   energy              3.203795e-03    1.167926e-08    3.203795e-05 
	   displacement        1.575847e-04    1.575847e-04    1.575847e-10 
 2
 Nonlinear solution status: time= 25.7
	stiffness updates             = 1
	right hand side evaluations   = 3
	stiffness matrix reformations = 1
	step from line search         = 1.000000
	convergence norms :     INITIAL         CURRENT         REQUIRED
	   residual            6.387201e-01    7.115465e-17    0.000000e+00 
	   energy              3.203795e-03    4.563945e-16    3.203795e-05 
	   displacement        1.575847e-04    1.516897e-13    1.575807e-10 

convergence summary
    number of iterations   : 2
    number of reformations : 1

------- converged at time : 25.7


Data Record #1
===========================================================================
Step = 257
Time = 25.7
Data = uz
File = feb_inputs/active_ascl/../../raw_logs/active_ascl/ascl_0.5_disp.txt

Data Record #2
===========================================================================
Step = 257
Time = 25.7
Data = sz
File = feb_inputs/active_ascl/../../raw_logs/active_ascl/ascl_0.5_stress.txt

Data Record #3
===========================================================================
Step = 257
Time = 25.7
Data = J
File = feb_inputs/active_ascl/../../raw_logs/active_ascl/ascl_0.5_vol.txt

===== beginning time step 258 : 25.8 =====


Reforming stiffness matrix: reformation #1

 1
 Nonlinear solution status: time= 25.8
	stiffness updates             = 0
	right hand side evaluations   = 2
	stiffness matrix reformations = 1
	step from line search         = 1.000000
	convergence norms :     INITIAL         CURRENT         REQUIRED
	   residual            6.205204e-01    6.170108e-11    0.000000e+00 
	   energy              3.063601e-03    1.023141e-08    3.063601e-05 
	   displacement        1.502799e-04    1.502799e-04    1.502799e-10 
 2
 Nonlinear solution status: time= 25.8
	stiffness updates             = 1
	right hand side evaluations   = 3
	stiffness matrix reformations = 1
	step from line search         = 1.000000
	convergence norms :     INITIAL         CURRENT         REQUIRED
	   residual            6.205204e-01    7.328874e-17    0.000000e+00 
	   energy              3.063601e-03    4.340517e-16    3.063601e-05 
	   displacement        1.502799e-04    1.413215e-13    1.502764e-10 

convergence summary
    number of iterations   : 2
    number of reformations : 1

------- converged at time : 25.8


Data Record #1
===========================================================================
Step = 258
Time = 25.8
Data = uz
File = feb_inputs/active_ascl/../../raw_logs/active_ascl/ascl_0.5_disp.txt

Data Record #2
===========================================================================
Step = 258
Time = 25.8
Data = sz
File = feb_inputs/active_ascl/../../raw_logs/active_ascl/ascl_0.5_stress.txt

Data Record #3
===========================================================================
Step = 258
Time = 25.8
Data = J
File = feb_inputs/active_ascl/../../raw_logs/active_ascl/ascl_0.5_vol.txt

===== beginning time step 259 : 25.9 =====


Reforming stiffness matrix: reformation #1

 1
 Nonlinear solution status: time= 25.9
	stiffness updates             = 0
	right hand side evaluations   = 2
	stiffness matrix reformations = 1
	step from line search         = 1.000000
	convergence norms :     INITIAL         CURRENT         REQUIRED
	   residual            6.066604e-01    5.576886e-11    0.000000e+00 
	   energy              2.950039e-03    8.896210e-09    2.950039e-05 
	   displacement        1.427340e-04    1.427340e-04    1.427340e-10 
 2
 Nonlinear solution status: time= 25.9
	stiffness updates             = 1
	right hand side evaluations   = 3
	stiffness matrix reformations = 1
	step from line search         = 1.000000
	convergence norms :     INITIAL         CURRENT         REQUIRED
	   residual            6.066604e-01    8.900209e-17    0.000000e+00 
	   energy              2.950039e-03    5.262648e-16    2.950039e-05 
	   displacement        1.427340e-04    1.363922e-13    1.427309e-10 

convergence summary
    number of iterations   : 2
    number of reformations : 1

------- converged at time : 25.9


Data Record #1
===========================================================================
Step = 259
Time = 25.9
Data = uz
File = feb_inputs/active_ascl/../../raw_logs/active_ascl/ascl_0.5_disp.txt

Data Record #2
===========================================================================
Step = 259
Time = 25.9
Data = sz
File = feb_inputs/active_ascl/../../raw_logs/active_ascl/ascl_0.5_stress.txt

Data Record #3
===========================================================================
Step = 259
Time = 25.9
Data = J
File = feb_inputs/active_ascl/../../raw_logs/active_ascl/ascl_0.5_vol.txt

===== beginning time step 260 : 26 =====


Reforming stiffness matrix: reformation #1

 1
 Nonlinear solution status: time= 26
	stiffness updates             = 0
	right hand side evaluations   = 2
	stiffness matrix reformations = 1
	step from line search         = 1.000000
	convergence norms :     INITIAL         CURRENT         REQUIRED
	   residual            5.977936e-01    4.943043e-11    0.000000e+00 
	   energy              2.860425e-03    7.701233e-09    2.860425e-05 
	   displacement        1.357128e-04    1.357128e-04    1.357128e-10 
 2
 Nonlinear solution status: time= 26
	stiffness updates             = 1
	right hand side evaluations   = 3
	stiffness matrix reformations = 1
	step from line search         = 1.000000
	convergence norms :     INITIAL         CURRENT         REQUIRED
	   residual            5.977936e-01    8.844013e-17    0.000000e+00 
	   energy              2.860425e-03    5.904466e-16    2.860425e-05 
	   displacement        1.357128e-04    1.210480e-13    1.357102e-10 

convergence summary
    number of iterations   : 2
    number of reformations : 1

------- converged at time : 26


Data Record #1
===========================================================================
Step = 260
Time = 26
Data = uz
File = feb_inputs/active_ascl/../../raw_logs/active_ascl/ascl_0.5_disp.txt

Data Record #2
===========================================================================
Step = 260
Time = 26
Data = sz
File = feb_inputs/active_ascl/../../raw_logs/active_ascl/ascl_0.5_stress.txt

Data Record #3
===========================================================================
Step = 260
Time = 26
Data = J
File = feb_inputs/active_ascl/../../raw_logs/active_ascl/ascl_0.5_vol.txt

===== beginning time step 261 : 26.1 =====


Reforming stiffness matrix: reformation #1

 1
 Nonlinear solution status: time= 26.1
	stiffness updates             = 0
	right hand side evaluations   = 2
	stiffness matrix reformations = 1
	step from line search         = 1.000000
	convergence norms :     INITIAL         CURRENT         REQUIRED
	   residual            5.905083e-01    3.750582e-11    0.000000e+00 
	   energy              2.787672e-03    7.252341e-09    2.787672e-05 
	   displacement        1.299305e-04    1.299305e-04    1.299305e-10 
 2
 Nonlinear solution status: time= 26.1
	stiffness updates             = 1
	right hand side evaluations   = 3
	stiffness matrix reformations = 1
	step from line search         = 1.000000
	convergence norms :     INITIAL         CURRENT         REQUIRED
	   residual            5.905083e-01    6.986869e-17    0.000000e+00 
	   energy              2.787672e-03    5.393698e-16    2.787672e-05 
	   displacement        1.299305e-04    1.097536e-13    1.299281e-10 

convergence summary
    number of iterations   : 2
    number of reformations : 1

------- converged at time : 26.1


Data Record #1
===========================================================================
Step = 261
Time = 26.1
Data = uz
File = feb_inputs/active_ascl/../../raw_logs/active_ascl/ascl_0.5_disp.txt

Data Record #2
===========================================================================
Step = 261
Time = 26.1
Data = sz
File = feb_inputs/active_ascl/../../raw_logs/active_ascl/ascl_0.5_stress.txt

Data Record #3
===========================================================================
Step = 261
Time = 26.1
Data = J
File = feb_inputs/active_ascl/../../raw_logs/active_ascl/ascl_0.5_vol.txt

===== beginning time step 262 : 26.2 =====


Reforming stiffness matrix: reformation #1

 1
 Nonlinear solution status: time= 26.2
	stiffness updates             = 0
	right hand side evaluations   = 2
	stiffness matrix reformations = 1
	step from line search         = 1.000000
	convergence norms :     INITIAL         CURRENT         REQUIRED
	   residual            5.792670e-01    3.869894e-11    0.000000e+00 
	   energy              2.724909e-03    7.359029e-09    2.724909e-05 
	   displacement        1.256680e-04    1.256680e-04    1.256680e-10 
 2
 Nonlinear solution status: time= 26.2
	stiffness updates             = 1
	right hand side evaluations   = 3
	stiffness matrix reformations = 1
	step from line search         = 1.000000
	convergence norms :     INITIAL         CURRENT         REQUIRED
	   residual            5.792670e-01    6.506050e-17    0.000000e+00 
	   energy              2.724909e-03    5.052537e-16    2.724909e-05 
	   displacement        1.256680e-04    1.051553e-13    1.256657e-10 

convergence summary
    number of iterations   : 2
    number of reformations : 1

------- converged at time : 26.2


Data Record #1
===========================================================================
Step = 262
Time = 26.2
Data = uz
File = feb_inputs/active_ascl/../../raw_logs/active_ascl/ascl_0.5_disp.txt

Data Record #2
===========================================================================
Step = 262
Time = 26.2
Data = sz
File = feb_inputs/active_ascl/../../raw_logs/active_ascl/ascl_0.5_stress.txt

Data Record #3
===========================================================================
Step = 262
Time = 26.2
Data = J
File = feb_inputs/active_ascl/../../raw_logs/active_ascl/ascl_0.5_vol.txt

===== beginning time step 263 : 26.3 =====


Reforming stiffness matrix: reformation #1

 1
 Nonlinear solution status: time= 26.3
	stiffness updates             = 0
	right hand side evaluations   = 2
	stiffness matrix reformations = 1
	step from line search         = 1.000000
	convergence norms :     INITIAL         CURRENT         REQUIRED
	   residual            5.617795e-01    4.151799e-11    0.000000e+00 
	   energy              2.665117e-03    7.742615e-09    2.665117e-05 
	   displacement        1.228274e-04    1.228274e-04    1.228274e-10 
 2
 Nonlinear solution status: time= 26.3
	stiffness updates             = 1
	right hand side evaluations   = 3
	stiffness matrix reformations = 1
	step from line search         = 1.000000
	convergence norms :     INITIAL         CURRENT         REQUIRED
	   residual            5.617795e-01    6.927183e-17    0.000000e+00 
	   energy              2.665117e-03    5.409446e-16    2.665117e-05 
	   displacement        1.228274e-04    1.060164e-13    1.228252e-10 

convergence summary
    number of iterations   : 2
    number of reformations : 1

------- converged at time : 26.3


Data Record #1
===========================================================================
Step = 263
Time = 26.3
Data = uz
File = feb_inputs/active_ascl/../../raw_logs/active_ascl/ascl_0.5_disp.txt

Data Record #2
===========================================================================
Step = 263
Time = 26.3
Data = sz
File = feb_inputs/active_ascl/../../raw_logs/active_ascl/ascl_0.5_stress.txt

Data Record #3
===========================================================================
Step = 263
Time = 26.3
Data = J
File = feb_inputs/active_ascl/../../raw_logs/active_ascl/ascl_0.5_vol.txt

===== beginning time step 264 : 26.4 =====


Reforming stiffness matrix: reformation #1

 1
 Nonlinear solution status: time= 26.4
	stiffness updates             = 0
	right hand side evaluations   = 2
	stiffness matrix reformations = 1
	step from line search         = 1.000000
	convergence norms :     INITIAL         CURRENT         REQUIRED
	   residual            5.410407e-01    4.034029e-11    0.000000e+00 
	   energy              2.603618e-03    7.796340e-09    2.603618e-05 
	   displacement        1.205007e-04    1.205007e-04    1.205007e-10 
 2
 Nonlinear solution status: time= 26.4
	stiffness updates             = 1
	right hand side evaluations   = 3
	stiffness matrix reformations = 1
	step from line search         = 1.000000
	convergence norms :     INITIAL         CURRENT         REQUIRED
	   residual            5.410407e-01    8.057512e-17    0.000000e+00 
	   energy              2.603618e-03    6.108287e-16    2.603618e-05 
	   displacement        1.205007e-04    1.049870e-13    1.204986e-10 

convergence summary
    number of iterations   : 2
    number of reformations : 1

------- converged at time : 26.4


Data Record #1
===========================================================================
Step = 264
Time = 26.4
Data = uz
File = feb_inputs/active_ascl/../../raw_logs/active_ascl/ascl_0.5_disp.txt

Data Record #2
===========================================================================
Step = 264
Time = 26.4
Data = sz
File = feb_inputs/active_ascl/../../raw_logs/active_ascl/ascl_0.5_stress.txt

Data Record #3
===========================================================================
Step = 264
Time = 26.4
Data = J
File = feb_inputs/active_ascl/../../raw_logs/active_ascl/ascl_0.5_vol.txt

===== beginning time step 265 : 26.5 =====


Reforming stiffness matrix: reformation #1

 1
 Nonlinear solution status: time= 26.5
	stiffness updates             = 0
	right hand side evaluations   = 2
	stiffness matrix reformations = 1
	step from line search         = 1.000000
	convergence norms :     INITIAL         CURRENT         REQUIRED
	   residual            5.226799e-01    3.838288e-11    0.000000e+00 
	   energy              2.543095e-03    7.475306e-09    2.543095e-05 
	   displacement        1.178317e-04    1.178317e-04    1.178317e-10 
 2
 Nonlinear solution status: time= 26.5
	stiffness updates             = 1
	right hand side evaluations   = 3
	stiffness matrix reformations = 1
	step from line search         = 1.000000
	convergence norms :     INITIAL         CURRENT         REQUIRED
	   residual            5.226799e-01    6.813881e-17    0.000000e+00 
	   energy              2.543095e-03    6.048869e-16    2.543095e-05 
	   displacement        1.178317e-04    1.007692e-13    1.178297e-10 

convergence summary
    number of iterations   : 2
    number of reformations : 1

------- converged at time : 26.5


Data Record #1
===========================================================================
Step = 265
Time = 26.5
Data = uz
File = feb_inputs/active_ascl/../../raw_logs/active_ascl/ascl_0.5_disp.txt

Data Record #2
===========================================================================
Step = 265
Time = 26.5
Data = sz
File = feb_inputs/active_ascl/../../raw_logs/active_ascl/ascl_0.5_stress.txt

Data Record #3
===========================================================================
Step = 265
Time = 26.5
Data = J
File = feb_inputs/active_ascl/../../raw_logs/active_ascl/ascl_0.5_vol.txt

===== beginning time step 266 : 26.6 =====


Reforming stiffness matrix: reformation #1

 1
 Nonlinear solution status: time= 26.6
	stiffness updates             = 0
	right hand side evaluations   = 2
	stiffness matrix reformations = 1
	step from line search         = 1.000000
	convergence norms :     INITIAL         CURRENT         REQUIRED
	   residual            5.077397e-01    4.041964e-11    0.000000e+00 
	   energy              2.490197e-03    7.399368e-09    2.490197e-05 
	   displacement        1.152729e-04    1.152729e-04    1.152729e-10 
 2
 Nonlinear solution status: time= 26.6
	stiffness updates             = 1
	right hand side evaluations   = 3
	stiffness matrix reformations = 1
	step from line search         = 1.000000
	convergence norms :     INITIAL         CURRENT         REQUIRED
	   residual            5.077397e-01    6.112880e-17    0.000000e+00 
	   energy              2.490197e-03    5.648388e-16    2.490197e-05 
	   displacement        1.152729e-04    9.941123e-14    1.152708e-10 

convergence summary
    number of iterations   : 2
    number of reformations : 1

------- converged at time : 26.6


Data Record #1
===========================================================================
Step = 266
Time = 26.6
Data = uz
File = feb_inputs/active_ascl/../../raw_logs/active_ascl/ascl_0.5_disp.txt

Data Record #2
===========================================================================
Step = 266
Time = 26.6
Data = sz
File = feb_inputs/active_ascl/../../raw_logs/active_ascl/ascl_0.5_stress.txt

Data Record #3
===========================================================================
Step = 266
Time = 26.6
Data = J
File = feb_inputs/active_ascl/../../raw_logs/active_ascl/ascl_0.5_vol.txt

===== beginning time step 267 : 26.7 =====


Reforming stiffness matrix: reformation #1

 1
 Nonlinear solution status: time= 26.7
	stiffness updates             = 0
	right hand side evaluations   = 2
	stiffness matrix reformations = 1
	step from line search         = 1.000000
	convergence norms :     INITIAL         CURRENT         REQUIRED
	   residual            4.921704e-01    4.344392e-11    0.000000e+00 
	   energy              2.450907e-03    8.241141e-09    2.450907e-05 
	   displacement        1.138109e-04    1.138109e-04    1.138109e-10 
 2
 Nonlinear solution status: time= 26.7
	stiffness updates             = 1
	right hand side evaluations   = 3
	stiffness matrix reformations = 1
	step from line search         = 1.000000
	convergence norms :     INITIAL         CURRENT         REQUIRED
	   residual            4.921704e-01    6.468982e-17    0.000000e+00 
	   energy              2.450907e-03    5.677556e-16    2.450907e-05 
	   displacement        1.138109e-04    1.088030e-13    1.138082e-10 

convergence summary
    number of iterations   : 2
    number of reformations : 1

------- converged at time : 26.7


Data Record #1
===========================================================================
Step = 267
Time = 26.7
Data = uz
File = feb_inputs/active_ascl/../../raw_logs/active_ascl/ascl_0.5_disp.txt

Data Record #2
===========================================================================
Step = 267
Time = 26.7
Data = sz
File = feb_inputs/active_ascl/../../raw_logs/active_ascl/ascl_0.5_stress.txt

Data Record #3
===========================================================================
Step = 267
Time = 26.7
Data = J
File = feb_inputs/active_ascl/../../raw_logs/active_ascl/ascl_0.5_vol.txt

===== beginning time step 268 : 26.8 =====


Reforming stiffness matrix: reformation #1

 1
 Nonlinear solution status: time= 26.8
	stiffness updates             = 0
	right hand side evaluations   = 2
	stiffness matrix reformations = 1
	step from line search         = 1.000000
	convergence norms :     INITIAL         CURRENT         REQUIRED
	   residual            4.752743e-01    5.010960e-11    0.000000e+00 
	   energy              2.432557e-03    1.006148e-08    2.432557e-05 
	   displacement        1.141759e-04    1.141759e-04    1.141759e-10 
 2
 Nonlinear solution status: time= 26.8
	stiffness updates             = 1
	right hand side evaluations   = 3
	stiffness matrix reformations = 1
	step from line search         = 1.000000
	convergence norms :     INITIAL         CURRENT         REQUIRED
	   residual            4.752743e-01    6.830512e-17    0.000000e+00 
	   energy              2.432557e-03    6.379351e-16    2.432557e-05 
	   displacement        1.141759e-04    1.303790e-13    1.141725e-10 

convergence summary
    number of iterations   : 2
    number of reformations : 1

------- converged at time : 26.8


Data Record #1
===========================================================================
Step = 268
Time = 26.8
Data = uz
File = feb_inputs/active_ascl/../../raw_logs/active_ascl/ascl_0.5_disp.txt

Data Record #2
===========================================================================
Step = 268
Time = 26.8
Data = sz
File = feb_inputs/active_ascl/../../raw_logs/active_ascl/ascl_0.5_stress.txt

Data Record #3
===========================================================================
Step = 268
Time = 26.8
Data = J
File = feb_inputs/active_ascl/../../raw_logs/active_ascl/ascl_0.5_vol.txt

===== beginning time step 269 : 26.9 =====


Reforming stiffness matrix: reformation #1

 1
 Nonlinear solution status: time= 26.9
	stiffness updates             = 0
	right hand side evaluations   = 2
	stiffness matrix reformations = 1
	step from line search         = 1.000000
	convergence norms :     INITIAL         CURRENT         REQUIRED
	   residual            4.618073e-01    5.614384e-11    0.000000e+00 
	   energy              2.448095e-03    1.244157e-08    2.448095e-05 
	   displacement        1.173225e-04    1.173225e-04    1.173225e-10 
 2
 Nonlinear solution status: time= 26.9
	stiffness updates             = 1
	right hand side evaluations   = 3
	stiffness matrix reformations = 1
	step from line search         = 1.000000
	convergence norms :     INITIAL         CURRENT         REQUIRED
	   residual            4.618073e-01    6.872078e-17    0.000000e+00 
	   energy              2.448095e-03    6.866234e-16    2.448095e-05 
	   displacement        1.173225e-04    1.541573e-13    1.173184e-10 

convergence summary
    number of iterations   : 2
    number of reformations : 1

------- converged at time : 26.9


Data Record #1
===========================================================================
Step = 269
Time = 26.9
Data = uz
File = feb_inputs/active_ascl/../../raw_logs/active_ascl/ascl_0.5_disp.txt

Data Record #2
===========================================================================
Step = 269
Time = 26.9
Data = sz
File = feb_inputs/active_ascl/../../raw_logs/active_ascl/ascl_0.5_stress.txt

Data Record #3
===========================================================================
Step = 269
Time = 26.9
Data = J
File = feb_inputs/active_ascl/../../raw_logs/active_ascl/ascl_0.5_vol.txt

===== beginning time step 270 : 27 =====


Reforming stiffness matrix: reformation #1

 1
 Nonlinear solution status: time= 27
	stiffness updates             = 0
	right hand side evaluations   = 2
	stiffness matrix reformations = 1
	step from line search         = 1.000000
	convergence norms :     INITIAL         CURRENT         REQUIRED
	   residual            4.548383e-01    7.456625e-11    0.000000e+00 
	   energy              2.513292e-03    1.513290e-08    2.513292e-05 
	   displacement        1.237807e-04    1.237807e-04    1.237807e-10 
 2
 Nonlinear solution status: time= 27
	stiffness updates             = 1
	right hand side evaluations   = 3
	stiffness matrix reformations = 1
	step from line search         = 1.000000
	convergence norms :     INITIAL         CURRENT         REQUIRED
	   residual            4.548383e-01    8.269820e-17    0.000000e+00 
	   energy              2.513292e-03    7.783715e-16    2.513292e-05 
	   displacement        1.237807e-04    1.761482e-13    1.237759e-10 

convergence summary
    number of iterations   : 2
    number of reformations : 1

------- converged at time : 27


Data Record #1
===========================================================================
Step = 270
Time = 27
Data = uz
File = feb_inputs/active_ascl/../../raw_logs/active_ascl/ascl_0.5_disp.txt

Data Record #2
===========================================================================
Step = 270
Time = 27
Data = sz
File = feb_inputs/active_ascl/../../raw_logs/active_ascl/ascl_0.5_stress.txt

Data Record #3
===========================================================================
Step = 270
Time = 27
Data = J
File = feb_inputs/active_ascl/../../raw_logs/active_ascl/ascl_0.5_vol.txt

===== beginning time step 271 : 27.1 =====


Reforming stiffness matrix: reformation #1

 1
 Nonlinear solution status: time= 27.1
	stiffness updates             = 0
	right hand side evaluations   = 2
	stiffness matrix reformations = 1
	step from line search         = 1.000000
	convergence norms :     INITIAL         CURRENT         REQUIRED
	   residual            4.542588e-01    9.570352e-11    0.000000e+00 
	   energy              2.637210e-03    1.798477e-08    2.637210e-05 
	   displacement        1.333196e-04    1.333196e-04    1.333196e-10 
 2
 Nonlinear solution status: time= 27.1
	stiffness updates             = 1
	right hand side evaluations   = 3
	stiffness matrix reformations = 1
	step from line search         = 1.000000
	convergence norms :     INITIAL         CURRENT         REQUIRED
	   residual            4.542588e-01    9.631847e-17    0.000000e+00 
	   energy              2.637210e-03    8.326501e-16    2.637210e-05 
	   displacement        1.333196e-04    1.879920e-13    1.333143e-10 

convergence summary
    number of iterations   : 2
    number of reformations : 1

------- converged at time : 27.1


Data Record #1
===========================================================================
Step = 271
Time = 27.1
Data = uz
File = feb_inputs/active_ascl/../../raw_logs/active_ascl/ascl_0.5_disp.txt

Data Record #2
===========================================================================
Step = 271
Time = 27.1
Data = sz
File = feb_inputs/active_ascl/../../raw_logs/active_ascl/ascl_0.5_stress.txt

Data Record #3
===========================================================================
Step = 271
Time = 27.1
Data = J
File = feb_inputs/active_ascl/../../raw_logs/active_ascl/ascl_0.5_vol.txt

===== beginning time step 272 : 27.2 =====


Reforming stiffness matrix: reformation #1

 1
 Nonlinear solution status: time= 27.2
	stiffness updates             = 0
	right hand side evaluations   = 2
	stiffness matrix reformations = 1
	step from line search         = 1.000000
	convergence norms :     INITIAL         CURRENT         REQUIRED
	   residual            4.610169e-01    1.109746e-10    0.000000e+00 
	   energy              2.818742e-03    2.100757e-08    2.818742e-05 
	   displacement        1.454965e-04    1.454965e-04    1.454965e-10 
 2
 Nonlinear solution status: time= 27.2
	stiffness updates             = 1
	right hand side evaluations   = 3
	stiffness matrix reformations = 1
	step from line search         = 1.000000
	convergence norms :     INITIAL         CURRENT         REQUIRED
	   residual            4.610169e-01    1.129569e-16    0.000000e+00 
	   energy              2.818742e-03    8.040438e-16    2.818742e-05 
	   displacement        1.454965e-04    1.910349e-13    1.454907e-10 

convergence summary
    number of iterations   : 2
    number of reformations : 1

------- converged at time : 27.2


Data Record #1
===========================================================================
Step = 272
Time = 27.2
Data = uz
File = feb_inputs/active_ascl/../../raw_logs/active_ascl/ascl_0.5_disp.txt

Data Record #2
===========================================================================
Step = 272
Time = 27.2
Data = sz
File = feb_inputs/active_ascl/../../raw_logs/active_ascl/ascl_0.5_stress.txt

Data Record #3
===========================================================================
Step = 272
Time = 27.2
Data = J
File = feb_inputs/active_ascl/../../raw_logs/active_ascl/ascl_0.5_vol.txt

===== beginning time step 273 : 27.3 =====


Reforming stiffness matrix: reformation #1

 1
 Nonlinear solution status: time= 27.3
	stiffness updates             = 0
	right hand side evaluations   = 2
	stiffness matrix reformations = 1
	step from line search         = 1.000000
	convergence norms :     INITIAL         CURRENT         REQUIRED
	   residual            4.782146e-01    1.226465e-10    0.000000e+00 
	   energy              3.048695e-03    2.353520e-08    3.048695e-05 
	   displacement        1.594241e-04    1.594241e-04    1.594241e-10 
 2
 Nonlinear solution status: time= 27.3
	stiffness updates             = 1
	right hand side evaluations   = 3
	stiffness matrix reformations = 1
	step from line search         = 1.000000
	convergence norms :     INITIAL         CURRENT         REQUIRED
	   residual            4.782146e-01    1.222843e-16    0.000000e+00 
	   energy              3.048695e-03    8.525744e-16    3.048695e-05 
	   displacement        1.594241e-04    2.020441e-13    1.594179e-10 

convergence summary
    number of iterations   : 2
    number of reformations : 1

------- converged at time : 27.3


Data Record #1
===========================================================================
Step = 273
Time = 27.3
Data = uz
File = feb_inputs/active_ascl/../../raw_logs/active_ascl/ascl_0.5_disp.txt

Data Record #2
===========================================================================
Step = 273
Time = 27.3
Data = sz
File = feb_inputs/active_ascl/../../raw_logs/active_ascl/ascl_0.5_stress.txt

Data Record #3
===========================================================================
Step = 273
Time = 27.3
Data = J
File = feb_inputs/active_ascl/../../raw_logs/active_ascl/ascl_0.5_vol.txt

===== beginning time step 274 : 27.4 =====


Reforming stiffness matrix: reformation #1

 1
 Nonlinear solution status: time= 27.4
	stiffness updates             = 0
	right hand side evaluations   = 2
	stiffness matrix reformations = 1
	step from line search         = 1.000000
	convergence norms :     INITIAL         CURRENT         REQUIRED
	   residual            5.066227e-01    1.396444e-10    0.000000e+00 
	   energy              3.310392e-03    2.493005e-08    3.310392e-05 
	   displacement        1.739788e-04    1.739788e-04    1.739788e-10 
 2
 Nonlinear solution status: time= 27.4
	stiffness updates             = 1
	right hand side evaluations   = 3
	stiffness matrix reformations = 1
	step from line search         = 1.000000
	convergence norms :     INITIAL         CURRENT         REQUIRED
	   residual            5.066227e-01    1.294152e-16    0.000000e+00 
	   energy              3.310392e-03    9.720233e-16    3.310392e-05 
	   displacement        1.739788e-04    2.113855e-13    1.739725e-10 

convergence summary
    number of iterations   : 2
    number of reformations : 1

------- converged at time : 27.4


Data Record #1
===========================================================================
Step = 274
Time = 27.4
Data = uz
File = feb_inputs/active_ascl/../../raw_logs/active_ascl/ascl_0.5_disp.txt

Data Record #2
===========================================================================
Step = 274
Time = 27.4
Data = sz
File = feb_inputs/active_ascl/../../raw_logs/active_ascl/ascl_0.5_stress.txt

Data Record #3
===========================================================================
Step = 274
Time = 27.4
Data = J
File = feb_inputs/active_ascl/../../raw_logs/active_ascl/ascl_0.5_vol.txt

===== beginning time step 275 : 27.5 =====


Reforming stiffness matrix: reformation #1

 1
 Nonlinear solution status: time= 27.5
	stiffness updates             = 0
	right hand side evaluations   = 2
	stiffness matrix reformations = 1
	step from line search         = 1.000000
	convergence norms :     INITIAL         CURRENT         REQUIRED
	   residual            5.408837e-01    1.319786e-10    0.000000e+00 
	   energy              3.580599e-03    2.606279e-08    3.580599e-05 
	   displacement        1.881514e-04    1.881514e-04    1.881514e-10 
 2
 Nonlinear solution status: time= 27.5
	stiffness updates             = 1
	right hand side evaluations   = 3
	stiffness matrix reformations = 1
	step from line search         = 1.000000
	convergence norms :     INITIAL         CURRENT         REQUIRED
	   residual            5.408837e-01    1.229696e-16    0.000000e+00 
	   energy              3.580599e-03    9.919741e-16    3.580599e-05 
	   displacement        1.881514e-04    2.249356e-13    1.881449e-10 

convergence summary
    number of iterations   : 2
    number of reformations : 1

------- converged at time : 27.5


Data Record #1
===========================================================================
Step = 275
Time = 27.5
Data = uz
File = feb_inputs/active_ascl/../../raw_logs/active_ascl/ascl_0.5_disp.txt

Data Record #2
===========================================================================
Step = 275
Time = 27.5
Data = sz
File = feb_inputs/active_ascl/../../raw_logs/active_ascl/ascl_0.5_stress.txt

Data Record #3
===========================================================================
Step = 275
Time = 27.5
Data = J
File = feb_inputs/active_ascl/../../raw_logs/active_ascl/ascl_0.5_vol.txt

===== beginning time step 276 : 27.6 =====


Reforming stiffness matrix: reformation #1

 1
 Nonlinear solution status: time= 27.6
	stiffness updates             = 0
	right hand side evaluations   = 2
	stiffness matrix reformations = 1
	step from line search         = 1.000000
	convergence norms :     INITIAL         CURRENT         REQUIRED
	   residual            5.742164e-01    1.150333e-10    0.000000e+00 
	   energy              3.839004e-03    2.744642e-08    3.839004e-05 
	   displacement        2.014770e-04    2.014770e-04    2.014770e-10 
 2
 Nonlinear solution status: time= 27.6
	stiffness updates             = 1
	right hand side evaluations   = 3
	stiffness matrix reformations = 1
	step from line search         = 1.000000
	convergence norms :     INITIAL         CURRENT         REQUIRED
	   residual            5.742164e-01    1.241479e-16    0.000000e+00 
	   energy              3.839004e-03    1.050923e-15    3.839004e-05 
	   displacement        2.014770e-04    2.521975e-13    2.014701e-10 

convergence summary
    number of iterations   : 2
    number of reformations : 1

------- converged at time : 27.6


Data Record #1
===========================================================================
Step = 276
Time = 27.6
Data = uz
File = feb_inputs/active_ascl/../../raw_logs/active_ascl/ascl_0.5_disp.txt

Data Record #2
===========================================================================
Step = 276
Time = 27.6
Data = sz
File = feb_inputs/active_ascl/../../raw_logs/active_ascl/ascl_0.5_stress.txt

Data Record #3
===========================================================================
Step = 276
Time = 27.6
Data = J
File = feb_inputs/active_ascl/../../raw_logs/active_ascl/ascl_0.5_vol.txt

===== beginning time step 277 : 27.7 =====


Reforming stiffness matrix: reformation #1

 1
 Nonlinear solution status: time= 27.7
	stiffness updates             = 0
	right hand side evaluations   = 2
	stiffness matrix reformations = 1
	step from line search         = 1.000000
	convergence norms :     INITIAL         CURRENT         REQUIRED
	   residual            6.051155e-01    9.721120e-11    0.000000e+00 
	   energy              4.076045e-03    2.835666e-08    4.076045e-05 
	   displacement        2.138942e-04    2.138942e-04    2.138942e-10 
 2
 Nonlinear solution status: time= 27.7
	stiffness updates             = 1
	right hand side evaluations   = 3
	stiffness matrix reformations = 1
	step from line search         = 1.000000
	convergence norms :     INITIAL         CURRENT         REQUIRED
	   residual            6.051155e-01    1.121421e-16    0.000000e+00 
	   energy              4.076045e-03    1.070331e-15    4.076045e-05 
	   displacement        2.138942e-04    2.707305e-13    2.138866e-10 

convergence summary
    number of iterations   : 2
    number of reformations : 1

------- converged at time : 27.7


Data Record #1
===========================================================================
Step = 277
Time = 27.7
Data = uz
File = feb_inputs/active_ascl/../../raw_logs/active_ascl/ascl_0.5_disp.txt

Data Record #2
===========================================================================
Step = 277
Time = 27.7
Data = sz
File = feb_inputs/active_ascl/../../raw_logs/active_ascl/ascl_0.5_stress.txt

Data Record #3
===========================================================================
Step = 277
Time = 27.7
Data = J
File = feb_inputs/active_ascl/../../raw_logs/active_ascl/ascl_0.5_vol.txt

===== beginning time step 278 : 27.8 =====


Reforming stiffness matrix: reformation #1

 1
 Nonlinear solution status: time= 27.8
	stiffness updates             = 0
	right hand side evaluations   = 2
	stiffness matrix reformations = 1
	step from line search         = 1.000000
	convergence norms :     INITIAL         CURRENT         REQUIRED
	   residual            6.360121e-01    7.199221e-11    0.000000e+00 
	   energy              4.295867e-03    2.866374e-08    4.295867e-05 
	   displacement        2.254598e-04    2.254598e-04    2.254598e-10 
 2
 Nonlinear solution status: time= 27.8
	stiffness updates             = 1
	right hand side evaluations   = 3
	stiffness matrix reformations = 1
	step from line search         = 1.000000
	convergence norms :     INITIAL         CURRENT         REQUIRED
	   residual            6.360121e-01    9.687253e-17    0.000000e+00 
	   energy              4.295867e-03    9.816171e-16    4.295867e-05 
	   displacement        2.254598e-04    2.721981e-13    2.254519e-10 

convergence summary
    number of iterations   : 2
    number of reformations : 1

------- converged at time : 27.8


Data Record #1
===========================================================================
Step = 278
Time = 27.8
Data = uz
File = feb_inputs/active_ascl/../../raw_logs/active_ascl/ascl_0.5_disp.txt

Data Record #2
===========================================================================
Step = 278
Time = 27.8
Data = sz
File = feb_inputs/active_ascl/../../raw_logs/active_ascl/ascl_0.5_stress.txt

Data Record #3
===========================================================================
Step = 278
Time = 27.8
Data = J
File = feb_inputs/active_ascl/../../raw_logs/active_ascl/ascl_0.5_vol.txt

===== beginning time step 279 : 27.9 =====


Reforming stiffness matrix: reformation #1

 1
 Nonlinear solution status: time= 27.9
	stiffness updates             = 0
	right hand side evaluations   = 2
	stiffness matrix reformations = 1
	step from line search         = 1.000000
	convergence norms :     INITIAL         CURRENT         REQUIRED
	   residual            6.687395e-01    5.586461e-11    0.000000e+00 
	   energy              4.512690e-03    2.830679e-08    4.512690e-05 
	   displacement        2.370193e-04    2.370193e-04    2.370193e-10 
 2
 Nonlinear solution status: time= 27.9
	stiffness updates             = 1
	right hand side evaluations   = 3
	stiffness matrix reformations = 1
	step from line search         = 1.000000
	convergence norms :     INITIAL         CURRENT         REQUIRED
	   residual            6.687395e-01    8.732304e-17    0.000000e+00 
	   energy              4.512690e-03    1.056286e-15    4.512690e-05 
	   displacement        2.370193e-04    2.820835e-13    2.370114e-10 

convergence summary
    number of iterations   : 2
    number of reformations : 1

------- converged at time : 27.9


Data Record #1
===========================================================================
Step = 279
Time = 27.9
Data = uz
File = feb_inputs/active_ascl/../../raw_logs/active_ascl/ascl_0.5_disp.txt

Data Record #2
===========================================================================
Step = 279
Time = 27.9
Data = sz
File = feb_inputs/active_ascl/../../raw_logs/active_ascl/ascl_0.5_stress.txt

Data Record #3
===========================================================================
Step = 279
Time = 27.9
Data = J
File = feb_inputs/active_ascl/../../raw_logs/active_ascl/ascl_0.5_vol.txt

===== beginning time step 280 : 28 =====


Reforming stiffness matrix: reformation #1

 1
 Nonlinear solution status: time= 28
	stiffness updates             = 0
	right hand side evaluations   = 2
	stiffness matrix reformations = 1
	step from line search         = 1.000000
	convergence norms :     INITIAL         CURRENT         REQUIRED
	   residual            7.059782e-01    5.459012e-11    0.000000e+00 
	   energy              4.745527e-03    2.666206e-08    4.745527e-05 
	   displacement        2.496857e-04    2.496857e-04    2.496857e-10 
 2
 Nonlinear solution status: time= 28
	stiffness updates             = 1
	right hand side evaluations   = 3
	stiffness matrix reformations = 1
	step from line search         = 1.000000
	convergence norms :     INITIAL         CURRENT         REQUIRED
	   residual            7.059782e-01    8.962917e-17    0.000000e+00 
	   energy              4.745527e-03    1.115741e-15    4.745527e-05 
	   displacement        2.496857e-04    2.792447e-13    2.496780e-10 

convergence summary
    number of iterations   : 2
    number of reformations : 1

------- converged at time : 28


Data Record #1
===========================================================================
Step = 280
Time = 28
Data = uz
File = feb_inputs/active_ascl/../../raw_logs/active_ascl/ascl_0.5_disp.txt

Data Record #2
===========================================================================
Step = 280
Time = 28
Data = sz
File = feb_inputs/active_ascl/../../raw_logs/active_ascl/ascl_0.5_stress.txt

Data Record #3
===========================================================================
Step = 280
Time = 28
Data = J
File = feb_inputs/active_ascl/../../raw_logs/active_ascl/ascl_0.5_vol.txt

===== beginning time step 281 : 28.1 =====


Reforming stiffness matrix: reformation #1

 1
 Nonlinear solution status: time= 28.1
	stiffness updates             = 0
	right hand side evaluations   = 2
	stiffness matrix reformations = 1
	step from line search         = 1.000000
	convergence norms :     INITIAL         CURRENT         REQUIRED
	   residual            7.534090e-01    5.102332e-11    0.000000e+00 
	   energy              5.013716e-03    2.420719e-08    5.013716e-05 
	   displacement        2.636814e-04    2.636814e-04    2.636814e-10 
 2
 Nonlinear solution status: time= 28.1
	stiffness updates             = 1
	right hand side evaluations   = 3
	stiffness matrix reformations = 1
	step from line search         = 1.000000
	convergence norms :     INITIAL         CURRENT         REQUIRED
	   residual            7.534090e-01    7.984858e-17    0.000000e+00 
	   energy              5.013716e-03    1.050579e-15    5.013716e-05 
	   displacement        2.636814e-04    2.576605e-13    2.636742e-10 

convergence summary
    number of iterations   : 2
    number of reformations : 1

------- converged at time : 28.1


Data Record #1
===========================================================================
Step = 281
Time = 28.1
Data = uz
File = feb_inputs/active_ascl/../../raw_logs/active_ascl/ascl_0.5_disp.txt

Data Record #2
===========================================================================
Step = 281
Time = 28.1
Data = sz
File = feb_inputs/active_ascl/../../raw_logs/active_ascl/ascl_0.5_stress.txt

Data Record #3
===========================================================================
Step = 281
Time = 28.1
Data = J
File = feb_inputs/active_ascl/../../raw_logs/active_ascl/ascl_0.5_vol.txt

===== beginning time step 282 : 28.2 =====


Reforming stiffness matrix: reformation #1

 1
 Nonlinear solution status: time= 28.2
	stiffness updates             = 0
	right hand side evaluations   = 2
	stiffness matrix reformations = 1
	step from line search         = 1.000000
	convergence norms :     INITIAL         CURRENT         REQUIRED
	   residual            8.186083e-01    4.163148e-11    0.000000e+00 
	   energy              5.335176e-03    2.206368e-08    5.335176e-05 
	   displacement        2.795870e-04    2.795870e-04    2.795870e-10 
 2
 Nonlinear solution status: time= 28.2
	stiffness updates             = 1
	right hand side evaluations   = 3
	stiffness matrix reformations = 1
	step from line search         = 1.000000
	convergence norms :     INITIAL         CURRENT         REQUIRED
	   residual            8.186083e-01    7.767787e-17    0.000000e+00 
	   energy              5.335176e-03    9.580313e-16    5.335176e-05 
	   displacement        2.795870e-04    2.273514e-13    2.795807e-10 

convergence summary
    number of iterations   : 2
    number of reformations : 1

------- converged at time : 28.2


Data Record #1
===========================================================================
Step = 282
Time = 28.2
Data = uz
File = feb_inputs/active_ascl/../../raw_logs/active_ascl/ascl_0.5_disp.txt

Data Record #2
===========================================================================
Step = 282
Time = 28.2
Data = sz
File = feb_inputs/active_ascl/../../raw_logs/active_ascl/ascl_0.5_stress.txt

Data Record #3
===========================================================================
Step = 282
Time = 28.2
Data = J
File = feb_inputs/active_ascl/../../raw_logs/active_ascl/ascl_0.5_vol.txt

===== beginning time step 283 : 28.3 =====


Reforming stiffness matrix: reformation #1

 1
 Nonlinear solution status: time= 28.3
	stiffness updates             = 0
	right hand side evaluations   = 2
	stiffness matrix reformations = 1
	step from line search         = 1.000000
	convergence norms :     INITIAL         CURRENT         REQUIRED
	   residual            9.072862e-01    3.228108e-11    0.000000e+00 
	   energy              5.722744e-03    2.067547e-08    5.722744e-05 
	   displacement        2.979640e-04    2.979640e-04    2.979640e-10 
 2
 Nonlinear solution status: time= 28.3
	stiffness updates             = 1
	right hand side evaluations   = 3
	stiffness matrix reformations = 1
	step from line search         = 1.000000
	convergence norms :     INITIAL         CURRENT         REQUIRED
	   residual            9.072862e-01    7.197266e-17    0.000000e+00 
	   energy              5.722744e-03    9.017641e-16    5.722744e-05 
	   displacement        2.979640e-04    2.050527e-13    2.979585e-10 

convergence summary
    number of iterations   : 2
    number of reformations : 1

------- converged at time : 28.3


Data Record #1
===========================================================================
Step = 283
Time = 28.3
Data = uz
File = feb_inputs/active_ascl/../../raw_logs/active_ascl/ascl_0.5_disp.txt

Data Record #2
===========================================================================
Step = 283
Time = 28.3
Data = sz
File = feb_inputs/active_ascl/../../raw_logs/active_ascl/ascl_0.5_stress.txt

Data Record #3
===========================================================================
Step = 283
Time = 28.3
Data = J
File = feb_inputs/active_ascl/../../raw_logs/active_ascl/ascl_0.5_vol.txt

===== beginning time step 284 : 28.4 =====


Reforming stiffness matrix: reformation #1

 1
 Nonlinear solution status: time= 28.4
	stiffness updates             = 0
	right hand side evaluations   = 2
	stiffness matrix reformations = 1
	step from line search         = 1.000000
	convergence norms :     INITIAL         CURRENT         REQUIRED
	   residual            1.019632e+00    3.856370e-11    0.000000e+00 
	   energy              6.179844e-03    1.992900e-08    6.179844e-05 
	   displacement        3.181938e-04    3.181938e-04    3.181938e-10 
 2
 Nonlinear solution status: time= 28.4
	stiffness updates             = 1
	right hand side evaluations   = 3
	stiffness matrix reformations = 1
	step from line search         = 1.000000
	convergence norms :     INITIAL         CURRENT         REQUIRED
	   residual            1.019632e+00    8.070672e-17    0.000000e+00 
	   energy              6.179844e-03    9.462930e-16    6.179844e-05 
	   displacement        3.181938e-04    1.968322e-13    3.181892e-10 

convergence summary
    number of iterations   : 2
    number of reformations : 1

------- converged at time : 28.4


Data Record #1
===========================================================================
Step = 284
Time = 28.4
Data = uz
File = feb_inputs/active_ascl/../../raw_logs/active_ascl/ascl_0.5_disp.txt

Data Record #2
===========================================================================
Step = 284
Time = 28.4
Data = sz
File = feb_inputs/active_ascl/../../raw_logs/active_ascl/ascl_0.5_stress.txt

Data Record #3
===========================================================================
Step = 284
Time = 28.4
Data = J
File = feb_inputs/active_ascl/../../raw_logs/active_ascl/ascl_0.5_vol.txt

===== beginning time step 285 : 28.5 =====


Reforming stiffness matrix: reformation #1

 1
 Nonlinear solution status: time= 28.5
	stiffness updates             = 0
	right hand side evaluations   = 2
	stiffness matrix reformations = 1
	step from line search         = 1.000000
	convergence norms :     INITIAL         CURRENT         REQUIRED
	   residual            1.150048e+00    4.663996e-11    0.000000e+00 
	   energy              6.697484e-03    1.958914e-08    6.697484e-05 
	   displacement        3.399049e-04    3.399049e-04    3.399049e-10 
 2
 Nonlinear solution status: time= 28.5
	stiffness updates             = 1
	right hand side evaluations   = 3
	stiffness matrix reformations = 1
	step from line search         = 1.000000
	convergence norms :     INITIAL         CURRENT         REQUIRED
	   residual            1.150048e+00    9.065238e-17    0.000000e+00 
	   energy              6.697484e-03    1.003347e-15    6.697484e-05 
	   displacement        3.399049e-04    1.918971e-13    3.399009e-10 

convergence summary
    number of iterations   : 2
    number of reformations : 1

------- converged at time : 28.5


Data Record #1
===========================================================================
Step = 285
Time = 28.5
Data = uz
File = feb_inputs/active_ascl/../../raw_logs/active_ascl/ascl_0.5_disp.txt

Data Record #2
===========================================================================
Step = 285
Time = 28.5
Data = sz
File = feb_inputs/active_ascl/../../raw_logs/active_ascl/ascl_0.5_stress.txt

Data Record #3
===========================================================================
Step = 285
Time = 28.5
Data = J
File = feb_inputs/active_ascl/../../raw_logs/active_ascl/ascl_0.5_vol.txt

===== beginning time step 286 : 28.6 =====


Reforming stiffness matrix: reformation #1

 1
 Nonlinear solution status: time= 28.6
	stiffness updates             = 0
	right hand side evaluations   = 2
	stiffness matrix reformations = 1
	step from line search         = 1.000000
	convergence norms :     INITIAL         CURRENT         REQUIRED
	   residual            1.287839e+00    6.285838e-11    0.000000e+00 
	   energy              7.256957e-03    1.924456e-08    7.256957e-05 
	   displacement        3.631039e-04    3.631039e-04    3.631039e-10 
 2
 Nonlinear solution status: time= 28.6
	stiffness updates             = 1
	right hand side evaluations   = 3
	stiffness matrix reformations = 1
	step from line search         = 1.000000
	convergence norms :     INITIAL         CURRENT         REQUIRED
	   residual            1.287839e+00    1.281127e-16    0.000000e+00 
	   energy              7.256957e-03    1.144819e-15    7.256957e-05 
	   displacement        3.631039e-04    1.948439e-13    3.631003e-10 

convergence summary
    number of iterations   : 2
    number of reformations : 1

------- converged at time : 28.6


Data Record #1
===========================================================================
Step = 286
Time = 28.6
Data = uz
File = feb_inputs/active_ascl/../../raw_logs/active_ascl/ascl_0.5_disp.txt

Data Record #2
===========================================================================
Step = 286
Time = 28.6
Data = sz
File = feb_inputs/active_ascl/../../raw_logs/active_ascl/ascl_0.5_stress.txt

Data Record #3
===========================================================================
Step = 286
Time = 28.6
Data = J
File = feb_inputs/active_ascl/../../raw_logs/active_ascl/ascl_0.5_vol.txt

===== beginning time step 287 : 28.7 =====


Reforming stiffness matrix: reformation #1

 1
 Nonlinear solution status: time= 28.7
	stiffness updates             = 0
	right hand side evaluations   = 2
	stiffness matrix reformations = 1
	step from line search         = 1.000000
	convergence norms :     INITIAL         CURRENT         REQUIRED
	   residual            1.421981e+00    7.857336e-11    0.000000e+00 
	   energy              7.838798e-03    1.821266e-08    7.838798e-05 
	   displacement        3.876452e-04    3.876452e-04    3.876452e-10 
 2
 Nonlinear solution status: time= 28.7
	stiffness updates             = 1
	right hand side evaluations   = 3
	stiffness matrix reformations = 1
	step from line search         = 1.000000
	convergence norms :     INITIAL         CURRENT         REQUIRED
	   residual            1.421981e+00    1.571714e-16    0.000000e+00 
	   energy              7.838798e-03    1.278365e-15    7.838798e-05 
	   displacement        3.876452e-04    1.931171e-13    3.876424e-10 

convergence summary
    number of iterations   : 2
    number of reformations : 1

------- converged at time : 28.7


Data Record #1
===========================================================================
Step = 287
Time = 28.7
Data = uz
File = feb_inputs/active_ascl/../../raw_logs/active_ascl/ascl_0.5_disp.txt

Data Record #2
===========================================================================
Step = 287
Time = 28.7
Data = sz
File = feb_inputs/active_ascl/../../raw_logs/active_ascl/ascl_0.5_stress.txt

Data Record #3
===========================================================================
Step = 287
Time = 28.7
Data = J
File = feb_inputs/active_ascl/../../raw_logs/active_ascl/ascl_0.5_vol.txt

===== beginning time step 288 : 28.8 =====


Reforming stiffness matrix: reformation #1

 1
 Nonlinear solution status: time= 28.8
	stiffness updates             = 0
	right hand side evaluations   = 2
	stiffness matrix reformations = 1
	step from line search         = 1.000000
	convergence norms :     INITIAL         CURRENT         REQUIRED
	   residual            1.548996e+00    1.078181e-10    0.000000e+00 
	   energy              8.432017e-03    1.697613e-08    8.432017e-05 
	   displacement        4.134451e-04    4.134451e-04    4.134451e-10 
 2
 Nonlinear solution status: time= 28.8
	stiffness updates             = 1
	right hand side evaluations   = 3
	stiffness matrix reformations = 1
	step from line search         = 1.000000
	convergence norms :     INITIAL         CURRENT         REQUIRED
	   residual            1.548996e+00    2.034112e-16    0.000000e+00 
	   energy              8.432017e-03    1.411585e-15    8.432017e-05 
	   displacement        4.134451e-04    1.832037e-13    4.134432e-10 

convergence summary
    number of iterations   : 2
    number of reformations : 1

------- converged at time : 28.8


Data Record #1
===========================================================================
Step = 288
Time = 28.8
Data = uz
File = feb_inputs/active_ascl/../../raw_logs/active_ascl/ascl_0.5_disp.txt

Data Record #2
===========================================================================
Step = 288
Time = 28.8
Data = sz
File = feb_inputs/active_ascl/../../raw_logs/active_ascl/ascl_0.5_stress.txt

Data Record #3
===========================================================================
Step = 288
Time = 28.8
Data = J
File = feb_inputs/active_ascl/../../raw_logs/active_ascl/ascl_0.5_vol.txt

===== beginning time step 289 : 28.9 =====


Reforming stiffness matrix: reformation #1

 1
 Nonlinear solution status: time= 28.9
	stiffness updates             = 0
	right hand side evaluations   = 2
	stiffness matrix reformations = 1
	step from line search         = 1.000000
	convergence norms :     INITIAL         CURRENT         REQUIRED
	   residual            1.670052e+00    1.584821e-10    0.000000e+00 
	   energy              9.037771e-03    1.706149e-08    9.037771e-05 
	   displacement        4.405199e-04    4.405199e-04    4.405199e-10 
 2
 Nonlinear solution status: time= 28.9
	stiffness updates             = 1
	right hand side evaluations   = 3
	stiffness matrix reformations = 1
	step from line search         = 1.000000
	convergence norms :     INITIAL         CURRENT         REQUIRED
	   residual            1.670052e+00    2.915401e-16    0.000000e+00 
	   energy              9.037771e-03    1.777642e-15    9.037771e-05 
	   displacement        4.405199e-04    1.965581e-13    4.405183e-10 

convergence summary
    number of iterations   : 2
    number of reformations : 1

------- converged at time : 28.9


Data Record #1
===========================================================================
Step = 289
Time = 28.9
Data = uz
File = feb_inputs/active_ascl/../../raw_logs/active_ascl/ascl_0.5_disp.txt

Data Record #2
===========================================================================
Step = 289
Time = 28.9
Data = sz
File = feb_inputs/active_ascl/../../raw_logs/active_ascl/ascl_0.5_stress.txt

Data Record #3
===========================================================================
Step = 289
Time = 28.9
Data = J
File = feb_inputs/active_ascl/../../raw_logs/active_ascl/ascl_0.5_vol.txt

===== beginning time step 290 : 29 =====


Reforming stiffness matrix: reformation #1

 1
 Nonlinear solution status: time= 29
	stiffness updates             = 0
	right hand side evaluations   = 2
	stiffness matrix reformations = 1
	step from line search         = 1.000000
	convergence norms :     INITIAL         CURRENT         REQUIRED
	   residual            1.783750e+00    2.007545e-10    0.000000e+00 
	   energy              9.659688e-03    1.890426e-08    9.659688e-05 
	   displacement        4.692702e-04    4.692702e-04    4.692702e-10 
 2
 Nonlinear solution status: time= 29
	stiffness updates             = 1
	right hand side evaluations   = 3
	stiffness matrix reformations = 1
	step from line search         = 1.000000
	convergence norms :     INITIAL         CURRENT         REQUIRED
	   residual            1.783750e+00    3.532113e-16    0.000000e+00 
	   energy              9.659688e-03    2.175484e-15    9.659688e-05 
	   displacement        4.692702e-04    2.336196e-13    4.692685e-10 

convergence summary
    number of iterations   : 2
    number of reformations : 1

------- converged at time : 29


Data Record #1
===========================================================================
Step = 290
Time = 29
Data = uz
File = feb_inputs/active_ascl/../../raw_logs/active_ascl/ascl_0.5_disp.txt

Data Record #2
===========================================================================
Step = 290
Time = 29
Data = sz
File = feb_inputs/active_ascl/../../raw_logs/active_ascl/ascl_0.5_stress.txt

Data Record #3
===========================================================================
Step = 290
Time = 29
Data = J
File = feb_inputs/active_ascl/../../raw_logs/active_ascl/ascl_0.5_vol.txt

===== beginning time step 291 : 29.1 =====


Reforming stiffness matrix: reformation #1

 1
 Nonlinear solution status: time= 29.1
	stiffness updates             = 0
	right hand side evaluations   = 2
	stiffness matrix reformations = 1
	step from line search         = 1.000000
	convergence norms :     INITIAL         CURRENT         REQUIRED
	   residual            1.885533e+00    2.387902e-10    0.000000e+00 
	   energy              1.029453e-02    2.142549e-08    1.029453e-04 
	   displacement        5.002864e-04    5.002864e-04    5.002864e-10 
 2
 Nonlinear solution status: time= 29.1
	stiffness updates             = 1
	right hand side evaluations   = 3
	stiffness matrix reformations = 1
	step from line search         = 1.000000
	convergence norms :     INITIAL         CURRENT         REQUIRED
	   residual            1.885533e+00    4.014867e-16    0.000000e+00 
	   energy              1.029453e-02    2.545378e-15    1.029453e-04 
	   displacement        5.002864e-04    2.871125e-13    5.002845e-10 

convergence summary
    number of iterations   : 2
    number of reformations : 1

------- converged at time : 29.1


Data Record #1
===========================================================================
Step = 291
Time = 29.1
Data = uz
File = feb_inputs/active_ascl/../../raw_logs/active_ascl/ascl_0.5_disp.txt

Data Record #2
===========================================================================
Step = 291
Time = 29.1
Data = sz
File = feb_inputs/active_ascl/../../raw_logs/active_ascl/ascl_0.5_stress.txt

Data Record #3
===========================================================================
Step = 291
Time = 29.1
Data = J
File = feb_inputs/active_ascl/../../raw_logs/active_ascl/ascl_0.5_vol.txt

===== beginning time step 292 : 29.2 =====


Reforming stiffness matrix: reformation #1

 1
 Nonlinear solution status: time= 29.2
	stiffness updates             = 0
	right hand side evaluations   = 2
	stiffness matrix reformations = 1
	step from line search         = 1.000000
	convergence norms :     INITIAL         CURRENT         REQUIRED
	   residual            1.975937e+00    2.709772e-10    0.000000e+00 
	   energy              1.093307e-02    2.312332e-08    1.093307e-04 
	   displacement        5.333384e-04    5.333384e-04    5.333384e-10 
 2
 Nonlinear solution status: time= 29.2
	stiffness updates             = 1
	right hand side evaluations   = 3
	stiffness matrix reformations = 1
	step from line search         = 1.000000
	convergence norms :     INITIAL         CURRENT         REQUIRED
	   residual            1.975937e+00    4.263912e-16    0.000000e+00 
	   energy              1.093307e-02    2.753279e-15    1.093307e-04 
	   displacement        5.333384e-04    3.198800e-13    5.333366e-10 

convergence summary
    number of iterations   : 2
    number of reformations : 1

------- converged at time : 29.2


Data Record #1
===========================================================================
Step = 292
Time = 29.2
Data = uz
File = feb_inputs/active_ascl/../../raw_logs/active_ascl/ascl_0.5_disp.txt

Data Record #2
===========================================================================
Step = 292
Time = 29.2
Data = sz
File = feb_inputs/active_ascl/../../raw_logs/active_ascl/ascl_0.5_stress.txt

Data Record #3
===========================================================================
Step = 292
Time = 29.2
Data = J
File = feb_inputs/active_ascl/../../raw_logs/active_ascl/ascl_0.5_vol.txt

===== beginning time step 293 : 29.3 =====


Reforming stiffness matrix: reformation #1

 1
 Nonlinear solution status: time= 29.3
	stiffness updates             = 0
	right hand side evaluations   = 2
	stiffness matrix reformations = 1
	step from line search         = 1.000000
	convergence norms :     INITIAL         CURRENT         REQUIRED
	   residual            2.065571e+00    2.704471e-10    0.000000e+00 
	   energy              1.157012e-02    2.330146e-08    1.157012e-04 
	   displacement        5.671022e-04    5.671022e-04    5.671022e-10 
 2
 Nonlinear solution status: time= 29.3
	stiffness updates             = 1
	right hand side evaluations   = 3
	stiffness matrix reformations = 1
	step from line search         = 1.000000
	convergence norms :     INITIAL         CURRENT         REQUIRED
	   residual            2.065571e+00    4.436009e-16    0.000000e+00 
	   energy              1.157012e-02    2.736524e-15    1.157012e-04 
	   displacement        5.671022e-04    3.117001e-13    5.671007e-10 

convergence summary
    number of iterations   : 2
    number of reformations : 1

------- converged at time : 29.3


Data Record #1
===========================================================================
Step = 293
Time = 29.3
Data = uz
File = feb_inputs/active_ascl/../../raw_logs/active_ascl/ascl_0.5_disp.txt

Data Record #2
===========================================================================
Step = 293
Time = 29.3
Data = sz
File = feb_inputs/active_ascl/../../raw_logs/active_ascl/ascl_0.5_stress.txt

Data Record #3
===========================================================================
Step = 293
Time = 29.3
Data = J
File = feb_inputs/active_ascl/../../raw_logs/active_ascl/ascl_0.5_vol.txt

===== beginning time step 294 : 29.4 =====


Reforming stiffness matrix: reformation #1

 1
 Nonlinear solution status: time= 29.4
	stiffness updates             = 0
	right hand side evaluations   = 2
	stiffness matrix reformations = 1
	step from line search         = 1.000000
	convergence norms :     INITIAL         CURRENT         REQUIRED
	   residual            2.163878e+00    2.678790e-10    0.000000e+00 
	   energy              1.220580e-02    2.281825e-08    1.220580e-04 
	   displacement        5.998748e-04    5.998748e-04    5.998748e-10 
 2
 Nonlinear solution status: time= 29.4
	stiffness updates             = 1
	right hand side evaluations   = 3
	stiffness matrix reformations = 1
	step from line search         = 1.000000
	convergence norms :     INITIAL         CURRENT         REQUIRED
	   residual            2.163878e+00    4.797643e-16    0.000000e+00 
	   energy              1.220580e-02    2.587894e-15    1.220580e-04 
	   displacement        5.998748e-04    2.891786e-13    5.998733e-10 

convergence summary
    number of iterations   : 2
    number of reformations : 1

------- converged at time : 29.4


Data Record #1
===========================================================================
Step = 294
Time = 29.4
Data = uz
File = feb_inputs/active_ascl/../../raw_logs/active_ascl/ascl_0.5_disp.txt

Data Record #2
===========================================================================
Step = 294
Time = 29.4
Data = sz
File = feb_inputs/active_ascl/../../raw_logs/active_ascl/ascl_0.5_stress.txt

Data Record #3
===========================================================================
Step = 294
Time = 29.4
Data = J
File = feb_inputs/active_ascl/../../raw_logs/active_ascl/ascl_0.5_vol.txt

===== beginning time step 295 : 29.5 =====


Reforming stiffness matrix: reformation #1

 1
 Nonlinear solution status: time= 29.5
	stiffness updates             = 0
	right hand side evaluations   = 2
	stiffness matrix reformations = 1
	step from line search         = 1.000000
	convergence norms :     INITIAL         CURRENT         REQUIRED
	   residual            2.268122e+00    2.362298e-10    0.000000e+00 
	   energy              1.284181e-02    2.344061e-08    1.284181e-04 
	   displacement        6.310773e-04    6.310773e-04    6.310773e-10 
 2
 Nonlinear solution status: time= 29.5
	stiffness updates             = 1
	right hand side evaluations   = 3
	stiffness matrix reformations = 1
	step from line search         = 1.000000
	convergence norms :     INITIAL         CURRENT         REQUIRED
	   residual            2.268122e+00    4.119728e-16    0.000000e+00 
	   energy              1.284181e-02    2.320915e-15    1.284181e-04 
	   displacement        6.310773e-04    2.806366e-13    6.310756e-10 

convergence summary
    number of iterations   : 2
    number of reformations : 1

------- converged at time : 29.5


Data Record #1
===========================================================================
Step = 295
Time = 29.5
Data = uz
File = feb_inputs/active_ascl/../../raw_logs/active_ascl/ascl_0.5_disp.txt

Data Record #2
===========================================================================
Step = 295
Time = 29.5
Data = sz
File = feb_inputs/active_ascl/../../raw_logs/active_ascl/ascl_0.5_stress.txt

Data Record #3
===========================================================================
Step = 295
Time = 29.5
Data = J
File = feb_inputs/active_ascl/../../raw_logs/active_ascl/ascl_0.5_vol.txt

===== beginning time step 296 : 29.6 =====


Reforming stiffness matrix: reformation #1

 1
 Nonlinear solution status: time= 29.6
	stiffness updates             = 0
	right hand side evaluations   = 2
	stiffness matrix reformations = 1
	step from line search         = 1.000000
	convergence norms :     INITIAL         CURRENT         REQUIRED
	   residual            2.368013e+00    2.042271e-10    0.000000e+00 
	   energy              1.347820e-02    2.626010e-08    1.347820e-04 
	   displacement        6.617215e-04    6.617215e-04    6.617215e-10 
 2
 Nonlinear solution status: time= 29.6
	stiffness updates             = 1
	right hand side evaluations   = 3
	stiffness matrix reformations = 1
	step from line search         = 1.000000
	convergence norms :     INITIAL         CURRENT         REQUIRED
	   residual            2.368013e+00    3.396097e-16    0.000000e+00 
	   energy              1.347820e-02    2.129122e-15    1.347820e-04 
	   displacement        6.617215e-04    2.913004e-13    6.617189e-10 

convergence summary
    number of iterations   : 2
    number of reformations : 1

------- converged at time : 29.6


Data Record #1
===========================================================================
Step = 296
Time = 29.6
Data = uz
File = feb_inputs/active_ascl/../../raw_logs/active_ascl/ascl_0.5_disp.txt

Data Record #2
===========================================================================
Step = 296
Time = 29.6
Data = sz
File = feb_inputs/active_ascl/../../raw_logs/active_ascl/ascl_0.5_stress.txt

Data Record #3
===========================================================================
Step = 296
Time = 29.6
Data = J
File = feb_inputs/active_ascl/../../raw_logs/active_ascl/ascl_0.5_vol.txt

===== beginning time step 297 : 29.7 =====


Reforming stiffness matrix: reformation #1

 1
 Nonlinear solution status: time= 29.7
	stiffness updates             = 0
	right hand side evaluations   = 2
	stiffness matrix reformations = 1
	step from line search         = 1.000000
	convergence norms :     INITIAL         CURRENT         REQUIRED
	   residual            2.456876e+00    1.454338e-10    0.000000e+00 
	   energy              1.410803e-02    3.084231e-08    1.410803e-04 
	   displacement        6.931821e-04    6.931821e-04    6.931821e-10 
 2
 Nonlinear solution status: time= 29.7
	stiffness updates             = 1
	right hand side evaluations   = 3
	stiffness matrix reformations = 1
	step from line search         = 1.000000
	convergence norms :     INITIAL         CURRENT         REQUIRED
	   residual            2.456876e+00    2.730675e-16    0.000000e+00 
	   energy              1.410803e-02    1.866285e-15    1.410803e-04 
	   displacement        6.931821e-04    3.128917e-13    6.931782e-10 

convergence summary
    number of iterations   : 2
    number of reformations : 1

------- converged at time : 29.7


Data Record #1
===========================================================================
Step = 297
Time = 29.7
Data = uz
File = feb_inputs/active_ascl/../../raw_logs/active_ascl/ascl_0.5_disp.txt

Data Record #2
===========================================================================
Step = 297
Time = 29.7
Data = sz
File = feb_inputs/active_ascl/../../raw_logs/active_ascl/ascl_0.5_stress.txt

Data Record #3
===========================================================================
Step = 297
Time = 29.7
Data = J
File = feb_inputs/active_ascl/../../raw_logs/active_ascl/ascl_0.5_vol.txt

===== beginning time step 298 : 29.8 =====


Reforming stiffness matrix: reformation #1

 1
 Nonlinear solution status: time= 29.8
	stiffness updates             = 0
	right hand side evaluations   = 2
	stiffness matrix reformations = 1
	step from line search         = 1.000000
	convergence norms :     INITIAL         CURRENT         REQUIRED
	   residual            2.533854e+00    9.628320e-11    0.000000e+00 
	   energy              1.471723e-02    3.645674e-08    1.471723e-04 
	   displacement        7.256892e-04    7.256892e-04    7.256892e-10 
 2
 Nonlinear solution status: time= 29.8
	stiffness updates             = 1
	right hand side evaluations   = 3
	stiffness matrix reformations = 1
	step from line search         = 1.000000
	convergence norms :     INITIAL         CURRENT         REQUIRED
	   residual            2.533854e+00    1.858151e-16    0.000000e+00 
	   energy              1.471723e-02    1.607840e-15    1.471723e-04 
	   displacement        7.256892e-04    3.521942e-13    7.256839e-10 

convergence summary
    number of iterations   : 2
    number of reformations : 1

------- converged at time : 29.8


Data Record #1
===========================================================================
Step = 298
Time = 29.8
Data = uz
File = feb_inputs/active_ascl/../../raw_logs/active_ascl/ascl_0.5_disp.txt

Data Record #2
===========================================================================
Step = 298
Time = 29.8
Data = sz
File = feb_inputs/active_ascl/../../raw_logs/active_ascl/ascl_0.5_stress.txt

Data Record #3
===========================================================================
Step = 298
Time = 29.8
Data = J
File = feb_inputs/active_ascl/../../raw_logs/active_ascl/ascl_0.5_vol.txt

===== beginning time step 299 : 29.9 =====


Reforming stiffness matrix: reformation #1

 1
 Nonlinear solution status: time= 29.9
	stiffness updates             = 0
	right hand side evaluations   = 2
	stiffness matrix reformations = 1
	step from line search         = 1.000000
	convergence norms :     INITIAL         CURRENT         REQUIRED
	   residual            2.598354e+00    7.813669e-11    0.000000e+00 
	   energy              1.528314e-02    4.186716e-08    1.528314e-04 
	   displacement        7.576492e-04    7.576492e-04    7.576492e-10 
 2
 Nonlinear solution status: time= 29.9
	stiffness updates             = 1
	right hand side evaluations   = 3
	stiffness matrix reformations = 1
	step from line search         = 1.000000
	convergence norms :     INITIAL         CURRENT         REQUIRED
	   residual            2.598354e+00    1.380780e-16    0.000000e+00 
	   energy              1.528314e-02    1.444701e-15    1.528314e-04 
	   displacement        7.576492e-04    3.892573e-13    7.576420e-10 

convergence summary
    number of iterations   : 2
    number of reformations : 1

------- converged at time : 29.9


Data Record #1
===========================================================================
Step = 299
Time = 29.9
Data = uz
File = feb_inputs/active_ascl/../../raw_logs/active_ascl/ascl_0.5_disp.txt

Data Record #2
===========================================================================
Step = 299
Time = 29.9
Data = sz
File = feb_inputs/active_ascl/../../raw_logs/active_ascl/ascl_0.5_stress.txt

Data Record #3
===========================================================================
Step = 299
Time = 29.9
Data = J
File = feb_inputs/active_ascl/../../raw_logs/active_ascl/ascl_0.5_vol.txt

===== beginning time step 300 : 30 =====


Reforming stiffness matrix: reformation #1

 1
 Nonlinear solution status: time= 30
	stiffness updates             = 0
	right hand side evaluations   = 2
	stiffness matrix reformations = 1
	step from line search         = 1.000000
	convergence norms :     INITIAL         CURRENT         REQUIRED
	   residual            2.650838e+00    7.573519e-11    0.000000e+00 
	   energy              1.577770e-02    4.680132e-08    1.577770e-04 
	   displacement        7.866543e-04    7.866543e-04    7.866543e-10 
 2
 Nonlinear solution status: time= 30
	stiffness updates             = 1
	right hand side evaluations   = 3
	stiffness matrix reformations = 1
	step from line search         = 1.000000
	convergence norms :     INITIAL         CURRENT         REQUIRED
	   residual            2.650838e+00    1.235469e-16    0.000000e+00 
	   energy              1.577770e-02    1.405556e-15    1.577770e-04 
	   displacement        7.866543e-04    4.247935e-13    7.866448e-10 

convergence summary
    number of iterations   : 2
    number of reformations : 1

------- converged at time : 30


Data Record #1
===========================================================================
Step = 300
Time = 30
Data = uz
File = feb_inputs/active_ascl/../../raw_logs/active_ascl/ascl_0.5_disp.txt

Data Record #2
===========================================================================
Step = 300
Time = 30
Data = sz
File = feb_inputs/active_ascl/../../raw_logs/active_ascl/ascl_0.5_stress.txt

Data Record #3
===========================================================================
Step = 300
Time = 30
Data = J
File = feb_inputs/active_ascl/../../raw_logs/active_ascl/ascl_0.5_vol.txt


 N O N L I N E A R   I T E R A T I O N   I N F O R M A T I O N

	Number of time steps completed .................... : 300

	Total number of equilibrium iterations ............ : 606

	Average number of equilibrium iterations .......... : 2.02

	Total number of right hand evaluations ............ : 906

	Total number of stiffness reformations ............ : 300


 L I N E A R   S O L V E R   S T A T S

	Total calls to linear solver ........ : 606

	Avg iterations per solve ............ : 1

	Time in linear solver: 0:00:18


 Elapsed time : 0:00:36

 T I M I N G   I N F O R M A T I O N

	Input time ...................... : 0:00:00 (0.0770528 sec)

	Initialization time ............. : 0:00:00 (0.00886057 sec)

	Solve time ...................... : 0:00:36 (35.82 sec)

	   IO-time (plot, dmp, data) .... : 0:00:10 (9.7554 sec)

	   reforming stiffness .......... : 0:00:00 (0.0147223 sec)

	   evaluating stiffness ......... : 0:00:04 (3.58384 sec)

	   evaluating residual .......... : 0:00:02 (2.05312 sec)

	   model update ................. : 0:00:01 (1.11087 sec)

	   QN updates ................... : 0:00:00 (0.019935 sec)

	   time in linear solver ........ : 0:00:18 (18.475 sec)

	Total elapsed time .............. : 0:00:36 (35.9371 sec)


 N O R M A L   T E R M I N A T I O N

