===========================================================================
         ________    _________   _______       __     _________            
        |        |\ |        |\ |       \\    |  |\  /         \\          
        |    ____|| |    ____|| |    __  ||   |__|| |    ___    ||         
        |   |\___\| |   |\___\| |   |\_| ||    \_\| |   //  \   ||         
        |   ||__    |   ||__    |   ||_| ||   |  |\ |  ||    |  ||         
        |       |\  |       |\  |         \\  |  || |  ||    |  ||         
        |    ___||  |    ___||  |    ___   || |  || |  ||    |  ||         
        |   |\__\|  |   |\__\|  |   |\__|  || |  || |  ||    |  ||         
        |   ||      |   ||___   |   ||__|  || |  || |   \\__/   ||         
        |   ||      |        |\ |          || |  || |           ||         
        |___||      |________|| |_________//  |__||  \_________//          
                                                                           
      F I N I T E   E L E M E N T S   F O R   B I O M E C H A N I C S      
                                                                           
  version 4.12.0
  FEBio is a registered trademark.                                         
  copyright (c) 2006-2026 - All rights reserved                            
                                                                           
===========================================================================





 FILES USED
===========================================================================
	Input file : feb_inputs/active_ascl/biceps_ascl_2.0.feb
	Plot file  : feb_inputs/active_ascl/biceps_ascl_2.0.xplt
	Log file   : feb_inputs/active_ascl/biceps_ascl_2.0.log


 MESH INFO
===========================================================================
	Number of materials ............................ : 1
	Number of domains .............................. : 1
	Number of nodes ................................ : 4671
	Number of solid elements ....................... : 15813


 MODULE
===========================================================================
	Module type ....................................... : solid


 CONTROL DATA
===========================================================================
	analysis .......................................... : DYNAMIC (1)
	time_steps ........................................ : 300
	step_size ......................................... : 0.1
	plot_zero_state ................................... : no (0)
	plot_range ........................................ : 0,-1
	plot_level ........................................ : PLOT_MAJOR_ITRS (1)
	output_level ...................................... : OUTPUT_MAJOR_ITRS (1)
	plot_stride ....................................... : 1
	output_stride ..................................... : 1
	adaptor_re_solve .................................. : yes (1)
	Auto time stepper activated ....................... : no
 SOLVER PARAMETERS
===========================================================================
	symmetric_stiffness ............................... : symmetric (1)
	equation_scheme ................................... : staggered (0)
	equation_order .................................... : default (0)
	optimize_bw ....................................... : no (0)
	lstol ............................................. : 0.9
	lsmin ............................................. : 0.01
	lsiter ............................................ : 5
	ls_check_jacobians ................................ : no (0)
	max_refs .......................................... : 15
	check_zero_diagonal ............................... : no (0)
	zero_diagonal_tol ................................. : 0
	force_partition ................................... : 0
	reform_each_time_step ............................. : yes (1)
	reform_augment .................................... : no (0)
	diverge_reform .................................... : yes (1)
	min_residual ...................................... : 1e-20
	max_residual ...................................... : 0
	dtol .............................................. : 0.001
	etol .............................................. : 0.01
	rtol .............................................. : 0
	rhoi .............................................. : -2
	alpha ............................................. : 1
	beta .............................................. : 0.25
	gamma ............................................. : 0.5
	logSolve .......................................... : no (0)
	arc_length ........................................ : 0
	arc_length_scale .................................. : 0






 MATERIAL DATA
===========================================================================
  1 - Material1 (type: trans iso Mooney-Rivlin)
	density ........................................... : 1
	k ................................................. : 100
	pressure_model .................................... : default (0)
	c1 ................................................ : 13.85
	c2 ................................................ : 0
	c3 ................................................ : 2.07
	c4 ................................................ : 61.44
	c5 ................................................ : 640.7
	lam_max ........................................... : 1.03
	fiber: (type: vector)
	  vector .......................................... : 0,0,1
	active_contraction: (type: active_contraction)
	  ascl ............................................ : 0
	  Tmax ............................................ : 1
	  ca0 ............................................. : 4.35
	  camax ........................................... : 4.35
	  beta ............................................ : 4.75
	  l0 .............................................. : 1.58
	  refl ............................................ : 2.04


 BOUNDARY CONDITION DATA
===========================================================================
  1 -  Type: zero displacement
	x_dof ............................................. : yes (1)
	y_dof ............................................. : yes (1)
	z_dof ............................................. : yes (1)


 LOAD CONTROLLER DATA
===========================================================================
load controller   1 - LC1 (type: math)
	var ............................................... : (can't display value)
	math .............................................. : t/20


 OUTPUT DATA
===========================================================================
 LINEAR SOLVER DATA
===========================================================================
	Default linear solver ............................. : pardiso


Data Record #1
===========================================================================
Step = 0
Time = 0
Data = uz
File = feb_inputs/active_ascl/../../raw_logs/active_ascl/ascl_2.0_disp.txt

Data Record #2
===========================================================================
Step = 0
Time = 0
Data = sz
File = feb_inputs/active_ascl/../../raw_logs/active_ascl/ascl_2.0_stress.txt

Data Record #3
===========================================================================
Step = 0
Time = 0
Data = J
File = feb_inputs/active_ascl/../../raw_logs/active_ascl/ascl_2.0_vol.txt

 *************************************************************************
 * Selecting linear solver pardiso                                       *
 *************************************************************************

===== beginning time step 1 : 0.1 =====


Reforming stiffness matrix: reformation #1

===== reforming stiffness matrix:
	Nr of equations ........................... : 13953
	Nr of nonzeroes in stiffness matrix ....... : 245850
 1
 Nonlinear solution status: time= 0.1
	stiffness updates             = 0
	right hand side evaluations   = 2
	stiffness matrix reformations = 1
	step from line search         = 1.000000
	convergence norms :     INITIAL         CURRENT         REQUIRED
	   residual            1.518687e-04    1.736711e-05    0.000000e+00 
	   energy              1.464698e-05    1.337378e-06    1.464698e-07 
	   displacement        1.788547e-06    1.788547e-06    1.788547e-12 
 2
 Nonlinear solution status: time= 0.1
	stiffness updates             = 1
	right hand side evaluations   = 3
	stiffness matrix reformations = 1
	step from line search         = 1.000000
	convergence norms :     INITIAL         CURRENT         REQUIRED
	   residual            1.518687e-04    1.258472e-06    0.000000e+00 
	   energy              1.464698e-05    5.700928e-08    1.464698e-07 
	   displacement        1.788547e-06    3.841571e-08    2.262282e-12 
 3
 Nonlinear solution status: time= 0.1
	stiffness updates             = 2
	right hand side evaluations   = 4
	stiffness matrix reformations = 1
	step from line search         = 1.000000
	convergence norms :     INITIAL         CURRENT         REQUIRED
	   residual            1.518687e-04    4.752258e-08    0.000000e+00 
	   energy              1.464698e-05    2.179681e-09    1.464698e-07 
	   displacement        1.788547e-06    1.317895e-09    2.305132e-12 
 4
 Nonlinear solution status: time= 0.1
	stiffness updates             = 3
	right hand side evaluations   = 5
	stiffness matrix reformations = 1
	step from line search         = 1.000000
	convergence norms :     INITIAL         CURRENT         REQUIRED
	   residual            1.518687e-04    2.719303e-09    0.000000e+00 
	   energy              1.464698e-05    1.007267e-10    1.464698e-07 
	   displacement        1.788547e-06    3.488288e-11    2.298770e-12 
 5
 Nonlinear solution status: time= 0.1
	stiffness updates             = 4
	right hand side evaluations   = 6
	stiffness matrix reformations = 1
	step from line search         = 1.000000
	convergence norms :     INITIAL         CURRENT         REQUIRED
	   residual            1.518687e-04    1.350512e-10    0.000000e+00 
	   energy              1.464698e-05    3.718654e-12    1.464698e-07 
	   displacement        1.788547e-06    1.650506e-12    2.296904e-12 

convergence summary
    number of iterations   : 5
    number of reformations : 1

------- converged at time : 0.1


Data Record #1
===========================================================================
Step = 1
Time = 0.1
Data = uz
File = feb_inputs/active_ascl/../../raw_logs/active_ascl/ascl_2.0_disp.txt

Data Record #2
===========================================================================
Step = 1
Time = 0.1
Data = sz
File = feb_inputs/active_ascl/../../raw_logs/active_ascl/ascl_2.0_stress.txt

Data Record #3
===========================================================================
Step = 1
Time = 0.1
Data = J
File = feb_inputs/active_ascl/../../raw_logs/active_ascl/ascl_2.0_vol.txt

===== beginning time step 2 : 0.2 =====


Reforming stiffness matrix: reformation #1

 1
 Nonlinear solution status: time= 0.2
	stiffness updates             = 0
	right hand side evaluations   = 2
	stiffness matrix reformations = 1
	step from line search         = 1.000000
	convergence norms :     INITIAL         CURRENT         REQUIRED
	   residual            3.617111e-03    4.351393e-06    0.000000e+00 
	   energy              2.085721e-04    1.217482e-07    2.085721e-06 
	   displacement        2.726868e-05    2.726868e-05    2.726868e-11 
 2
 Nonlinear solution status: time= 0.2
	stiffness updates             = 1
	right hand side evaluations   = 3
	stiffness matrix reformations = 1
	step from line search         = 1.000000
	convergence norms :     INITIAL         CURRENT         REQUIRED
	   residual            3.617111e-03    1.177833e-07    0.000000e+00 
	   energy              2.085721e-04    2.317153e-09    2.085721e-06 
	   displacement        2.726868e-05    1.583139e-10    2.727302e-11 
 3
 Nonlinear solution status: time= 0.2
	stiffness updates             = 2
	right hand side evaluations   = 4
	stiffness matrix reformations = 1
	step from line search         = 1.000000
	convergence norms :     INITIAL         CURRENT         REQUIRED
	   residual            3.617111e-03    4.379756e-10    0.000000e+00 
	   energy              2.085721e-04    7.801892e-12    2.085721e-06 
	   displacement        2.726868e-05    5.896092e-12    2.726924e-11 

convergence summary
    number of iterations   : 3
    number of reformations : 1

------- converged at time : 0.2


Data Record #1
===========================================================================
Step = 2
Time = 0.2
Data = uz
File = feb_inputs/active_ascl/../../raw_logs/active_ascl/ascl_2.0_disp.txt

Data Record #2
===========================================================================
Step = 2
Time = 0.2
Data = sz
File = feb_inputs/active_ascl/../../raw_logs/active_ascl/ascl_2.0_stress.txt

Data Record #3
===========================================================================
Step = 2
Time = 0.2
Data = J
File = feb_inputs/active_ascl/../../raw_logs/active_ascl/ascl_2.0_vol.txt

===== beginning time step 3 : 0.3 =====


Reforming stiffness matrix: reformation #1

 1
 Nonlinear solution status: time= 0.3
	stiffness updates             = 0
	right hand side evaluations   = 2
	stiffness matrix reformations = 1
	step from line search         = 1.000000
	convergence norms :     INITIAL         CURRENT         REQUIRED
	   residual            3.406994e-02    5.384297e-06    0.000000e+00 
	   energy              8.774730e-04    1.586129e-07    8.774730e-06 
	   displacement        9.022308e-05    9.022308e-05    9.022308e-11 
 2
 Nonlinear solution status: time= 0.3
	stiffness updates             = 1
	right hand side evaluations   = 3
	stiffness matrix reformations = 1
	step from line search         = 1.000000
	convergence norms :     INITIAL         CURRENT         REQUIRED
	   residual            3.406994e-02    1.051179e-07    0.000000e+00 
	   energy              8.774730e-04    1.799655e-09    8.774730e-06 
	   displacement        9.022308e-05    1.116229e-10    9.021788e-11 
 3
 Nonlinear solution status: time= 0.3
	stiffness updates             = 2
	right hand side evaluations   = 4
	stiffness matrix reformations = 1
	step from line search         = 1.000000
	convergence norms :     INITIAL         CURRENT         REQUIRED
	   residual            3.406994e-02    5.270241e-10    0.000000e+00 
	   energy              8.774730e-04    9.475264e-12    8.774730e-06 
	   displacement        9.022308e-05    3.166708e-12    9.021435e-11 

convergence summary
    number of iterations   : 3
    number of reformations : 1

------- converged at time : 0.3


Data Record #1
===========================================================================
Step = 3
Time = 0.3
Data = uz
File = feb_inputs/active_ascl/../../raw_logs/active_ascl/ascl_2.0_disp.txt

Data Record #2
===========================================================================
Step = 3
Time = 0.3
Data = sz
File = feb_inputs/active_ascl/../../raw_logs/active_ascl/ascl_2.0_stress.txt

Data Record #3
===========================================================================
Step = 3
Time = 0.3
Data = J
File = feb_inputs/active_ascl/../../raw_logs/active_ascl/ascl_2.0_vol.txt

===== beginning time step 4 : 0.4 =====


Reforming stiffness matrix: reformation #1

 1
 Nonlinear solution status: time= 0.4
	stiffness updates             = 0
	right hand side evaluations   = 2
	stiffness matrix reformations = 1
	step from line search         = 1.000000
	convergence norms :     INITIAL         CURRENT         REQUIRED
	   residual            1.448269e-01    2.132035e-05    0.000000e+00 
	   energy              2.293175e-03    3.801438e-07    2.293175e-05 
	   displacement        1.940884e-04    1.940884e-04    1.940884e-10 
 2
 Nonlinear solution status: time= 0.4
	stiffness updates             = 1
	right hand side evaluations   = 3
	stiffness matrix reformations = 1
	step from line search         = 1.000000
	convergence norms :     INITIAL         CURRENT         REQUIRED
	   residual            1.448269e-01    4.620248e-07    0.000000e+00 
	   energy              2.293175e-03    6.188264e-09    2.293175e-05 
	   displacement        1.940884e-04    2.397078e-10    1.940869e-10 
 3
 Nonlinear solution status: time= 0.4
	stiffness updates             = 2
	right hand side evaluations   = 4
	stiffness matrix reformations = 1
	step from line search         = 1.000000
	convergence norms :     INITIAL         CURRENT         REQUIRED
	   residual            1.448269e-01    1.092502e-09    0.000000e+00 
	   energy              2.293175e-03    1.740115e-11    2.293175e-05 
	   displacement        1.940884e-04    8.320680e-12    1.940788e-10 

convergence summary
    number of iterations   : 3
    number of reformations : 1

------- converged at time : 0.4


Data Record #1
===========================================================================
Step = 4
Time = 0.4
Data = uz
File = feb_inputs/active_ascl/../../raw_logs/active_ascl/ascl_2.0_disp.txt

Data Record #2
===========================================================================
Step = 4
Time = 0.4
Data = sz
File = feb_inputs/active_ascl/../../raw_logs/active_ascl/ascl_2.0_stress.txt

Data Record #3
===========================================================================
Step = 4
Time = 0.4
Data = J
File = feb_inputs/active_ascl/../../raw_logs/active_ascl/ascl_2.0_vol.txt

===== beginning time step 5 : 0.5 =====


Reforming stiffness matrix: reformation #1

 1
 Nonlinear solution status: time= 0.5
	stiffness updates             = 0
	right hand side evaluations   = 2
	stiffness matrix reformations = 1
	step from line search         = 1.000000
	convergence norms :     INITIAL         CURRENT         REQUIRED
	   residual            3.737561e-01    2.475877e-07    0.000000e+00 
	   energy              4.576123e-03    2.524875e-08    4.576123e-05 
	   displacement        3.421972e-04    3.421972e-04    3.421972e-10 
 2
 Nonlinear solution status: time= 0.5
	stiffness updates             = 1
	right hand side evaluations   = 3
	stiffness matrix reformations = 1
	step from line search         = 1.000000
	convergence norms :     INITIAL         CURRENT         REQUIRED
	   residual            3.737561e-01    9.402882e-09    0.000000e+00 
	   energy              4.576123e-03    3.222972e-10    4.576123e-05 
	   displacement        3.421972e-04    3.559706e-11    3.421960e-10 

convergence summary
    number of iterations   : 2
    number of reformations : 1

------- converged at time : 0.5


Data Record #1
===========================================================================
Step = 5
Time = 0.5
Data = uz
File = feb_inputs/active_ascl/../../raw_logs/active_ascl/ascl_2.0_disp.txt

Data Record #2
===========================================================================
Step = 5
Time = 0.5
Data = sz
File = feb_inputs/active_ascl/../../raw_logs/active_ascl/ascl_2.0_stress.txt

Data Record #3
===========================================================================
Step = 5
Time = 0.5
Data = J
File = feb_inputs/active_ascl/../../raw_logs/active_ascl/ascl_2.0_vol.txt

===== beginning time step 6 : 0.6 =====


Reforming stiffness matrix: reformation #1

 1
 Nonlinear solution status: time= 0.6
	stiffness updates             = 0
	right hand side evaluations   = 2
	stiffness matrix reformations = 1
	step from line search         = 1.000000
	convergence norms :     INITIAL         CURRENT         REQUIRED
	   residual            7.146093e-01    1.652273e-06    0.000000e+00 
	   energy              7.662883e-03    1.056394e-07    7.662883e-05 
	   displacement        5.279599e-04    5.279599e-04    5.279599e-10 
 2
 Nonlinear solution status: time= 0.6
	stiffness updates             = 1
	right hand side evaluations   = 3
	stiffness matrix reformations = 1
	step from line search         = 1.000000
	convergence norms :     INITIAL         CURRENT         REQUIRED
	   residual            7.146093e-01    2.331322e-08    0.000000e+00 
	   energy              7.662883e-03    6.665978e-10    7.662883e-05 
	   displacement        5.279599e-04    5.701170e-11    5.279612e-10 

convergence summary
    number of iterations   : 2
    number of reformations : 1

------- converged at time : 0.6


Data Record #1
===========================================================================
Step = 6
Time = 0.6
Data = uz
File = feb_inputs/active_ascl/../../raw_logs/active_ascl/ascl_2.0_disp.txt

Data Record #2
===========================================================================
Step = 6
Time = 0.6
Data = sz
File = feb_inputs/active_ascl/../../raw_logs/active_ascl/ascl_2.0_stress.txt

Data Record #3
===========================================================================
Step = 6
Time = 0.6
Data = J
File = feb_inputs/active_ascl/../../raw_logs/active_ascl/ascl_2.0_vol.txt

===== beginning time step 7 : 0.7 =====


Reforming stiffness matrix: reformation #1

 1
 Nonlinear solution status: time= 0.7
	stiffness updates             = 0
	right hand side evaluations   = 2
	stiffness matrix reformations = 1
	step from line search         = 1.000000
	convergence norms :     INITIAL         CURRENT         REQUIRED
	   residual            1.189250e+00    3.014612e-07    0.000000e+00 
	   energy              1.140216e-02    9.367600e-08    1.140216e-04 
	   displacement        7.431191e-04    7.431191e-04    7.431191e-10 
 2
 Nonlinear solution status: time= 0.7
	stiffness updates             = 1
	right hand side evaluations   = 3
	stiffness matrix reformations = 1
	step from line search         = 1.000000
	convergence norms :     INITIAL         CURRENT         REQUIRED
	   residual            1.189250e+00    2.675711e-09    0.000000e+00 
	   energy              1.140216e-02    8.811412e-11    1.140216e-04 
	   displacement        7.431191e-04    1.292195e-11    7.431096e-10 

convergence summary
    number of iterations   : 2
    number of reformations : 1

------- converged at time : 0.7


Data Record #1
===========================================================================
Step = 7
Time = 0.7
Data = uz
File = feb_inputs/active_ascl/../../raw_logs/active_ascl/ascl_2.0_disp.txt

Data Record #2
===========================================================================
Step = 7
Time = 0.7
Data = sz
File = feb_inputs/active_ascl/../../raw_logs/active_ascl/ascl_2.0_stress.txt

Data Record #3
===========================================================================
Step = 7
Time = 0.7
Data = J
File = feb_inputs/active_ascl/../../raw_logs/active_ascl/ascl_2.0_vol.txt

===== beginning time step 8 : 0.8 =====


Reforming stiffness matrix: reformation #1

 1
 Nonlinear solution status: time= 0.8
	stiffness updates             = 0
	right hand side evaluations   = 2
	stiffness matrix reformations = 1
	step from line search         = 1.000000
	convergence norms :     INITIAL         CURRENT         REQUIRED
	   residual            1.807030e+00    3.118471e-09    0.000000e+00 
	   energy              1.560077e-02    7.811816e-08    1.560077e-04 
	   displacement        9.628344e-04    9.628344e-04    9.628344e-10 
 2
 Nonlinear solution status: time= 0.8
	stiffness updates             = 1
	right hand side evaluations   = 3
	stiffness matrix reformations = 1
	step from line search         = 1.000000
	convergence norms :     INITIAL         CURRENT         REQUIRED
	   residual            1.807030e+00    2.612394e-12    0.000000e+00 
	   energy              1.560077e-02    1.145783e-13    1.560077e-04 
	   displacement        9.628344e-04    2.641531e-13    9.628192e-10 

convergence summary
    number of iterations   : 2
    number of reformations : 1

------- converged at time : 0.8


Data Record #1
===========================================================================
Step = 8
Time = 0.8
Data = uz
File = feb_inputs/active_ascl/../../raw_logs/active_ascl/ascl_2.0_disp.txt

Data Record #2
===========================================================================
Step = 8
Time = 0.8
Data = sz
File = feb_inputs/active_ascl/../../raw_logs/active_ascl/ascl_2.0_stress.txt

Data Record #3
===========================================================================
Step = 8
Time = 0.8
Data = J
File = feb_inputs/active_ascl/../../raw_logs/active_ascl/ascl_2.0_vol.txt

===== beginning time step 9 : 0.9 =====


Reforming stiffness matrix: reformation #1

 1
 Nonlinear solution status: time= 0.9
	stiffness updates             = 0
	right hand side evaluations   = 2
	stiffness matrix reformations = 1
	step from line search         = 1.000000
	convergence norms :     INITIAL         CURRENT         REQUIRED
	   residual            2.512390e+00    1.468191e-05    0.000000e+00 
	   energy              2.008577e-02    4.568226e-07    2.008577e-04 
	   displacement        1.185675e-03    1.185675e-03    1.185675e-09 
 2
 Nonlinear solution status: time= 0.9
	stiffness updates             = 1
	right hand side evaluations   = 3
	stiffness matrix reformations = 1
	step from line search         = 1.000000
	convergence norms :     INITIAL         CURRENT         REQUIRED
	   residual            2.512390e+00    6.311372e-07    0.000000e+00 
	   energy              2.008577e-02    5.046156e-09    2.008577e-04 
	   displacement        1.185675e-03    1.651482e-10    1.185659e-09 

convergence summary
    number of iterations   : 2
    number of reformations : 1

------- converged at time : 0.9


Data Record #1
===========================================================================
Step = 9
Time = 0.9
Data = uz
File = feb_inputs/active_ascl/../../raw_logs/active_ascl/ascl_2.0_disp.txt

Data Record #2
===========================================================================
Step = 9
Time = 0.9
Data = sz
File = feb_inputs/active_ascl/../../raw_logs/active_ascl/ascl_2.0_stress.txt

Data Record #3
===========================================================================
Step = 9
Time = 0.9
Data = J
File = feb_inputs/active_ascl/../../raw_logs/active_ascl/ascl_2.0_vol.txt

===== beginning time step 10 : 1 =====


Reforming stiffness matrix: reformation #1

 1
 Nonlinear solution status: time= 1
	stiffness updates             = 0
	right hand side evaluations   = 2
	stiffness matrix reformations = 1
	step from line search         = 1.000000
	convergence norms :     INITIAL         CURRENT         REQUIRED
	   residual            3.207383e+00    9.592811e-06    0.000000e+00 
	   energy              2.466783e-02    2.787625e-07    2.466783e-04 
	   displacement        1.421427e-03    1.421427e-03    1.421427e-09 
 2
 Nonlinear solution status: time= 1
	stiffness updates             = 1
	right hand side evaluations   = 3
	stiffness matrix reformations = 1
	step from line search         = 1.000000
	convergence norms :     INITIAL         CURRENT         REQUIRED
	   residual            3.207383e+00    2.816772e-07    0.000000e+00 
	   energy              2.466783e-02    2.560354e-09    2.466783e-04 
	   displacement        1.421427e-03    6.436989e-11    1.421402e-09 

convergence summary
    number of iterations   : 2
    number of reformations : 1

------- converged at time : 1


Data Record #1
===========================================================================
Step = 10
Time = 1
Data = uz
File = feb_inputs/active_ascl/../../raw_logs/active_ascl/ascl_2.0_disp.txt

Data Record #2
===========================================================================
Step = 10
Time = 1
Data = sz
File = feb_inputs/active_ascl/../../raw_logs/active_ascl/ascl_2.0_stress.txt

Data Record #3
===========================================================================
Step = 10
Time = 1
Data = J
File = feb_inputs/active_ascl/../../raw_logs/active_ascl/ascl_2.0_vol.txt

===== beginning time step 11 : 1.1 =====


Reforming stiffness matrix: reformation #1

 1
 Nonlinear solution status: time= 1.1
	stiffness updates             = 0
	right hand side evaluations   = 2
	stiffness matrix reformations = 1
	step from line search         = 1.000000
	convergence norms :     INITIAL         CURRENT         REQUIRED
	   residual            3.811439e+00    1.142583e-06    0.000000e+00 
	   energy              2.912787e-02    1.820317e-07    2.912787e-04 
	   displacement        1.665488e-03    1.665488e-03    1.665488e-09 
 2
 Nonlinear solution status: time= 1.1
	stiffness updates             = 1
	right hand side evaluations   = 3
	stiffness matrix reformations = 1
	step from line search         = 1.000000
	convergence norms :     INITIAL         CURRENT         REQUIRED
	   residual            3.811439e+00    3.455575e-09    0.000000e+00 
	   energy              2.912787e-02    1.289705e-10    2.912787e-04 
	   displacement        1.665488e-03    9.884734e-12    1.665458e-09 

convergence summary
    number of iterations   : 2
    number of reformations : 1

------- converged at time : 1.1


Data Record #1
===========================================================================
Step = 11
Time = 1.1
Data = uz
File = feb_inputs/active_ascl/../../raw_logs/active_ascl/ascl_2.0_disp.txt

Data Record #2
===========================================================================
Step = 11
Time = 1.1
Data = sz
File = feb_inputs/active_ascl/../../raw_logs/active_ascl/ascl_2.0_stress.txt

Data Record #3
===========================================================================
Step = 11
Time = 1.1
Data = J
File = feb_inputs/active_ascl/../../raw_logs/active_ascl/ascl_2.0_vol.txt

===== beginning time step 12 : 1.2 =====


Reforming stiffness matrix: reformation #1

 1
 Nonlinear solution status: time= 1.2
	stiffness updates             = 0
	right hand side evaluations   = 2
	stiffness matrix reformations = 1
	step from line search         = 1.000000
	convergence norms :     INITIAL         CURRENT         REQUIRED
	   residual            4.343679e+00    3.105558e-08    0.000000e+00 
	   energy              3.323580e-02    1.382709e-07    3.323580e-04 
	   displacement        1.894832e-03    1.894832e-03    1.894832e-09 
 2
 Nonlinear solution status: time= 1.2
	stiffness updates             = 1
	right hand side evaluations   = 3
	stiffness matrix reformations = 1
	step from line search         = 1.000000
	convergence norms :     INITIAL         CURRENT         REQUIRED
	   residual            4.343679e+00    1.108712e-09    0.000000e+00 
	   energy              3.323580e-02    1.204040e-11    3.323580e-04 
	   displacement        1.894832e-03    7.246073e-13    1.894801e-09 

convergence summary
    number of iterations   : 2
    number of reformations : 1

------- converged at time : 1.2


Data Record #1
===========================================================================
Step = 12
Time = 1.2
Data = uz
File = feb_inputs/active_ascl/../../raw_logs/active_ascl/ascl_2.0_disp.txt

Data Record #2
===========================================================================
Step = 12
Time = 1.2
Data = sz
File = feb_inputs/active_ascl/../../raw_logs/active_ascl/ascl_2.0_stress.txt

Data Record #3
===========================================================================
Step = 12
Time = 1.2
Data = J
File = feb_inputs/active_ascl/../../raw_logs/active_ascl/ascl_2.0_vol.txt

===== beginning time step 13 : 1.3 =====


Reforming stiffness matrix: reformation #1

 1
 Nonlinear solution status: time= 1.3
	stiffness updates             = 0
	right hand side evaluations   = 2
	stiffness matrix reformations = 1
	step from line search         = 1.000000
	convergence norms :     INITIAL         CURRENT         REQUIRED
	   residual            4.851428e+00    1.960678e-08    0.000000e+00 
	   energy              3.685558e-02    1.515201e-07    3.685558e-04 
	   displacement        2.084845e-03    2.084845e-03    2.084845e-09 
 2
 Nonlinear solution status: time= 1.3
	stiffness updates             = 1
	right hand side evaluations   = 3
	stiffness matrix reformations = 1
	step from line search         = 1.000000
	convergence norms :     INITIAL         CURRENT         REQUIRED
	   residual            4.851428e+00    5.824740e-11    0.000000e+00 
	   energy              3.685558e-02    7.961348e-13    3.685558e-04 
	   displacement        2.084845e-03    6.361895e-13    2.084811e-09 

convergence summary
    number of iterations   : 2
    number of reformations : 1

------- converged at time : 1.3


Data Record #1
===========================================================================
Step = 13
Time = 1.3
Data = uz
File = feb_inputs/active_ascl/../../raw_logs/active_ascl/ascl_2.0_disp.txt

Data Record #2
===========================================================================
Step = 13
Time = 1.3
Data = sz
File = feb_inputs/active_ascl/../../raw_logs/active_ascl/ascl_2.0_stress.txt

Data Record #3
===========================================================================
Step = 13
Time = 1.3
Data = J
File = feb_inputs/active_ascl/../../raw_logs/active_ascl/ascl_2.0_vol.txt

===== beginning time step 14 : 1.4 =====


Reforming stiffness matrix: reformation #1

 1
 Nonlinear solution status: time= 1.4
	stiffness updates             = 0
	right hand side evaluations   = 2
	stiffness matrix reformations = 1
	step from line search         = 1.000000
	convergence norms :     INITIAL         CURRENT         REQUIRED
	   residual            5.321057e+00    2.156880e-09    0.000000e+00 
	   energy              4.006503e-02    1.559116e-07    4.006503e-04 
	   displacement        2.245788e-03    2.245788e-03    2.245788e-09 
 2
 Nonlinear solution status: time= 1.4
	stiffness updates             = 1
	right hand side evaluations   = 3
	stiffness matrix reformations = 1
	step from line search         = 1.000000
	convergence norms :     INITIAL         CURRENT         REQUIRED
	   residual            5.321057e+00    9.035299e-13    0.000000e+00 
	   energy              4.006503e-02    2.006141e-14    4.006503e-04 
	   displacement        2.245788e-03    5.301575e-13    2.245752e-09 

convergence summary
    number of iterations   : 2
    number of reformations : 1

------- converged at time : 1.4


Data Record #1
===========================================================================
Step = 14
Time = 1.4
Data = uz
File = feb_inputs/active_ascl/../../raw_logs/active_ascl/ascl_2.0_disp.txt

Data Record #2
===========================================================================
Step = 14
Time = 1.4
Data = sz
File = feb_inputs/active_ascl/../../raw_logs/active_ascl/ascl_2.0_stress.txt

Data Record #3
===========================================================================
Step = 14
Time = 1.4
Data = J
File = feb_inputs/active_ascl/../../raw_logs/active_ascl/ascl_2.0_vol.txt

===== beginning time step 15 : 1.5 =====


Reforming stiffness matrix: reformation #1

 1
 Nonlinear solution status: time= 1.5
	stiffness updates             = 0
	right hand side evaluations   = 2
	stiffness matrix reformations = 1
	step from line search         = 1.000000
	convergence norms :     INITIAL         CURRENT         REQUIRED
	   residual            5.790790e+00    3.313313e-09    0.000000e+00 
	   energy              4.309668e-02    1.530509e-07    4.309668e-04 
	   displacement        2.396448e-03    2.396448e-03    2.396448e-09 
 2
 Nonlinear solution status: time= 1.5
	stiffness updates             = 1
	right hand side evaluations   = 3
	stiffness matrix reformations = 1
	step from line search         = 1.000000
	convergence norms :     INITIAL         CURRENT         REQUIRED
	   residual            5.790790e+00    3.833530e-12    0.000000e+00 
	   energy              4.309668e-02    7.781256e-13    4.309668e-04 
	   displacement        2.396448e-03    8.150028e-13    2.396412e-09 

convergence summary
    number of iterations   : 2
    number of reformations : 1

------- converged at time : 1.5


Data Record #1
===========================================================================
Step = 15
Time = 1.5
Data = uz
File = feb_inputs/active_ascl/../../raw_logs/active_ascl/ascl_2.0_disp.txt

Data Record #2
===========================================================================
Step = 15
Time = 1.5
Data = sz
File = feb_inputs/active_ascl/../../raw_logs/active_ascl/ascl_2.0_stress.txt

Data Record #3
===========================================================================
Step = 15
Time = 1.5
Data = J
File = feb_inputs/active_ascl/../../raw_logs/active_ascl/ascl_2.0_vol.txt

===== beginning time step 16 : 1.6 =====


Reforming stiffness matrix: reformation #1

 1
 Nonlinear solution status: time= 1.6
	stiffness updates             = 0
	right hand side evaluations   = 2
	stiffness matrix reformations = 1
	step from line search         = 1.000000
	convergence norms :     INITIAL         CURRENT         REQUIRED
	   residual            6.383983e+00    1.002973e-09    0.000000e+00 
	   energy              4.624139e-02    1.441577e-07    4.624139e-04 
	   displacement        2.534056e-03    2.534056e-03    2.534056e-09 
 2
 Nonlinear solution status: time= 1.6
	stiffness updates             = 1
	right hand side evaluations   = 3
	stiffness matrix reformations = 1
	step from line search         = 1.000000
	convergence norms :     INITIAL         CURRENT         REQUIRED
	   residual            6.383983e+00    7.856111e-16    0.000000e+00 
	   energy              4.624139e-02    3.262672e-15    4.624139e-04 
	   displacement        2.534056e-03    4.947381e-13    2.534019e-09 

convergence summary
    number of iterations   : 2
    number of reformations : 1

------- converged at time : 1.6


Data Record #1
===========================================================================
Step = 16
Time = 1.6
Data = uz
File = feb_inputs/active_ascl/../../raw_logs/active_ascl/ascl_2.0_disp.txt

Data Record #2
===========================================================================
Step = 16
Time = 1.6
Data = sz
File = feb_inputs/active_ascl/../../raw_logs/active_ascl/ascl_2.0_stress.txt

Data Record #3
===========================================================================
Step = 16
Time = 1.6
Data = J
File = feb_inputs/active_ascl/../../raw_logs/active_ascl/ascl_2.0_vol.txt

===== beginning time step 17 : 1.7 =====


Reforming stiffness matrix: reformation #1

 1
 Nonlinear solution status: time= 1.7
	stiffness updates             = 0
	right hand side evaluations   = 2
	stiffness matrix reformations = 1
	step from line search         = 1.000000
	convergence norms :     INITIAL         CURRENT         REQUIRED
	   residual            7.225988e+00    2.360004e-09    0.000000e+00 
	   energy              4.981732e-02    1.345823e-07    4.981732e-04 
	   displacement        2.660468e-03    2.660468e-03    2.660468e-09 
 2
 Nonlinear solution status: time= 1.7
	stiffness updates             = 1
	right hand side evaluations   = 3
	stiffness matrix reformations = 1
	step from line search         = 1.000000
	convergence norms :     INITIAL         CURRENT         REQUIRED
	   residual            7.225988e+00    4.172890e-12    0.000000e+00 
	   energy              4.981732e-02    8.600242e-13    4.981732e-04 
	   displacement        2.660468e-03    8.081420e-13    2.660431e-09 

convergence summary
    number of iterations   : 2
    number of reformations : 1

------- converged at time : 1.7


Data Record #1
===========================================================================
Step = 17
Time = 1.7
Data = uz
File = feb_inputs/active_ascl/../../raw_logs/active_ascl/ascl_2.0_disp.txt

Data Record #2
===========================================================================
Step = 17
Time = 1.7
Data = sz
File = feb_inputs/active_ascl/../../raw_logs/active_ascl/ascl_2.0_stress.txt

Data Record #3
===========================================================================
Step = 17
Time = 1.7
Data = J
File = feb_inputs/active_ascl/../../raw_logs/active_ascl/ascl_2.0_vol.txt

===== beginning time step 18 : 1.8 =====


Reforming stiffness matrix: reformation #1

 1
 Nonlinear solution status: time= 1.8
	stiffness updates             = 0
	right hand side evaluations   = 2
	stiffness matrix reformations = 1
	step from line search         = 1.000000
	convergence norms :     INITIAL         CURRENT         REQUIRED
	   residual            8.368811e+00    1.914783e-06    0.000000e+00 
	   energy              5.412727e-02    5.755169e-08    5.412727e-04 
	   displacement        2.794596e-03    2.794596e-03    2.794596e-09 
 2
 Nonlinear solution status: time= 1.8
	stiffness updates             = 1
	right hand side evaluations   = 3
	stiffness matrix reformations = 1
	step from line search         = 1.000000
	convergence norms :     INITIAL         CURRENT         REQUIRED
	   residual            8.368811e+00    1.128422e-08    0.000000e+00 
	   energy              5.412727e-02    3.075549e-10    5.412727e-04 
	   displacement        2.794596e-03    1.779619e-11    2.794561e-09 

convergence summary
    number of iterations   : 2
    number of reformations : 1

------- converged at time : 1.8


Data Record #1
===========================================================================
Step = 18
Time = 1.8
Data = uz
File = feb_inputs/active_ascl/../../raw_logs/active_ascl/ascl_2.0_disp.txt

Data Record #2
===========================================================================
Step = 18
Time = 1.8
Data = sz
File = feb_inputs/active_ascl/../../raw_logs/active_ascl/ascl_2.0_stress.txt

Data Record #3
===========================================================================
Step = 18
Time = 1.8
Data = J
File = feb_inputs/active_ascl/../../raw_logs/active_ascl/ascl_2.0_vol.txt

===== beginning time step 19 : 1.9 =====


Reforming stiffness matrix: reformation #1

 1
 Nonlinear solution status: time= 1.9
	stiffness updates             = 0
	right hand side evaluations   = 2
	stiffness matrix reformations = 1
	step from line search         = 1.000000
	convergence norms :     INITIAL         CURRENT         REQUIRED
	   residual            9.785533e+00    3.903866e-06    0.000000e+00 
	   energy              5.941489e-02    6.961229e-08    5.941489e-04 
	   displacement        2.970015e-03    2.970015e-03    2.970015e-09 
 2
 Nonlinear solution status: time= 1.9
	stiffness updates             = 1
	right hand side evaluations   = 3
	stiffness matrix reformations = 1
	step from line search         = 1.000000
	convergence norms :     INITIAL         CURRENT         REQUIRED
	   residual            9.785533e+00    1.517816e-08    0.000000e+00 
	   energy              5.941489e-02    5.093087e-10    5.941489e-04 
	   displacement        2.970015e-03    3.870739e-11    2.969983e-09 

convergence summary
    number of iterations   : 2
    number of reformations : 1

------- converged at time : 1.9


Data Record #1
===========================================================================
Step = 19
Time = 1.9
Data = uz
File = feb_inputs/active_ascl/../../raw_logs/active_ascl/ascl_2.0_disp.txt

Data Record #2
===========================================================================
Step = 19
Time = 1.9
Data = sz
File = feb_inputs/active_ascl/../../raw_logs/active_ascl/ascl_2.0_stress.txt

Data Record #3
===========================================================================
Step = 19
Time = 1.9
Data = J
File = feb_inputs/active_ascl/../../raw_logs/active_ascl/ascl_2.0_vol.txt

===== beginning time step 20 : 2 =====


Reforming stiffness matrix: reformation #1

 1
 Nonlinear solution status: time= 2
	stiffness updates             = 0
	right hand side evaluations   = 2
	stiffness matrix reformations = 1
	step from line search         = 1.000000
	convergence norms :     INITIAL         CURRENT         REQUIRED
	   residual            1.145015e+01    2.488574e-05    0.000000e+00 
	   energy              6.581884e-02    7.176819e-07    6.581884e-04 
	   displacement        3.206023e-03    3.206023e-03    3.206023e-09 
 2
 Nonlinear solution status: time= 2
	stiffness updates             = 1
	right hand side evaluations   = 3
	stiffness matrix reformations = 1
	step from line search         = 1.000000
	convergence norms :     INITIAL         CURRENT         REQUIRED
	   residual            1.145015e+01    3.109853e-07    0.000000e+00 
	   energy              6.581884e-02    4.772962e-09    6.581884e-04 
	   displacement        3.206023e-03    1.997416e-10    3.206007e-09 

convergence summary
    number of iterations   : 2
    number of reformations : 1

------- converged at time : 2


Data Record #1
===========================================================================
Step = 20
Time = 2
Data = uz
File = feb_inputs/active_ascl/../../raw_logs/active_ascl/ascl_2.0_disp.txt

Data Record #2
===========================================================================
Step = 20
Time = 2
Data = sz
File = feb_inputs/active_ascl/../../raw_logs/active_ascl/ascl_2.0_stress.txt

Data Record #3
===========================================================================
Step = 20
Time = 2
Data = J
File = feb_inputs/active_ascl/../../raw_logs/active_ascl/ascl_2.0_vol.txt

===== beginning time step 21 : 2.1 =====


Reforming stiffness matrix: reformation #1

 1
 Nonlinear solution status: time= 2.1
	stiffness updates             = 0
	right hand side evaluations   = 2
	stiffness matrix reformations = 1
	step from line search         = 1.000000
	convergence norms :     INITIAL         CURRENT         REQUIRED
	   residual            1.335212e+01    1.068137e-05    0.000000e+00 
	   energy              7.345981e-02    2.965319e-07    7.345981e-04 
	   displacement        3.500478e-03    3.500478e-03    3.500478e-09 
 2
 Nonlinear solution status: time= 2.1
	stiffness updates             = 1
	right hand side evaluations   = 3
	stiffness matrix reformations = 1
	step from line search         = 1.000000
	convergence norms :     INITIAL         CURRENT         REQUIRED
	   residual            1.335212e+01    1.892088e-07    0.000000e+00 
	   energy              7.345981e-02    1.999706e-09    7.345981e-04 
	   displacement        3.500478e-03    5.120558e-11    3.500453e-09 

convergence summary
    number of iterations   : 2
    number of reformations : 1

------- converged at time : 2.1


Data Record #1
===========================================================================
Step = 21
Time = 2.1
Data = uz
File = feb_inputs/active_ascl/../../raw_logs/active_ascl/ascl_2.0_disp.txt

Data Record #2
===========================================================================
Step = 21
Time = 2.1
Data = sz
File = feb_inputs/active_ascl/../../raw_logs/active_ascl/ascl_2.0_stress.txt

Data Record #3
===========================================================================
Step = 21
Time = 2.1
Data = J
File = feb_inputs/active_ascl/../../raw_logs/active_ascl/ascl_2.0_vol.txt

===== beginning time step 22 : 2.2 =====


Reforming stiffness matrix: reformation #1

 1
 Nonlinear solution status: time= 2.2
	stiffness updates             = 0
	right hand side evaluations   = 2
	stiffness matrix reformations = 1
	step from line search         = 1.000000
	convergence norms :     INITIAL         CURRENT         REQUIRED
	   residual            1.551232e+01    2.052881e-08    0.000000e+00 
	   energy              8.249208e-02    8.093698e-08    8.249208e-04 
	   displacement        3.862204e-03    3.862204e-03    3.862204e-09 
 2
 Nonlinear solution status: time= 2.2
	stiffness updates             = 1
	right hand side evaluations   = 3
	stiffness matrix reformations = 1
	step from line search         = 1.000000
	convergence norms :     INITIAL         CURRENT         REQUIRED
	   residual            1.551232e+01    3.291880e-11    0.000000e+00 
	   energy              8.249208e-02    3.802033e-12    8.249208e-04 
	   displacement        3.862204e-03    1.587134e-12    3.862179e-09 

convergence summary
    number of iterations   : 2
    number of reformations : 1

------- converged at time : 2.2


Data Record #1
===========================================================================
Step = 22
Time = 2.2
Data = uz
File = feb_inputs/active_ascl/../../raw_logs/active_ascl/ascl_2.0_disp.txt

Data Record #2
===========================================================================
Step = 22
Time = 2.2
Data = sz
File = feb_inputs/active_ascl/../../raw_logs/active_ascl/ascl_2.0_stress.txt

Data Record #3
===========================================================================
Step = 22
Time = 2.2
Data = J
File = feb_inputs/active_ascl/../../raw_logs/active_ascl/ascl_2.0_vol.txt

===== beginning time step 23 : 2.3 =====


Reforming stiffness matrix: reformation #1

 1
 Nonlinear solution status: time= 2.3
	stiffness updates             = 0
	right hand side evaluations   = 2
	stiffness matrix reformations = 1
	step from line search         = 1.000000
	convergence norms :     INITIAL         CURRENT         REQUIRED
	   residual            1.793077e+01    3.150868e-05    0.000000e+00 
	   energy              9.297315e-02    4.567092e-07    9.297315e-04 
	   displacement        4.300249e-03    4.300249e-03    4.300249e-09 
 2
 Nonlinear solution status: time= 2.3
	stiffness updates             = 1
	right hand side evaluations   = 3
	stiffness matrix reformations = 1
	step from line search         = 1.000000
	convergence norms :     INITIAL         CURRENT         REQUIRED
	   residual            1.793077e+01    4.729038e-07    0.000000e+00 
	   energy              9.297315e-02    7.123458e-09    9.297315e-04 
	   displacement        4.300249e-03    2.665970e-10    4.300230e-09 

convergence summary
    number of iterations   : 2
    number of reformations : 1

------- converged at time : 2.3


Data Record #1
===========================================================================
Step = 23
Time = 2.3
Data = uz
File = feb_inputs/active_ascl/../../raw_logs/active_ascl/ascl_2.0_disp.txt

Data Record #2
===========================================================================
Step = 23
Time = 2.3
Data = sz
File = feb_inputs/active_ascl/../../raw_logs/active_ascl/ascl_2.0_stress.txt

Data Record #3
===========================================================================
Step = 23
Time = 2.3
Data = J
File = feb_inputs/active_ascl/../../raw_logs/active_ascl/ascl_2.0_vol.txt

===== beginning time step 24 : 2.4 =====


Reforming stiffness matrix: reformation #1

 1
 Nonlinear solution status: time= 2.4
	stiffness updates             = 0
	right hand side evaluations   = 2
	stiffness matrix reformations = 1
	step from line search         = 1.000000
	convergence norms :     INITIAL         CURRENT         REQUIRED
	   residual            2.050815e+01    9.215699e-07    0.000000e+00 
	   energy              1.047646e-01    8.607606e-08    1.047646e-03 
	   displacement        4.816030e-03    4.816030e-03    4.816030e-09 
 2
 Nonlinear solution status: time= 2.4
	stiffness updates             = 1
	right hand side evaluations   = 3
	stiffness matrix reformations = 1
	step from line search         = 1.000000
	convergence norms :     INITIAL         CURRENT         REQUIRED
	   residual            2.050815e+01    6.017267e-09    0.000000e+00 
	   energy              1.047646e-01    4.513033e-10    1.047646e-03 
	   displacement        4.816030e-03    7.243406e-11    4.816010e-09 

convergence summary
    number of iterations   : 2
    number of reformations : 1

------- converged at time : 2.4


Data Record #1
===========================================================================
Step = 24
Time = 2.4
Data = uz
File = feb_inputs/active_ascl/../../raw_logs/active_ascl/ascl_2.0_disp.txt

Data Record #2
===========================================================================
Step = 24
Time = 2.4
Data = sz
File = feb_inputs/active_ascl/../../raw_logs/active_ascl/ascl_2.0_stress.txt

Data Record #3
===========================================================================
Step = 24
Time = 2.4
Data = J
File = feb_inputs/active_ascl/../../raw_logs/active_ascl/ascl_2.0_vol.txt

===== beginning time step 25 : 2.5 =====


Reforming stiffness matrix: reformation #1

 1
 Nonlinear solution status: time= 2.5
	stiffness updates             = 0
	right hand side evaluations   = 2
	stiffness matrix reformations = 1
	step from line search         = 1.000000
	convergence norms :     INITIAL         CURRENT         REQUIRED
	   residual            2.315986e+01    4.207812e-05    0.000000e+00 
	   energy              1.174991e-01    1.556806e-06    1.174991e-03 
	   displacement        5.401541e-03    5.401541e-03    5.401541e-09 
 2
 Nonlinear solution status: time= 2.5
	stiffness updates             = 1
	right hand side evaluations   = 3
	stiffness matrix reformations = 1
	step from line search         = 1.000000
	convergence norms :     INITIAL         CURRENT         REQUIRED
	   residual            2.315986e+01    5.183988e-07    0.000000e+00 
	   energy              1.174991e-01    8.353473e-09    1.174991e-03 
	   displacement        5.401541e-03    3.639813e-10    5.401557e-09 

convergence summary
    number of iterations   : 2
    number of reformations : 1

------- converged at time : 2.5


Data Record #1
===========================================================================
Step = 25
Time = 2.5
Data = uz
File = feb_inputs/active_ascl/../../raw_logs/active_ascl/ascl_2.0_disp.txt

Data Record #2
===========================================================================
Step = 25
Time = 2.5
Data = sz
File = feb_inputs/active_ascl/../../raw_logs/active_ascl/ascl_2.0_stress.txt

Data Record #3
===========================================================================
Step = 25
Time = 2.5
Data = J
File = feb_inputs/active_ascl/../../raw_logs/active_ascl/ascl_2.0_vol.txt

===== beginning time step 26 : 2.6 =====


Reforming stiffness matrix: reformation #1

 1
 Nonlinear solution status: time= 2.6
	stiffness updates             = 0
	right hand side evaluations   = 2
	stiffness matrix reformations = 1
	step from line search         = 1.000000
	convergence norms :     INITIAL         CURRENT         REQUIRED
	   residual            2.585044e+01    2.298328e-05    0.000000e+00 
	   energy              1.307384e-01    1.062452e-06    1.307384e-03 
	   displacement        6.014816e-03    6.014816e-03    6.014816e-09 
 2
 Nonlinear solution status: time= 2.6
	stiffness updates             = 1
	right hand side evaluations   = 3
	stiffness matrix reformations = 1
	step from line search         = 1.000000
	convergence norms :     INITIAL         CURRENT         REQUIRED
	   residual            2.585044e+01    2.755618e-07    0.000000e+00 
	   energy              1.307384e-01    6.650193e-09    1.307384e-03 
	   displacement        6.014816e-03    4.421241e-10    6.014790e-09 

convergence summary
    number of iterations   : 2
    number of reformations : 1

------- converged at time : 2.6


Data Record #1
===========================================================================
Step = 26
Time = 2.6
Data = uz
File = feb_inputs/active_ascl/../../raw_logs/active_ascl/ascl_2.0_disp.txt

Data Record #2
===========================================================================
Step = 26
Time = 2.6
Data = sz
File = feb_inputs/active_ascl/../../raw_logs/active_ascl/ascl_2.0_stress.txt

Data Record #3
===========================================================================
Step = 26
Time = 2.6
Data = J
File = feb_inputs/active_ascl/../../raw_logs/active_ascl/ascl_2.0_vol.txt

===== beginning time step 27 : 2.7 =====


Reforming stiffness matrix: reformation #1

 1
 Nonlinear solution status: time= 2.7
	stiffness updates             = 0
	right hand side evaluations   = 2
	stiffness matrix reformations = 1
	step from line search         = 1.000000
	convergence norms :     INITIAL         CURRENT         REQUIRED
	   residual            2.853487e+01    4.001413e-06    0.000000e+00 
	   energy              1.440919e-01    3.267001e-07    1.440919e-03 
	   displacement        6.608639e-03    6.608639e-03    6.608639e-09 
 2
 Nonlinear solution status: time= 2.7
	stiffness updates             = 1
	right hand side evaluations   = 3
	stiffness matrix reformations = 1
	step from line search         = 1.000000
	convergence norms :     INITIAL         CURRENT         REQUIRED
	   residual            2.853487e+01    1.439079e-08    0.000000e+00 
	   energy              1.440919e-01    7.434088e-10    1.440919e-03 
	   displacement        6.608639e-03    9.018839e-11    6.608608e-09 

convergence summary
    number of iterations   : 2
    number of reformations : 1

------- converged at time : 2.7


Data Record #1
===========================================================================
Step = 27
Time = 2.7
Data = uz
File = feb_inputs/active_ascl/../../raw_logs/active_ascl/ascl_2.0_disp.txt

Data Record #2
===========================================================================
Step = 27
Time = 2.7
Data = sz
File = feb_inputs/active_ascl/../../raw_logs/active_ascl/ascl_2.0_stress.txt

Data Record #3
===========================================================================
Step = 27
Time = 2.7
Data = J
File = feb_inputs/active_ascl/../../raw_logs/active_ascl/ascl_2.0_vol.txt

===== beginning time step 28 : 2.8 =====


Reforming stiffness matrix: reformation #1

 1
 Nonlinear solution status: time= 2.8
	stiffness updates             = 0
	right hand side evaluations   = 2
	stiffness matrix reformations = 1
	step from line search         = 1.000000
	convergence norms :     INITIAL         CURRENT         REQUIRED
	   residual            3.114166e+01    3.541392e-06    0.000000e+00 
	   energy              1.572977e-01    4.944497e-07    1.572977e-03 
	   displacement        7.186926e-03    7.186926e-03    7.186926e-09 
 2
 Nonlinear solution status: time= 2.8
	stiffness updates             = 1
	right hand side evaluations   = 3
	stiffness matrix reformations = 1
	step from line search         = 1.000000
	convergence norms :     INITIAL         CURRENT         REQUIRED
	   residual            3.114166e+01    6.121496e-09    0.000000e+00 
	   energy              1.572977e-01    6.804478e-10    1.572977e-03 
	   displacement        7.186926e-03    2.023148e-10    7.186901e-09 

convergence summary
    number of iterations   : 2
    number of reformations : 1

------- converged at time : 2.8


Data Record #1
===========================================================================
Step = 28
Time = 2.8
Data = uz
File = feb_inputs/active_ascl/../../raw_logs/active_ascl/ascl_2.0_disp.txt

Data Record #2
===========================================================================
Step = 28
Time = 2.8
Data = sz
File = feb_inputs/active_ascl/../../raw_logs/active_ascl/ascl_2.0_stress.txt

Data Record #3
===========================================================================
Step = 28
Time = 2.8
Data = J
File = feb_inputs/active_ascl/../../raw_logs/active_ascl/ascl_2.0_vol.txt

===== beginning time step 29 : 2.9 =====


Reforming stiffness matrix: reformation #1

 1
 Nonlinear solution status: time= 2.9
	stiffness updates             = 0
	right hand side evaluations   = 2
	stiffness matrix reformations = 1
	step from line search         = 1.000000
	convergence norms :     INITIAL         CURRENT         REQUIRED
	   residual            3.355027e+01    3.633481e-05    0.000000e+00 
	   energy              1.702631e-01    2.534328e-06    1.702631e-03 
	   displacement        7.778847e-03    7.778847e-03    7.778847e-09 
 2
 Nonlinear solution status: time= 2.9
	stiffness updates             = 1
	right hand side evaluations   = 3
	stiffness matrix reformations = 1
	step from line search         = 1.000000
	convergence norms :     INITIAL         CURRENT         REQUIRED
	   residual            3.355027e+01    1.721013e-07    0.000000e+00 
	   energy              1.702631e-01    7.027748e-09    1.702631e-03 
	   displacement        7.778847e-03    6.830956e-10    7.778868e-09 

convergence summary
    number of iterations   : 2
    number of reformations : 1

------- converged at time : 2.9


Data Record #1
===========================================================================
Step = 29
Time = 2.9
Data = uz
File = feb_inputs/active_ascl/../../raw_logs/active_ascl/ascl_2.0_disp.txt

Data Record #2
===========================================================================
Step = 29
Time = 2.9
Data = sz
File = feb_inputs/active_ascl/../../raw_logs/active_ascl/ascl_2.0_stress.txt

Data Record #3
===========================================================================
Step = 29
Time = 2.9
Data = J
File = feb_inputs/active_ascl/../../raw_logs/active_ascl/ascl_2.0_vol.txt

===== beginning time step 30 : 3 =====


Reforming stiffness matrix: reformation #1

 1
 Nonlinear solution status: time= 3
	stiffness updates             = 0
	right hand side evaluations   = 2
	stiffness matrix reformations = 1
	step from line search         = 1.000000
	convergence norms :     INITIAL         CURRENT         REQUIRED
	   residual            3.569278e+01    1.582211e-06    0.000000e+00 
	   energy              1.830771e-01    1.688717e-07    1.830771e-03 
	   displacement        8.396379e-03    8.396379e-03    8.396379e-09 
 2
 Nonlinear solution status: time= 3
	stiffness updates             = 1
	right hand side evaluations   = 3
	stiffness matrix reformations = 1
	step from line search         = 1.000000
	convergence norms :     INITIAL         CURRENT         REQUIRED
	   residual            3.569278e+01    2.233743e-09    0.000000e+00 
	   energy              1.830771e-01    2.521475e-10    1.830771e-03 
	   displacement        8.396379e-03    7.655762e-11    8.396334e-09 

convergence summary
    number of iterations   : 2
    number of reformations : 1

------- converged at time : 3


Data Record #1
===========================================================================
Step = 30
Time = 3
Data = uz
File = feb_inputs/active_ascl/../../raw_logs/active_ascl/ascl_2.0_disp.txt

Data Record #2
===========================================================================
Step = 30
Time = 3
Data = sz
File = feb_inputs/active_ascl/../../raw_logs/active_ascl/ascl_2.0_stress.txt

Data Record #3
===========================================================================
Step = 30
Time = 3
Data = J
File = feb_inputs/active_ascl/../../raw_logs/active_ascl/ascl_2.0_vol.txt

===== beginning time step 31 : 3.1 =====


Reforming stiffness matrix: reformation #1

 1
 Nonlinear solution status: time= 3.1
	stiffness updates             = 0
	right hand side evaluations   = 2
	stiffness matrix reformations = 1
	step from line search         = 1.000000
	convergence norms :     INITIAL         CURRENT         REQUIRED
	   residual            3.758435e+01    7.208938e-07    0.000000e+00 
	   energy              1.958780e-01    1.505001e-07    1.958780e-03 
	   displacement        9.041859e-03    9.041859e-03    9.041859e-09 
 2
 Nonlinear solution status: time= 3.1
	stiffness updates             = 1
	right hand side evaluations   = 3
	stiffness matrix reformations = 1
	step from line search         = 1.000000
	convergence norms :     INITIAL         CURRENT         REQUIRED
	   residual            3.758435e+01    1.035128e-09    0.000000e+00 
	   energy              1.958780e-01    9.640970e-11    1.958780e-03 
	   displacement        9.041859e-03    2.716815e-11    9.041807e-09 

convergence summary
    number of iterations   : 2
    number of reformations : 1

------- converged at time : 3.1


Data Record #1
===========================================================================
Step = 31
Time = 3.1
Data = uz
File = feb_inputs/active_ascl/../../raw_logs/active_ascl/ascl_2.0_disp.txt

Data Record #2
===========================================================================
Step = 31
Time = 3.1
Data = sz
File = feb_inputs/active_ascl/../../raw_logs/active_ascl/ascl_2.0_stress.txt

Data Record #3
===========================================================================
Step = 31
Time = 3.1
Data = J
File = feb_inputs/active_ascl/../../raw_logs/active_ascl/ascl_2.0_vol.txt

===== beginning time step 32 : 3.2 =====


Reforming stiffness matrix: reformation #1

 1
 Nonlinear solution status: time= 3.2
	stiffness updates             = 0
	right hand side evaluations   = 2
	stiffness matrix reformations = 1
	step from line search         = 1.000000
	convergence norms :     INITIAL         CURRENT         REQUIRED
	   residual            3.927913e+01    9.345675e-08    0.000000e+00 
	   energy              2.087329e-01    2.435909e-07    2.087329e-03 
	   displacement        9.723480e-03    9.723480e-03    9.723480e-09 
 2
 Nonlinear solution status: time= 3.2
	stiffness updates             = 1
	right hand side evaluations   = 3
	stiffness matrix reformations = 1
	step from line search         = 1.000000
	convergence norms :     INITIAL         CURRENT         REQUIRED
	   residual            3.927913e+01    2.806073e-11    0.000000e+00 
	   energy              2.087329e-01    8.161606e-12    2.087329e-03 
	   displacement        9.723480e-03    9.477344e-12    9.723415e-09 

convergence summary
    number of iterations   : 2
    number of reformations : 1

------- converged at time : 3.2


Data Record #1
===========================================================================
Step = 32
Time = 3.2
Data = uz
File = feb_inputs/active_ascl/../../raw_logs/active_ascl/ascl_2.0_disp.txt

Data Record #2
===========================================================================
Step = 32
Time = 3.2
Data = sz
File = feb_inputs/active_ascl/../../raw_logs/active_ascl/ascl_2.0_stress.txt

Data Record #3
===========================================================================
Step = 32
Time = 3.2
Data = J
File = feb_inputs/active_ascl/../../raw_logs/active_ascl/ascl_2.0_vol.txt

===== beginning time step 33 : 3.3 =====


Reforming stiffness matrix: reformation #1

 1
 Nonlinear solution status: time= 3.3
	stiffness updates             = 0
	right hand side evaluations   = 2
	stiffness matrix reformations = 1
	step from line search         = 1.000000
	convergence norms :     INITIAL         CURRENT         REQUIRED
	   residual            4.083930e+01    2.930919e-07    0.000000e+00 
	   energy              2.216272e-01    2.312061e-07    2.216272e-03 
	   displacement        1.044041e-02    1.044041e-02    1.044041e-08 
 2
 Nonlinear solution status: time= 3.3
	stiffness updates             = 1
	right hand side evaluations   = 3
	stiffness matrix reformations = 1
	step from line search         = 1.000000
	convergence norms :     INITIAL         CURRENT         REQUIRED
	   residual            4.083930e+01    4.791822e-11    0.000000e+00 
	   energy              2.216272e-01    1.555548e-11    2.216272e-03 
	   displacement        1.044041e-02    1.808846e-11    1.044032e-08 

convergence summary
    number of iterations   : 2
    number of reformations : 1

------- converged at time : 3.3


Data Record #1
===========================================================================
Step = 33
Time = 3.3
Data = uz
File = feb_inputs/active_ascl/../../raw_logs/active_ascl/ascl_2.0_disp.txt

Data Record #2
===========================================================================
Step = 33
Time = 3.3
Data = sz
File = feb_inputs/active_ascl/../../raw_logs/active_ascl/ascl_2.0_stress.txt

Data Record #3
===========================================================================
Step = 33
Time = 3.3
Data = J
File = feb_inputs/active_ascl/../../raw_logs/active_ascl/ascl_2.0_vol.txt

===== beginning time step 34 : 3.4 =====


Reforming stiffness matrix: reformation #1

 1
 Nonlinear solution status: time= 3.4
	stiffness updates             = 0
	right hand side evaluations   = 2
	stiffness matrix reformations = 1
	step from line search         = 1.000000
	convergence norms :     INITIAL         CURRENT         REQUIRED
	   residual            4.231667e+01    1.109903e-09    0.000000e+00 
	   energy              2.343655e-01    4.069918e-07    2.343655e-03 
	   displacement        1.115363e-02    1.115363e-02    1.115363e-08 
 2
 Nonlinear solution status: time= 3.4
	stiffness updates             = 1
	right hand side evaluations   = 3
	stiffness matrix reformations = 1
	step from line search         = 1.000000
	convergence norms :     INITIAL         CURRENT         REQUIRED
	   residual            4.231667e+01    7.042529e-16    0.000000e+00 
	   energy              2.343655e-01    7.552762e-15    2.343655e-03 
	   displacement        1.115363e-02    2.256039e-12    1.115354e-08 

convergence summary
    number of iterations   : 2
    number of reformations : 1

------- converged at time : 3.4


Data Record #1
===========================================================================
Step = 34
Time = 3.4
Data = uz
File = feb_inputs/active_ascl/../../raw_logs/active_ascl/ascl_2.0_disp.txt

Data Record #2
===========================================================================
Step = 34
Time = 3.4
Data = sz
File = feb_inputs/active_ascl/../../raw_logs/active_ascl/ascl_2.0_stress.txt

Data Record #3
===========================================================================
Step = 34
Time = 3.4
Data = J
File = feb_inputs/active_ascl/../../raw_logs/active_ascl/ascl_2.0_vol.txt

===== beginning time step 35 : 3.5 =====


Reforming stiffness matrix: reformation #1

 1
 Nonlinear solution status: time= 3.5
	stiffness updates             = 0
	right hand side evaluations   = 2
	stiffness matrix reformations = 1
	step from line search         = 1.000000
	convergence norms :     INITIAL         CURRENT         REQUIRED
	   residual            4.381240e+01    2.746027e-08    0.000000e+00 
	   energy              2.465394e-01    4.510427e-07    2.465394e-03 
	   displacement        1.180657e-02    1.180657e-02    1.180657e-08 
 2
 Nonlinear solution status: time= 3.5
	stiffness updates             = 1
	right hand side evaluations   = 3
	stiffness matrix reformations = 1
	step from line search         = 1.000000
	convergence norms :     INITIAL         CURRENT         REQUIRED
	   residual            4.381240e+01    2.684706e-11    0.000000e+00 
	   energy              2.465394e-01    3.047534e-12    2.465394e-03 
	   displacement        1.180657e-02    3.281762e-12    1.180647e-08 

convergence summary
    number of iterations   : 2
    number of reformations : 1

------- converged at time : 3.5


Data Record #1
===========================================================================
Step = 35
Time = 3.5
Data = uz
File = feb_inputs/active_ascl/../../raw_logs/active_ascl/ascl_2.0_disp.txt

Data Record #2
===========================================================================
Step = 35
Time = 3.5
Data = sz
File = feb_inputs/active_ascl/../../raw_logs/active_ascl/ascl_2.0_stress.txt

Data Record #3
===========================================================================
Step = 35
Time = 3.5
Data = J
File = feb_inputs/active_ascl/../../raw_logs/active_ascl/ascl_2.0_vol.txt

===== beginning time step 36 : 3.6 =====


Reforming stiffness matrix: reformation #1

 1
 Nonlinear solution status: time= 3.6
	stiffness updates             = 0
	right hand side evaluations   = 2
	stiffness matrix reformations = 1
	step from line search         = 1.000000
	convergence norms :     INITIAL         CURRENT         REQUIRED
	   residual            4.537386e+01    1.201184e-09    0.000000e+00 
	   energy              2.576287e-01    5.214456e-07    2.576287e-03 
	   displacement        1.235293e-02    1.235293e-02    1.235293e-08 
 2
 Nonlinear solution status: time= 3.6
	stiffness updates             = 1
	right hand side evaluations   = 3
	stiffness matrix reformations = 1
	step from line search         = 1.000000
	convergence norms :     INITIAL         CURRENT         REQUIRED
	   residual            4.537386e+01    7.773111e-16    0.000000e+00 
	   energy              2.576287e-01    8.798738e-15    2.576287e-03 
	   displacement        1.235293e-02    2.716654e-12    1.235282e-08 

convergence summary
    number of iterations   : 2
    number of reformations : 1

------- converged at time : 3.6


Data Record #1
===========================================================================
Step = 36
Time = 3.6
Data = uz
File = feb_inputs/active_ascl/../../raw_logs/active_ascl/ascl_2.0_disp.txt

Data Record #2
===========================================================================
Step = 36
Time = 3.6
Data = sz
File = feb_inputs/active_ascl/../../raw_logs/active_ascl/ascl_2.0_stress.txt

Data Record #3
===========================================================================
Step = 36
Time = 3.6
Data = J
File = feb_inputs/active_ascl/../../raw_logs/active_ascl/ascl_2.0_vol.txt

===== beginning time step 37 : 3.7 =====


Reforming stiffness matrix: reformation #1

 1
 Nonlinear solution status: time= 3.7
	stiffness updates             = 0
	right hand side evaluations   = 2
	stiffness matrix reformations = 1
	step from line search         = 1.000000
	convergence norms :     INITIAL         CURRENT         REQUIRED
	   residual            4.692854e+01    2.916141e-09    0.000000e+00 
	   energy              2.671712e-01    5.532031e-07    2.671712e-03 
	   displacement        1.277079e-02    1.277079e-02    1.277079e-08 
 2
 Nonlinear solution status: time= 3.7
	stiffness updates             = 1
	right hand side evaluations   = 3
	stiffness matrix reformations = 1
	step from line search         = 1.000000
	convergence norms :     INITIAL         CURRENT         REQUIRED
	   residual            4.692854e+01    2.735363e-13    0.000000e+00 
	   energy              2.671712e-01    1.216654e-13    2.671712e-03 
	   displacement        1.277079e-02    3.316000e-12    1.277067e-08 

convergence summary
    number of iterations   : 2
    number of reformations : 1

------- converged at time : 3.7


Data Record #1
===========================================================================
Step = 37
Time = 3.7
Data = uz
File = feb_inputs/active_ascl/../../raw_logs/active_ascl/ascl_2.0_disp.txt

Data Record #2
===========================================================================
Step = 37
Time = 3.7
Data = sz
File = feb_inputs/active_ascl/../../raw_logs/active_ascl/ascl_2.0_stress.txt

Data Record #3
===========================================================================
Step = 37
Time = 3.7
Data = J
File = feb_inputs/active_ascl/../../raw_logs/active_ascl/ascl_2.0_vol.txt

===== beginning time step 38 : 3.8 =====


Reforming stiffness matrix: reformation #1

 1
 Nonlinear solution status: time= 3.8
	stiffness updates             = 0
	right hand side evaluations   = 2
	stiffness matrix reformations = 1
	step from line search         = 1.000000
	convergence norms :     INITIAL         CURRENT         REQUIRED
	   residual            4.831641e+01    1.173477e-09    0.000000e+00 
	   energy              2.748280e-01    5.656790e-07    2.748280e-03 
	   displacement        1.307756e-02    1.307756e-02    1.307756e-08 
 2
 Nonlinear solution status: time= 3.8
	stiffness updates             = 1
	right hand side evaluations   = 3
	stiffness matrix reformations = 1
	step from line search         = 1.000000
	convergence norms :     INITIAL         CURRENT         REQUIRED
	   residual            4.831641e+01    7.957227e-16    0.000000e+00 
	   energy              2.748280e-01    1.107918e-14    2.748280e-03 
	   displacement        1.307756e-02    3.359695e-12    1.307743e-08 

convergence summary
    number of iterations   : 2
    number of reformations : 1

------- converged at time : 3.8


Data Record #1
===========================================================================
Step = 38
Time = 3.8
Data = uz
File = feb_inputs/active_ascl/../../raw_logs/active_ascl/ascl_2.0_disp.txt

Data Record #2
===========================================================================
Step = 38
Time = 3.8
Data = sz
File = feb_inputs/active_ascl/../../raw_logs/active_ascl/ascl_2.0_stress.txt

Data Record #3
===========================================================================
Step = 38
Time = 3.8
Data = J
File = feb_inputs/active_ascl/../../raw_logs/active_ascl/ascl_2.0_vol.txt

===== beginning time step 39 : 3.9 =====


Reforming stiffness matrix: reformation #1

 1
 Nonlinear solution status: time= 3.9
	stiffness updates             = 0
	right hand side evaluations   = 2
	stiffness matrix reformations = 1
	step from line search         = 1.000000
	convergence norms :     INITIAL         CURRENT         REQUIRED
	   residual            4.935732e+01    1.069658e-09    0.000000e+00 
	   energy              2.803892e-01    5.531931e-07    2.803892e-03 
	   displacement        1.331192e-02    1.331192e-02    1.331192e-08 
 2
 Nonlinear solution status: time= 3.9
	stiffness updates             = 1
	right hand side evaluations   = 3
	stiffness matrix reformations = 1
	step from line search         = 1.000000
	convergence norms :     INITIAL         CURRENT         REQUIRED
	   residual            4.935732e+01    8.810946e-16    0.000000e+00 
	   energy              2.803892e-01    1.158791e-14    2.803892e-03 
	   displacement        1.331192e-02    3.463355e-12    1.331179e-08 

convergence summary
    number of iterations   : 2
    number of reformations : 1

------- converged at time : 3.9


Data Record #1
===========================================================================
Step = 39
Time = 3.9
Data = uz
File = feb_inputs/active_ascl/../../raw_logs/active_ascl/ascl_2.0_disp.txt

Data Record #2
===========================================================================
Step = 39
Time = 3.9
Data = sz
File = feb_inputs/active_ascl/../../raw_logs/active_ascl/ascl_2.0_stress.txt

Data Record #3
===========================================================================
Step = 39
Time = 3.9
Data = J
File = feb_inputs/active_ascl/../../raw_logs/active_ascl/ascl_2.0_vol.txt

===== beginning time step 40 : 4 =====


Reforming stiffness matrix: reformation #1

 1
 Nonlinear solution status: time= 4
	stiffness updates             = 0
	right hand side evaluations   = 2
	stiffness matrix reformations = 1
	step from line search         = 1.000000
	convergence norms :     INITIAL         CURRENT         REQUIRED
	   residual            5.003478e+01    9.314439e-10    0.000000e+00 
	   energy              2.837766e-01    5.520088e-07    2.837766e-03 
	   displacement        1.348231e-02    1.348231e-02    1.348231e-08 
 2
 Nonlinear solution status: time= 4
	stiffness updates             = 1
	right hand side evaluations   = 3
	stiffness matrix reformations = 1
	step from line search         = 1.000000
	convergence norms :     INITIAL         CURRENT         REQUIRED
	   residual            5.003478e+01    8.672125e-16    0.000000e+00 
	   energy              2.837766e-01    1.208445e-14    2.837766e-03 
	   displacement        1.348231e-02    3.484670e-12    1.348218e-08 

convergence summary
    number of iterations   : 2
    number of reformations : 1

------- converged at time : 4


Data Record #1
===========================================================================
Step = 40
Time = 4
Data = uz
File = feb_inputs/active_ascl/../../raw_logs/active_ascl/ascl_2.0_disp.txt

Data Record #2
===========================================================================
Step = 40
Time = 4
Data = sz
File = feb_inputs/active_ascl/../../raw_logs/active_ascl/ascl_2.0_stress.txt

Data Record #3
===========================================================================
Step = 40
Time = 4
Data = J
File = feb_inputs/active_ascl/../../raw_logs/active_ascl/ascl_2.0_vol.txt

===== beginning time step 41 : 4.1 =====


Reforming stiffness matrix: reformation #1

 1
 Nonlinear solution status: time= 4.1
	stiffness updates             = 0
	right hand side evaluations   = 2
	stiffness matrix reformations = 1
	step from line search         = 1.000000
	convergence norms :     INITIAL         CURRENT         REQUIRED
	   residual            5.045978e+01    9.728263e-10    0.000000e+00 
	   energy              2.850454e-01    5.663474e-07    2.850454e-03 
	   displacement        1.355319e-02    1.355319e-02    1.355319e-08 
 2
 Nonlinear solution status: time= 4.1
	stiffness updates             = 1
	right hand side evaluations   = 3
	stiffness matrix reformations = 1
	step from line search         = 1.000000
	convergence norms :     INITIAL         CURRENT         REQUIRED
	   residual            5.045978e+01    9.133852e-16    0.000000e+00 
	   energy              2.850454e-01    1.301899e-14    2.850454e-03 
	   displacement        1.355319e-02    3.461518e-12    1.355307e-08 

convergence summary
    number of iterations   : 2
    number of reformations : 1

------- converged at time : 4.1


Data Record #1
===========================================================================
Step = 41
Time = 4.1
Data = uz
File = feb_inputs/active_ascl/../../raw_logs/active_ascl/ascl_2.0_disp.txt

Data Record #2
===========================================================================
Step = 41
Time = 4.1
Data = sz
File = feb_inputs/active_ascl/../../raw_logs/active_ascl/ascl_2.0_stress.txt

Data Record #3
===========================================================================
Step = 41
Time = 4.1
Data = J
File = feb_inputs/active_ascl/../../raw_logs/active_ascl/ascl_2.0_vol.txt

===== beginning time step 42 : 4.2 =====


Reforming stiffness matrix: reformation #1

 1
 Nonlinear solution status: time= 4.2
	stiffness updates             = 0
	right hand side evaluations   = 2
	stiffness matrix reformations = 1
	step from line search         = 1.000000
	convergence norms :     INITIAL         CURRENT         REQUIRED
	   residual            5.070946e+01    9.899890e-10    0.000000e+00 
	   energy              2.843467e-01    5.813713e-07    2.843467e-03 
	   displacement        1.350271e-02    1.350271e-02    1.350271e-08 
 2
 Nonlinear solution status: time= 4.2
	stiffness updates             = 1
	right hand side evaluations   = 3
	stiffness matrix reformations = 1
	step from line search         = 1.000000
	convergence norms :     INITIAL         CURRENT         REQUIRED
	   residual            5.070946e+01    8.979668e-16    0.000000e+00 
	   energy              2.843467e-01    1.318353e-14    2.843467e-03 
	   displacement        1.350271e-02    3.371971e-12    1.350257e-08 

convergence summary
    number of iterations   : 2
    number of reformations : 1

------- converged at time : 4.2


Data Record #1
===========================================================================
Step = 42
Time = 4.2
Data = uz
File = feb_inputs/active_ascl/../../raw_logs/active_ascl/ascl_2.0_disp.txt

Data Record #2
===========================================================================
Step = 42
Time = 4.2
Data = sz
File = feb_inputs/active_ascl/../../raw_logs/active_ascl/ascl_2.0_stress.txt

Data Record #3
===========================================================================
Step = 42
Time = 4.2
Data = J
File = feb_inputs/active_ascl/../../raw_logs/active_ascl/ascl_2.0_vol.txt

===== beginning time step 43 : 4.3 =====


Reforming stiffness matrix: reformation #1

 1
 Nonlinear solution status: time= 4.3
	stiffness updates             = 0
	right hand side evaluations   = 2
	stiffness matrix reformations = 1
	step from line search         = 1.000000
	convergence norms :     INITIAL         CURRENT         REQUIRED
	   residual            5.076423e+01    1.049459e-09    0.000000e+00 
	   energy              2.818552e-01    5.923517e-07    2.818552e-03 
	   displacement        1.335445e-02    1.335445e-02    1.335445e-08 
 2
 Nonlinear solution status: time= 4.3
	stiffness updates             = 1
	right hand side evaluations   = 3
	stiffness matrix reformations = 1
	step from line search         = 1.000000
	convergence norms :     INITIAL         CURRENT         REQUIRED
	   residual            5.076423e+01    9.484600e-16    0.000000e+00 
	   energy              2.818552e-01    1.340024e-14    2.818552e-03 
	   displacement        1.335445e-02    3.392634e-12    1.335431e-08 

convergence summary
    number of iterations   : 2
    number of reformations : 1

------- converged at time : 4.3


Data Record #1
===========================================================================
Step = 43
Time = 4.3
Data = uz
File = feb_inputs/active_ascl/../../raw_logs/active_ascl/ascl_2.0_disp.txt

Data Record #2
===========================================================================
Step = 43
Time = 4.3
Data = sz
File = feb_inputs/active_ascl/../../raw_logs/active_ascl/ascl_2.0_stress.txt

Data Record #3
===========================================================================
Step = 43
Time = 4.3
Data = J
File = feb_inputs/active_ascl/../../raw_logs/active_ascl/ascl_2.0_vol.txt

===== beginning time step 44 : 4.4 =====


Reforming stiffness matrix: reformation #1

 1
 Nonlinear solution status: time= 4.4
	stiffness updates             = 0
	right hand side evaluations   = 2
	stiffness matrix reformations = 1
	step from line search         = 1.000000
	convergence norms :     INITIAL         CURRENT         REQUIRED
	   residual            5.056499e+01    1.329053e-09    0.000000e+00 
	   energy              2.777487e-01    5.885272e-07    2.777487e-03 
	   displacement        1.312807e-02    1.312807e-02    1.312807e-08 
 2
 Nonlinear solution status: time= 4.4
	stiffness updates             = 1
	right hand side evaluations   = 3
	stiffness matrix reformations = 1
	step from line search         = 1.000000
	convergence norms :     INITIAL         CURRENT         REQUIRED
	   residual            5.056499e+01    1.247917e-15    0.000000e+00 
	   energy              2.777487e-01    1.373384e-14    2.777487e-03 
	   displacement        1.312807e-02    3.318189e-12    1.312793e-08 

convergence summary
    number of iterations   : 2
    number of reformations : 1

------- converged at time : 4.4


Data Record #1
===========================================================================
Step = 44
Time = 4.4
Data = uz
File = feb_inputs/active_ascl/../../raw_logs/active_ascl/ascl_2.0_disp.txt

Data Record #2
===========================================================================
Step = 44
Time = 4.4
Data = sz
File = feb_inputs/active_ascl/../../raw_logs/active_ascl/ascl_2.0_stress.txt

Data Record #3
===========================================================================
Step = 44
Time = 4.4
Data = J
File = feb_inputs/active_ascl/../../raw_logs/active_ascl/ascl_2.0_vol.txt

===== beginning time step 45 : 4.5 =====


Reforming stiffness matrix: reformation #1

 1
 Nonlinear solution status: time= 4.5
	stiffness updates             = 0
	right hand side evaluations   = 2
	stiffness matrix reformations = 1
	step from line search         = 1.000000
	convergence norms :     INITIAL         CURRENT         REQUIRED
	   residual            5.013376e+01    1.761342e-09    0.000000e+00 
	   energy              2.721936e-01    5.642834e-07    2.721936e-03 
	   displacement        1.281573e-02    1.281573e-02    1.281573e-08 
 2
 Nonlinear solution status: time= 4.5
	stiffness updates             = 1
	right hand side evaluations   = 3
	stiffness matrix reformations = 1
	step from line search         = 1.000000
	convergence norms :     INITIAL         CURRENT         REQUIRED
	   residual            5.013376e+01    1.793335e-15    0.000000e+00 
	   energy              2.721936e-01    1.485512e-14    2.721936e-03 
	   displacement        1.281573e-02    3.125697e-12    1.281560e-08 

convergence summary
    number of iterations   : 2
    number of reformations : 1

------- converged at time : 4.5


Data Record #1
===========================================================================
Step = 45
Time = 4.5
Data = uz
File = feb_inputs/active_ascl/../../raw_logs/active_ascl/ascl_2.0_disp.txt

Data Record #2
===========================================================================
Step = 45
Time = 4.5
Data = sz
File = feb_inputs/active_ascl/../../raw_logs/active_ascl/ascl_2.0_stress.txt

Data Record #3
===========================================================================
Step = 45
Time = 4.5
Data = J
File = feb_inputs/active_ascl/../../raw_logs/active_ascl/ascl_2.0_vol.txt

===== beginning time step 46 : 4.6 =====


Reforming stiffness matrix: reformation #1

 1
 Nonlinear solution status: time= 4.6
	stiffness updates             = 0
	right hand side evaluations   = 2
	stiffness matrix reformations = 1
	step from line search         = 1.000000
	convergence norms :     INITIAL         CURRENT         REQUIRED
	   residual            4.954735e+01    2.290869e-09    0.000000e+00 
	   energy              2.653271e-01    5.370284e-07    2.653271e-03 
	   displacement        1.241330e-02    1.241330e-02    1.241330e-08 
 2
 Nonlinear solution status: time= 4.6
	stiffness updates             = 1
	right hand side evaluations   = 3
	stiffness matrix reformations = 1
	step from line search         = 1.000000
	convergence norms :     INITIAL         CURRENT         REQUIRED
	   residual            4.954735e+01    2.559293e-15    0.000000e+00 
	   energy              2.653271e-01    1.665320e-14    2.653271e-03 
	   displacement        1.241330e-02    3.167300e-12    1.241318e-08 

convergence summary
    number of iterations   : 2
    number of reformations : 1

------- converged at time : 4.6


Data Record #1
===========================================================================
Step = 46
Time = 4.6
Data = uz
File = feb_inputs/active_ascl/../../raw_logs/active_ascl/ascl_2.0_disp.txt

Data Record #2
===========================================================================
Step = 46
Time = 4.6
Data = sz
File = feb_inputs/active_ascl/../../raw_logs/active_ascl/ascl_2.0_stress.txt

Data Record #3
===========================================================================
Step = 46
Time = 4.6
Data = J
File = feb_inputs/active_ascl/../../raw_logs/active_ascl/ascl_2.0_vol.txt

===== beginning time step 47 : 4.7 =====


Reforming stiffness matrix: reformation #1

 1
 Nonlinear solution status: time= 4.7
	stiffness updates             = 0
	right hand side evaluations   = 2
	stiffness matrix reformations = 1
	step from line search         = 1.000000
	convergence norms :     INITIAL         CURRENT         REQUIRED
	   residual            4.888023e+01    3.078867e-09    0.000000e+00 
	   energy              2.572912e-01    5.122514e-07    2.572912e-03 
	   displacement        1.192663e-02    1.192663e-02    1.192663e-08 
 2
 Nonlinear solution status: time= 4.7
	stiffness updates             = 1
	right hand side evaluations   = 3
	stiffness matrix reformations = 1
	step from line search         = 1.000000
	convergence norms :     INITIAL         CURRENT         REQUIRED
	   residual            4.888023e+01    3.489766e-15    0.000000e+00 
	   energy              2.572912e-01    1.826611e-14    2.572912e-03 
	   displacement        1.192663e-02    3.360551e-12    1.192652e-08 

convergence summary
    number of iterations   : 2
    number of reformations : 1

------- converged at time : 4.7


Data Record #1
===========================================================================
Step = 47
Time = 4.7
Data = uz
File = feb_inputs/active_ascl/../../raw_logs/active_ascl/ascl_2.0_disp.txt

Data Record #2
===========================================================================
Step = 47
Time = 4.7
Data = sz
File = feb_inputs/active_ascl/../../raw_logs/active_ascl/ascl_2.0_stress.txt

Data Record #3
===========================================================================
Step = 47
Time = 4.7
Data = J
File = feb_inputs/active_ascl/../../raw_logs/active_ascl/ascl_2.0_vol.txt

===== beginning time step 48 : 4.8 =====


Reforming stiffness matrix: reformation #1

 1
 Nonlinear solution status: time= 4.8
	stiffness updates             = 0
	right hand side evaluations   = 2
	stiffness matrix reformations = 1
	step from line search         = 1.000000
	convergence norms :     INITIAL         CURRENT         REQUIRED
	   residual            4.811933e+01    3.961737e-09    0.000000e+00 
	   energy              2.483070e-01    4.834165e-07    2.483070e-03 
	   displacement        1.138035e-02    1.138035e-02    1.138035e-08 
 2
 Nonlinear solution status: time= 4.8
	stiffness updates             = 1
	right hand side evaluations   = 3
	stiffness matrix reformations = 1
	step from line search         = 1.000000
	convergence norms :     INITIAL         CURRENT         REQUIRED
	   residual            4.811933e+01    4.495952e-15    0.000000e+00 
	   energy              2.483070e-01    1.967770e-14    2.483070e-03 
	   displacement        1.138035e-02    3.504434e-12    1.138025e-08 

convergence summary
    number of iterations   : 2
    number of reformations : 1

------- converged at time : 4.8


Data Record #1
===========================================================================
Step = 48
Time = 4.8
Data = uz
File = feb_inputs/active_ascl/../../raw_logs/active_ascl/ascl_2.0_disp.txt

Data Record #2
===========================================================================
Step = 48
Time = 4.8
Data = sz
File = feb_inputs/active_ascl/../../raw_logs/active_ascl/ascl_2.0_stress.txt

Data Record #3
===========================================================================
Step = 48
Time = 4.8
Data = J
File = feb_inputs/active_ascl/../../raw_logs/active_ascl/ascl_2.0_vol.txt

===== beginning time step 49 : 4.9 =====


Reforming stiffness matrix: reformation #1

 1
 Nonlinear solution status: time= 4.9
	stiffness updates             = 0
	right hand side evaluations   = 2
	stiffness matrix reformations = 1
	step from line search         = 1.000000
	convergence norms :     INITIAL         CURRENT         REQUIRED
	   residual            4.713062e+01    4.931074e-09    0.000000e+00 
	   energy              2.386048e-01    4.519573e-07    2.386048e-03 
	   displacement        1.081955e-02    1.081955e-02    1.081955e-08 
 2
 Nonlinear solution status: time= 4.9
	stiffness updates             = 1
	right hand side evaluations   = 3
	stiffness matrix reformations = 1
	step from line search         = 1.000000
	convergence norms :     INITIAL         CURRENT         REQUIRED
	   residual            4.713062e+01    5.844283e-15    0.000000e+00 
	   energy              2.386048e-01    2.139910e-14    2.386048e-03 
	   displacement        1.081955e-02    3.494688e-12    1.081948e-08 

convergence summary
    number of iterations   : 2
    number of reformations : 1

------- converged at time : 4.9


Data Record #1
===========================================================================
Step = 49
Time = 4.9
Data = uz
File = feb_inputs/active_ascl/../../raw_logs/active_ascl/ascl_2.0_disp.txt

Data Record #2
===========================================================================
Step = 49
Time = 4.9
Data = sz
File = feb_inputs/active_ascl/../../raw_logs/active_ascl/ascl_2.0_stress.txt

Data Record #3
===========================================================================
Step = 49
Time = 4.9
Data = J
File = feb_inputs/active_ascl/../../raw_logs/active_ascl/ascl_2.0_vol.txt

===== beginning time step 50 : 5 =====


Reforming stiffness matrix: reformation #1

 1
 Nonlinear solution status: time= 5
	stiffness updates             = 0
	right hand side evaluations   = 2
	stiffness matrix reformations = 1
	step from line search         = 1.000000
	convergence norms :     INITIAL         CURRENT         REQUIRED
	   residual            4.573965e+01    5.945051e-09    0.000000e+00 
	   energy              2.283416e-01    4.164996e-07    2.283416e-03 
	   displacement        1.027405e-02    1.027405e-02    1.027405e-08 
 2
 Nonlinear solution status: time= 5
	stiffness updates             = 1
	right hand side evaluations   = 3
	stiffness matrix reformations = 1
	step from line search         = 1.000000
	convergence norms :     INITIAL         CURRENT         REQUIRED
	   residual            4.573965e+01    6.841851e-15    0.000000e+00 
	   energy              2.283416e-01    2.481735e-14    2.283416e-03 
	   displacement        1.027405e-02    3.453664e-12    1.027399e-08 

convergence summary
    number of iterations   : 2
    number of reformations : 1

------- converged at time : 5


Data Record #1
===========================================================================
Step = 50
Time = 5
Data = uz
File = feb_inputs/active_ascl/../../raw_logs/active_ascl/ascl_2.0_disp.txt

Data Record #2
===========================================================================
Step = 50
Time = 5
Data = sz
File = feb_inputs/active_ascl/../../raw_logs/active_ascl/ascl_2.0_stress.txt

Data Record #3
===========================================================================
Step = 50
Time = 5
Data = J
File = feb_inputs/active_ascl/../../raw_logs/active_ascl/ascl_2.0_vol.txt

===== beginning time step 51 : 5.1 =====


Reforming stiffness matrix: reformation #1

 1
 Nonlinear solution status: time= 5.1
	stiffness updates             = 0
	right hand side evaluations   = 2
	stiffness matrix reformations = 1
	step from line search         = 1.000000
	convergence norms :     INITIAL         CURRENT         REQUIRED
	   residual            4.383911e+01    6.353852e-09    0.000000e+00 
	   energy              2.176503e-01    3.835889e-07    2.176503e-03 
	   displacement        9.753790e-03    9.753790e-03    9.753790e-09 
 2
 Nonlinear solution status: time= 5.1
	stiffness updates             = 1
	right hand side evaluations   = 3
	stiffness matrix reformations = 1
	step from line search         = 1.000000
	convergence norms :     INITIAL         CURRENT         REQUIRED
	   residual            4.383911e+01    7.889461e-15    0.000000e+00 
	   energy              2.176503e-01    2.740890e-14    2.176503e-03 
	   displacement        9.753790e-03    3.302716e-12    9.753749e-09 

convergence summary
    number of iterations   : 2
    number of reformations : 1

------- converged at time : 5.1


Data Record #1
===========================================================================
Step = 51
Time = 5.1
Data = uz
File = feb_inputs/active_ascl/../../raw_logs/active_ascl/ascl_2.0_disp.txt

Data Record #2
===========================================================================
Step = 51
Time = 5.1
Data = sz
File = feb_inputs/active_ascl/../../raw_logs/active_ascl/ascl_2.0_stress.txt

Data Record #3
===========================================================================
Step = 51
Time = 5.1
Data = J
File = feb_inputs/active_ascl/../../raw_logs/active_ascl/ascl_2.0_vol.txt

===== beginning time step 52 : 5.2 =====


Reforming stiffness matrix: reformation #1

 1
 Nonlinear solution status: time= 5.2
	stiffness updates             = 0
	right hand side evaluations   = 2
	stiffness matrix reformations = 1
	step from line search         = 1.000000
	convergence norms :     INITIAL         CURRENT         REQUIRED
	   residual            4.154136e+01    6.501175e-09    0.000000e+00 
	   energy              2.066557e-01    3.656987e-07    2.066557e-03 
	   displacement        9.264664e-03    9.264664e-03    9.264664e-09 
 2
 Nonlinear solution status: time= 5.2
	stiffness updates             = 1
	right hand side evaluations   = 3
	stiffness matrix reformations = 1
	step from line search         = 1.000000
	convergence norms :     INITIAL         CURRENT         REQUIRED
	   residual            4.154136e+01    8.800360e-15    0.000000e+00 
	   energy              2.066557e-01    2.919130e-14    2.066557e-03 
	   displacement        9.264664e-03    3.176594e-12    9.264634e-09 

convergence summary
    number of iterations   : 2
    number of reformations : 1

------- converged at time : 5.2


Data Record #1
===========================================================================
Step = 52
Time = 5.2
Data = uz
File = feb_inputs/active_ascl/../../raw_logs/active_ascl/ascl_2.0_disp.txt

Data Record #2
===========================================================================
Step = 52
Time = 5.2
Data = sz
File = feb_inputs/active_ascl/../../raw_logs/active_ascl/ascl_2.0_stress.txt

Data Record #3
===========================================================================
Step = 52
Time = 5.2
Data = J
File = feb_inputs/active_ascl/../../raw_logs/active_ascl/ascl_2.0_vol.txt

===== beginning time step 53 : 5.3 =====


Reforming stiffness matrix: reformation #1

 1
 Nonlinear solution status: time= 5.3
	stiffness updates             = 0
	right hand side evaluations   = 2
	stiffness matrix reformations = 1
	step from line search         = 1.000000
	convergence norms :     INITIAL         CURRENT         REQUIRED
	   residual            3.905683e+01    5.984276e-09    0.000000e+00 
	   energy              1.954395e-01    3.584315e-07    1.954395e-03 
	   displacement        8.800142e-03    8.800142e-03    8.800142e-09 
 2
 Nonlinear solution status: time= 5.3
	stiffness updates             = 1
	right hand side evaluations   = 3
	stiffness matrix reformations = 1
	step from line search         = 1.000000
	convergence norms :     INITIAL         CURRENT         REQUIRED
	   residual            3.905683e+01    7.698614e-15    0.000000e+00 
	   energy              1.954395e-01    3.049652e-14    1.954395e-03 
	   displacement        8.800142e-03    3.175813e-12    8.800118e-09 

convergence summary
    number of iterations   : 2
    number of reformations : 1

------- converged at time : 5.3


Data Record #1
===========================================================================
Step = 53
Time = 5.3
Data = uz
File = feb_inputs/active_ascl/../../raw_logs/active_ascl/ascl_2.0_disp.txt

Data Record #2
===========================================================================
Step = 53
Time = 5.3
Data = sz
File = feb_inputs/active_ascl/../../raw_logs/active_ascl/ascl_2.0_stress.txt

Data Record #3
===========================================================================
Step = 53
Time = 5.3
Data = J
File = feb_inputs/active_ascl/../../raw_logs/active_ascl/ascl_2.0_vol.txt

===== beginning time step 54 : 5.4 =====


Reforming stiffness matrix: reformation #1

 1
 Nonlinear solution status: time= 5.4
	stiffness updates             = 0
	right hand side evaluations   = 2
	stiffness matrix reformations = 1
	step from line search         = 1.000000
	convergence norms :     INITIAL         CURRENT         REQUIRED
	   residual            3.647060e+01    5.115237e-09    0.000000e+00 
	   energy              1.840500e-01    3.469432e-07    1.840500e-03 
	   displacement        8.335379e-03    8.335379e-03    8.335379e-09 
 2
 Nonlinear solution status: time= 5.4
	stiffness updates             = 1
	right hand side evaluations   = 3
	stiffness matrix reformations = 1
	step from line search         = 1.000000
	convergence norms :     INITIAL         CURRENT         REQUIRED
	   residual            3.647060e+01    6.426667e-15    0.000000e+00 
	   energy              1.840500e-01    3.019368e-14    1.840500e-03 
	   displacement        8.335379e-03    3.123873e-12    8.335355e-09 

convergence summary
    number of iterations   : 2
    number of reformations : 1

------- converged at time : 5.4


Data Record #1
===========================================================================
Step = 54
Time = 5.4
Data = uz
File = feb_inputs/active_ascl/../../raw_logs/active_ascl/ascl_2.0_disp.txt

Data Record #2
===========================================================================
Step = 54
Time = 5.4
Data = sz
File = feb_inputs/active_ascl/../../raw_logs/active_ascl/ascl_2.0_stress.txt

Data Record #3
===========================================================================
Step = 54
Time = 5.4
Data = J
File = feb_inputs/active_ascl/../../raw_logs/active_ascl/ascl_2.0_vol.txt

===== beginning time step 55 : 5.5 =====


Reforming stiffness matrix: reformation #1

 1
 Nonlinear solution status: time= 5.5
	stiffness updates             = 0
	right hand side evaluations   = 2
	stiffness matrix reformations = 1
	step from line search         = 1.000000
	convergence norms :     INITIAL         CURRENT         REQUIRED
	   residual            3.381771e+01    3.707645e-09    0.000000e+00 
	   energy              1.725970e-01    3.197181e-07    1.725970e-03 
	   displacement        7.861431e-03    7.861431e-03    7.861431e-09 
 2
 Nonlinear solution status: time= 5.5
	stiffness updates             = 1
	right hand side evaluations   = 3
	stiffness matrix reformations = 1
	step from line search         = 1.000000
	convergence norms :     INITIAL         CURRENT         REQUIRED
	   residual            3.381771e+01    5.073645e-15    0.000000e+00 
	   energy              1.725970e-01    2.676274e-14    1.725970e-03 
	   displacement        7.861431e-03    2.970630e-12    7.861398e-09 

convergence summary
    number of iterations   : 2
    number of reformations : 1

------- converged at time : 5.5


Data Record #1
===========================================================================
Step = 55
Time = 5.5
Data = uz
File = feb_inputs/active_ascl/../../raw_logs/active_ascl/ascl_2.0_disp.txt

Data Record #2
===========================================================================
Step = 55
Time = 5.5
Data = sz
File = feb_inputs/active_ascl/../../raw_logs/active_ascl/ascl_2.0_stress.txt

Data Record #3
===========================================================================
Step = 55
Time = 5.5
Data = J
File = feb_inputs/active_ascl/../../raw_logs/active_ascl/ascl_2.0_vol.txt

===== beginning time step 56 : 5.6 =====


Reforming stiffness matrix: reformation #1

 1
 Nonlinear solution status: time= 5.6
	stiffness updates             = 0
	right hand side evaluations   = 2
	stiffness matrix reformations = 1
	step from line search         = 1.000000
	convergence norms :     INITIAL         CURRENT         REQUIRED
	   residual            3.113184e+01    2.422464e-09    0.000000e+00 
	   energy              1.612631e-01    2.909742e-07    1.612631e-03 
	   displacement        7.400048e-03    7.400048e-03    7.400048e-09 
 2
 Nonlinear solution status: time= 5.6
	stiffness updates             = 1
	right hand side evaluations   = 3
	stiffness matrix reformations = 1
	step from line search         = 1.000000
	convergence norms :     INITIAL         CURRENT         REQUIRED
	   residual            3.113184e+01    3.463825e-15    0.000000e+00 
	   energy              1.612631e-01    2.188608e-14    1.612631e-03 
	   displacement        7.400048e-03    2.801123e-12    7.400001e-09 

convergence summary
    number of iterations   : 2
    number of reformations : 1

------- converged at time : 5.6


Data Record #1
===========================================================================
Step = 56
Time = 5.6
Data = uz
File = feb_inputs/active_ascl/../../raw_logs/active_ascl/ascl_2.0_disp.txt

Data Record #2
===========================================================================
Step = 56
Time = 5.6
Data = sz
File = feb_inputs/active_ascl/../../raw_logs/active_ascl/ascl_2.0_stress.txt

Data Record #3
===========================================================================
Step = 56
Time = 5.6
Data = J
File = feb_inputs/active_ascl/../../raw_logs/active_ascl/ascl_2.0_vol.txt

===== beginning time step 57 : 5.7 =====


Reforming stiffness matrix: reformation #1

 1
 Nonlinear solution status: time= 5.7
	stiffness updates             = 0
	right hand side evaluations   = 2
	stiffness matrix reformations = 1
	step from line search         = 1.000000
	convergence norms :     INITIAL         CURRENT         REQUIRED
	   residual            2.846426e+01    1.668999e-09    0.000000e+00 
	   energy              1.502505e-01    2.947425e-07    1.502505e-03 
	   displacement        6.963665e-03    6.963665e-03    6.963665e-09 
 2
 Nonlinear solution status: time= 5.7
	stiffness updates             = 1
	right hand side evaluations   = 3
	stiffness matrix reformations = 1
	step from line search         = 1.000000
	convergence norms :     INITIAL         CURRENT         REQUIRED
	   residual            2.846426e+01    2.289141e-15    0.000000e+00 
	   energy              1.502505e-01    2.032476e-14    1.502505e-03 
	   displacement        6.963665e-03    3.040488e-12    6.963602e-09 

convergence summary
    number of iterations   : 2
    number of reformations : 1

------- converged at time : 5.7


Data Record #1
===========================================================================
Step = 57
Time = 5.7
Data = uz
File = feb_inputs/active_ascl/../../raw_logs/active_ascl/ascl_2.0_disp.txt

Data Record #2
===========================================================================
Step = 57
Time = 5.7
Data = sz
File = feb_inputs/active_ascl/../../raw_logs/active_ascl/ascl_2.0_stress.txt

Data Record #3
===========================================================================
Step = 57
Time = 5.7
Data = J
File = feb_inputs/active_ascl/../../raw_logs/active_ascl/ascl_2.0_vol.txt

===== beginning time step 58 : 5.8 =====


Reforming stiffness matrix: reformation #1

 1
 Nonlinear solution status: time= 5.8
	stiffness updates             = 0
	right hand side evaluations   = 2
	stiffness matrix reformations = 1
	step from line search         = 1.000000
	convergence norms :     INITIAL         CURRENT         REQUIRED
	   residual            2.594541e+01    1.196428e-09    0.000000e+00 
	   energy              1.397848e-01    3.367919e-07    1.397848e-03 
	   displacement        6.548202e-03    6.548202e-03    6.548202e-09 
 2
 Nonlinear solution status: time= 5.8
	stiffness updates             = 1
	right hand side evaluations   = 3
	stiffness matrix reformations = 1
	step from line search         = 1.000000
	convergence norms :     INITIAL         CURRENT         REQUIRED
	   residual            2.594541e+01    1.765738e-15    0.000000e+00 
	   energy              1.397848e-01    1.884127e-14    1.397848e-03 
	   displacement        6.548202e-03    3.331766e-12    6.548120e-09 

convergence summary
    number of iterations   : 2
    number of reformations : 1

------- converged at time : 5.8


Data Record #1
===========================================================================
Step = 58
Time = 5.8
Data = uz
File = feb_inputs/active_ascl/../../raw_logs/active_ascl/ascl_2.0_disp.txt

Data Record #2
===========================================================================
Step = 58
Time = 5.8
Data = sz
File = feb_inputs/active_ascl/../../raw_logs/active_ascl/ascl_2.0_stress.txt

Data Record #3
===========================================================================
Step = 58
Time = 5.8
Data = J
File = feb_inputs/active_ascl/../../raw_logs/active_ascl/ascl_2.0_vol.txt

===== beginning time step 59 : 5.9 =====


Reforming stiffness matrix: reformation #1

 1
 Nonlinear solution status: time= 5.9
	stiffness updates             = 0
	right hand side evaluations   = 2
	stiffness matrix reformations = 1
	step from line search         = 1.000000
	convergence norms :     INITIAL         CURRENT         REQUIRED
	   residual            2.366172e+01    7.563992e-10    0.000000e+00 
	   energy              1.300896e-01    3.983566e-07    1.300896e-03 
	   displacement        6.156496e-03    6.156496e-03    6.156496e-09 
 2
 Nonlinear solution status: time= 5.9
	stiffness updates             = 1
	right hand side evaluations   = 3
	stiffness matrix reformations = 1
	step from line search         = 1.000000
	convergence norms :     INITIAL         CURRENT         REQUIRED
	   residual            2.366172e+01    1.415693e-15    0.000000e+00 
	   energy              1.300896e-01    1.749301e-14    1.300896e-03 
	   displacement        6.156496e-03    3.516113e-12    6.156394e-09 

convergence summary
    number of iterations   : 2
    number of reformations : 1

------- converged at time : 5.9


Data Record #1
===========================================================================
Step = 59
Time = 5.9
Data = uz
File = feb_inputs/active_ascl/../../raw_logs/active_ascl/ascl_2.0_disp.txt

Data Record #2
===========================================================================
Step = 59
Time = 5.9
Data = sz
File = feb_inputs/active_ascl/../../raw_logs/active_ascl/ascl_2.0_stress.txt

Data Record #3
===========================================================================
Step = 59
Time = 5.9
Data = J
File = feb_inputs/active_ascl/../../raw_logs/active_ascl/ascl_2.0_vol.txt

===== beginning time step 60 : 6 =====


Reforming stiffness matrix: reformation #1

 1
 Nonlinear solution status: time= 6
	stiffness updates             = 0
	right hand side evaluations   = 2
	stiffness matrix reformations = 1
	step from line search         = 1.000000
	convergence norms :     INITIAL         CURRENT         REQUIRED
	   residual            2.157944e+01    6.636774e-10    0.000000e+00 
	   energy              1.212953e-01    4.609807e-07    1.212953e-03 
	   displacement        5.799113e-03    5.799113e-03    5.799113e-09 
 2
 Nonlinear solution status: time= 6
	stiffness updates             = 1
	right hand side evaluations   = 3
	stiffness matrix reformations = 1
	step from line search         = 1.000000
	convergence norms :     INITIAL         CURRENT         REQUIRED
	   residual            2.157944e+01    1.144337e-15    0.000000e+00 
	   energy              1.212953e-01    1.577111e-14    1.212953e-03 
	   displacement        5.799113e-03    3.724899e-12    5.798991e-09 

convergence summary
    number of iterations   : 2
    number of reformations : 1

------- converged at time : 6


Data Record #1
===========================================================================
Step = 60
Time = 6
Data = uz
File = feb_inputs/active_ascl/../../raw_logs/active_ascl/ascl_2.0_disp.txt

Data Record #2
===========================================================================
Step = 60
Time = 6
Data = sz
File = feb_inputs/active_ascl/../../raw_logs/active_ascl/ascl_2.0_stress.txt

Data Record #3
===========================================================================
Step = 60
Time = 6
Data = J
File = feb_inputs/active_ascl/../../raw_logs/active_ascl/ascl_2.0_vol.txt

===== beginning time step 61 : 6.1 =====


Reforming stiffness matrix: reformation #1

 1
 Nonlinear solution status: time= 6.1
	stiffness updates             = 0
	right hand side evaluations   = 2
	stiffness matrix reformations = 1
	step from line search         = 1.000000
	convergence norms :     INITIAL         CURRENT         REQUIRED
	   residual            1.958812e+01    7.304894e-10    0.000000e+00 
	   energy              1.133721e-01    5.072441e-07    1.133721e-03 
	   displacement        5.503506e-03    5.503506e-03    5.503506e-09 
 2
 Nonlinear solution status: time= 6.1
	stiffness updates             = 1
	right hand side evaluations   = 3
	stiffness matrix reformations = 1
	step from line search         = 1.000000
	convergence norms :     INITIAL         CURRENT         REQUIRED
	   residual            1.958812e+01    9.830990e-16    0.000000e+00 
	   energy              1.133721e-01    1.480066e-14    1.133721e-03 
	   displacement        5.503506e-03    4.020703e-12    5.503368e-09 

convergence summary
    number of iterations   : 2
    number of reformations : 1

------- converged at time : 6.1


Data Record #1
===========================================================================
Step = 61
Time = 6.1
Data = uz
File = feb_inputs/active_ascl/../../raw_logs/active_ascl/ascl_2.0_disp.txt

Data Record #2
===========================================================================
Step = 61
Time = 6.1
Data = sz
File = feb_inputs/active_ascl/../../raw_logs/active_ascl/ascl_2.0_stress.txt

Data Record #3
===========================================================================
Step = 61
Time = 6.1
Data = J
File = feb_inputs/active_ascl/../../raw_logs/active_ascl/ascl_2.0_vol.txt

===== beginning time step 62 : 6.2 =====


Reforming stiffness matrix: reformation #1

 1
 Nonlinear solution status: time= 6.2
	stiffness updates             = 0
	right hand side evaluations   = 2
	stiffness matrix reformations = 1
	step from line search         = 1.000000
	convergence norms :     INITIAL         CURRENT         REQUIRED
	   residual            1.761994e+01    7.473693e-10    0.000000e+00 
	   energy              1.060945e-01    5.256941e-07    1.060945e-03 
	   displacement        5.271288e-03    5.271288e-03    5.271288e-09 
 2
 Nonlinear solution status: time= 6.2
	stiffness updates             = 1
	right hand side evaluations   = 3
	stiffness matrix reformations = 1
	step from line search         = 1.000000
	convergence norms :     INITIAL         CURRENT         REQUIRED
	   residual            1.761994e+01    8.497296e-16    0.000000e+00 
	   energy              1.060945e-01    1.436471e-14    1.060945e-03 
	   displacement        5.271288e-03    4.195884e-12    5.271140e-09 

convergence summary
    number of iterations   : 2
    number of reformations : 1

------- converged at time : 6.2


Data Record #1
===========================================================================
Step = 62
Time = 6.2
Data = uz
File = feb_inputs/active_ascl/../../raw_logs/active_ascl/ascl_2.0_disp.txt

Data Record #2
===========================================================================
Step = 62
Time = 6.2
Data = sz
File = feb_inputs/active_ascl/../../raw_logs/active_ascl/ascl_2.0_stress.txt

Data Record #3
===========================================================================
Step = 62
Time = 6.2
Data = J
File = feb_inputs/active_ascl/../../raw_logs/active_ascl/ascl_2.0_vol.txt

===== beginning time step 63 : 6.3 =====


Reforming stiffness matrix: reformation #1

 1
 Nonlinear solution status: time= 6.3
	stiffness updates             = 0
	right hand side evaluations   = 2
	stiffness matrix reformations = 1
	step from line search         = 1.000000
	convergence norms :     INITIAL         CURRENT         REQUIRED
	   residual            1.574218e+01    1.221037e-09    0.000000e+00 
	   energy              9.907547e-02    5.390982e-07    9.907547e-04 
	   displacement        5.048606e-03    5.048606e-03    5.048606e-09 
 2
 Nonlinear solution status: time= 6.3
	stiffness updates             = 1
	right hand side evaluations   = 3
	stiffness matrix reformations = 1
	step from line search         = 1.000000
	convergence norms :     INITIAL         CURRENT         REQUIRED
	   residual            1.574218e+01    1.208250e-15    0.000000e+00 
	   energy              9.907547e-02    1.557953e-14    9.907547e-04 
	   displacement        5.048606e-03    4.273971e-12    5.048460e-09 

convergence summary
    number of iterations   : 2
    number of reformations : 1

------- converged at time : 6.3


Data Record #1
===========================================================================
Step = 63
Time = 6.3
Data = uz
File = feb_inputs/active_ascl/../../raw_logs/active_ascl/ascl_2.0_disp.txt

Data Record #2
===========================================================================
Step = 63
Time = 6.3
Data = sz
File = feb_inputs/active_ascl/../../raw_logs/active_ascl/ascl_2.0_stress.txt

Data Record #3
===========================================================================
Step = 63
Time = 6.3
Data = J
File = feb_inputs/active_ascl/../../raw_logs/active_ascl/ascl_2.0_vol.txt

===== beginning time step 64 : 6.4 =====


Reforming stiffness matrix: reformation #1

 1
 Nonlinear solution status: time= 6.4
	stiffness updates             = 0
	right hand side evaluations   = 2
	stiffness matrix reformations = 1
	step from line search         = 1.000000
	convergence norms :     INITIAL         CURRENT         REQUIRED
	   residual            1.404162e+01    1.617314e-09    0.000000e+00 
	   energy              9.183596e-02    5.600301e-07    9.183596e-04 
	   displacement        4.780837e-03    4.780837e-03    4.780837e-09 
 2
 Nonlinear solution status: time= 6.4
	stiffness updates             = 1
	right hand side evaluations   = 3
	stiffness matrix reformations = 1
	step from line search         = 1.000000
	convergence norms :     INITIAL         CURRENT         REQUIRED
	   residual            1.404162e+01    1.573400e-15    0.000000e+00 
	   energy              9.183596e-02    1.604263e-14    9.183596e-04 
	   displacement        4.780837e-03    4.368806e-12    4.780696e-09 

convergence summary
    number of iterations   : 2
    number of reformations : 1

------- converged at time : 6.4


Data Record #1
===========================================================================
Step = 64
Time = 6.4
Data = uz
File = feb_inputs/active_ascl/../../raw_logs/active_ascl/ascl_2.0_disp.txt

Data Record #2
===========================================================================
Step = 64
Time = 6.4
Data = sz
File = feb_inputs/active_ascl/../../raw_logs/active_ascl/ascl_2.0_stress.txt

Data Record #3
===========================================================================
Step = 64
Time = 6.4
Data = J
File = feb_inputs/active_ascl/../../raw_logs/active_ascl/ascl_2.0_vol.txt

===== beginning time step 65 : 6.5 =====


Reforming stiffness matrix: reformation #1

 1
 Nonlinear solution status: time= 6.5
	stiffness updates             = 0
	right hand side evaluations   = 2
	stiffness matrix reformations = 1
	step from line search         = 1.000000
	convergence norms :     INITIAL         CURRENT         REQUIRED
	   residual            1.249454e+01    1.821761e-09    0.000000e+00 
	   energy              8.398001e-02    5.750436e-07    8.398001e-04 
	   displacement        4.442510e-03    4.442510e-03    4.442510e-09 
 2
 Nonlinear solution status: time= 6.5
	stiffness updates             = 1
	right hand side evaluations   = 3
	stiffness matrix reformations = 1
	step from line search         = 1.000000
	convergence norms :     INITIAL         CURRENT         REQUIRED
	   residual            1.249454e+01    1.781376e-15    0.000000e+00 
	   energy              8.398001e-02    1.650868e-14    8.398001e-04 
	   displacement        4.442510e-03    4.630160e-12    4.442366e-09 

convergence summary
    number of iterations   : 2
    number of reformations : 1

------- converged at time : 6.5


Data Record #1
===========================================================================
Step = 65
Time = 6.5
Data = uz
File = feb_inputs/active_ascl/../../raw_logs/active_ascl/ascl_2.0_disp.txt

Data Record #2
===========================================================================
Step = 65
Time = 6.5
Data = sz
File = feb_inputs/active_ascl/../../raw_logs/active_ascl/ascl_2.0_stress.txt

Data Record #3
===========================================================================
Step = 65
Time = 6.5
Data = J
File = feb_inputs/active_ascl/../../raw_logs/active_ascl/ascl_2.0_vol.txt

===== beginning time step 66 : 6.6 =====


Reforming stiffness matrix: reformation #1

 1
 Nonlinear solution status: time= 6.6
	stiffness updates             = 0
	right hand side evaluations   = 2
	stiffness matrix reformations = 1
	step from line search         = 1.000000
	convergence norms :     INITIAL         CURRENT         REQUIRED
	   residual            1.100434e+01    2.029351e-09    0.000000e+00 
	   energy              7.534523e-02    5.579645e-07    7.534523e-04 
	   displacement        4.030754e-03    4.030754e-03    4.030754e-09 
 2
 Nonlinear solution status: time= 6.6
	stiffness updates             = 1
	right hand side evaluations   = 3
	stiffness matrix reformations = 1
	step from line search         = 1.000000
	convergence norms :     INITIAL         CURRENT         REQUIRED
	   residual            1.100434e+01    1.698136e-15    0.000000e+00 
	   energy              7.534523e-02    1.670155e-14    7.534523e-04 
	   displacement        4.030754e-03    4.609939e-12    4.030615e-09 

convergence summary
    number of iterations   : 2
    number of reformations : 1

------- converged at time : 6.6


Data Record #1
===========================================================================
Step = 66
Time = 6.6
Data = uz
File = feb_inputs/active_ascl/../../raw_logs/active_ascl/ascl_2.0_disp.txt

Data Record #2
===========================================================================
Step = 66
Time = 6.6
Data = sz
File = feb_inputs/active_ascl/../../raw_logs/active_ascl/ascl_2.0_stress.txt

Data Record #3
===========================================================================
Step = 66
Time = 6.6
Data = J
File = feb_inputs/active_ascl/../../raw_logs/active_ascl/ascl_2.0_vol.txt

===== beginning time step 67 : 6.7 =====


Reforming stiffness matrix: reformation #1

 1
 Nonlinear solution status: time= 6.7
	stiffness updates             = 0
	right hand side evaluations   = 2
	stiffness matrix reformations = 1
	step from line search         = 1.000000
	convergence norms :     INITIAL         CURRENT         REQUIRED
	   residual            9.533968e+00    1.774162e-09    0.000000e+00 
	   energy              6.604532e-02    4.954717e-07    6.604532e-04 
	   displacement        3.561588e-03    3.561588e-03    3.561588e-09 
 2
 Nonlinear solution status: time= 6.7
	stiffness updates             = 1
	right hand side evaluations   = 3
	stiffness matrix reformations = 1
	step from line search         = 1.000000
	convergence norms :     INITIAL         CURRENT         REQUIRED
	   residual            9.533968e+00    1.715949e-15    0.000000e+00 
	   energy              6.604532e-02    1.459026e-14    6.604532e-04 
	   displacement        3.561588e-03    3.800144e-12    3.561470e-09 

convergence summary
    number of iterations   : 2
    number of reformations : 1

------- converged at time : 6.7


Data Record #1
===========================================================================
Step = 67
Time = 6.7
Data = uz
File = feb_inputs/active_ascl/../../raw_logs/active_ascl/ascl_2.0_disp.txt

Data Record #2
===========================================================================
Step = 67
Time = 6.7
Data = sz
File = feb_inputs/active_ascl/../../raw_logs/active_ascl/ascl_2.0_stress.txt

Data Record #3
===========================================================================
Step = 67
Time = 6.7
Data = J
File = feb_inputs/active_ascl/../../raw_logs/active_ascl/ascl_2.0_vol.txt

===== beginning time step 68 : 6.8 =====


Reforming stiffness matrix: reformation #1

 1
 Nonlinear solution status: time= 6.8
	stiffness updates             = 0
	right hand side evaluations   = 2
	stiffness matrix reformations = 1
	step from line search         = 1.000000
	convergence norms :     INITIAL         CURRENT         REQUIRED
	   residual            8.112167e+00    1.588002e-09    0.000000e+00 
	   energy              5.640368e-02    4.135896e-07    5.640368e-04 
	   displacement        3.051905e-03    3.051905e-03    3.051905e-09 
 2
 Nonlinear solution status: time= 6.8
	stiffness updates             = 1
	right hand side evaluations   = 3
	stiffness matrix reformations = 1
	step from line search         = 1.000000
	convergence norms :     INITIAL         CURRENT         REQUIRED
	   residual            8.112167e+00    1.787722e-15    0.000000e+00 
	   energy              5.640368e-02    1.447877e-14    5.640368e-04 
	   displacement        3.051905e-03    3.255571e-12    3.051807e-09 

convergence summary
    number of iterations   : 2
    number of reformations : 1

------- converged at time : 6.8


Data Record #1
===========================================================================
Step = 68
Time = 6.8
Data = uz
File = feb_inputs/active_ascl/../../raw_logs/active_ascl/ascl_2.0_disp.txt

Data Record #2
===========================================================================
Step = 68
Time = 6.8
Data = sz
File = feb_inputs/active_ascl/../../raw_logs/active_ascl/ascl_2.0_stress.txt

Data Record #3
===========================================================================
Step = 68
Time = 6.8
Data = J
File = feb_inputs/active_ascl/../../raw_logs/active_ascl/ascl_2.0_vol.txt

===== beginning time step 69 : 6.9 =====


Reforming stiffness matrix: reformation #1

 1
 Nonlinear solution status: time= 6.9
	stiffness updates             = 0
	right hand side evaluations   = 2
	stiffness matrix reformations = 1
	step from line search         = 1.000000
	convergence norms :     INITIAL         CURRENT         REQUIRED
	   residual            6.768454e+00    1.398540e-09    0.000000e+00 
	   energy              4.684838e-02    3.442704e-07    4.684838e-04 
	   displacement        2.527114e-03    2.527114e-03    2.527114e-09 
 2
 Nonlinear solution status: time= 6.9
	stiffness updates             = 1
	right hand side evaluations   = 3
	stiffness matrix reformations = 1
	step from line search         = 1.000000
	convergence norms :     INITIAL         CURRENT         REQUIRED
	   residual            6.768454e+00    1.675445e-15    0.000000e+00 
	   energy              4.684838e-02    1.503802e-14    4.684838e-04 
	   displacement        2.527114e-03    3.075172e-12    2.527022e-09 

convergence summary
    number of iterations   : 2
    number of reformations : 1

------- converged at time : 6.9


Data Record #1
===========================================================================
Step = 69
Time = 6.9
Data = uz
File = feb_inputs/active_ascl/../../raw_logs/active_ascl/ascl_2.0_disp.txt

Data Record #2
===========================================================================
Step = 69
Time = 6.9
Data = sz
File = feb_inputs/active_ascl/../../raw_logs/active_ascl/ascl_2.0_stress.txt

Data Record #3
===========================================================================
Step = 69
Time = 6.9
Data = J
File = feb_inputs/active_ascl/../../raw_logs/active_ascl/ascl_2.0_vol.txt

===== beginning time step 70 : 7 =====


Reforming stiffness matrix: reformation #1

 1
 Nonlinear solution status: time= 7
	stiffness updates             = 0
	right hand side evaluations   = 2
	stiffness matrix reformations = 1
	step from line search         = 1.000000
	convergence norms :     INITIAL         CURRENT         REQUIRED
	   residual            5.538265e+00    1.498631e-09    0.000000e+00 
	   energy              3.784460e-02    2.993852e-07    3.784460e-04 
	   displacement        2.029951e-03    2.029951e-03    2.029951e-09 
 2
 Nonlinear solution status: time= 7
	stiffness updates             = 1
	right hand side evaluations   = 3
	stiffness matrix reformations = 1
	step from line search         = 1.000000
	convergence norms :     INITIAL         CURRENT         REQUIRED
	   residual            5.538265e+00    1.808300e-15    0.000000e+00 
	   energy              3.784460e-02    1.582946e-14    3.784460e-04 
	   displacement        2.029951e-03    2.989557e-12    2.029864e-09 

convergence summary
    number of iterations   : 2
    number of reformations : 1

------- converged at time : 7


Data Record #1
===========================================================================
Step = 70
Time = 7
Data = uz
File = feb_inputs/active_ascl/../../raw_logs/active_ascl/ascl_2.0_disp.txt

Data Record #2
===========================================================================
Step = 70
Time = 7
Data = sz
File = feb_inputs/active_ascl/../../raw_logs/active_ascl/ascl_2.0_stress.txt

Data Record #3
===========================================================================
Step = 70
Time = 7
Data = J
File = feb_inputs/active_ascl/../../raw_logs/active_ascl/ascl_2.0_vol.txt

===== beginning time step 71 : 7.1 =====


Reforming stiffness matrix: reformation #1

 1
 Nonlinear solution status: time= 7.1
	stiffness updates             = 0
	right hand side evaluations   = 2
	stiffness matrix reformations = 1
	step from line search         = 1.000000
	convergence norms :     INITIAL         CURRENT         REQUIRED
	   residual            4.437543e+00    1.559099e-09    0.000000e+00 
	   energy              2.980591e-02    2.728985e-07    2.980591e-04 
	   displacement        1.595310e-03    1.595310e-03    1.595310e-09 
 2
 Nonlinear solution status: time= 7.1
	stiffness updates             = 1
	right hand side evaluations   = 3
	stiffness matrix reformations = 1
	step from line search         = 1.000000
	convergence norms :     INITIAL         CURRENT         REQUIRED
	   residual            4.437543e+00    1.711292e-15    0.000000e+00 
	   energy              2.980591e-02    1.623667e-14    2.980591e-04 
	   displacement        1.595310e-03    3.058958e-12    1.595231e-09 

convergence summary
    number of iterations   : 2
    number of reformations : 1

------- converged at time : 7.1


Data Record #1
===========================================================================
Step = 71
Time = 7.1
Data = uz
File = feb_inputs/active_ascl/../../raw_logs/active_ascl/ascl_2.0_disp.txt

Data Record #2
===========================================================================
Step = 71
Time = 7.1
Data = sz
File = feb_inputs/active_ascl/../../raw_logs/active_ascl/ascl_2.0_stress.txt

Data Record #3
===========================================================================
Step = 71
Time = 7.1
Data = J
File = feb_inputs/active_ascl/../../raw_logs/active_ascl/ascl_2.0_vol.txt

===== beginning time step 72 : 7.2 =====


Reforming stiffness matrix: reformation #1

 1
 Nonlinear solution status: time= 7.2
	stiffness updates             = 0
	right hand side evaluations   = 2
	stiffness matrix reformations = 1
	step from line search         = 1.000000
	convergence norms :     INITIAL         CURRENT         REQUIRED
	   residual            3.467442e+00    1.541403e-09    0.000000e+00 
	   energy              2.300956e-02    2.446693e-07    2.300956e-04 
	   displacement        1.238249e-03    1.238249e-03    1.238249e-09 
 2
 Nonlinear solution status: time= 7.2
	stiffness updates             = 1
	right hand side evaluations   = 3
	stiffness matrix reformations = 1
	step from line search         = 1.000000
	convergence norms :     INITIAL         CURRENT         REQUIRED
	   residual            3.467442e+00    1.907213e-15    0.000000e+00 
	   energy              2.300956e-02    1.679769e-14    2.300956e-04 
	   displacement        1.238249e-03    3.108954e-12    1.238180e-09 

convergence summary
    number of iterations   : 2
    number of reformations : 1

------- converged at time : 7.2


Data Record #1
===========================================================================
Step = 72
Time = 7.2
Data = uz
File = feb_inputs/active_ascl/../../raw_logs/active_ascl/ascl_2.0_disp.txt

Data Record #2
===========================================================================
Step = 72
Time = 7.2
Data = sz
File = feb_inputs/active_ascl/../../raw_logs/active_ascl/ascl_2.0_stress.txt

Data Record #3
===========================================================================
Step = 72
Time = 7.2
Data = J
File = feb_inputs/active_ascl/../../raw_logs/active_ascl/ascl_2.0_vol.txt

===== beginning time step 73 : 7.3 =====


Reforming stiffness matrix: reformation #1

 1
 Nonlinear solution status: time= 7.3
	stiffness updates             = 0
	right hand side evaluations   = 2
	stiffness matrix reformations = 1
	step from line search         = 1.000000
	convergence norms :     INITIAL         CURRENT         REQUIRED
	   residual            2.635737e+00    1.253108e-09    0.000000e+00 
	   energy              1.747576e-02    2.045063e-07    1.747576e-04 
	   displacement        9.514439e-04    9.514439e-04    9.514439e-10 
 2
 Nonlinear solution status: time= 7.3
	stiffness updates             = 1
	right hand side evaluations   = 3
	stiffness matrix reformations = 1
	step from line search         = 1.000000
	convergence norms :     INITIAL         CURRENT         REQUIRED
	   residual            2.635737e+00    1.796975e-15    0.000000e+00 
	   energy              1.747576e-02    1.664525e-14    1.747576e-04 
	   displacement        9.514439e-04    2.991647e-12    9.513828e-10 

convergence summary
    number of iterations   : 2
    number of reformations : 1

------- converged at time : 7.3


Data Record #1
===========================================================================
Step = 73
Time = 7.3
Data = uz
File = feb_inputs/active_ascl/../../raw_logs/active_ascl/ascl_2.0_disp.txt

Data Record #2
===========================================================================
Step = 73
Time = 7.3
Data = sz
File = feb_inputs/active_ascl/../../raw_logs/active_ascl/ascl_2.0_stress.txt

Data Record #3
===========================================================================
Step = 73
Time = 7.3
Data = J
File = feb_inputs/active_ascl/../../raw_logs/active_ascl/ascl_2.0_vol.txt

===== beginning time step 74 : 7.4 =====


Reforming stiffness matrix: reformation #1

 1
 Nonlinear solution status: time= 7.4
	stiffness updates             = 0
	right hand side evaluations   = 2
	stiffness matrix reformations = 1
	step from line search         = 1.000000
	convergence norms :     INITIAL         CURRENT         REQUIRED
	   residual            1.954959e+00    1.099824e-09    0.000000e+00 
	   energy              1.308802e-02    1.637727e-07    1.308802e-04 
	   displacement        7.207978e-04    7.207978e-04    7.207978e-10 
 2
 Nonlinear solution status: time= 7.4
	stiffness updates             = 1
	right hand side evaluations   = 3
	stiffness matrix reformations = 1
	step from line search         = 1.000000
	convergence norms :     INITIAL         CURRENT         REQUIRED
	   residual            1.954959e+00    1.767615e-15    0.000000e+00 
	   energy              1.308802e-02    1.649217e-14    1.308802e-04 
	   displacement        7.207978e-04    2.857488e-12    7.207449e-10 

convergence summary
    number of iterations   : 2
    number of reformations : 1

------- converged at time : 7.4


Data Record #1
===========================================================================
Step = 74
Time = 7.4
Data = uz
File = feb_inputs/active_ascl/../../raw_logs/active_ascl/ascl_2.0_disp.txt

Data Record #2
===========================================================================
Step = 74
Time = 7.4
Data = sz
File = feb_inputs/active_ascl/../../raw_logs/active_ascl/ascl_2.0_stress.txt

Data Record #3
===========================================================================
Step = 74
Time = 7.4
Data = J
File = feb_inputs/active_ascl/../../raw_logs/active_ascl/ascl_2.0_vol.txt

===== beginning time step 75 : 7.5 =====


Reforming stiffness matrix: reformation #1

 1
 Nonlinear solution status: time= 7.5
	stiffness updates             = 0
	right hand side evaluations   = 2
	stiffness matrix reformations = 1
	step from line search         = 1.000000
	convergence norms :     INITIAL         CURRENT         REQUIRED
	   residual            1.440505e+00    9.118808e-10    0.000000e+00 
	   energy              9.748956e-03    1.294362e-07    9.748956e-05 
	   displacement        5.455226e-04    5.455226e-04    5.455226e-10 
 2
 Nonlinear solution status: time= 7.5
	stiffness updates             = 1
	right hand side evaluations   = 3
	stiffness matrix reformations = 1
	step from line search         = 1.000000
	convergence norms :     INITIAL         CURRENT         REQUIRED
	   residual            1.440505e+00    1.702072e-15    0.000000e+00 
	   energy              9.748956e-03    1.477233e-14    9.748956e-05 
	   displacement        5.455226e-04    2.468967e-12    5.454811e-10 

convergence summary
    number of iterations   : 2
    number of reformations : 1

------- converged at time : 7.5


Data Record #1
===========================================================================
Step = 75
Time = 7.5
Data = uz
File = feb_inputs/active_ascl/../../raw_logs/active_ascl/ascl_2.0_disp.txt

Data Record #2
===========================================================================
Step = 75
Time = 7.5
Data = sz
File = feb_inputs/active_ascl/../../raw_logs/active_ascl/ascl_2.0_stress.txt

Data Record #3
===========================================================================
Step = 75
Time = 7.5
Data = J
File = feb_inputs/active_ascl/../../raw_logs/active_ascl/ascl_2.0_vol.txt

===== beginning time step 76 : 7.6 =====


Reforming stiffness matrix: reformation #1

 1
 Nonlinear solution status: time= 7.6
	stiffness updates             = 0
	right hand side evaluations   = 2
	stiffness matrix reformations = 1
	step from line search         = 1.000000
	convergence norms :     INITIAL         CURRENT         REQUIRED
	   residual            1.083346e+00    7.712961e-10    0.000000e+00 
	   energy              7.387673e-03    1.021494e-07    7.387673e-05 
	   displacement        4.262794e-04    4.262794e-04    4.262794e-10 
 2
 Nonlinear solution status: time= 7.6
	stiffness updates             = 1
	right hand side evaluations   = 3
	stiffness matrix reformations = 1
	step from line search         = 1.000000
	convergence norms :     INITIAL         CURRENT         REQUIRED
	   residual            1.083346e+00    1.511525e-15    0.000000e+00 
	   energy              7.387673e-03    1.434573e-14    7.387673e-05 
	   displacement        4.262794e-04    2.113553e-12    4.262506e-10 

convergence summary
    number of iterations   : 2
    number of reformations : 1

------- converged at time : 7.6


Data Record #1
===========================================================================
Step = 76
Time = 7.6
Data = uz
File = feb_inputs/active_ascl/../../raw_logs/active_ascl/ascl_2.0_disp.txt

Data Record #2
===========================================================================
Step = 76
Time = 7.6
Data = sz
File = feb_inputs/active_ascl/../../raw_logs/active_ascl/ascl_2.0_stress.txt

Data Record #3
===========================================================================
Step = 76
Time = 7.6
Data = J
File = feb_inputs/active_ascl/../../raw_logs/active_ascl/ascl_2.0_vol.txt

===== beginning time step 77 : 7.7 =====


Reforming stiffness matrix: reformation #1

 1
 Nonlinear solution status: time= 7.7
	stiffness updates             = 0
	right hand side evaluations   = 2
	stiffness matrix reformations = 1
	step from line search         = 1.000000
	convergence norms :     INITIAL         CURRENT         REQUIRED
	   residual            8.506486e-01    8.213378e-10    0.000000e+00 
	   energy              5.931253e-03    8.726220e-08    5.931253e-05 
	   displacement        3.529827e-04    3.529827e-04    3.529827e-10 
 2
 Nonlinear solution status: time= 7.7
	stiffness updates             = 1
	right hand side evaluations   = 3
	stiffness matrix reformations = 1
	step from line search         = 1.000000
	convergence norms :     INITIAL         CURRENT         REQUIRED
	   residual            8.506486e-01    1.591907e-15    0.000000e+00 
	   energy              5.931253e-03    1.426129e-14    5.931253e-05 
	   displacement        3.529827e-04    1.983950e-12    3.529602e-10 

convergence summary
    number of iterations   : 2
    number of reformations : 1

------- converged at time : 7.7


Data Record #1
===========================================================================
Step = 77
Time = 7.7
Data = uz
File = feb_inputs/active_ascl/../../raw_logs/active_ascl/ascl_2.0_disp.txt

Data Record #2
===========================================================================
Step = 77
Time = 7.7
Data = sz
File = feb_inputs/active_ascl/../../raw_logs/active_ascl/ascl_2.0_stress.txt

Data Record #3
===========================================================================
Step = 77
Time = 7.7
Data = J
File = feb_inputs/active_ascl/../../raw_logs/active_ascl/ascl_2.0_vol.txt

===== beginning time step 78 : 7.8 =====


Reforming stiffness matrix: reformation #1

 1
 Nonlinear solution status: time= 7.8
	stiffness updates             = 0
	right hand side evaluations   = 2
	stiffness matrix reformations = 1
	step from line search         = 1.000000
	convergence norms :     INITIAL         CURRENT         REQUIRED
	   residual            7.155366e-01    7.905018e-10    0.000000e+00 
	   energy              5.251073e-03    8.015704e-08    5.251073e-05 
	   displacement        3.181226e-04    3.181226e-04    3.181226e-10 
 2
 Nonlinear solution status: time= 7.8
	stiffness updates             = 1
	right hand side evaluations   = 3
	stiffness matrix reformations = 1
	step from line search         = 1.000000
	convergence norms :     INITIAL         CURRENT         REQUIRED
	   residual            7.155366e-01    1.690614e-15    0.000000e+00 
	   energy              5.251073e-03    1.363957e-14    5.251073e-05 
	   displacement        3.181226e-04    1.866741e-12    3.181011e-10 

convergence summary
    number of iterations   : 2
    number of reformations : 1

------- converged at time : 7.8


Data Record #1
===========================================================================
Step = 78
Time = 7.8
Data = uz
File = feb_inputs/active_ascl/../../raw_logs/active_ascl/ascl_2.0_disp.txt

Data Record #2
===========================================================================
Step = 78
Time = 7.8
Data = sz
File = feb_inputs/active_ascl/../../raw_logs/active_ascl/ascl_2.0_stress.txt

Data Record #3
===========================================================================
Step = 78
Time = 7.8
Data = J
File = feb_inputs/active_ascl/../../raw_logs/active_ascl/ascl_2.0_vol.txt

===== beginning time step 79 : 7.9 =====


Reforming stiffness matrix: reformation #1

 1
 Nonlinear solution status: time= 7.9
	stiffness updates             = 0
	right hand side evaluations   = 2
	stiffness matrix reformations = 1
	step from line search         = 1.000000
	convergence norms :     INITIAL         CURRENT         REQUIRED
	   residual            6.538249e-01    8.019273e-10    0.000000e+00 
	   energy              5.161017e-03    7.517031e-08    5.161017e-05 
	   displacement        3.180497e-04    3.180497e-04    3.180497e-10 
 2
 Nonlinear solution status: time= 7.9
	stiffness updates             = 1
	right hand side evaluations   = 3
	stiffness matrix reformations = 1
	step from line search         = 1.000000
	convergence norms :     INITIAL         CURRENT         REQUIRED
	   residual            6.538249e-01    2.146612e-15    0.000000e+00 
	   energy              5.161017e-03    1.615402e-14    5.161017e-05 
	   displacement        3.180497e-04    1.820462e-12    3.180279e-10 

convergence summary
    number of iterations   : 2
    number of reformations : 1

------- converged at time : 7.9


Data Record #1
===========================================================================
Step = 79
Time = 7.9
Data = uz
File = feb_inputs/active_ascl/../../raw_logs/active_ascl/ascl_2.0_disp.txt

Data Record #2
===========================================================================
Step = 79
Time = 7.9
Data = sz
File = feb_inputs/active_ascl/../../raw_logs/active_ascl/ascl_2.0_stress.txt

Data Record #3
===========================================================================
Step = 79
Time = 7.9
Data = J
File = feb_inputs/active_ascl/../../raw_logs/active_ascl/ascl_2.0_vol.txt

===== beginning time step 80 : 8 =====


Reforming stiffness matrix: reformation #1

 1
 Nonlinear solution status: time= 8
	stiffness updates             = 0
	right hand side evaluations   = 2
	stiffness matrix reformations = 1
	step from line search         = 1.000000
	convergence norms :     INITIAL         CURRENT         REQUIRED
	   residual            6.341242e-01    9.039697e-10    0.000000e+00 
	   energy              5.453555e-03    7.238330e-08    5.453555e-05 
	   displacement        3.446247e-04    3.446247e-04    3.446247e-10 
 2
 Nonlinear solution status: time= 8
	stiffness updates             = 1
	right hand side evaluations   = 3
	stiffness matrix reformations = 1
	step from line search         = 1.000000
	convergence norms :     INITIAL         CURRENT         REQUIRED
	   residual            6.341242e-01    2.537248e-15    0.000000e+00 
	   energy              5.453555e-03    1.795475e-14    5.453555e-05 
	   displacement        3.446247e-04    1.781189e-12    3.446025e-10 

convergence summary
    number of iterations   : 2
    number of reformations : 1

------- converged at time : 8


Data Record #1
===========================================================================
Step = 80
Time = 8
Data = uz
File = feb_inputs/active_ascl/../../raw_logs/active_ascl/ascl_2.0_disp.txt

Data Record #2
===========================================================================
Step = 80
Time = 8
Data = sz
File = feb_inputs/active_ascl/../../raw_logs/active_ascl/ascl_2.0_stress.txt

Data Record #3
===========================================================================
Step = 80
Time = 8
Data = J
File = feb_inputs/active_ascl/../../raw_logs/active_ascl/ascl_2.0_vol.txt

===== beginning time step 81 : 8.1 =====


Reforming stiffness matrix: reformation #1

 1
 Nonlinear solution status: time= 8.1
	stiffness updates             = 0
	right hand side evaluations   = 2
	stiffness matrix reformations = 1
	step from line search         = 1.000000
	convergence norms :     INITIAL         CURRENT         REQUIRED
	   residual            6.479190e-01    1.235475e-09    0.000000e+00 
	   energy              5.993563e-03    8.368401e-08    5.993563e-05 
	   displacement        3.879988e-04    3.879988e-04    3.879988e-10 
 2
 Nonlinear solution status: time= 8.1
	stiffness updates             = 1
	right hand side evaluations   = 3
	stiffness matrix reformations = 1
	step from line search         = 1.000000
	convergence norms :     INITIAL         CURRENT         REQUIRED
	   residual            6.479190e-01    2.867887e-15    0.000000e+00 
	   energy              5.993563e-03    1.873102e-14    5.993563e-05 
	   displacement        3.879988e-04    1.895406e-12    3.879738e-10 

convergence summary
    number of iterations   : 2
    number of reformations : 1

------- converged at time : 8.1


Data Record #1
===========================================================================
Step = 81
Time = 8.1
Data = uz
File = feb_inputs/active_ascl/../../raw_logs/active_ascl/ascl_2.0_disp.txt

Data Record #2
===========================================================================
Step = 81
Time = 8.1
Data = sz
File = feb_inputs/active_ascl/../../raw_logs/active_ascl/ascl_2.0_stress.txt

Data Record #3
===========================================================================
Step = 81
Time = 8.1
Data = J
File = feb_inputs/active_ascl/../../raw_logs/active_ascl/ascl_2.0_vol.txt

===== beginning time step 82 : 8.2 =====


Reforming stiffness matrix: reformation #1

 1
 Nonlinear solution status: time= 8.2
	stiffness updates             = 0
	right hand side evaluations   = 2
	stiffness matrix reformations = 1
	step from line search         = 1.000000
	convergence norms :     INITIAL         CURRENT         REQUIRED
	   residual            7.170608e-01    1.593086e-09    0.000000e+00 
	   energy              6.772524e-03    1.188756e-07    6.772524e-05 
	   displacement        4.392740e-04    4.392740e-04    4.392740e-10 
 2
 Nonlinear solution status: time= 8.2
	stiffness updates             = 1
	right hand side evaluations   = 3
	stiffness matrix reformations = 1
	step from line search         = 1.000000
	convergence norms :     INITIAL         CURRENT         REQUIRED
	   residual            7.170608e-01    3.526165e-15    0.000000e+00 
	   energy              6.772524e-03    2.164519e-14    6.772524e-05 
	   displacement        4.392740e-04    2.316424e-12    4.392389e-10 

convergence summary
    number of iterations   : 2
    number of reformations : 1

------- converged at time : 8.2


Data Record #1
===========================================================================
Step = 82
Time = 8.2
Data = uz
File = feb_inputs/active_ascl/../../raw_logs/active_ascl/ascl_2.0_disp.txt

Data Record #2
===========================================================================
Step = 82
Time = 8.2
Data = sz
File = feb_inputs/active_ascl/../../raw_logs/active_ascl/ascl_2.0_stress.txt

Data Record #3
===========================================================================
Step = 82
Time = 8.2
Data = J
File = feb_inputs/active_ascl/../../raw_logs/active_ascl/ascl_2.0_vol.txt

===== beginning time step 83 : 8.3 =====


Reforming stiffness matrix: reformation #1

 1
 Nonlinear solution status: time= 8.3
	stiffness updates             = 0
	right hand side evaluations   = 2
	stiffness matrix reformations = 1
	step from line search         = 1.000000
	convergence norms :     INITIAL         CURRENT         REQUIRED
	   residual            8.683278e-01    2.154463e-09    0.000000e+00 
	   energy              7.872794e-03    1.711079e-07    7.872794e-05 
	   displacement        5.006161e-04    5.006161e-04    5.006161e-10 
 2
 Nonlinear solution status: time= 8.3
	stiffness updates             = 1
	right hand side evaluations   = 3
	stiffness matrix reformations = 1
	step from line search         = 1.000000
	convergence norms :     INITIAL         CURRENT         REQUIRED
	   residual            8.683278e-01    4.451889e-15    0.000000e+00 
	   energy              7.872794e-03    2.488314e-14    7.872794e-05 
	   displacement        5.006161e-04    2.906015e-12    5.005690e-10 

convergence summary
    number of iterations   : 2
    number of reformations : 1

------- converged at time : 8.3


Data Record #1
===========================================================================
Step = 83
Time = 8.3
Data = uz
File = feb_inputs/active_ascl/../../raw_logs/active_ascl/ascl_2.0_disp.txt

Data Record #2
===========================================================================
Step = 83
Time = 8.3
Data = sz
File = feb_inputs/active_ascl/../../raw_logs/active_ascl/ascl_2.0_stress.txt

Data Record #3
===========================================================================
Step = 83
Time = 8.3
Data = J
File = feb_inputs/active_ascl/../../raw_logs/active_ascl/ascl_2.0_vol.txt

===== beginning time step 84 : 8.4 =====


Reforming stiffness matrix: reformation #1

 1
 Nonlinear solution status: time= 8.4
	stiffness updates             = 0
	right hand side evaluations   = 2
	stiffness matrix reformations = 1
	step from line search         = 1.000000
	convergence norms :     INITIAL         CURRENT         REQUIRED
	   residual            1.108332e+00    2.915462e-09    0.000000e+00 
	   energy              9.325477e-03    2.319728e-07    9.325477e-05 
	   displacement        5.808792e-04    5.808792e-04    5.808792e-10 
 2
 Nonlinear solution status: time= 8.4
	stiffness updates             = 1
	right hand side evaluations   = 3
	stiffness matrix reformations = 1
	step from line search         = 1.000000
	convergence norms :     INITIAL         CURRENT         REQUIRED
	   residual            1.108332e+00    4.837853e-15    0.000000e+00 
	   energy              9.325477e-03    2.509426e-14    9.325477e-05 
	   displacement        5.808792e-04    3.258285e-12    5.808225e-10 

convergence summary
    number of iterations   : 2
    number of reformations : 1

------- converged at time : 8.4


Data Record #1
===========================================================================
Step = 84
Time = 8.4
Data = uz
File = feb_inputs/active_ascl/../../raw_logs/active_ascl/ascl_2.0_disp.txt

Data Record #2
===========================================================================
Step = 84
Time = 8.4
Data = sz
File = feb_inputs/active_ascl/../../raw_logs/active_ascl/ascl_2.0_stress.txt

Data Record #3
===========================================================================
Step = 84
Time = 8.4
Data = J
File = feb_inputs/active_ascl/../../raw_logs/active_ascl/ascl_2.0_vol.txt

===== beginning time step 85 : 8.5 =====


Reforming stiffness matrix: reformation #1

 1
 Nonlinear solution status: time= 8.5
	stiffness updates             = 0
	right hand side evaluations   = 2
	stiffness matrix reformations = 1
	step from line search         = 1.000000
	convergence norms :     INITIAL         CURRENT         REQUIRED
	   residual            1.434421e+00    3.584793e-09    0.000000e+00 
	   energy              1.111648e-02    2.912125e-07    1.111648e-04 
	   displacement        6.811975e-04    6.811975e-04    6.811975e-10 
 2
 Nonlinear solution status: time= 8.5
	stiffness updates             = 1
	right hand side evaluations   = 3
	stiffness matrix reformations = 1
	step from line search         = 1.000000
	convergence norms :     INITIAL         CURRENT         REQUIRED
	   residual            1.434421e+00    5.152932e-15    0.000000e+00 
	   energy              1.111648e-02    2.621553e-14    1.111648e-04 
	   displacement        6.811975e-04    3.571313e-12    6.811311e-10 

convergence summary
    number of iterations   : 2
    number of reformations : 1

------- converged at time : 8.5


Data Record #1
===========================================================================
Step = 85
Time = 8.5
Data = uz
File = feb_inputs/active_ascl/../../raw_logs/active_ascl/ascl_2.0_disp.txt

Data Record #2
===========================================================================
Step = 85
Time = 8.5
Data = sz
File = feb_inputs/active_ascl/../../raw_logs/active_ascl/ascl_2.0_stress.txt

Data Record #3
===========================================================================
Step = 85
Time = 8.5
Data = J
File = feb_inputs/active_ascl/../../raw_logs/active_ascl/ascl_2.0_vol.txt

===== beginning time step 86 : 8.6 =====


Reforming stiffness matrix: reformation #1

 1
 Nonlinear solution status: time= 8.6
	stiffness updates             = 0
	right hand side evaluations   = 2
	stiffness matrix reformations = 1
	step from line search         = 1.000000
	convergence norms :     INITIAL         CURRENT         REQUIRED
	   residual            1.864143e+00    3.903759e-09    0.000000e+00 
	   energy              1.331817e-02    3.384001e-07    1.331817e-04 
	   displacement        7.951750e-04    7.951750e-04    7.951750e-10 
 2
 Nonlinear solution status: time= 8.6
	stiffness updates             = 1
	right hand side evaluations   = 3
	stiffness matrix reformations = 1
	step from line search         = 1.000000
	convergence norms :     INITIAL         CURRENT         REQUIRED
	   residual            1.864143e+00    6.460634e-15    0.000000e+00 
	   energy              1.331817e-02    3.084227e-14    1.331817e-04 
	   displacement        7.951750e-04    3.999365e-12    7.950991e-10 

convergence summary
    number of iterations   : 2
    number of reformations : 1

------- converged at time : 8.6


Data Record #1
===========================================================================
Step = 86
Time = 8.6
Data = uz
File = feb_inputs/active_ascl/../../raw_logs/active_ascl/ascl_2.0_disp.txt

Data Record #2
===========================================================================
Step = 86
Time = 8.6
Data = sz
File = feb_inputs/active_ascl/../../raw_logs/active_ascl/ascl_2.0_stress.txt

Data Record #3
===========================================================================
Step = 86
Time = 8.6
Data = J
File = feb_inputs/active_ascl/../../raw_logs/active_ascl/ascl_2.0_vol.txt

===== beginning time step 87 : 8.7 =====


Reforming stiffness matrix: reformation #1

 1
 Nonlinear solution status: time= 8.7
	stiffness updates             = 0
	right hand side evaluations   = 2
	stiffness matrix reformations = 1
	step from line search         = 1.000000
	convergence norms :     INITIAL         CURRENT         REQUIRED
	   residual            2.398612e+00    4.512042e-09    0.000000e+00 
	   energy              1.602143e-02    3.721372e-07    1.602143e-04 
	   displacement        9.276214e-04    9.276214e-04    9.276214e-10 
 2
 Nonlinear solution status: time= 8.7
	stiffness updates             = 1
	right hand side evaluations   = 3
	stiffness matrix reformations = 1
	step from line search         = 1.000000
	convergence norms :     INITIAL         CURRENT         REQUIRED
	   residual            2.398612e+00    9.271600e-15    0.000000e+00 
	   energy              1.602143e-02    3.928604e-14    1.602143e-04 
	   displacement        9.276214e-04    4.581137e-12    9.275364e-10 

convergence summary
    number of iterations   : 2
    number of reformations : 1

------- converged at time : 8.7


Data Record #1
===========================================================================
Step = 87
Time = 8.7
Data = uz
File = feb_inputs/active_ascl/../../raw_logs/active_ascl/ascl_2.0_disp.txt

Data Record #2
===========================================================================
Step = 87
Time = 8.7
Data = sz
File = feb_inputs/active_ascl/../../raw_logs/active_ascl/ascl_2.0_stress.txt

Data Record #3
===========================================================================
Step = 87
Time = 8.7
Data = J
File = feb_inputs/active_ascl/../../raw_logs/active_ascl/ascl_2.0_vol.txt

===== beginning time step 88 : 8.8 =====


Reforming stiffness matrix: reformation #1

 1
 Nonlinear solution status: time= 8.8
	stiffness updates             = 0
	right hand side evaluations   = 2
	stiffness matrix reformations = 1
	step from line search         = 1.000000
	convergence norms :     INITIAL         CURRENT         REQUIRED
	   residual            2.988412e+00    5.689478e-09    0.000000e+00 
	   energy              1.915932e-02    4.048050e-07    1.915932e-04 
	   displacement        1.089927e-03    1.089927e-03    1.089927e-09 
 2
 Nonlinear solution status: time= 8.8
	stiffness updates             = 1
	right hand side evaluations   = 3
	stiffness matrix reformations = 1
	step from line search         = 1.000000
	convergence norms :     INITIAL         CURRENT         REQUIRED
	   residual            2.988412e+00    1.116646e-14    0.000000e+00 
	   energy              1.915932e-02    4.556804e-14    1.915932e-04 
	   displacement        1.089927e-03    5.106813e-12    1.089834e-09 

convergence summary
    number of iterations   : 2
    number of reformations : 1

------- converged at time : 8.8


Data Record #1
===========================================================================
Step = 88
Time = 8.8
Data = uz
File = feb_inputs/active_ascl/../../raw_logs/active_ascl/ascl_2.0_disp.txt

Data Record #2
===========================================================================
Step = 88
Time = 8.8
Data = sz
File = feb_inputs/active_ascl/../../raw_logs/active_ascl/ascl_2.0_stress.txt

Data Record #3
===========================================================================
Step = 88
Time = 8.8
Data = J
File = feb_inputs/active_ascl/../../raw_logs/active_ascl/ascl_2.0_vol.txt

===== beginning time step 89 : 8.9 =====


Reforming stiffness matrix: reformation #1

 1
 Nonlinear solution status: time= 8.9
	stiffness updates             = 0
	right hand side evaluations   = 2
	stiffness matrix reformations = 1
	step from line search         = 1.000000
	convergence norms :     INITIAL         CURRENT         REQUIRED
	   residual            3.592511e+00    6.408269e-09    0.000000e+00 
	   energy              2.248749e-02    4.394456e-07    2.248749e-04 
	   displacement        1.269525e-03    1.269525e-03    1.269525e-09 
 2
 Nonlinear solution status: time= 8.9
	stiffness updates             = 1
	right hand side evaluations   = 3
	stiffness matrix reformations = 1
	step from line search         = 1.000000
	convergence norms :     INITIAL         CURRENT         REQUIRED
	   residual            3.592511e+00    1.223416e-14    0.000000e+00 
	   energy              2.248749e-02    4.674633e-14    2.248749e-04 
	   displacement        1.269525e-03    5.297883e-12    1.269427e-09 

convergence summary
    number of iterations   : 2
    number of reformations : 1

------- converged at time : 8.9


Data Record #1
===========================================================================
Step = 89
Time = 8.9
Data = uz
File = feb_inputs/active_ascl/../../raw_logs/active_ascl/ascl_2.0_disp.txt

Data Record #2
===========================================================================
Step = 89
Time = 8.9
Data = sz
File = feb_inputs/active_ascl/../../raw_logs/active_ascl/ascl_2.0_stress.txt

Data Record #3
===========================================================================
Step = 89
Time = 8.9
Data = J
File = feb_inputs/active_ascl/../../raw_logs/active_ascl/ascl_2.0_vol.txt

===== beginning time step 90 : 9 =====


Reforming stiffness matrix: reformation #1

 1
 Nonlinear solution status: time= 9
	stiffness updates             = 0
	right hand side evaluations   = 2
	stiffness matrix reformations = 1
	step from line search         = 1.000000
	convergence norms :     INITIAL         CURRENT         REQUIRED
	   residual            4.172952e+00    6.308750e-09    0.000000e+00 
	   energy              2.566269e-02    4.674063e-07    2.566269e-04 
	   displacement        1.431084e-03    1.431084e-03    1.431084e-09 
 2
 Nonlinear solution status: time= 9
	stiffness updates             = 1
	right hand side evaluations   = 3
	stiffness matrix reformations = 1
	step from line search         = 1.000000
	convergence norms :     INITIAL         CURRENT         REQUIRED
	   residual            4.172952e+00    1.404992e-14    0.000000e+00 
	   energy              2.566269e-02    4.694956e-14    2.566269e-04 
	   displacement        1.431084e-03    5.082890e-12    1.430987e-09 

convergence summary
    number of iterations   : 2
    number of reformations : 1

------- converged at time : 9


Data Record #1
===========================================================================
Step = 90
Time = 9
Data = uz
File = feb_inputs/active_ascl/../../raw_logs/active_ascl/ascl_2.0_disp.txt

Data Record #2
===========================================================================
Step = 90
Time = 9
Data = sz
File = feb_inputs/active_ascl/../../raw_logs/active_ascl/ascl_2.0_stress.txt

Data Record #3
===========================================================================
Step = 90
Time = 9
Data = J
File = feb_inputs/active_ascl/../../raw_logs/active_ascl/ascl_2.0_vol.txt

===== beginning time step 91 : 9.1 =====


Reforming stiffness matrix: reformation #1

 1
 Nonlinear solution status: time= 9.1
	stiffness updates             = 0
	right hand side evaluations   = 2
	stiffness matrix reformations = 1
	step from line search         = 1.000000
	convergence norms :     INITIAL         CURRENT         REQUIRED
	   residual            4.635815e+00    6.466307e-09    0.000000e+00 
	   energy              2.833062e-02    4.848929e-07    2.833062e-04 
	   displacement        1.559092e-03    1.559092e-03    1.559092e-09 
 2
 Nonlinear solution status: time= 9.1
	stiffness updates             = 1
	right hand side evaluations   = 3
	stiffness matrix reformations = 1
	step from line search         = 1.000000
	convergence norms :     INITIAL         CURRENT         REQUIRED
	   residual            4.635815e+00    1.452157e-14    0.000000e+00 
	   energy              2.833062e-02    4.914674e-14    2.833062e-04 
	   displacement        1.559092e-03    5.152669e-12    1.558996e-09 

convergence summary
    number of iterations   : 2
    number of reformations : 1

------- converged at time : 9.1


Data Record #1
===========================================================================
Step = 91
Time = 9.1
Data = uz
File = feb_inputs/active_ascl/../../raw_logs/active_ascl/ascl_2.0_disp.txt

Data Record #2
===========================================================================
Step = 91
Time = 9.1
Data = sz
File = feb_inputs/active_ascl/../../raw_logs/active_ascl/ascl_2.0_stress.txt

Data Record #3
===========================================================================
Step = 91
Time = 9.1
Data = J
File = feb_inputs/active_ascl/../../raw_logs/active_ascl/ascl_2.0_vol.txt

===== beginning time step 92 : 9.2 =====


Reforming stiffness matrix: reformation #1

 1
 Nonlinear solution status: time= 9.2
	stiffness updates             = 0
	right hand side evaluations   = 2
	stiffness matrix reformations = 1
	step from line search         = 1.000000
	convergence norms :     INITIAL         CURRENT         REQUIRED
	   residual            4.894268e+00    6.169047e-09    0.000000e+00 
	   energy              3.020905e-02    4.795842e-07    3.020905e-04 
	   displacement        1.655269e-03    1.655269e-03    1.655269e-09 
 2
 Nonlinear solution status: time= 9.2
	stiffness updates             = 1
	right hand side evaluations   = 3
	stiffness matrix reformations = 1
	step from line search         = 1.000000
	convergence norms :     INITIAL         CURRENT         REQUIRED
	   residual            4.894268e+00    1.239193e-14    0.000000e+00 
	   energy              3.020905e-02    4.630954e-14    3.020905e-04 
	   displacement        1.655269e-03    5.318964e-12    1.655170e-09 

convergence summary
    number of iterations   : 2
    number of reformations : 1

------- converged at time : 9.2


Data Record #1
===========================================================================
Step = 92
Time = 9.2
Data = uz
File = feb_inputs/active_ascl/../../raw_logs/active_ascl/ascl_2.0_disp.txt

Data Record #2
===========================================================================
Step = 92
Time = 9.2
Data = sz
File = feb_inputs/active_ascl/../../raw_logs/active_ascl/ascl_2.0_stress.txt

Data Record #3
===========================================================================
Step = 92
Time = 9.2
Data = J
File = feb_inputs/active_ascl/../../raw_logs/active_ascl/ascl_2.0_vol.txt

===== beginning time step 93 : 9.3 =====


Reforming stiffness matrix: reformation #1

 1
 Nonlinear solution status: time= 9.3
	stiffness updates             = 0
	right hand side evaluations   = 2
	stiffness matrix reformations = 1
	step from line search         = 1.000000
	convergence norms :     INITIAL         CURRENT         REQUIRED
	   residual            4.957477e+00    6.046346e-09    0.000000e+00 
	   energy              3.121856e-02    4.578285e-07    3.121856e-04 
	   displacement        1.716313e-03    1.716313e-03    1.716313e-09 
 2
 Nonlinear solution status: time= 9.3
	stiffness updates             = 1
	right hand side evaluations   = 3
	stiffness matrix reformations = 1
	step from line search         = 1.000000
	convergence norms :     INITIAL         CURRENT         REQUIRED
	   residual            4.957477e+00    1.281635e-14    0.000000e+00 
	   energy              3.121856e-02    4.563127e-14    3.121856e-04 
	   displacement        1.716313e-03    5.432149e-12    1.716209e-09 

convergence summary
    number of iterations   : 2
    number of reformations : 1

------- converged at time : 9.3


Data Record #1
===========================================================================
Step = 93
Time = 9.3
Data = uz
File = feb_inputs/active_ascl/../../raw_logs/active_ascl/ascl_2.0_disp.txt

Data Record #2
===========================================================================
Step = 93
Time = 9.3
Data = sz
File = feb_inputs/active_ascl/../../raw_logs/active_ascl/ascl_2.0_stress.txt

Data Record #3
===========================================================================
Step = 93
Time = 9.3
Data = J
File = feb_inputs/active_ascl/../../raw_logs/active_ascl/ascl_2.0_vol.txt

===== beginning time step 94 : 9.4 =====


Reforming stiffness matrix: reformation #1

 1
 Nonlinear solution status: time= 9.4
	stiffness updates             = 0
	right hand side evaluations   = 2
	stiffness matrix reformations = 1
	step from line search         = 1.000000
	convergence norms :     INITIAL         CURRENT         REQUIRED
	   residual            4.901342e+00    5.474394e-09    0.000000e+00 
	   energy              3.154279e-02    4.458004e-07    3.154279e-04 
	   displacement        1.742816e-03    1.742816e-03    1.742816e-09 
 2
 Nonlinear solution status: time= 9.4
	stiffness updates             = 1
	right hand side evaluations   = 3
	stiffness matrix reformations = 1
	step from line search         = 1.000000
	convergence norms :     INITIAL         CURRENT         REQUIRED
	   residual            4.901342e+00    1.266794e-14    0.000000e+00 
	   energy              3.154279e-02    4.619879e-14    3.154279e-04 
	   displacement        1.742816e-03    5.857541e-12    1.742702e-09 

convergence summary
    number of iterations   : 2
    number of reformations : 1

------- converged at time : 9.4


Data Record #1
===========================================================================
Step = 94
Time = 9.4
Data = uz
File = feb_inputs/active_ascl/../../raw_logs/active_ascl/ascl_2.0_disp.txt

Data Record #2
===========================================================================
Step = 94
Time = 9.4
Data = sz
File = feb_inputs/active_ascl/../../raw_logs/active_ascl/ascl_2.0_stress.txt

Data Record #3
===========================================================================
Step = 94
Time = 9.4
Data = J
File = feb_inputs/active_ascl/../../raw_logs/active_ascl/ascl_2.0_vol.txt

===== beginning time step 95 : 9.5 =====


Reforming stiffness matrix: reformation #1

 1
 Nonlinear solution status: time= 9.5
	stiffness updates             = 0
	right hand side evaluations   = 2
	stiffness matrix reformations = 1
	step from line search         = 1.000000
	convergence norms :     INITIAL         CURRENT         REQUIRED
	   residual            4.805567e+00    4.585794e-09    0.000000e+00 
	   energy              3.154453e-02    4.469384e-07    3.154453e-04 
	   displacement        1.746803e-03    1.746803e-03    1.746803e-09 
 2
 Nonlinear solution status: time= 9.5
	stiffness updates             = 1
	right hand side evaluations   = 3
	stiffness matrix reformations = 1
	step from line search         = 1.000000
	convergence norms :     INITIAL         CURRENT         REQUIRED
	   residual            4.805567e+00    1.149099e-14    0.000000e+00 
	   energy              3.154453e-02    4.537356e-14    3.154453e-04 
	   displacement        1.746803e-03    6.284206e-12    1.746681e-09 

convergence summary
    number of iterations   : 2
    number of reformations : 1

------- converged at time : 9.5


Data Record #1
===========================================================================
Step = 95
Time = 9.5
Data = uz
File = feb_inputs/active_ascl/../../raw_logs/active_ascl/ascl_2.0_disp.txt

Data Record #2
===========================================================================
Step = 95
Time = 9.5
Data = sz
File = feb_inputs/active_ascl/../../raw_logs/active_ascl/ascl_2.0_stress.txt

Data Record #3
===========================================================================
Step = 95
Time = 9.5
Data = J
File = feb_inputs/active_ascl/../../raw_logs/active_ascl/ascl_2.0_vol.txt

===== beginning time step 96 : 9.6 =====


Reforming stiffness matrix: reformation #1

 1
 Nonlinear solution status: time= 9.6
	stiffness updates             = 0
	right hand side evaluations   = 2
	stiffness matrix reformations = 1
	step from line search         = 1.000000
	convergence norms :     INITIAL         CURRENT         REQUIRED
	   residual            4.753322e+00    3.929932e-09    0.000000e+00 
	   energy              3.165908e-02    4.420205e-07    3.165908e-04 
	   displacement        1.754548e-03    1.754548e-03    1.754548e-09 
 2
 Nonlinear solution status: time= 9.6
	stiffness updates             = 1
	right hand side evaluations   = 3
	stiffness matrix reformations = 1
	step from line search         = 1.000000
	convergence norms :     INITIAL         CURRENT         REQUIRED
	   residual            4.753322e+00    8.416725e-15    0.000000e+00 
	   energy              3.165908e-02    4.287426e-14    3.165908e-04 
	   displacement        1.754548e-03    6.419625e-12    1.754425e-09 

convergence summary
    number of iterations   : 2
    number of reformations : 1

------- converged at time : 9.6


Data Record #1
===========================================================================
Step = 96
Time = 9.6
Data = uz
File = feb_inputs/active_ascl/../../raw_logs/active_ascl/ascl_2.0_disp.txt

Data Record #2
===========================================================================
Step = 96
Time = 9.6
Data = sz
File = feb_inputs/active_ascl/../../raw_logs/active_ascl/ascl_2.0_stress.txt

Data Record #3
===========================================================================
Step = 96
Time = 9.6
Data = J
File = feb_inputs/active_ascl/../../raw_logs/active_ascl/ascl_2.0_vol.txt

===== beginning time step 97 : 9.7 =====


Reforming stiffness matrix: reformation #1

 1
 Nonlinear solution status: time= 9.7
	stiffness updates             = 0
	right hand side evaluations   = 2
	stiffness matrix reformations = 1
	step from line search         = 1.000000
	convergence norms :     INITIAL         CURRENT         REQUIRED
	   residual            4.841815e+00    3.091406e-09    0.000000e+00 
	   energy              3.231067e-02    4.134230e-07    3.231067e-04 
	   displacement        1.789962e-03    1.789962e-03    1.789962e-09 
 2
 Nonlinear solution status: time= 9.7
	stiffness updates             = 1
	right hand side evaluations   = 3
	stiffness matrix reformations = 1
	step from line search         = 1.000000
	convergence norms :     INITIAL         CURRENT         REQUIRED
	   residual            4.841815e+00    5.397770e-15    0.000000e+00 
	   energy              3.231067e-02    3.605793e-14    3.231067e-04 
	   displacement        1.789962e-03    5.948455e-12    1.789843e-09 

convergence summary
    number of iterations   : 2
    number of reformations : 1

------- converged at time : 9.7


Data Record #1
===========================================================================
Step = 97
Time = 9.7
Data = uz
File = feb_inputs/active_ascl/../../raw_logs/active_ascl/ascl_2.0_disp.txt

Data Record #2
===========================================================================
Step = 97
Time = 9.7
Data = sz
File = feb_inputs/active_ascl/../../raw_logs/active_ascl/ascl_2.0_stress.txt

Data Record #3
===========================================================================
Step = 97
Time = 9.7
Data = J
File = feb_inputs/active_ascl/../../raw_logs/active_ascl/ascl_2.0_vol.txt

===== beginning time step 98 : 9.8 =====


Reforming stiffness matrix: reformation #1

 1
 Nonlinear solution status: time= 9.8
	stiffness updates             = 0
	right hand side evaluations   = 2
	stiffness matrix reformations = 1
	step from line search         = 1.000000
	convergence norms :     INITIAL         CURRENT         REQUIRED
	   residual            5.156257e+00    1.574120e-08    0.000000e+00 
	   energy              3.381296e-02    3.708370e-07    3.381296e-04 
	   displacement        1.863121e-03    1.863121e-03    1.863121e-09 
 2
 Nonlinear solution status: time= 9.8
	stiffness updates             = 1
	right hand side evaluations   = 3
	stiffness matrix reformations = 1
	step from line search         = 1.000000
	convergence norms :     INITIAL         CURRENT         REQUIRED
	   residual            5.156257e+00    3.398239e-12    0.000000e+00 
	   energy              3.381296e-02    1.336506e-12    3.381296e-04 
	   displacement        1.863121e-03    6.839984e-12    1.863012e-09 

convergence summary
    number of iterations   : 2
    number of reformations : 1

------- converged at time : 9.8


Data Record #1
===========================================================================
Step = 98
Time = 9.8
Data = uz
File = feb_inputs/active_ascl/../../raw_logs/active_ascl/ascl_2.0_disp.txt

Data Record #2
===========================================================================
Step = 98
Time = 9.8
Data = sz
File = feb_inputs/active_ascl/../../raw_logs/active_ascl/ascl_2.0_stress.txt

Data Record #3
===========================================================================
Step = 98
Time = 9.8
Data = J
File = feb_inputs/active_ascl/../../raw_logs/active_ascl/ascl_2.0_vol.txt

===== beginning time step 99 : 9.9 =====


Reforming stiffness matrix: reformation #1

 1
 Nonlinear solution status: time= 9.9
	stiffness updates             = 0
	right hand side evaluations   = 2
	stiffness matrix reformations = 1
	step from line search         = 1.000000
	convergence norms :     INITIAL         CURRENT         REQUIRED
	   residual            5.734772e+00    1.903238e-09    0.000000e+00 
	   energy              3.627504e-02    3.221509e-07    3.627504e-04 
	   displacement        1.974295e-03    1.974295e-03    1.974295e-09 
 2
 Nonlinear solution status: time= 9.9
	stiffness updates             = 1
	right hand side evaluations   = 3
	stiffness matrix reformations = 1
	step from line search         = 1.000000
	convergence norms :     INITIAL         CURRENT         REQUIRED
	   residual            5.734772e+00    6.807991e-15    0.000000e+00 
	   energy              3.627504e-02    4.000146e-14    3.627504e-04 
	   displacement        1.974295e-03    5.378481e-12    1.974196e-09 

convergence summary
    number of iterations   : 2
    number of reformations : 1

------- converged at time : 9.9


Data Record #1
===========================================================================
Step = 99
Time = 9.9
Data = uz
File = feb_inputs/active_ascl/../../raw_logs/active_ascl/ascl_2.0_disp.txt

Data Record #2
===========================================================================
Step = 99
Time = 9.9
Data = sz
File = feb_inputs/active_ascl/../../raw_logs/active_ascl/ascl_2.0_stress.txt

Data Record #3
===========================================================================
Step = 99
Time = 9.9
Data = J
File = feb_inputs/active_ascl/../../raw_logs/active_ascl/ascl_2.0_vol.txt

===== beginning time step 100 : 10 =====


Reforming stiffness matrix: reformation #1

 1
 Nonlinear solution status: time= 10
	stiffness updates             = 0
	right hand side evaluations   = 2
	stiffness matrix reformations = 1
	step from line search         = 1.000000
	convergence norms :     INITIAL         CURRENT         REQUIRED
	   residual            6.544171e+00    1.648420e-09    0.000000e+00 
	   energy              3.963467e-02    2.926812e-07    3.963467e-04 
	   displacement        2.119460e-03    2.119460e-03    2.119460e-09 
 2
 Nonlinear solution status: time= 10
	stiffness updates             = 1
	right hand side evaluations   = 3
	stiffness matrix reformations = 1
	step from line search         = 1.000000
	convergence norms :     INITIAL         CURRENT         REQUIRED
	   residual            6.544171e+00    7.141470e-15    0.000000e+00 
	   energy              3.963467e-02    3.948979e-14    3.963467e-04 
	   displacement        2.119460e-03    5.268786e-12    2.119368e-09 

convergence summary
    number of iterations   : 2
    number of reformations : 1

------- converged at time : 10


Data Record #1
===========================================================================
Step = 100
Time = 10
Data = uz
File = feb_inputs/active_ascl/../../raw_logs/active_ascl/ascl_2.0_disp.txt

Data Record #2
===========================================================================
Step = 100
Time = 10
Data = sz
File = feb_inputs/active_ascl/../../raw_logs/active_ascl/ascl_2.0_stress.txt

Data Record #3
===========================================================================
Step = 100
Time = 10
Data = J
File = feb_inputs/active_ascl/../../raw_logs/active_ascl/ascl_2.0_vol.txt

===== beginning time step 101 : 10.1 =====


Reforming stiffness matrix: reformation #1

 1
 Nonlinear solution status: time= 10.1
	stiffness updates             = 0
	right hand side evaluations   = 2
	stiffness matrix reformations = 1
	step from line search         = 1.000000
	convergence norms :     INITIAL         CURRENT         REQUIRED
	   residual            7.523269e+00    1.410434e-09    0.000000e+00 
	   energy              4.378557e-02    2.786619e-07    4.378557e-04 
	   displacement        2.294514e-03    2.294514e-03    2.294514e-09 
 2
 Nonlinear solution status: time= 10.1
	stiffness updates             = 1
	right hand side evaluations   = 3
	stiffness matrix reformations = 1
	step from line search         = 1.000000
	convergence norms :     INITIAL         CURRENT         REQUIRED
	   residual            7.523269e+00    6.586261e-15    0.000000e+00 
	   energy              4.378557e-02    3.478489e-14    4.378557e-04 
	   displacement        2.294514e-03    4.730820e-12    2.294433e-09 

convergence summary
    number of iterations   : 2
    number of reformations : 1

------- converged at time : 10.1


Data Record #1
===========================================================================
Step = 101
Time = 10.1
Data = uz
File = feb_inputs/active_ascl/../../raw_logs/active_ascl/ascl_2.0_disp.txt

Data Record #2
===========================================================================
Step = 101
Time = 10.1
Data = sz
File = feb_inputs/active_ascl/../../raw_logs/active_ascl/ascl_2.0_stress.txt

Data Record #3
===========================================================================
Step = 101
Time = 10.1
Data = J
File = feb_inputs/active_ascl/../../raw_logs/active_ascl/ascl_2.0_vol.txt

===== beginning time step 102 : 10.2 =====


Reforming stiffness matrix: reformation #1

 1
 Nonlinear solution status: time= 10.2
	stiffness updates             = 0
	right hand side evaluations   = 2
	stiffness matrix reformations = 1
	step from line search         = 1.000000
	convergence norms :     INITIAL         CURRENT         REQUIRED
	   residual            8.649210e+00    1.436959e-09    0.000000e+00 
	   energy              4.859261e-02    2.840358e-07    4.859261e-04 
	   displacement        2.491969e-03    2.491969e-03    2.491969e-09 
 2
 Nonlinear solution status: time= 10.2
	stiffness updates             = 1
	right hand side evaluations   = 3
	stiffness matrix reformations = 1
	step from line search         = 1.000000
	convergence norms :     INITIAL         CURRENT         REQUIRED
	   residual            8.649210e+00    6.016244e-15    0.000000e+00 
	   energy              4.859261e-02    3.463381e-14    4.859261e-04 
	   displacement        2.491969e-03    4.552156e-12    2.491893e-09 

convergence summary
    number of iterations   : 2
    number of reformations : 1

------- converged at time : 10.2


Data Record #1
===========================================================================
Step = 102
Time = 10.2
Data = uz
File = feb_inputs/active_ascl/../../raw_logs/active_ascl/ascl_2.0_disp.txt

Data Record #2
===========================================================================
Step = 102
Time = 10.2
Data = sz
File = feb_inputs/active_ascl/../../raw_logs/active_ascl/ascl_2.0_stress.txt

Data Record #3
===========================================================================
Step = 102
Time = 10.2
Data = J
File = feb_inputs/active_ascl/../../raw_logs/active_ascl/ascl_2.0_vol.txt

===== beginning time step 103 : 10.3 =====


Reforming stiffness matrix: reformation #1

 1
 Nonlinear solution status: time= 10.3
	stiffness updates             = 0
	right hand side evaluations   = 2
	stiffness matrix reformations = 1
	step from line search         = 1.000000
	convergence norms :     INITIAL         CURRENT         REQUIRED
	   residual            9.931894e+00    2.308482e-09    0.000000e+00 
	   energy              5.388981e-02    2.957207e-07    5.388981e-04 
	   displacement        2.698108e-03    2.698108e-03    2.698108e-09 
 2
 Nonlinear solution status: time= 10.3
	stiffness updates             = 1
	right hand side evaluations   = 3
	stiffness matrix reformations = 1
	step from line search         = 1.000000
	convergence norms :     INITIAL         CURRENT         REQUIRED
	   residual            9.931894e+00    8.551323e-15    0.000000e+00 
	   energy              5.388981e-02    4.407089e-14    5.388981e-04 
	   displacement        2.698108e-03    4.907656e-12    2.698037e-09 

convergence summary
    number of iterations   : 2
    number of reformations : 1

------- converged at time : 10.3


Data Record #1
===========================================================================
Step = 103
Time = 10.3
Data = uz
File = feb_inputs/active_ascl/../../raw_logs/active_ascl/ascl_2.0_disp.txt

Data Record #2
===========================================================================
Step = 103
Time = 10.3
Data = sz
File = feb_inputs/active_ascl/../../raw_logs/active_ascl/ascl_2.0_stress.txt

Data Record #3
===========================================================================
Step = 103
Time = 10.3
Data = J
File = feb_inputs/active_ascl/../../raw_logs/active_ascl/ascl_2.0_vol.txt

===== beginning time step 104 : 10.4 =====


Reforming stiffness matrix: reformation #1

 1
 Nonlinear solution status: time= 10.4
	stiffness updates             = 0
	right hand side evaluations   = 2
	stiffness matrix reformations = 1
	step from line search         = 1.000000
	convergence norms :     INITIAL         CURRENT         REQUIRED
	   residual            1.134112e+01    1.590245e-08    0.000000e+00 
	   energy              5.958270e-02    2.925707e-07    5.958270e-04 
	   displacement        2.906183e-03    2.906183e-03    2.906183e-09 
 2
 Nonlinear solution status: time= 10.4
	stiffness updates             = 1
	right hand side evaluations   = 3
	stiffness matrix reformations = 1
	step from line search         = 1.000000
	convergence norms :     INITIAL         CURRENT         REQUIRED
	   residual            1.134112e+01    1.616860e-12    0.000000e+00 
	   energy              5.958270e-02    8.086168e-13    5.958270e-04 
	   displacement        2.906183e-03    6.769182e-12    2.906122e-09 

convergence summary
    number of iterations   : 2
    number of reformations : 1

------- converged at time : 10.4


Data Record #1
===========================================================================
Step = 104
Time = 10.4
Data = uz
File = feb_inputs/active_ascl/../../raw_logs/active_ascl/ascl_2.0_disp.txt

Data Record #2
===========================================================================
Step = 104
Time = 10.4
Data = sz
File = feb_inputs/active_ascl/../../raw_logs/active_ascl/ascl_2.0_stress.txt

Data Record #3
===========================================================================
Step = 104
Time = 10.4
Data = J
File = feb_inputs/active_ascl/../../raw_logs/active_ascl/ascl_2.0_vol.txt

===== beginning time step 105 : 10.5 =====


Reforming stiffness matrix: reformation #1

 1
 Nonlinear solution status: time= 10.5
	stiffness updates             = 0
	right hand side evaluations   = 2
	stiffness matrix reformations = 1
	step from line search         = 1.000000
	convergence norms :     INITIAL         CURRENT         REQUIRED
	   residual            1.281457e+01    4.079827e-09    0.000000e+00 
	   energy              6.575779e-02    2.947574e-07    6.575779e-04 
	   displacement        3.133044e-03    3.133044e-03    3.133044e-09 
 2
 Nonlinear solution status: time= 10.5
	stiffness updates             = 1
	right hand side evaluations   = 3
	stiffness matrix reformations = 1
	step from line search         = 1.000000
	convergence norms :     INITIAL         CURRENT         REQUIRED
	   residual            1.281457e+01    1.608475e-14    0.000000e+00 
	   energy              6.575779e-02    7.326206e-14    6.575779e-04 
	   displacement        3.133044e-03    5.664199e-12    3.132990e-09 

convergence summary
    number of iterations   : 2
    number of reformations : 1

------- converged at time : 10.5


Data Record #1
===========================================================================
Step = 105
Time = 10.5
Data = uz
File = feb_inputs/active_ascl/../../raw_logs/active_ascl/ascl_2.0_disp.txt

Data Record #2
===========================================================================
Step = 105
Time = 10.5
Data = sz
File = feb_inputs/active_ascl/../../raw_logs/active_ascl/ascl_2.0_stress.txt

Data Record #3
===========================================================================
Step = 105
Time = 10.5
Data = J
File = feb_inputs/active_ascl/../../raw_logs/active_ascl/ascl_2.0_vol.txt

===== beginning time step 106 : 10.6 =====


Reforming stiffness matrix: reformation #1

 1
 Nonlinear solution status: time= 10.6
	stiffness updates             = 0
	right hand side evaluations   = 2
	stiffness matrix reformations = 1
	step from line search         = 1.000000
	convergence norms :     INITIAL         CURRENT         REQUIRED
	   residual            1.432194e+01    4.102258e-09    0.000000e+00 
	   energy              7.262832e-02    2.990287e-07    7.262832e-04 
	   displacement        3.402683e-03    3.402683e-03    3.402683e-09 
 2
 Nonlinear solution status: time= 10.6
	stiffness updates             = 1
	right hand side evaluations   = 3
	stiffness matrix reformations = 1
	step from line search         = 1.000000
	convergence norms :     INITIAL         CURRENT         REQUIRED
	   residual            1.432194e+01    1.798947e-14    0.000000e+00 
	   energy              7.262832e-02    8.157303e-14    7.262832e-04 
	   displacement        3.402683e-03    6.006416e-12    3.402629e-09 

convergence summary
    number of iterations   : 2
    number of reformations : 1

------- converged at time : 10.6


Data Record #1
===========================================================================
Step = 106
Time = 10.6
Data = uz
File = feb_inputs/active_ascl/../../raw_logs/active_ascl/ascl_2.0_disp.txt

Data Record #2
===========================================================================
Step = 106
Time = 10.6
Data = sz
File = feb_inputs/active_ascl/../../raw_logs/active_ascl/ascl_2.0_stress.txt

Data Record #3
===========================================================================
Step = 106
Time = 10.6
Data = J
File = feb_inputs/active_ascl/../../raw_logs/active_ascl/ascl_2.0_vol.txt

===== beginning time step 107 : 10.7 =====


Reforming stiffness matrix: reformation #1

 1
 Nonlinear solution status: time= 10.7
	stiffness updates             = 0
	right hand side evaluations   = 2
	stiffness matrix reformations = 1
	step from line search         = 1.000000
	convergence norms :     INITIAL         CURRENT         REQUIRED
	   residual            1.588548e+01    4.080021e-09    0.000000e+00 
	   energy              8.036310e-02    3.240490e-07    8.036310e-04 
	   displacement        3.727881e-03    3.727881e-03    3.727881e-09 
 2
 Nonlinear solution status: time= 10.7
	stiffness updates             = 1
	right hand side evaluations   = 3
	stiffness matrix reformations = 1
	step from line search         = 1.000000
	convergence norms :     INITIAL         CURRENT         REQUIRED
	   residual            1.588548e+01    1.819925e-14    0.000000e+00 
	   energy              8.036310e-02    8.065427e-14    8.036310e-04 
	   displacement        3.727881e-03    6.338995e-12    3.727815e-09 

convergence summary
    number of iterations   : 2
    number of reformations : 1

------- converged at time : 10.7


Data Record #1
===========================================================================
Step = 107
Time = 10.7
Data = uz
File = feb_inputs/active_ascl/../../raw_logs/active_ascl/ascl_2.0_disp.txt

Data Record #2
===========================================================================
Step = 107
Time = 10.7
Data = sz
File = feb_inputs/active_ascl/../../raw_logs/active_ascl/ascl_2.0_stress.txt

Data Record #3
===========================================================================
Step = 107
Time = 10.7
Data = J
File = feb_inputs/active_ascl/../../raw_logs/active_ascl/ascl_2.0_vol.txt

===== beginning time step 108 : 10.8 =====


Reforming stiffness matrix: reformation #1

 1
 Nonlinear solution status: time= 10.8
	stiffness updates             = 0
	right hand side evaluations   = 2
	stiffness matrix reformations = 1
	step from line search         = 1.000000
	convergence norms :     INITIAL         CURRENT         REQUIRED
	   residual            1.750451e+01    4.411830e-09    0.000000e+00 
	   energy              8.900131e-02    3.787446e-07    8.900131e-04 
	   displacement        4.117345e-03    4.117345e-03    4.117345e-09 
 2
 Nonlinear solution status: time= 10.8
	stiffness updates             = 1
	right hand side evaluations   = 3
	stiffness matrix reformations = 1
	step from line search         = 1.000000
	convergence norms :     INITIAL         CURRENT         REQUIRED
	   residual            1.750451e+01    1.953394e-14    0.000000e+00 
	   energy              8.900131e-02    8.526716e-14    8.900131e-04 
	   displacement        4.117345e-03    7.222084e-12    4.117259e-09 

convergence summary
    number of iterations   : 2
    number of reformations : 1

------- converged at time : 10.8


Data Record #1
===========================================================================
Step = 108
Time = 10.8
Data = uz
File = feb_inputs/active_ascl/../../raw_logs/active_ascl/ascl_2.0_disp.txt

Data Record #2
===========================================================================
Step = 108
Time = 10.8
Data = sz
File = feb_inputs/active_ascl/../../raw_logs/active_ascl/ascl_2.0_stress.txt

Data Record #3
===========================================================================
Step = 108
Time = 10.8
Data = J
File = feb_inputs/active_ascl/../../raw_logs/active_ascl/ascl_2.0_vol.txt

===== beginning time step 109 : 10.9 =====


Reforming stiffness matrix: reformation #1

 1
 Nonlinear solution status: time= 10.9
	stiffness updates             = 0
	right hand side evaluations   = 2
	stiffness matrix reformations = 1
	step from line search         = 1.000000
	convergence norms :     INITIAL         CURRENT         REQUIRED
	   residual            1.909792e+01    4.455398e-09    0.000000e+00 
	   energy              9.849635e-02    4.476666e-07    9.849635e-04 
	   displacement        4.577356e-03    4.577356e-03    4.577356e-09 
 2
 Nonlinear solution status: time= 10.9
	stiffness updates             = 1
	right hand side evaluations   = 3
	stiffness matrix reformations = 1
	step from line search         = 1.000000
	convergence norms :     INITIAL         CURRENT         REQUIRED
	   residual            1.909792e+01    2.107654e-14    0.000000e+00 
	   energy              9.849635e-02    8.711019e-14    9.849635e-04 
	   displacement        4.577356e-03    8.071092e-12    4.577247e-09 

convergence summary
    number of iterations   : 2
    number of reformations : 1

------- converged at time : 10.9


Data Record #1
===========================================================================
Step = 109
Time = 10.9
Data = uz
File = feb_inputs/active_ascl/../../raw_logs/active_ascl/ascl_2.0_disp.txt

Data Record #2
===========================================================================
Step = 109
Time = 10.9
Data = sz
File = feb_inputs/active_ascl/../../raw_logs/active_ascl/ascl_2.0_stress.txt

Data Record #3
===========================================================================
Step = 109
Time = 10.9
Data = J
File = feb_inputs/active_ascl/../../raw_logs/active_ascl/ascl_2.0_vol.txt

===== beginning time step 110 : 11 =====


Reforming stiffness matrix: reformation #1

 1
 Nonlinear solution status: time= 11
	stiffness updates             = 0
	right hand side evaluations   = 2
	stiffness matrix reformations = 1
	step from line search         = 1.000000
	convergence norms :     INITIAL         CURRENT         REQUIRED
	   residual            2.059282e+01    3.558757e-09    0.000000e+00 
	   energy              1.088191e-01    5.085177e-07    1.088191e-03 
	   displacement        5.115528e-03    5.115528e-03    5.115528e-09 
 2
 Nonlinear solution status: time= 11
	stiffness updates             = 1
	right hand side evaluations   = 3
	stiffness matrix reformations = 1
	step from line search         = 1.000000
	convergence norms :     INITIAL         CURRENT         REQUIRED
	   residual            2.059282e+01    1.758888e-14    0.000000e+00 
	   energy              1.088191e-01    7.904527e-14    1.088191e-03 
	   displacement        5.115528e-03    8.594858e-12    5.115399e-09 

convergence summary
    number of iterations   : 2
    number of reformations : 1

------- converged at time : 11


Data Record #1
===========================================================================
Step = 110
Time = 11
Data = uz
File = feb_inputs/active_ascl/../../raw_logs/active_ascl/ascl_2.0_disp.txt

Data Record #2
===========================================================================
Step = 110
Time = 11
Data = sz
File = feb_inputs/active_ascl/../../raw_logs/active_ascl/ascl_2.0_stress.txt

Data Record #3
===========================================================================
Step = 110
Time = 11
Data = J
File = feb_inputs/active_ascl/../../raw_logs/active_ascl/ascl_2.0_vol.txt

===== beginning time step 111 : 11.1 =====


Reforming stiffness matrix: reformation #1

 1
 Nonlinear solution status: time= 11.1
	stiffness updates             = 0
	right hand side evaluations   = 2
	stiffness matrix reformations = 1
	step from line search         = 1.000000
	convergence norms :     INITIAL         CURRENT         REQUIRED
	   residual            2.200745e+01    2.910218e-09    0.000000e+00 
	   energy              1.199966e-01    5.723227e-07    1.199966e-03 
	   displacement        5.728837e-03    5.728837e-03    5.728837e-09 
 2
 Nonlinear solution status: time= 11.1
	stiffness updates             = 1
	right hand side evaluations   = 3
	stiffness matrix reformations = 1
	step from line search         = 1.000000
	convergence norms :     INITIAL         CURRENT         REQUIRED
	   residual            2.200745e+01    1.534094e-14    0.000000e+00 
	   energy              1.199966e-01    8.113341e-14    1.199966e-03 
	   displacement        5.728837e-03    9.527620e-12    5.728681e-09 

convergence summary
    number of iterations   : 2
    number of reformations : 1

------- converged at time : 11.1


Data Record #1
===========================================================================
Step = 111
Time = 11.1
Data = uz
File = feb_inputs/active_ascl/../../raw_logs/active_ascl/ascl_2.0_disp.txt

Data Record #2
===========================================================================
Step = 111
Time = 11.1
Data = sz
File = feb_inputs/active_ascl/../../raw_logs/active_ascl/ascl_2.0_stress.txt

Data Record #3
===========================================================================
Step = 111
Time = 11.1
Data = J
File = feb_inputs/active_ascl/../../raw_logs/active_ascl/ascl_2.0_vol.txt

===== beginning time step 112 : 11.2 =====


Reforming stiffness matrix: reformation #1

 1
 Nonlinear solution status: time= 11.2
	stiffness updates             = 0
	right hand side evaluations   = 2
	stiffness matrix reformations = 1
	step from line search         = 1.000000
	convergence norms :     INITIAL         CURRENT         REQUIRED
	   residual            2.347403e+01    3.177115e-09    0.000000e+00 
	   energy              1.320259e-01    6.567159e-07    1.320259e-03 
	   displacement        6.383560e-03    6.383560e-03    6.383560e-09 
 2
 Nonlinear solution status: time= 11.2
	stiffness updates             = 1
	right hand side evaluations   = 3
	stiffness matrix reformations = 1
	step from line search         = 1.000000
	convergence norms :     INITIAL         CURRENT         REQUIRED
	   residual            2.347403e+01    1.615208e-14    0.000000e+00 
	   energy              1.320259e-01    9.577820e-14    1.320259e-03 
	   displacement        6.383560e-03    1.095042e-11    6.383371e-09 

convergence summary
    number of iterations   : 2
    number of reformations : 1

------- converged at time : 11.2


Data Record #1
===========================================================================
Step = 112
Time = 11.2
Data = uz
File = feb_inputs/active_ascl/../../raw_logs/active_ascl/ascl_2.0_disp.txt

Data Record #2
===========================================================================
Step = 112
Time = 11.2
Data = sz
File = feb_inputs/active_ascl/../../raw_logs/active_ascl/ascl_2.0_stress.txt

Data Record #3
===========================================================================
Step = 112
Time = 11.2
Data = J
File = feb_inputs/active_ascl/../../raw_logs/active_ascl/ascl_2.0_vol.txt

===== beginning time step 113 : 11.3 =====


Reforming stiffness matrix: reformation #1

 1
 Nonlinear solution status: time= 11.3
	stiffness updates             = 0
	right hand side evaluations   = 2
	stiffness matrix reformations = 1
	step from line search         = 1.000000
	convergence norms :     INITIAL         CURRENT         REQUIRED
	   residual            2.514394e+01    3.153987e-09    0.000000e+00 
	   energy              1.447905e-01    7.627606e-07    1.447905e-03 
	   displacement        7.049556e-03    7.049556e-03    7.049556e-09 
 2
 Nonlinear solution status: time= 11.3
	stiffness updates             = 1
	right hand side evaluations   = 3
	stiffness matrix reformations = 1
	step from line search         = 1.000000
	convergence norms :     INITIAL         CURRENT         REQUIRED
	   residual            2.514394e+01    1.753331e-14    0.000000e+00 
	   energy              1.447905e-01    1.030291e-13    1.447905e-03 
	   displacement        7.049556e-03    1.232571e-11    7.049342e-09 

convergence summary
    number of iterations   : 2
    number of reformations : 1

------- converged at time : 11.3


Data Record #1
===========================================================================
Step = 113
Time = 11.3
Data = uz
File = feb_inputs/active_ascl/../../raw_logs/active_ascl/ascl_2.0_disp.txt

Data Record #2
===========================================================================
Step = 113
Time = 11.3
Data = sz
File = feb_inputs/active_ascl/../../raw_logs/active_ascl/ascl_2.0_stress.txt

Data Record #3
===========================================================================
Step = 113
Time = 11.3
Data = J
File = feb_inputs/active_ascl/../../raw_logs/active_ascl/ascl_2.0_vol.txt

===== beginning time step 114 : 11.4 =====


Reforming stiffness matrix: reformation #1

 1
 Nonlinear solution status: time= 11.4
	stiffness updates             = 0
	right hand side evaluations   = 2
	stiffness matrix reformations = 1
	step from line search         = 1.000000
	convergence norms :     INITIAL         CURRENT         REQUIRED
	   residual            2.703415e+01    2.786290e-09    0.000000e+00 
	   energy              1.580085e-01    8.860787e-07    1.580085e-03 
	   displacement        7.718987e-03    7.718987e-03    7.718987e-09 
 2
 Nonlinear solution status: time= 11.4
	stiffness updates             = 1
	right hand side evaluations   = 3
	stiffness matrix reformations = 1
	step from line search         = 1.000000
	convergence norms :     INITIAL         CURRENT         REQUIRED
	   residual            2.703415e+01    1.593174e-14    0.000000e+00 
	   energy              1.580085e-01    1.040616e-13    1.580085e-03 
	   displacement        7.718987e-03    1.347642e-11    7.718746e-09 

convergence summary
    number of iterations   : 2
    number of reformations : 1

------- converged at time : 11.4


Data Record #1
===========================================================================
Step = 114
Time = 11.4
Data = uz
File = feb_inputs/active_ascl/../../raw_logs/active_ascl/ascl_2.0_disp.txt

Data Record #2
===========================================================================
Step = 114
Time = 11.4
Data = sz
File = feb_inputs/active_ascl/../../raw_logs/active_ascl/ascl_2.0_stress.txt

Data Record #3
===========================================================================
Step = 114
Time = 11.4
Data = J
File = feb_inputs/active_ascl/../../raw_logs/active_ascl/ascl_2.0_vol.txt

===== beginning time step 115 : 11.5 =====


Reforming stiffness matrix: reformation #1

 1
 Nonlinear solution status: time= 11.5
	stiffness updates             = 0
	right hand side evaluations   = 2
	stiffness matrix reformations = 1
	step from line search         = 1.000000
	convergence norms :     INITIAL         CURRENT         REQUIRED
	   residual            2.904749e+01    2.854259e-09    0.000000e+00 
	   energy              1.712217e-01    1.017394e-06    1.712217e-03 
	   displacement        8.375986e-03    8.375986e-03    8.375986e-09 
 2
 Nonlinear solution status: time= 11.5
	stiffness updates             = 1
	right hand side evaluations   = 3
	stiffness matrix reformations = 1
	step from line search         = 1.000000
	convergence norms :     INITIAL         CURRENT         REQUIRED
	   residual            2.904749e+01    1.387344e-14    0.000000e+00 
	   energy              1.712217e-01    1.074581e-13    1.712217e-03 
	   displacement        8.375986e-03    1.449959e-11    8.375715e-09 

convergence summary
    number of iterations   : 2
    number of reformations : 1

------- converged at time : 11.5


Data Record #1
===========================================================================
Step = 115
Time = 11.5
Data = uz
File = feb_inputs/active_ascl/../../raw_logs/active_ascl/ascl_2.0_disp.txt

Data Record #2
===========================================================================
Step = 115
Time = 11.5
Data = sz
File = feb_inputs/active_ascl/../../raw_logs/active_ascl/ascl_2.0_stress.txt

Data Record #3
===========================================================================
Step = 115
Time = 11.5
Data = J
File = feb_inputs/active_ascl/../../raw_logs/active_ascl/ascl_2.0_vol.txt

===== beginning time step 116 : 11.6 =====


Reforming stiffness matrix: reformation #1

 1
 Nonlinear solution status: time= 11.6
	stiffness updates             = 0
	right hand side evaluations   = 2
	stiffness matrix reformations = 1
	step from line search         = 1.000000
	convergence norms :     INITIAL         CURRENT         REQUIRED
	   residual            3.112658e+01    3.186882e-09    0.000000e+00 
	   energy              1.839312e-01    1.143571e-06    1.839312e-03 
	   displacement        8.991870e-03    8.991870e-03    8.991870e-09 
 2
 Nonlinear solution status: time= 11.6
	stiffness updates             = 1
	right hand side evaluations   = 3
	stiffness matrix reformations = 1
	step from line search         = 1.000000
	convergence norms :     INITIAL         CURRENT         REQUIRED
	   residual            3.112658e+01    1.348464e-14    0.000000e+00 
	   energy              1.839312e-01    1.068431e-13    1.839312e-03 
	   displacement        8.991870e-03    1.511858e-11    8.991574e-09 

convergence summary
    number of iterations   : 2
    number of reformations : 1

------- converged at time : 11.6


Data Record #1
===========================================================================
Step = 116
Time = 11.6
Data = uz
File = feb_inputs/active_ascl/../../raw_logs/active_ascl/ascl_2.0_disp.txt

Data Record #2
===========================================================================
Step = 116
Time = 11.6
Data = sz
File = feb_inputs/active_ascl/../../raw_logs/active_ascl/ascl_2.0_stress.txt

Data Record #3
===========================================================================
Step = 116
Time = 11.6
Data = J
File = feb_inputs/active_ascl/../../raw_logs/active_ascl/ascl_2.0_vol.txt

===== beginning time step 117 : 11.7 =====


Reforming stiffness matrix: reformation #1

 1
 Nonlinear solution status: time= 11.7
	stiffness updates             = 0
	right hand side evaluations   = 2
	stiffness matrix reformations = 1
	step from line search         = 1.000000
	convergence norms :     INITIAL         CURRENT         REQUIRED
	   residual            3.325442e+01    3.039238e-09    0.000000e+00 
	   energy              1.957150e-01    1.244510e-06    1.957150e-03 
	   displacement        9.536223e-03    9.536223e-03    9.536223e-09 
 2
 Nonlinear solution status: time= 11.7
	stiffness updates             = 1
	right hand side evaluations   = 3
	stiffness matrix reformations = 1
	step from line search         = 1.000000
	convergence norms :     INITIAL         CURRENT         REQUIRED
	   residual            3.325442e+01    1.301597e-14    0.000000e+00 
	   energy              1.957150e-01    1.023934e-13    1.957150e-03 
	   displacement        9.536223e-03    1.532747e-11    9.535910e-09 

convergence summary
    number of iterations   : 2
    number of reformations : 1

------- converged at time : 11.7


Data Record #1
===========================================================================
Step = 117
Time = 11.7
Data = uz
File = feb_inputs/active_ascl/../../raw_logs/active_ascl/ascl_2.0_disp.txt

Data Record #2
===========================================================================
Step = 117
Time = 11.7
Data = sz
File = feb_inputs/active_ascl/../../raw_logs/active_ascl/ascl_2.0_stress.txt

Data Record #3
===========================================================================
Step = 117
Time = 11.7
Data = J
File = feb_inputs/active_ascl/../../raw_logs/active_ascl/ascl_2.0_vol.txt

===== beginning time step 118 : 11.8 =====


Reforming stiffness matrix: reformation #1

 1
 Nonlinear solution status: time= 11.8
	stiffness updates             = 0
	right hand side evaluations   = 2
	stiffness matrix reformations = 1
	step from line search         = 1.000000
	convergence norms :     INITIAL         CURRENT         REQUIRED
	   residual            3.536509e+01    2.756748e-09    0.000000e+00 
	   energy              2.062108e-01    1.307231e-06    2.062108e-03 
	   displacement        9.990395e-03    9.990395e-03    9.990395e-09 
 2
 Nonlinear solution status: time= 11.8
	stiffness updates             = 1
	right hand side evaluations   = 3
	stiffness matrix reformations = 1
	step from line search         = 1.000000
	convergence norms :     INITIAL         CURRENT         REQUIRED
	   residual            3.536509e+01    1.404010e-14    0.000000e+00 
	   energy              2.062108e-01    1.087606e-13    2.062108e-03 
	   displacement        9.990395e-03    1.618937e-11    9.990069e-09 

convergence summary
    number of iterations   : 2
    number of reformations : 1

------- converged at time : 11.8


Data Record #1
===========================================================================
Step = 118
Time = 11.8
Data = uz
File = feb_inputs/active_ascl/../../raw_logs/active_ascl/ascl_2.0_disp.txt

Data Record #2
===========================================================================
Step = 118
Time = 11.8
Data = sz
File = feb_inputs/active_ascl/../../raw_logs/active_ascl/ascl_2.0_stress.txt

Data Record #3
===========================================================================
Step = 118
Time = 11.8
Data = J
File = feb_inputs/active_ascl/../../raw_logs/active_ascl/ascl_2.0_vol.txt

===== beginning time step 119 : 11.9 =====


Reforming stiffness matrix: reformation #1

 1
 Nonlinear solution status: time= 11.9
	stiffness updates             = 0
	right hand side evaluations   = 2
	stiffness matrix reformations = 1
	step from line search         = 1.000000
	convergence norms :     INITIAL         CURRENT         REQUIRED
	   residual            3.733320e+01    2.773392e-09    0.000000e+00 
	   energy              2.150576e-01    1.313044e-06    2.150576e-03 
	   displacement        1.035225e-02    1.035225e-02    1.035225e-08 
 2
 Nonlinear solution status: time= 11.9
	stiffness updates             = 1
	right hand side evaluations   = 3
	stiffness matrix reformations = 1
	step from line search         = 1.000000
	convergence norms :     INITIAL         CURRENT         REQUIRED
	   residual            3.733320e+01    1.505592e-14    0.000000e+00 
	   energy              2.150576e-01    1.193561e-13    2.150576e-03 
	   displacement        1.035225e-02    1.700191e-11    1.035191e-08 

convergence summary
    number of iterations   : 2
    number of reformations : 1

------- converged at time : 11.9


Data Record #1
===========================================================================
Step = 119
Time = 11.9
Data = uz
File = feb_inputs/active_ascl/../../raw_logs/active_ascl/ascl_2.0_disp.txt

Data Record #2
===========================================================================
Step = 119
Time = 11.9
Data = sz
File = feb_inputs/active_ascl/../../raw_logs/active_ascl/ascl_2.0_stress.txt

Data Record #3
===========================================================================
Step = 119
Time = 11.9
Data = J
File = feb_inputs/active_ascl/../../raw_logs/active_ascl/ascl_2.0_vol.txt

===== beginning time step 120 : 12 =====


Reforming stiffness matrix: reformation #1

 1
 Nonlinear solution status: time= 12
	stiffness updates             = 0
	right hand side evaluations   = 2
	stiffness matrix reformations = 1
	step from line search         = 1.000000
	convergence norms :     INITIAL         CURRENT         REQUIRED
	   residual            3.900461e+01    3.303409e-09    0.000000e+00 
	   energy              2.220292e-01    1.272939e-06    2.220292e-03 
	   displacement        1.063078e-02    1.063078e-02    1.063078e-08 
 2
 Nonlinear solution status: time= 12
	stiffness updates             = 1
	right hand side evaluations   = 3
	stiffness matrix reformations = 1
	step from line search         = 1.000000
	convergence norms :     INITIAL         CURRENT         REQUIRED
	   residual            3.900461e+01    1.933022e-14    0.000000e+00 
	   energy              2.220292e-01    1.284707e-13    2.220292e-03 
	   displacement        1.063078e-02    1.700988e-11    1.063046e-08 

convergence summary
    number of iterations   : 2
    number of reformations : 1

------- converged at time : 12


Data Record #1
===========================================================================
Step = 120
Time = 12
Data = uz
File = feb_inputs/active_ascl/../../raw_logs/active_ascl/ascl_2.0_disp.txt

Data Record #2
===========================================================================
Step = 120
Time = 12
Data = sz
File = feb_inputs/active_ascl/../../raw_logs/active_ascl/ascl_2.0_stress.txt

Data Record #3
===========================================================================
Step = 120
Time = 12
Data = J
File = feb_inputs/active_ascl/../../raw_logs/active_ascl/ascl_2.0_vol.txt

===== beginning time step 121 : 12.1 =====


Reforming stiffness matrix: reformation #1

 1
 Nonlinear solution status: time= 12.1
	stiffness updates             = 0
	right hand side evaluations   = 2
	stiffness matrix reformations = 1
	step from line search         = 1.000000
	convergence norms :     INITIAL         CURRENT         REQUIRED
	   residual            4.030071e+01    4.060160e-09    0.000000e+00 
	   energy              2.271498e-01    1.243502e-06    2.271498e-03 
	   displacement        1.083486e-02    1.083486e-02    1.083486e-08 
 2
 Nonlinear solution status: time= 12.1
	stiffness updates             = 1
	right hand side evaluations   = 3
	stiffness matrix reformations = 1
	step from line search         = 1.000000
	convergence norms :     INITIAL         CURRENT         REQUIRED
	   residual            4.030071e+01    2.200733e-14    0.000000e+00 
	   energy              2.271498e-01    1.362678e-13    2.271498e-03 
	   displacement        1.083486e-02    1.701569e-11    1.083455e-08 

convergence summary
    number of iterations   : 2
    number of reformations : 1

------- converged at time : 12.1


Data Record #1
===========================================================================
Step = 121
Time = 12.1
Data = uz
File = feb_inputs/active_ascl/../../raw_logs/active_ascl/ascl_2.0_disp.txt

Data Record #2
===========================================================================
Step = 121
Time = 12.1
Data = sz
File = feb_inputs/active_ascl/../../raw_logs/active_ascl/ascl_2.0_stress.txt

Data Record #3
===========================================================================
Step = 121
Time = 12.1
Data = J
File = feb_inputs/active_ascl/../../raw_logs/active_ascl/ascl_2.0_vol.txt

===== beginning time step 122 : 12.2 =====


Reforming stiffness matrix: reformation #1

 1
 Nonlinear solution status: time= 12.2
	stiffness updates             = 0
	right hand side evaluations   = 2
	stiffness matrix reformations = 1
	step from line search         = 1.000000
	convergence norms :     INITIAL         CURRENT         REQUIRED
	   residual            4.129704e+01    5.050882e-09    0.000000e+00 
	   energy              2.306730e-01    1.230875e-06    2.306730e-03 
	   displacement        1.097088e-02    1.097088e-02    1.097088e-08 
 2
 Nonlinear solution status: time= 12.2
	stiffness updates             = 1
	right hand side evaluations   = 3
	stiffness matrix reformations = 1
	step from line search         = 1.000000
	convergence norms :     INITIAL         CURRENT         REQUIRED
	   residual            4.129704e+01    2.782810e-14    0.000000e+00 
	   energy              2.306730e-01    1.451260e-13    2.306730e-03 
	   displacement        1.097088e-02    1.732083e-11    1.097058e-08 

convergence summary
    number of iterations   : 2
    number of reformations : 1

------- converged at time : 12.2


Data Record #1
===========================================================================
Step = 122
Time = 12.2
Data = uz
File = feb_inputs/active_ascl/../../raw_logs/active_ascl/ascl_2.0_disp.txt

Data Record #2
===========================================================================
Step = 122
Time = 12.2
Data = sz
File = feb_inputs/active_ascl/../../raw_logs/active_ascl/ascl_2.0_stress.txt

Data Record #3
===========================================================================
Step = 122
Time = 12.2
Data = J
File = feb_inputs/active_ascl/../../raw_logs/active_ascl/ascl_2.0_vol.txt

===== beginning time step 123 : 12.3 =====


Reforming stiffness matrix: reformation #1

 1
 Nonlinear solution status: time= 12.3
	stiffness updates             = 0
	right hand side evaluations   = 2
	stiffness matrix reformations = 1
	step from line search         = 1.000000
	convergence norms :     INITIAL         CURRENT         REQUIRED
	   residual            4.219852e+01    5.590048e-09    0.000000e+00 
	   energy              2.329871e-01    1.194044e-06    2.329871e-03 
	   displacement        1.104034e-02    1.104034e-02    1.104034e-08 
 2
 Nonlinear solution status: time= 12.3
	stiffness updates             = 1
	right hand side evaluations   = 3
	stiffness matrix reformations = 1
	step from line search         = 1.000000
	convergence norms :     INITIAL         CURRENT         REQUIRED
	   residual            4.219852e+01    3.268875e-14    0.000000e+00 
	   energy              2.329871e-01    1.492820e-13    2.329871e-03 
	   displacement        1.104034e-02    1.717040e-11    1.104005e-08 

convergence summary
    number of iterations   : 2
    number of reformations : 1

------- converged at time : 12.3


Data Record #1
===========================================================================
Step = 123
Time = 12.3
Data = uz
File = feb_inputs/active_ascl/../../raw_logs/active_ascl/ascl_2.0_disp.txt

Data Record #2
===========================================================================
Step = 123
Time = 12.3
Data = sz
File = feb_inputs/active_ascl/../../raw_logs/active_ascl/ascl_2.0_stress.txt

Data Record #3
===========================================================================
Step = 123
Time = 12.3
Data = J
File = feb_inputs/active_ascl/../../raw_logs/active_ascl/ascl_2.0_vol.txt

===== beginning time step 124 : 12.4 =====


Reforming stiffness matrix: reformation #1

 1
 Nonlinear solution status: time= 12.4
	stiffness updates             = 0
	right hand side evaluations   = 2
	stiffness matrix reformations = 1
	step from line search         = 1.000000
	convergence norms :     INITIAL         CURRENT         REQUIRED
	   residual            4.319847e+01    7.485725e-09    0.000000e+00 
	   energy              2.345311e-01    1.120753e-06    2.345311e-03 
	   displacement        1.103304e-02    1.103304e-02    1.103304e-08 
 2
 Nonlinear solution status: time= 12.4
	stiffness updates             = 1
	right hand side evaluations   = 3
	stiffness matrix reformations = 1
	step from line search         = 1.000000
	convergence norms :     INITIAL         CURRENT         REQUIRED
	   residual            4.319847e+01    3.801953e-14    0.000000e+00 
	   energy              2.345311e-01    1.674390e-13    2.345311e-03 
	   displacement        1.103304e-02    1.725998e-11    1.103279e-08 

convergence summary
    number of iterations   : 2
    number of reformations : 1

------- converged at time : 12.4


Data Record #1
===========================================================================
Step = 124
Time = 12.4
Data = uz
File = feb_inputs/active_ascl/../../raw_logs/active_ascl/ascl_2.0_disp.txt

Data Record #2
===========================================================================
Step = 124
Time = 12.4
Data = sz
File = feb_inputs/active_ascl/../../raw_logs/active_ascl/ascl_2.0_stress.txt

Data Record #3
===========================================================================
Step = 124
Time = 12.4
Data = J
File = feb_inputs/active_ascl/../../raw_logs/active_ascl/ascl_2.0_vol.txt

===== beginning time step 125 : 12.5 =====


Reforming stiffness matrix: reformation #1

 1
 Nonlinear solution status: time= 12.5
	stiffness updates             = 0
	right hand side evaluations   = 2
	stiffness matrix reformations = 1
	step from line search         = 1.000000
	convergence norms :     INITIAL         CURRENT         REQUIRED
	   residual            4.429699e+01    1.026007e-08    0.000000e+00 
	   energy              2.357037e-01    1.005476e-06    2.357037e-03 
	   displacement        1.096161e-02    1.096161e-02    1.096161e-08 
 2
 Nonlinear solution status: time= 12.5
	stiffness updates             = 1
	right hand side evaluations   = 3
	stiffness matrix reformations = 1
	step from line search         = 1.000000
	convergence norms :     INITIAL         CURRENT         REQUIRED
	   residual            4.429699e+01    5.162267e-14    0.000000e+00 
	   energy              2.357037e-01    1.933669e-13    2.357037e-03 
	   displacement        1.096161e-02    1.649778e-11    1.096142e-08 

convergence summary
    number of iterations   : 2
    number of reformations : 1

------- converged at time : 12.5


Data Record #1
===========================================================================
Step = 125
Time = 12.5
Data = uz
File = feb_inputs/active_ascl/../../raw_logs/active_ascl/ascl_2.0_disp.txt

Data Record #2
===========================================================================
Step = 125
Time = 12.5
Data = sz
File = feb_inputs/active_ascl/../../raw_logs/active_ascl/ascl_2.0_stress.txt

Data Record #3
===========================================================================
Step = 125
Time = 12.5
Data = J
File = feb_inputs/active_ascl/../../raw_logs/active_ascl/ascl_2.0_vol.txt

===== beginning time step 126 : 12.6 =====


Reforming stiffness matrix: reformation #1

 1
 Nonlinear solution status: time= 12.6
	stiffness updates             = 0
	right hand side evaluations   = 2
	stiffness matrix reformations = 1
	step from line search         = 1.000000
	convergence norms :     INITIAL         CURRENT         REQUIRED
	   residual            4.531127e+01    1.339822e-08    0.000000e+00 
	   energy              2.367165e-01    8.845652e-07    2.367165e-03 
	   displacement        1.088550e-02    1.088550e-02    1.088550e-08 
 2
 Nonlinear solution status: time= 12.6
	stiffness updates             = 1
	right hand side evaluations   = 3
	stiffness matrix reformations = 1
	step from line search         = 1.000000
	convergence norms :     INITIAL         CURRENT         REQUIRED
	   residual            4.531127e+01    6.977650e-14    0.000000e+00 
	   energy              2.367165e-01    2.085732e-13    2.367165e-03 
	   displacement        1.088550e-02    1.441680e-11    1.088535e-08 

convergence summary
    number of iterations   : 2
    number of reformations : 1

------- converged at time : 12.6


Data Record #1
===========================================================================
Step = 126
Time = 12.6
Data = uz
File = feb_inputs/active_ascl/../../raw_logs/active_ascl/ascl_2.0_disp.txt

Data Record #2
===========================================================================
Step = 126
Time = 12.6
Data = sz
File = feb_inputs/active_ascl/../../raw_logs/active_ascl/ascl_2.0_stress.txt

Data Record #3
===========================================================================
Step = 126
Time = 12.6
Data = J
File = feb_inputs/active_ascl/../../raw_logs/active_ascl/ascl_2.0_vol.txt

===== beginning time step 127 : 12.7 =====


Reforming stiffness matrix: reformation #1

 1
 Nonlinear solution status: time= 12.7
	stiffness updates             = 0
	right hand side evaluations   = 2
	stiffness matrix reformations = 1
	step from line search         = 1.000000
	convergence norms :     INITIAL         CURRENT         REQUIRED
	   residual            4.608815e+01    1.766599e-08    0.000000e+00 
	   energy              2.375182e-01    8.269194e-07    2.375182e-03 
	   displacement        1.083899e-02    1.083899e-02    1.083899e-08 
 2
 Nonlinear solution status: time= 12.7
	stiffness updates             = 1
	right hand side evaluations   = 3
	stiffness matrix reformations = 1
	step from line search         = 1.000000
	convergence norms :     INITIAL         CURRENT         REQUIRED
	   residual            4.608815e+01    9.938573e-14    0.000000e+00 
	   energy              2.375182e-01    2.443072e-13    2.375182e-03 
	   displacement        1.083899e-02    1.369617e-11    1.083888e-08 

convergence summary
    number of iterations   : 2
    number of reformations : 1

------- converged at time : 12.7


Data Record #1
===========================================================================
Step = 127
Time = 12.7
Data = uz
File = feb_inputs/active_ascl/../../raw_logs/active_ascl/ascl_2.0_disp.txt

Data Record #2
===========================================================================
Step = 127
Time = 12.7
Data = sz
File = feb_inputs/active_ascl/../../raw_logs/active_ascl/ascl_2.0_stress.txt

Data Record #3
===========================================================================
Step = 127
Time = 12.7
Data = J
File = feb_inputs/active_ascl/../../raw_logs/active_ascl/ascl_2.0_vol.txt

===== beginning time step 128 : 12.8 =====


Reforming stiffness matrix: reformation #1

 1
 Nonlinear solution status: time= 12.8
	stiffness updates             = 0
	right hand side evaluations   = 2
	stiffness matrix reformations = 1
	step from line search         = 1.000000
	convergence norms :     INITIAL         CURRENT         REQUIRED
	   residual            4.664101e+01    2.098362e-08    0.000000e+00 
	   energy              2.378847e-01    8.320194e-07    2.378847e-03 
	   displacement        1.079428e-02    1.079428e-02    1.079428e-08 
 2
 Nonlinear solution status: time= 12.8
	stiffness updates             = 1
	right hand side evaluations   = 3
	stiffness matrix reformations = 1
	step from line search         = 1.000000
	convergence norms :     INITIAL         CURRENT         REQUIRED
	   residual            4.664101e+01    1.217986e-13    0.000000e+00 
	   energy              2.378847e-01    2.897267e-13    2.378847e-03 
	   displacement        1.079428e-02    1.436598e-11    1.079420e-08 

convergence summary
    number of iterations   : 2
    number of reformations : 1

------- converged at time : 12.8


Data Record #1
===========================================================================
Step = 128
Time = 12.8
Data = uz
File = feb_inputs/active_ascl/../../raw_logs/active_ascl/ascl_2.0_disp.txt

Data Record #2
===========================================================================
Step = 128
Time = 12.8
Data = sz
File = feb_inputs/active_ascl/../../raw_logs/active_ascl/ascl_2.0_stress.txt

Data Record #3
===========================================================================
Step = 128
Time = 12.8
Data = J
File = feb_inputs/active_ascl/../../raw_logs/active_ascl/ascl_2.0_vol.txt

===== beginning time step 129 : 12.9 =====


Reforming stiffness matrix: reformation #1

 1
 Nonlinear solution status: time= 12.9
	stiffness updates             = 0
	right hand side evaluations   = 2
	stiffness matrix reformations = 1
	step from line search         = 1.000000
	convergence norms :     INITIAL         CURRENT         REQUIRED
	   residual            4.702167e+01    2.116908e-08    0.000000e+00 
	   energy              2.375564e-01    8.507174e-07    2.375564e-03 
	   displacement        1.072295e-02    1.072295e-02    1.072295e-08 
 2
 Nonlinear solution status: time= 12.9
	stiffness updates             = 1
	right hand side evaluations   = 3
	stiffness matrix reformations = 1
	step from line search         = 1.000000
	convergence norms :     INITIAL         CURRENT         REQUIRED
	   residual            4.702167e+01    1.200574e-13    0.000000e+00 
	   energy              2.375564e-01    3.050494e-13    2.375564e-03 
	   displacement        1.072295e-02    1.468103e-11    1.072288e-08 

convergence summary
    number of iterations   : 2
    number of reformations : 1

------- converged at time : 12.9


Data Record #1
===========================================================================
Step = 129
Time = 12.9
Data = uz
File = feb_inputs/active_ascl/../../raw_logs/active_ascl/ascl_2.0_disp.txt

Data Record #2
===========================================================================
Step = 129
Time = 12.9
Data = sz
File = feb_inputs/active_ascl/../../raw_logs/active_ascl/ascl_2.0_stress.txt

Data Record #3
===========================================================================
Step = 129
Time = 12.9
Data = J
File = feb_inputs/active_ascl/../../raw_logs/active_ascl/ascl_2.0_vol.txt

===== beginning time step 130 : 13 =====


Reforming stiffness matrix: reformation #1

 1
 Nonlinear solution status: time= 13
	stiffness updates             = 0
	right hand side evaluations   = 2
	stiffness matrix reformations = 1
	step from line search         = 1.000000
	convergence norms :     INITIAL         CURRENT         REQUIRED
	   residual            4.715349e+01    2.320829e-08    0.000000e+00 
	   energy              2.363713e-01    8.504984e-07    2.363713e-03 
	   displacement        1.063190e-02    1.063190e-02    1.063190e-08 
 2
 Nonlinear solution status: time= 13
	stiffness updates             = 1
	right hand side evaluations   = 3
	stiffness matrix reformations = 1
	step from line search         = 1.000000
	convergence norms :     INITIAL         CURRENT         REQUIRED
	   residual            4.715349e+01    1.363097e-13    0.000000e+00 
	   energy              2.363713e-01    3.512910e-13    2.363713e-03 
	   displacement        1.063190e-02    1.593317e-11    1.063185e-08 

convergence summary
    number of iterations   : 2
    number of reformations : 1

------- converged at time : 13


Data Record #1
===========================================================================
Step = 130
Time = 13
Data = uz
File = feb_inputs/active_ascl/../../raw_logs/active_ascl/ascl_2.0_disp.txt

Data Record #2
===========================================================================
Step = 130
Time = 13
Data = sz
File = feb_inputs/active_ascl/../../raw_logs/active_ascl/ascl_2.0_stress.txt

Data Record #3
===========================================================================
Step = 130
Time = 13
Data = J
File = feb_inputs/active_ascl/../../raw_logs/active_ascl/ascl_2.0_vol.txt

===== beginning time step 131 : 13.1 =====


Reforming stiffness matrix: reformation #1

 1
 Nonlinear solution status: time= 13.1
	stiffness updates             = 0
	right hand side evaluations   = 2
	stiffness matrix reformations = 1
	step from line search         = 1.000000
	convergence norms :     INITIAL         CURRENT         REQUIRED
	   residual            4.689613e+01    2.512587e-08    0.000000e+00 
	   energy              2.342977e-01    8.207789e-07    2.342977e-03 
	   displacement        1.053968e-02    1.053968e-02    1.053968e-08 
 2
 Nonlinear solution status: time= 13.1
	stiffness updates             = 1
	right hand side evaluations   = 3
	stiffness matrix reformations = 1
	step from line search         = 1.000000
	convergence norms :     INITIAL         CURRENT         REQUIRED
	   residual            4.689613e+01    1.437940e-13    0.000000e+00 
	   energy              2.342977e-01    3.670040e-13    2.342977e-03 
	   displacement        1.053968e-02    1.588090e-11    1.053963e-08 

convergence summary
    number of iterations   : 2
    number of reformations : 1

------- converged at time : 13.1


Data Record #1
===========================================================================
Step = 131
Time = 13.1
Data = uz
File = feb_inputs/active_ascl/../../raw_logs/active_ascl/ascl_2.0_disp.txt

Data Record #2
===========================================================================
Step = 131
Time = 13.1
Data = sz
File = feb_inputs/active_ascl/../../raw_logs/active_ascl/ascl_2.0_stress.txt

Data Record #3
===========================================================================
Step = 131
Time = 13.1
Data = J
File = feb_inputs/active_ascl/../../raw_logs/active_ascl/ascl_2.0_vol.txt

===== beginning time step 132 : 13.2 =====


Reforming stiffness matrix: reformation #1

 1
 Nonlinear solution status: time= 13.2
	stiffness updates             = 0
	right hand side evaluations   = 2
	stiffness matrix reformations = 1
	step from line search         = 1.000000
	convergence norms :     INITIAL         CURRENT         REQUIRED
	   residual            4.619685e+01    2.339045e-08    0.000000e+00 
	   energy              2.314180e-01    7.778155e-07    2.314180e-03 
	   displacement        1.045258e-02    1.045258e-02    1.045258e-08 
 2
 Nonlinear solution status: time= 13.2
	stiffness updates             = 1
	right hand side evaluations   = 3
	stiffness matrix reformations = 1
	step from line search         = 1.000000
	convergence norms :     INITIAL         CURRENT         REQUIRED
	   residual            4.619685e+01    1.260147e-13    0.000000e+00 
	   energy              2.314180e-01    3.212859e-13    2.314180e-03 
	   displacement        1.045258e-02    1.440169e-11    1.045251e-08 

convergence summary
    number of iterations   : 2
    number of reformations : 1

------- converged at time : 13.2


Data Record #1
===========================================================================
Step = 132
Time = 13.2
Data = uz
File = feb_inputs/active_ascl/../../raw_logs/active_ascl/ascl_2.0_disp.txt

Data Record #2
===========================================================================
Step = 132
Time = 13.2
Data = sz
File = feb_inputs/active_ascl/../../raw_logs/active_ascl/ascl_2.0_stress.txt

Data Record #3
===========================================================================
Step = 132
Time = 13.2
Data = J
File = feb_inputs/active_ascl/../../raw_logs/active_ascl/ascl_2.0_vol.txt

===== beginning time step 133 : 13.3 =====


Reforming stiffness matrix: reformation #1

 1
 Nonlinear solution status: time= 13.3
	stiffness updates             = 0
	right hand side evaluations   = 2
	stiffness matrix reformations = 1
	step from line search         = 1.000000
	convergence norms :     INITIAL         CURRENT         REQUIRED
	   residual            4.511463e+01    2.001557e-08    0.000000e+00 
	   energy              2.278303e-01    7.617902e-07    2.278303e-03 
	   displacement        1.036043e-02    1.036043e-02    1.036043e-08 
 2
 Nonlinear solution status: time= 13.3
	stiffness updates             = 1
	right hand side evaluations   = 3
	stiffness matrix reformations = 1
	step from line search         = 1.000000
	convergence norms :     INITIAL         CURRENT         REQUIRED
	   residual            4.511463e+01    1.079928e-13    0.000000e+00 
	   energy              2.278303e-01    2.755676e-13    2.278303e-03 
	   displacement        1.036043e-02    1.371191e-11    1.036034e-08 

convergence summary
    number of iterations   : 2
    number of reformations : 1

------- converged at time : 13.3


Data Record #1
===========================================================================
Step = 133
Time = 13.3
Data = uz
File = feb_inputs/active_ascl/../../raw_logs/active_ascl/ascl_2.0_disp.txt

Data Record #2
===========================================================================
Step = 133
Time = 13.3
Data = sz
File = feb_inputs/active_ascl/../../raw_logs/active_ascl/ascl_2.0_stress.txt

Data Record #3
===========================================================================
Step = 133
Time = 13.3
Data = J
File = feb_inputs/active_ascl/../../raw_logs/active_ascl/ascl_2.0_vol.txt

===== beginning time step 134 : 13.4 =====


Reforming stiffness matrix: reformation #1

 1
 Nonlinear solution status: time= 13.4
	stiffness updates             = 0
	right hand side evaluations   = 2
	stiffness matrix reformations = 1
	step from line search         = 1.000000
	convergence norms :     INITIAL         CURRENT         REQUIRED
	   residual            4.373837e+01    1.688606e-08    0.000000e+00 
	   energy              2.235891e-01    7.971921e-07    2.235891e-03 
	   displacement        1.025516e-02    1.025516e-02    1.025516e-08 
 2
 Nonlinear solution status: time= 13.4
	stiffness updates             = 1
	right hand side evaluations   = 3
	stiffness matrix reformations = 1
	step from line search         = 1.000000
	convergence norms :     INITIAL         CURRENT         REQUIRED
	   residual            4.373837e+01    9.342497e-14    0.000000e+00 
	   energy              2.235891e-01    2.520615e-13    2.235891e-03 
	   displacement        1.025516e-02    1.409521e-11    1.025505e-08 

convergence summary
    number of iterations   : 2
    number of reformations : 1

------- converged at time : 13.4


Data Record #1
===========================================================================
Step = 134
Time = 13.4
Data = uz
File = feb_inputs/active_ascl/../../raw_logs/active_ascl/ascl_2.0_disp.txt

Data Record #2
===========================================================================
Step = 134
Time = 13.4
Data = sz
File = feb_inputs/active_ascl/../../raw_logs/active_ascl/ascl_2.0_stress.txt

Data Record #3
===========================================================================
Step = 134
Time = 13.4
Data = J
File = feb_inputs/active_ascl/../../raw_logs/active_ascl/ascl_2.0_vol.txt

===== beginning time step 135 : 13.5 =====


Reforming stiffness matrix: reformation #1

 1
 Nonlinear solution status: time= 13.5
	stiffness updates             = 0
	right hand side evaluations   = 2
	stiffness matrix reformations = 1
	step from line search         = 1.000000
	convergence norms :     INITIAL         CURRENT         REQUIRED
	   residual            4.216978e+01    1.409710e-08    0.000000e+00 
	   energy              2.187857e-01    8.708827e-07    2.187857e-03 
	   displacement        1.013685e-02    1.013685e-02    1.013685e-08 
 2
 Nonlinear solution status: time= 13.5
	stiffness updates             = 1
	right hand side evaluations   = 3
	stiffness matrix reformations = 1
	step from line search         = 1.000000
	convergence norms :     INITIAL         CURRENT         REQUIRED
	   residual            4.216978e+01    7.999814e-14    0.000000e+00 
	   energy              2.187857e-01    2.305323e-13    2.187857e-03 
	   displacement        1.013685e-02    1.498419e-11    1.013673e-08 

convergence summary
    number of iterations   : 2
    number of reformations : 1

------- converged at time : 13.5


Data Record #1
===========================================================================
Step = 135
Time = 13.5
Data = uz
File = feb_inputs/active_ascl/../../raw_logs/active_ascl/ascl_2.0_disp.txt

Data Record #2
===========================================================================
Step = 135
Time = 13.5
Data = sz
File = feb_inputs/active_ascl/../../raw_logs/active_ascl/ascl_2.0_stress.txt

Data Record #3
===========================================================================
Step = 135
Time = 13.5
Data = J
File = feb_inputs/active_ascl/../../raw_logs/active_ascl/ascl_2.0_vol.txt

===== beginning time step 136 : 13.6 =====


Reforming stiffness matrix: reformation #1

 1
 Nonlinear solution status: time= 13.6
	stiffness updates             = 0
	right hand side evaluations   = 2
	stiffness matrix reformations = 1
	step from line search         = 1.000000
	convergence norms :     INITIAL         CURRENT         REQUIRED
	   residual            4.051987e+01    1.110044e-08    0.000000e+00 
	   energy              2.135405e-01    9.315989e-07    2.135405e-03 
	   displacement        9.992897e-03    9.992897e-03    9.992897e-09 
 2
 Nonlinear solution status: time= 13.6
	stiffness updates             = 1
	right hand side evaluations   = 3
	stiffness matrix reformations = 1
	step from line search         = 1.000000
	convergence norms :     INITIAL         CURRENT         REQUIRED
	   residual            4.051987e+01    6.436922e-14    0.000000e+00 
	   energy              2.135405e-01    1.995122e-13    2.135405e-03 
	   displacement        9.992897e-03    1.526752e-11    9.992756e-09 

convergence summary
    number of iterations   : 2
    number of reformations : 1

------- converged at time : 13.6


Data Record #1
===========================================================================
Step = 136
Time = 13.6
Data = uz
File = feb_inputs/active_ascl/../../raw_logs/active_ascl/ascl_2.0_disp.txt

Data Record #2
===========================================================================
Step = 136
Time = 13.6
Data = sz
File = feb_inputs/active_ascl/../../raw_logs/active_ascl/ascl_2.0_stress.txt

Data Record #3
===========================================================================
Step = 136
Time = 13.6
Data = J
File = feb_inputs/active_ascl/../../raw_logs/active_ascl/ascl_2.0_vol.txt

===== beginning time step 137 : 13.7 =====


Reforming stiffness matrix: reformation #1

 1
 Nonlinear solution status: time= 13.7
	stiffness updates             = 0
	right hand side evaluations   = 2
	stiffness matrix reformations = 1
	step from line search         = 1.000000
	convergence norms :     INITIAL         CURRENT         REQUIRED
	   residual            3.883240e+01    8.023077e-09    0.000000e+00 
	   energy              2.079118e-01    9.523138e-07    2.079118e-03 
	   displacement        9.803224e-03    9.803224e-03    9.803224e-09 
 2
 Nonlinear solution status: time= 13.7
	stiffness updates             = 1
	right hand side evaluations   = 3
	stiffness matrix reformations = 1
	step from line search         = 1.000000
	convergence norms :     INITIAL         CURRENT         REQUIRED
	   residual            3.883240e+01    4.909395e-14    0.000000e+00 
	   energy              2.079118e-01    1.678970e-13    2.079118e-03 
	   displacement        9.803224e-03    1.488496e-11    9.803056e-09 

convergence summary
    number of iterations   : 2
    number of reformations : 1

------- converged at time : 13.7


Data Record #1
===========================================================================
Step = 137
Time = 13.7
Data = uz
File = feb_inputs/active_ascl/../../raw_logs/active_ascl/ascl_2.0_disp.txt

Data Record #2
===========================================================================
Step = 137
Time = 13.7
Data = sz
File = feb_inputs/active_ascl/../../raw_logs/active_ascl/ascl_2.0_stress.txt

Data Record #3
===========================================================================
Step = 137
Time = 13.7
Data = J
File = feb_inputs/active_ascl/../../raw_logs/active_ascl/ascl_2.0_vol.txt

===== beginning time step 138 : 13.8 =====


Reforming stiffness matrix: reformation #1

 1
 Nonlinear solution status: time= 13.8
	stiffness updates             = 0
	right hand side evaluations   = 2
	stiffness matrix reformations = 1
	step from line search         = 1.000000
	convergence norms :     INITIAL         CURRENT         REQUIRED
	   residual            3.706144e+01    5.546661e-09    0.000000e+00 
	   energy              2.018740e-01    9.655624e-07    2.018740e-03 
	   displacement        9.573138e-03    9.573138e-03    9.573138e-09 
 2
 Nonlinear solution status: time= 13.8
	stiffness updates             = 1
	right hand side evaluations   = 3
	stiffness matrix reformations = 1
	step from line search         = 1.000000
	convergence norms :     INITIAL         CURRENT         REQUIRED
	   residual            3.706144e+01    3.681524e-14    0.000000e+00 
	   energy              2.018740e-01    1.488737e-13    2.018740e-03 
	   displacement        9.573138e-03    1.485222e-11    9.572933e-09 

convergence summary
    number of iterations   : 2
    number of reformations : 1

------- converged at time : 13.8


Data Record #1
===========================================================================
Step = 138
Time = 13.8
Data = uz
File = feb_inputs/active_ascl/../../raw_logs/active_ascl/ascl_2.0_disp.txt

Data Record #2
===========================================================================
Step = 138
Time = 13.8
Data = sz
File = feb_inputs/active_ascl/../../raw_logs/active_ascl/ascl_2.0_stress.txt

Data Record #3
===========================================================================
Step = 138
Time = 13.8
Data = J
File = feb_inputs/active_ascl/../../raw_logs/active_ascl/ascl_2.0_vol.txt

===== beginning time step 139 : 13.9 =====


Reforming stiffness matrix: reformation #1

 1
 Nonlinear solution status: time= 13.9
	stiffness updates             = 0
	right hand side evaluations   = 2
	stiffness matrix reformations = 1
	step from line search         = 1.000000
	convergence norms :     INITIAL         CURRENT         REQUIRED
	   residual            3.513851e+01    4.090053e-09    0.000000e+00 
	   energy              1.953464e-01    1.017412e-06    1.953464e-03 
	   displacement        9.335472e-03    9.335472e-03    9.335472e-09 
 2
 Nonlinear solution status: time= 13.9
	stiffness updates             = 1
	right hand side evaluations   = 3
	stiffness matrix reformations = 1
	step from line search         = 1.000000
	convergence norms :     INITIAL         CURRENT         REQUIRED
	   residual            3.513851e+01    2.736549e-14    0.000000e+00 
	   energy              1.953464e-01    1.398371e-13    1.953464e-03 
	   displacement        9.335472e-03    1.561320e-11    9.335233e-09 

convergence summary
    number of iterations   : 2
    number of reformations : 1

------- converged at time : 13.9


Data Record #1
===========================================================================
Step = 139
Time = 13.9
Data = uz
File = feb_inputs/active_ascl/../../raw_logs/active_ascl/ascl_2.0_disp.txt

Data Record #2
===========================================================================
Step = 139
Time = 13.9
Data = sz
File = feb_inputs/active_ascl/../../raw_logs/active_ascl/ascl_2.0_stress.txt

Data Record #3
===========================================================================
Step = 139
Time = 13.9
Data = J
File = feb_inputs/active_ascl/../../raw_logs/active_ascl/ascl_2.0_vol.txt

===== beginning time step 140 : 14 =====


Reforming stiffness matrix: reformation #1

 1
 Nonlinear solution status: time= 14
	stiffness updates             = 0
	right hand side evaluations   = 2
	stiffness matrix reformations = 1
	step from line search         = 1.000000
	convergence norms :     INITIAL         CURRENT         REQUIRED
	   residual            3.305971e+01    3.382980e-09    0.000000e+00 
	   energy              1.882002e-01    1.130372e-06    1.882002e-03 
	   displacement        9.102118e-03    9.102118e-03    9.102118e-09 
 2
 Nonlinear solution status: time= 14
	stiffness updates             = 1
	right hand side evaluations   = 3
	stiffness matrix reformations = 1
	step from line search         = 1.000000
	convergence norms :     INITIAL         CURRENT         REQUIRED
	   residual            3.305971e+01    1.696450e-14    0.000000e+00 
	   energy              1.882002e-01    1.177978e-13    1.882002e-03 
	   displacement        9.102118e-03    1.671972e-11    9.101860e-09 

convergence summary
    number of iterations   : 2
    number of reformations : 1

------- converged at time : 14


Data Record #1
===========================================================================
Step = 140
Time = 14
Data = uz
File = feb_inputs/active_ascl/../../raw_logs/active_ascl/ascl_2.0_disp.txt

Data Record #2
===========================================================================
Step = 140
Time = 14
Data = sz
File = feb_inputs/active_ascl/../../raw_logs/active_ascl/ascl_2.0_stress.txt

Data Record #3
===========================================================================
Step = 140
Time = 14
Data = J
File = feb_inputs/active_ascl/../../raw_logs/active_ascl/ascl_2.0_vol.txt

===== beginning time step 141 : 14.1 =====


Reforming stiffness matrix: reformation #1

 1
 Nonlinear solution status: time= 14.1
	stiffness updates             = 0
	right hand side evaluations   = 2
	stiffness matrix reformations = 1
	step from line search         = 1.000000
	convergence norms :     INITIAL         CURRENT         REQUIRED
	   residual            3.090685e+01    3.921015e-09    0.000000e+00 
	   energy              1.803006e-01    1.260883e-06    1.803006e-03 
	   displacement        8.837148e-03    8.837148e-03    8.837148e-09 
 2
 Nonlinear solution status: time= 14.1
	stiffness updates             = 1
	right hand side evaluations   = 3
	stiffness matrix reformations = 1
	step from line search         = 1.000000
	convergence norms :     INITIAL         CURRENT         REQUIRED
	   residual            3.090685e+01    1.437845e-14    0.000000e+00 
	   energy              1.803006e-01    1.127483e-13    1.803006e-03 
	   displacement        8.837148e-03    1.895725e-11    8.836862e-09 

convergence summary
    number of iterations   : 2
    number of reformations : 1

------- converged at time : 14.1


Data Record #1
===========================================================================
Step = 141
Time = 14.1
Data = uz
File = feb_inputs/active_ascl/../../raw_logs/active_ascl/ascl_2.0_disp.txt

Data Record #2
===========================================================================
Step = 141
Time = 14.1
Data = sz
File = feb_inputs/active_ascl/../../raw_logs/active_ascl/ascl_2.0_stress.txt

Data Record #3
===========================================================================
Step = 141
Time = 14.1
Data = J
File = feb_inputs/active_ascl/../../raw_logs/active_ascl/ascl_2.0_vol.txt

===== beginning time step 142 : 14.2 =====


Reforming stiffness matrix: reformation #1

 1
 Nonlinear solution status: time= 14.2
	stiffness updates             = 0
	right hand side evaluations   = 2
	stiffness matrix reformations = 1
	step from line search         = 1.000000
	convergence norms :     INITIAL         CURRENT         REQUIRED
	   residual            2.878482e+01    4.227401e-09    0.000000e+00 
	   energy              1.715342e-01    1.313648e-06    1.715342e-03 
	   displacement        8.494891e-03    8.494891e-03    8.494891e-09 
 2
 Nonlinear solution status: time= 14.2
	stiffness updates             = 1
	right hand side evaluations   = 3
	stiffness matrix reformations = 1
	step from line search         = 1.000000
	convergence norms :     INITIAL         CURRENT         REQUIRED
	   residual            2.878482e+01    1.366086e-14    0.000000e+00 
	   energy              1.715342e-01    1.211837e-13    1.715342e-03 
	   displacement        8.494891e-03    2.084839e-11    8.494579e-09 

convergence summary
    number of iterations   : 2
    number of reformations : 1

------- converged at time : 14.2


Data Record #1
===========================================================================
Step = 142
Time = 14.2
Data = uz
File = feb_inputs/active_ascl/../../raw_logs/active_ascl/ascl_2.0_disp.txt

Data Record #2
===========================================================================
Step = 142
Time = 14.2
Data = sz
File = feb_inputs/active_ascl/../../raw_logs/active_ascl/ascl_2.0_stress.txt

Data Record #3
===========================================================================
Step = 142
Time = 14.2
Data = J
File = feb_inputs/active_ascl/../../raw_logs/active_ascl/ascl_2.0_vol.txt

===== beginning time step 143 : 14.3 =====


Reforming stiffness matrix: reformation #1

 1
 Nonlinear solution status: time= 14.3
	stiffness updates             = 0
	right hand side evaluations   = 2
	stiffness matrix reformations = 1
	step from line search         = 1.000000
	convergence norms :     INITIAL         CURRENT         REQUIRED
	   residual            2.672921e+01    4.322774e-09    0.000000e+00 
	   energy              1.618343e-01    1.258971e-06    1.618343e-03 
	   displacement        8.066461e-03    8.066461e-03    8.066461e-09 
 2
 Nonlinear solution status: time= 14.3
	stiffness updates             = 1
	right hand side evaluations   = 3
	stiffness matrix reformations = 1
	step from line search         = 1.000000
	convergence norms :     INITIAL         CURRENT         REQUIRED
	   residual            2.672921e+01    1.622159e-14    0.000000e+00 
	   energy              1.618343e-01    1.296599e-13    1.618343e-03 
	   displacement        8.066461e-03    2.137409e-11    8.066148e-09 

convergence summary
    number of iterations   : 2
    number of reformations : 1

------- converged at time : 14.3


Data Record #1
===========================================================================
Step = 143
Time = 14.3
Data = uz
File = feb_inputs/active_ascl/../../raw_logs/active_ascl/ascl_2.0_disp.txt

Data Record #2
===========================================================================
Step = 143
Time = 14.3
Data = sz
File = feb_inputs/active_ascl/../../raw_logs/active_ascl/ascl_2.0_stress.txt

Data Record #3
===========================================================================
Step = 143
Time = 14.3
Data = J
File = feb_inputs/active_ascl/../../raw_logs/active_ascl/ascl_2.0_vol.txt

===== beginning time step 144 : 14.4 =====


Reforming stiffness matrix: reformation #1

 1
 Nonlinear solution status: time= 14.4
	stiffness updates             = 0
	right hand side evaluations   = 2
	stiffness matrix reformations = 1
	step from line search         = 1.000000
	convergence norms :     INITIAL         CURRENT         REQUIRED
	   residual            2.472341e+01    4.254359e-09    0.000000e+00 
	   energy              1.512131e-01    1.133839e-06    1.512131e-03 
	   displacement        7.566937e-03    7.566937e-03    7.566937e-09 
 2
 Nonlinear solution status: time= 14.4
	stiffness updates             = 1
	right hand side evaluations   = 3
	stiffness matrix reformations = 1
	step from line search         = 1.000000
	convergence norms :     INITIAL         CURRENT         REQUIRED
	   residual            2.472341e+01    2.214177e-14    0.000000e+00 
	   energy              1.512131e-01    1.355785e-13    1.512131e-03 
	   displacement        7.566937e-03    2.096772e-11    7.566640e-09 

convergence summary
    number of iterations   : 2
    number of reformations : 1

------- converged at time : 14.4


Data Record #1
===========================================================================
Step = 144
Time = 14.4
Data = uz
File = feb_inputs/active_ascl/../../raw_logs/active_ascl/ascl_2.0_disp.txt

Data Record #2
===========================================================================
Step = 144
Time = 14.4
Data = sz
File = feb_inputs/active_ascl/../../raw_logs/active_ascl/ascl_2.0_stress.txt

Data Record #3
===========================================================================
Step = 144
Time = 14.4
Data = J
File = feb_inputs/active_ascl/../../raw_logs/active_ascl/ascl_2.0_vol.txt

===== beginning time step 145 : 14.5 =====


Reforming stiffness matrix: reformation #1

 1
 Nonlinear solution status: time= 14.5
	stiffness updates             = 0
	right hand side evaluations   = 2
	stiffness matrix reformations = 1
	step from line search         = 1.000000
	convergence norms :     INITIAL         CURRENT         REQUIRED
	   residual            2.277576e+01    3.675394e-09    0.000000e+00 
	   energy              1.397297e-01    1.000817e-06    1.397297e-03 
	   displacement        7.001763e-03    7.001763e-03    7.001763e-09 
 2
 Nonlinear solution status: time= 14.5
	stiffness updates             = 1
	right hand side evaluations   = 3
	stiffness matrix reformations = 1
	step from line search         = 1.000000
	convergence norms :     INITIAL         CURRENT         REQUIRED
	   residual            2.277576e+01    2.410020e-14    0.000000e+00 
	   energy              1.397297e-01    1.350528e-13    1.397297e-03 
	   displacement        7.001763e-03    1.960676e-11    7.001495e-09 

convergence summary
    number of iterations   : 2
    number of reformations : 1

------- converged at time : 14.5


Data Record #1
===========================================================================
Step = 145
Time = 14.5
Data = uz
File = feb_inputs/active_ascl/../../raw_logs/active_ascl/ascl_2.0_disp.txt

Data Record #2
===========================================================================
Step = 145
Time = 14.5
Data = sz
File = feb_inputs/active_ascl/../../raw_logs/active_ascl/ascl_2.0_stress.txt

Data Record #3
===========================================================================
Step = 145
Time = 14.5
Data = J
File = feb_inputs/active_ascl/../../raw_logs/active_ascl/ascl_2.0_vol.txt

===== beginning time step 146 : 14.6 =====


Reforming stiffness matrix: reformation #1

 1
 Nonlinear solution status: time= 14.6
	stiffness updates             = 0
	right hand side evaluations   = 2
	stiffness matrix reformations = 1
	step from line search         = 1.000000
	convergence norms :     INITIAL         CURRENT         REQUIRED
	   residual            2.087191e+01    3.118244e-09    0.000000e+00 
	   energy              1.275120e-01    9.149921e-07    1.275120e-03 
	   displacement        6.371118e-03    6.371118e-03    6.371118e-09 
 2
 Nonlinear solution status: time= 14.6
	stiffness updates             = 1
	right hand side evaluations   = 3
	stiffness matrix reformations = 1
	step from line search         = 1.000000
	convergence norms :     INITIAL         CURRENT         REQUIRED
	   residual            2.087191e+01    2.116340e-14    0.000000e+00 
	   energy              1.275120e-01    1.289932e-13    1.275120e-03 
	   displacement        6.371118e-03    1.864828e-11    6.370874e-09 

convergence summary
    number of iterations   : 2
    number of reformations : 1

------- converged at time : 14.6


Data Record #1
===========================================================================
Step = 146
Time = 14.6
Data = uz
File = feb_inputs/active_ascl/../../raw_logs/active_ascl/ascl_2.0_disp.txt

Data Record #2
===========================================================================
Step = 146
Time = 14.6
Data = sz
File = feb_inputs/active_ascl/../../raw_logs/active_ascl/ascl_2.0_stress.txt

Data Record #3
===========================================================================
Step = 146
Time = 14.6
Data = J
File = feb_inputs/active_ascl/../../raw_logs/active_ascl/ascl_2.0_vol.txt

===== beginning time step 147 : 14.7 =====


Reforming stiffness matrix: reformation #1

 1
 Nonlinear solution status: time= 14.7
	stiffness updates             = 0
	right hand side evaluations   = 2
	stiffness matrix reformations = 1
	step from line search         = 1.000000
	convergence norms :     INITIAL         CURRENT         REQUIRED
	   residual            1.894047e+01    3.059639e-09    0.000000e+00 
	   energy              1.147863e-01    8.587415e-07    1.147863e-03 
	   displacement        5.700328e-03    5.700328e-03    5.700328e-09 
 2
 Nonlinear solution status: time= 14.7
	stiffness updates             = 1
	right hand side evaluations   = 3
	stiffness matrix reformations = 1
	step from line search         = 1.000000
	convergence norms :     INITIAL         CURRENT         REQUIRED
	   residual            1.894047e+01    2.106041e-14    0.000000e+00 
	   energy              1.147863e-01    1.252980e-13    1.147863e-03 
	   displacement        5.700328e-03    1.747527e-11    5.700107e-09 

convergence summary
    number of iterations   : 2
    number of reformations : 1

------- converged at time : 14.7


Data Record #1
===========================================================================
Step = 147
Time = 14.7
Data = uz
File = feb_inputs/active_ascl/../../raw_logs/active_ascl/ascl_2.0_disp.txt

Data Record #2
===========================================================================
Step = 147
Time = 14.7
Data = sz
File = feb_inputs/active_ascl/../../raw_logs/active_ascl/ascl_2.0_stress.txt

Data Record #3
===========================================================================
Step = 147
Time = 14.7
Data = J
File = feb_inputs/active_ascl/../../raw_logs/active_ascl/ascl_2.0_vol.txt

===== beginning time step 148 : 14.8 =====


Reforming stiffness matrix: reformation #1

 1
 Nonlinear solution status: time= 14.8
	stiffness updates             = 0
	right hand side evaluations   = 2
	stiffness matrix reformations = 1
	step from line search         = 1.000000
	convergence norms :     INITIAL         CURRENT         REQUIRED
	   residual            1.694112e+01    3.240440e-09    0.000000e+00 
	   energy              1.018751e-01    7.863957e-07    1.018751e-03 
	   displacement        5.035382e-03    5.035382e-03    5.035382e-09 
 2
 Nonlinear solution status: time= 14.8
	stiffness updates             = 1
	right hand side evaluations   = 3
	stiffness matrix reformations = 1
	step from line search         = 1.000000
	convergence norms :     INITIAL         CURRENT         REQUIRED
	   residual            1.694112e+01    2.384139e-14    0.000000e+00 
	   energy              1.018751e-01    1.214273e-13    1.018751e-03 
	   displacement        5.035382e-03    1.539627e-11    5.035189e-09 

convergence summary
    number of iterations   : 2
    number of reformations : 1

------- converged at time : 14.8


Data Record #1
===========================================================================
Step = 148
Time = 14.8
Data = uz
File = feb_inputs/active_ascl/../../raw_logs/active_ascl/ascl_2.0_disp.txt

Data Record #2
===========================================================================
Step = 148
Time = 14.8
Data = sz
File = feb_inputs/active_ascl/../../raw_logs/active_ascl/ascl_2.0_stress.txt

Data Record #3
===========================================================================
Step = 148
Time = 14.8
Data = J
File = feb_inputs/active_ascl/../../raw_logs/active_ascl/ascl_2.0_vol.txt

===== beginning time step 149 : 14.9 =====


Reforming stiffness matrix: reformation #1

 1
 Nonlinear solution status: time= 14.9
	stiffness updates             = 0
	right hand side evaluations   = 2
	stiffness matrix reformations = 1
	step from line search         = 1.000000
	convergence norms :     INITIAL         CURRENT         REQUIRED
	   residual            1.493799e+01    2.910600e-09    0.000000e+00 
	   energy              8.921894e-02    6.861786e-07    8.921894e-04 
	   displacement        4.406287e-03    4.406287e-03    4.406287e-09 
 2
 Nonlinear solution status: time= 14.9
	stiffness updates             = 1
	right hand side evaluations   = 3
	stiffness matrix reformations = 1
	step from line search         = 1.000000
	convergence norms :     INITIAL         CURRENT         REQUIRED
	   residual            1.493799e+01    2.242775e-14    0.000000e+00 
	   energy              8.921894e-02    1.107078e-13    8.921894e-04 
	   displacement        4.406287e-03    1.331276e-11    4.406120e-09 

convergence summary
    number of iterations   : 2
    number of reformations : 1

------- converged at time : 14.9


Data Record #1
===========================================================================
Step = 149
Time = 14.9
Data = uz
File = feb_inputs/active_ascl/../../raw_logs/active_ascl/ascl_2.0_disp.txt

Data Record #2
===========================================================================
Step = 149
Time = 14.9
Data = sz
File = feb_inputs/active_ascl/../../raw_logs/active_ascl/ascl_2.0_stress.txt

Data Record #3
===========================================================================
Step = 149
Time = 14.9
Data = J
File = feb_inputs/active_ascl/../../raw_logs/active_ascl/ascl_2.0_vol.txt

===== beginning time step 150 : 15 =====


Reforming stiffness matrix: reformation #1

 1
 Nonlinear solution status: time= 15
	stiffness updates             = 0
	right hand side evaluations   = 2
	stiffness matrix reformations = 1
	step from line search         = 1.000000
	convergence norms :     INITIAL         CURRENT         REQUIRED
	   residual            1.307191e+01    2.425585e-09    0.000000e+00 
	   energy              7.732738e-02    5.793612e-07    7.732738e-04 
	   displacement        3.824908e-03    3.824908e-03    3.824908e-09 
 2
 Nonlinear solution status: time= 15
	stiffness updates             = 1
	right hand side evaluations   = 3
	stiffness matrix reformations = 1
	step from line search         = 1.000000
	convergence norms :     INITIAL         CURRENT         REQUIRED
	   residual            1.307191e+01    1.980334e-14    0.000000e+00 
	   energy              7.732738e-02    9.394697e-14    7.732738e-04 
	   displacement        3.824908e-03    1.108221e-11    3.824766e-09 

convergence summary
    number of iterations   : 2
    number of reformations : 1

------- converged at time : 15


Data Record #1
===========================================================================
Step = 150
Time = 15
Data = uz
File = feb_inputs/active_ascl/../../raw_logs/active_ascl/ascl_2.0_disp.txt

Data Record #2
===========================================================================
Step = 150
Time = 15
Data = sz
File = feb_inputs/active_ascl/../../raw_logs/active_ascl/ascl_2.0_stress.txt

Data Record #3
===========================================================================
Step = 150
Time = 15
Data = J
File = feb_inputs/active_ascl/../../raw_logs/active_ascl/ascl_2.0_vol.txt

===== beginning time step 151 : 15.1 =====


Reforming stiffness matrix: reformation #1

 1
 Nonlinear solution status: time= 15.1
	stiffness updates             = 0
	right hand side evaluations   = 2
	stiffness matrix reformations = 1
	step from line search         = 1.000000
	convergence norms :     INITIAL         CURRENT         REQUIRED
	   residual            1.143263e+01    2.298351e-09    0.000000e+00 
	   energy              6.665130e-02    4.953317e-07    6.665130e-04 
	   displacement        3.305144e-03    3.305144e-03    3.305144e-09 
 2
 Nonlinear solution status: time= 15.1
	stiffness updates             = 1
	right hand side evaluations   = 3
	stiffness matrix reformations = 1
	step from line search         = 1.000000
	convergence norms :     INITIAL         CURRENT         REQUIRED
	   residual            1.143263e+01    2.077591e-14    0.000000e+00 
	   energy              6.665130e-02    8.750622e-14    6.665130e-04 
	   displacement        3.305144e-03    9.678249e-12    3.305020e-09 

convergence summary
    number of iterations   : 2
    number of reformations : 1

------- converged at time : 15.1


Data Record #1
===========================================================================
Step = 151
Time = 15.1
Data = uz
File = feb_inputs/active_ascl/../../raw_logs/active_ascl/ascl_2.0_disp.txt

Data Record #2
===========================================================================
Step = 151
Time = 15.1
Data = sz
File = feb_inputs/active_ascl/../../raw_logs/active_ascl/ascl_2.0_stress.txt

Data Record #3
===========================================================================
Step = 151
Time = 15.1
Data = J
File = feb_inputs/active_ascl/../../raw_logs/active_ascl/ascl_2.0_vol.txt

===== beginning time step 152 : 15.2 =====


Reforming stiffness matrix: reformation #1

 1
 Nonlinear solution status: time= 15.2
	stiffness updates             = 0
	right hand side evaluations   = 2
	stiffness matrix reformations = 1
	step from line search         = 1.000000
	convergence norms :     INITIAL         CURRENT         REQUIRED
	   residual            1.002666e+01    1.968301e-09    0.000000e+00 
	   energy              5.742355e-02    4.510526e-07    5.742355e-04 
	   displacement        2.851043e-03    2.851043e-03    2.851043e-09 
 2
 Nonlinear solution status: time= 15.2
	stiffness updates             = 1
	right hand side evaluations   = 3
	stiffness matrix reformations = 1
	step from line search         = 1.000000
	convergence norms :     INITIAL         CURRENT         REQUIRED
	   residual            1.002666e+01    1.676187e-14    0.000000e+00 
	   energy              5.742355e-02    8.981467e-14    5.742355e-04 
	   displacement        2.851043e-03    9.390144e-12    2.850926e-09 

convergence summary
    number of iterations   : 2
    number of reformations : 1

------- converged at time : 15.2


Data Record #1
===========================================================================
Step = 152
Time = 15.2
Data = uz
File = feb_inputs/active_ascl/../../raw_logs/active_ascl/ascl_2.0_disp.txt

Data Record #2
===========================================================================
Step = 152
Time = 15.2
Data = sz
File = feb_inputs/active_ascl/../../raw_logs/active_ascl/ascl_2.0_stress.txt

Data Record #3
===========================================================================
Step = 152
Time = 15.2
Data = J
File = feb_inputs/active_ascl/../../raw_logs/active_ascl/ascl_2.0_vol.txt

===== beginning time step 153 : 15.3 =====


Reforming stiffness matrix: reformation #1

 1
 Nonlinear solution status: time= 15.3
	stiffness updates             = 0
	right hand side evaluations   = 2
	stiffness matrix reformations = 1
	step from line search         = 1.000000
	convergence norms :     INITIAL         CURRENT         REQUIRED
	   residual            8.844187e+00    2.277086e-09    0.000000e+00 
	   energy              4.963167e-02    4.378005e-07    4.963167e-04 
	   displacement        2.458606e-03    2.458606e-03    2.458606e-09 
 2
 Nonlinear solution status: time= 15.3
	stiffness updates             = 1
	right hand side evaluations   = 3
	stiffness matrix reformations = 1
	step from line search         = 1.000000
	convergence norms :     INITIAL         CURRENT         REQUIRED
	   residual            8.844187e+00    1.823275e-14    0.000000e+00 
	   energy              4.963167e-02    9.833964e-14    4.963167e-04 
	   displacement        2.458606e-03    9.518823e-12    2.458486e-09 

convergence summary
    number of iterations   : 2
    number of reformations : 1

------- converged at time : 15.3


Data Record #1
===========================================================================
Step = 153
Time = 15.3
Data = uz
File = feb_inputs/active_ascl/../../raw_logs/active_ascl/ascl_2.0_disp.txt

Data Record #2
===========================================================================
Step = 153
Time = 15.3
Data = sz
File = feb_inputs/active_ascl/../../raw_logs/active_ascl/ascl_2.0_stress.txt

Data Record #3
===========================================================================
Step = 153
Time = 15.3
Data = J
File = feb_inputs/active_ascl/../../raw_logs/active_ascl/ascl_2.0_vol.txt

===== beginning time step 154 : 15.4 =====


Reforming stiffness matrix: reformation #1

 1
 Nonlinear solution status: time= 15.4
	stiffness updates             = 0
	right hand side evaluations   = 2
	stiffness matrix reformations = 1
	step from line search         = 1.000000
	convergence norms :     INITIAL         CURRENT         REQUIRED
	   residual            7.844333e+00    2.340050e-09    0.000000e+00 
	   energy              4.306455e-02    4.159395e-07    4.306455e-04 
	   displacement        2.125918e-03    2.125918e-03    2.125918e-09 
 2
 Nonlinear solution status: time= 15.4
	stiffness updates             = 1
	right hand side evaluations   = 3
	stiffness matrix reformations = 1
	step from line search         = 1.000000
	convergence norms :     INITIAL         CURRENT         REQUIRED
	   residual            7.844333e+00    2.059233e-14    0.000000e+00 
	   energy              4.306455e-02    1.118832e-13    4.306455e-04 
	   displacement        2.125918e-03    9.851607e-12    2.125800e-09 

convergence summary
    number of iterations   : 2
    number of reformations : 1

------- converged at time : 15.4


Data Record #1
===========================================================================
Step = 154
Time = 15.4
Data = uz
File = feb_inputs/active_ascl/../../raw_logs/active_ascl/ascl_2.0_disp.txt

Data Record #2
===========================================================================
Step = 154
Time = 15.4
Data = sz
File = feb_inputs/active_ascl/../../raw_logs/active_ascl/ascl_2.0_stress.txt

Data Record #3
===========================================================================
Step = 154
Time = 15.4
Data = J
File = feb_inputs/active_ascl/../../raw_logs/active_ascl/ascl_2.0_vol.txt

===== beginning time step 155 : 15.5 =====


Reforming stiffness matrix: reformation #1

 1
 Nonlinear solution status: time= 15.5
	stiffness updates             = 0
	right hand side evaluations   = 2
	stiffness matrix reformations = 1
	step from line search         = 1.000000
	convergence norms :     INITIAL         CURRENT         REQUIRED
	   residual            6.951021e+00    2.182538e-09    0.000000e+00 
	   energy              3.742744e-02    3.664569e-07    3.742744e-04 
	   displacement        1.843066e-03    1.843066e-03    1.843066e-09 
 2
 Nonlinear solution status: time= 15.5
	stiffness updates             = 1
	right hand side evaluations   = 3
	stiffness matrix reformations = 1
	step from line search         = 1.000000
	convergence norms :     INITIAL         CURRENT         REQUIRED
	   residual            6.951021e+00    2.000316e-14    0.000000e+00 
	   energy              3.742744e-02    1.090163e-13    3.742744e-04 
	   displacement        1.843066e-03    8.938880e-12    1.842961e-09 

convergence summary
    number of iterations   : 2
    number of reformations : 1

------- converged at time : 15.5


Data Record #1
===========================================================================
Step = 155
Time = 15.5
Data = uz
File = feb_inputs/active_ascl/../../raw_logs/active_ascl/ascl_2.0_disp.txt

Data Record #2
===========================================================================
Step = 155
Time = 15.5
Data = sz
File = feb_inputs/active_ascl/../../raw_logs/active_ascl/ascl_2.0_stress.txt

Data Record #3
===========================================================================
Step = 155
Time = 15.5
Data = J
File = feb_inputs/active_ascl/../../raw_logs/active_ascl/ascl_2.0_vol.txt

===== beginning time step 156 : 15.6 =====


Reforming stiffness matrix: reformation #1

 1
 Nonlinear solution status: time= 15.6
	stiffness updates             = 0
	right hand side evaluations   = 2
	stiffness matrix reformations = 1
	step from line search         = 1.000000
	convergence norms :     INITIAL         CURRENT         REQUIRED
	   residual            6.106535e+00    2.863675e-09    0.000000e+00 
	   energy              3.245647e-02    3.177909e-07    3.245647e-04 
	   displacement        1.597572e-03    1.597572e-03    1.597572e-09 
 2
 Nonlinear solution status: time= 15.6
	stiffness updates             = 1
	right hand side evaluations   = 3
	stiffness matrix reformations = 1
	step from line search         = 1.000000
	convergence norms :     INITIAL         CURRENT         REQUIRED
	   residual            6.106535e+00    2.464521e-14    0.000000e+00 
	   energy              3.245647e-02    1.162852e-13    3.245647e-04 
	   displacement        1.597572e-03    8.750423e-12    1.597476e-09 

convergence summary
    number of iterations   : 2
    number of reformations : 1

------- converged at time : 15.6


Data Record #1
===========================================================================
Step = 156
Time = 15.6
Data = uz
File = feb_inputs/active_ascl/../../raw_logs/active_ascl/ascl_2.0_disp.txt

Data Record #2
===========================================================================
Step = 156
Time = 15.6
Data = sz
File = feb_inputs/active_ascl/../../raw_logs/active_ascl/ascl_2.0_stress.txt

Data Record #3
===========================================================================
Step = 156
Time = 15.6
Data = J
File = feb_inputs/active_ascl/../../raw_logs/active_ascl/ascl_2.0_vol.txt

===== beginning time step 157 : 15.7 =====


Reforming stiffness matrix: reformation #1

 1
 Nonlinear solution status: time= 15.7
	stiffness updates             = 0
	right hand side evaluations   = 2
	stiffness matrix reformations = 1
	step from line search         = 1.000000
	convergence norms :     INITIAL         CURRENT         REQUIRED
	   residual            5.303679e+00    3.266352e-09    0.000000e+00 
	   energy              2.797404e-02    2.801581e-07    2.797404e-04 
	   displacement        1.375439e-03    1.375439e-03    1.375439e-09 
 2
 Nonlinear solution status: time= 15.7
	stiffness updates             = 1
	right hand side evaluations   = 3
	stiffness matrix reformations = 1
	step from line search         = 1.000000
	convergence norms :     INITIAL         CURRENT         REQUIRED
	   residual            5.303679e+00    2.634101e-14    0.000000e+00 
	   energy              2.797404e-02    1.234602e-13    2.797404e-04 
	   displacement        1.375439e-03    9.278028e-12    1.375350e-09 

convergence summary
    number of iterations   : 2
    number of reformations : 1

------- converged at time : 15.7


Data Record #1
===========================================================================
Step = 157
Time = 15.7
Data = uz
File = feb_inputs/active_ascl/../../raw_logs/active_ascl/ascl_2.0_disp.txt

Data Record #2
===========================================================================
Step = 157
Time = 15.7
Data = sz
File = feb_inputs/active_ascl/../../raw_logs/active_ascl/ascl_2.0_stress.txt

Data Record #3
===========================================================================
Step = 157
Time = 15.7
Data = J
File = feb_inputs/active_ascl/../../raw_logs/active_ascl/ascl_2.0_vol.txt

===== beginning time step 158 : 15.8 =====


Reforming stiffness matrix: reformation #1

 1
 Nonlinear solution status: time= 15.8
	stiffness updates             = 0
	right hand side evaluations   = 2
	stiffness matrix reformations = 1
	step from line search         = 1.000000
	convergence norms :     INITIAL         CURRENT         REQUIRED
	   residual            4.548258e+00    3.169648e-09    0.000000e+00 
	   energy              2.396021e-02    2.503136e-07    2.396021e-04 
	   displacement        1.173424e-03    1.173424e-03    1.173424e-09 
 2
 Nonlinear solution status: time= 15.8
	stiffness updates             = 1
	right hand side evaluations   = 3
	stiffness matrix reformations = 1
	step from line search         = 1.000000
	convergence norms :     INITIAL         CURRENT         REQUIRED
	   residual            4.548258e+00    2.379878e-14    0.000000e+00 
	   energy              2.396021e-02    1.251030e-13    2.396021e-04 
	   displacement        1.173424e-03    9.117163e-12    1.173346e-09 

convergence summary
    number of iterations   : 2
    number of reformations : 1

------- converged at time : 15.8


Data Record #1
===========================================================================
Step = 158
Time = 15.8
Data = uz
File = feb_inputs/active_ascl/../../raw_logs/active_ascl/ascl_2.0_disp.txt

Data Record #2
===========================================================================
Step = 158
Time = 15.8
Data = sz
File = feb_inputs/active_ascl/../../raw_logs/active_ascl/ascl_2.0_stress.txt

Data Record #3
===========================================================================
Step = 158
Time = 15.8
Data = J
File = feb_inputs/active_ascl/../../raw_logs/active_ascl/ascl_2.0_vol.txt

===== beginning time step 159 : 15.9 =====


Reforming stiffness matrix: reformation #1

 1
 Nonlinear solution status: time= 15.9
	stiffness updates             = 0
	right hand side evaluations   = 2
	stiffness matrix reformations = 1
	step from line search         = 1.000000
	convergence norms :     INITIAL         CURRENT         REQUIRED
	   residual            3.852571e+00    2.832451e-09    0.000000e+00 
	   energy              2.057638e-02    2.304980e-07    2.057638e-04 
	   displacement        1.009835e-03    1.009835e-03    1.009835e-09 
 2
 Nonlinear solution status: time= 15.9
	stiffness updates             = 1
	right hand side evaluations   = 3
	stiffness matrix reformations = 1
	step from line search         = 1.000000
	convergence norms :     INITIAL         CURRENT         REQUIRED
	   residual            3.852571e+00    2.571690e-14    0.000000e+00 
	   energy              2.057638e-02    1.235051e-13    2.057638e-04 
	   displacement        1.009835e-03    8.213938e-12    1.009765e-09 

convergence summary
    number of iterations   : 2
    number of reformations : 1

------- converged at time : 15.9


Data Record #1
===========================================================================
Step = 159
Time = 15.9
Data = uz
File = feb_inputs/active_ascl/../../raw_logs/active_ascl/ascl_2.0_disp.txt

Data Record #2
===========================================================================
Step = 159
Time = 15.9
Data = sz
File = feb_inputs/active_ascl/../../raw_logs/active_ascl/ascl_2.0_stress.txt

Data Record #3
===========================================================================
Step = 159
Time = 15.9
Data = J
File = feb_inputs/active_ascl/../../raw_logs/active_ascl/ascl_2.0_vol.txt

===== beginning time step 160 : 16 =====


Reforming stiffness matrix: reformation #1

 1
 Nonlinear solution status: time= 16
	stiffness updates             = 0
	right hand side evaluations   = 2
	stiffness matrix reformations = 1
	step from line search         = 1.000000
	convergence norms :     INITIAL         CURRENT         REQUIRED
	   residual            3.267266e+00    2.064390e-09    0.000000e+00 
	   energy              1.812791e-02    2.165659e-07    1.812791e-04 
	   displacement        9.079547e-04    9.079547e-04    9.079547e-10 
 2
 Nonlinear solution status: time= 16
	stiffness updates             = 1
	right hand side evaluations   = 3
	stiffness matrix reformations = 1
	step from line search         = 1.000000
	convergence norms :     INITIAL         CURRENT         REQUIRED
	   residual            3.267266e+00    2.130201e-14    0.000000e+00 
	   energy              1.812791e-02    1.020303e-13    1.812791e-04 
	   displacement        9.079547e-04    6.990877e-12    9.078816e-10 

convergence summary
    number of iterations   : 2
    number of reformations : 1

------- converged at time : 16


Data Record #1
===========================================================================
Step = 160
Time = 16
Data = uz
File = feb_inputs/active_ascl/../../raw_logs/active_ascl/ascl_2.0_disp.txt

Data Record #2
===========================================================================
Step = 160
Time = 16
Data = sz
File = feb_inputs/active_ascl/../../raw_logs/active_ascl/ascl_2.0_stress.txt

Data Record #3
===========================================================================
Step = 160
Time = 16
Data = J
File = feb_inputs/active_ascl/../../raw_logs/active_ascl/ascl_2.0_vol.txt

===== beginning time step 161 : 16.1 =====


Reforming stiffness matrix: reformation #1

 1
 Nonlinear solution status: time= 16.1
	stiffness updates             = 0
	right hand side evaluations   = 2
	stiffness matrix reformations = 1
	step from line search         = 1.000000
	convergence norms :     INITIAL         CURRENT         REQUIRED
	   residual            2.871211e+00    2.240696e-09    0.000000e+00 
	   energy              1.693555e-02    2.145738e-07    1.693555e-04 
	   displacement        8.829267e-04    8.829267e-04    8.829267e-10 
 2
 Nonlinear solution status: time= 16.1
	stiffness updates             = 1
	right hand side evaluations   = 3
	stiffness matrix reformations = 1
	step from line search         = 1.000000
	convergence norms :     INITIAL         CURRENT         REQUIRED
	   residual            2.871211e+00    1.957836e-14    0.000000e+00 
	   energy              1.693555e-02    8.160666e-14    1.693555e-04 
	   displacement        8.829267e-04    6.279336e-12    8.828478e-10 

convergence summary
    number of iterations   : 2
    number of reformations : 1

------- converged at time : 16.1


Data Record #1
===========================================================================
Step = 161
Time = 16.1
Data = uz
File = feb_inputs/active_ascl/../../raw_logs/active_ascl/ascl_2.0_disp.txt

Data Record #2
===========================================================================
Step = 161
Time = 16.1
Data = sz
File = feb_inputs/active_ascl/../../raw_logs/active_ascl/ascl_2.0_stress.txt

Data Record #3
===========================================================================
Step = 161
Time = 16.1
Data = J
File = feb_inputs/active_ascl/../../raw_logs/active_ascl/ascl_2.0_vol.txt

===== beginning time step 162 : 16.2 =====


Reforming stiffness matrix: reformation #1

 1
 Nonlinear solution status: time= 16.2
	stiffness updates             = 0
	right hand side evaluations   = 2
	stiffness matrix reformations = 1
	step from line search         = 1.000000
	convergence norms :     INITIAL         CURRENT         REQUIRED
	   residual            2.739241e+00    2.485607e-09    0.000000e+00 
	   energy              1.716876e-02    2.404933e-07    1.716876e-04 
	   displacement        9.352058e-04    9.352058e-04    9.352058e-10 
 2
 Nonlinear solution status: time= 16.2
	stiffness updates             = 1
	right hand side evaluations   = 3
	stiffness matrix reformations = 1
	step from line search         = 1.000000
	convergence norms :     INITIAL         CURRENT         REQUIRED
	   residual            2.739241e+00    1.846614e-14    0.000000e+00 
	   energy              1.716876e-02    6.777659e-14    1.716876e-04 
	   displacement        9.352058e-04    6.377626e-12    9.351200e-10 

convergence summary
    number of iterations   : 2
    number of reformations : 1

------- converged at time : 16.2


Data Record #1
===========================================================================
Step = 162
Time = 16.2
Data = uz
File = feb_inputs/active_ascl/../../raw_logs/active_ascl/ascl_2.0_disp.txt

Data Record #2
===========================================================================
Step = 162
Time = 16.2
Data = sz
File = feb_inputs/active_ascl/../../raw_logs/active_ascl/ascl_2.0_stress.txt

Data Record #3
===========================================================================
Step = 162
Time = 16.2
Data = J
File = feb_inputs/active_ascl/../../raw_logs/active_ascl/ascl_2.0_vol.txt

===== beginning time step 163 : 16.3 =====


Reforming stiffness matrix: reformation #1

 1
 Nonlinear solution status: time= 16.3
	stiffness updates             = 0
	right hand side evaluations   = 2
	stiffness matrix reformations = 1
	step from line search         = 1.000000
	convergence norms :     INITIAL         CURRENT         REQUIRED
	   residual            2.904854e+00    4.420763e-09    0.000000e+00 
	   energy              1.875986e-02    3.136231e-07    1.875986e-04 
	   displacement        1.049879e-03    1.049879e-03    1.049879e-09 
 2
 Nonlinear solution status: time= 16.3
	stiffness updates             = 1
	right hand side evaluations   = 3
	stiffness matrix reformations = 1
	step from line search         = 1.000000
	convergence norms :     INITIAL         CURRENT         REQUIRED
	   residual            2.904854e+00    2.768738e-14    0.000000e+00 
	   energy              1.875986e-02    8.907922e-14    1.875986e-04 
	   displacement        1.049879e-03    8.227526e-12    1.049778e-09 

convergence summary
    number of iterations   : 2
    number of reformations : 1

------- converged at time : 16.3


Data Record #1
===========================================================================
Step = 163
Time = 16.3
Data = uz
File = feb_inputs/active_ascl/../../raw_logs/active_ascl/ascl_2.0_disp.txt

Data Record #2
===========================================================================
Step = 163
Time = 16.3
Data = sz
File = feb_inputs/active_ascl/../../raw_logs/active_ascl/ascl_2.0_stress.txt

Data Record #3
===========================================================================
Step = 163
Time = 16.3
Data = J
File = feb_inputs/active_ascl/../../raw_logs/active_ascl/ascl_2.0_vol.txt

===== beginning time step 164 : 16.4 =====


Reforming stiffness matrix: reformation #1

 1
 Nonlinear solution status: time= 16.4
	stiffness updates             = 0
	right hand side evaluations   = 2
	stiffness matrix reformations = 1
	step from line search         = 1.000000
	convergence norms :     INITIAL         CURRENT         REQUIRED
	   residual            3.347192e+00    7.334717e-09    0.000000e+00 
	   energy              2.140486e-02    4.228266e-07    2.140486e-04 
	   displacement        1.204117e-03    1.204117e-03    1.204117e-09 
 2
 Nonlinear solution status: time= 16.4
	stiffness updates             = 1
	right hand side evaluations   = 3
	stiffness matrix reformations = 1
	step from line search         = 1.000000
	convergence norms :     INITIAL         CURRENT         REQUIRED
	   residual            3.347192e+00    4.059930e-14    0.000000e+00 
	   energy              2.140486e-02    1.254564e-13    2.140486e-04 
	   displacement        1.204117e-03    1.109826e-11    1.203995e-09 

convergence summary
    number of iterations   : 2
    number of reformations : 1

------- converged at time : 16.4


Data Record #1
===========================================================================
Step = 164
Time = 16.4
Data = uz
File = feb_inputs/active_ascl/../../raw_logs/active_ascl/ascl_2.0_disp.txt

Data Record #2
===========================================================================
Step = 164
Time = 16.4
Data = sz
File = feb_inputs/active_ascl/../../raw_logs/active_ascl/ascl_2.0_stress.txt

Data Record #3
===========================================================================
Step = 164
Time = 16.4
Data = J
File = feb_inputs/active_ascl/../../raw_logs/active_ascl/ascl_2.0_vol.txt

===== beginning time step 165 : 16.5 =====


Reforming stiffness matrix: reformation #1

 1
 Nonlinear solution status: time= 16.5
	stiffness updates             = 0
	right hand side evaluations   = 2
	stiffness matrix reformations = 1
	step from line search         = 1.000000
	convergence norms :     INITIAL         CURRENT         REQUIRED
	   residual            3.992890e+00    9.711017e-09    0.000000e+00 
	   energy              2.473104e-02    5.445590e-07    2.473104e-04 
	   displacement        1.377862e-03    1.377862e-03    1.377862e-09 
 2
 Nonlinear solution status: time= 16.5
	stiffness updates             = 1
	right hand side evaluations   = 3
	stiffness matrix reformations = 1
	step from line search         = 1.000000
	convergence norms :     INITIAL         CURRENT         REQUIRED
	   residual            3.992890e+00    4.777557e-14    0.000000e+00 
	   energy              2.473104e-02    1.449462e-13    2.473104e-04 
	   displacement        1.377862e-03    1.373322e-11    1.377717e-09 

convergence summary
    number of iterations   : 2
    number of reformations : 1

------- converged at time : 16.5


Data Record #1
===========================================================================
Step = 165
Time = 16.5
Data = uz
File = feb_inputs/active_ascl/../../raw_logs/active_ascl/ascl_2.0_disp.txt

Data Record #2
===========================================================================
Step = 165
Time = 16.5
Data = sz
File = feb_inputs/active_ascl/../../raw_logs/active_ascl/ascl_2.0_stress.txt

Data Record #3
===========================================================================
Step = 165
Time = 16.5
Data = J
File = feb_inputs/active_ascl/../../raw_logs/active_ascl/ascl_2.0_vol.txt

===== beginning time step 166 : 16.6 =====


Reforming stiffness matrix: reformation #1

 1
 Nonlinear solution status: time= 16.6
	stiffness updates             = 0
	right hand side evaluations   = 2
	stiffness matrix reformations = 1
	step from line search         = 1.000000
	convergence norms :     INITIAL         CURRENT         REQUIRED
	   residual            4.731967e+00    1.094160e-08    0.000000e+00 
	   energy              2.843173e-02    6.431069e-07    2.843173e-04 
	   displacement        1.558629e-03    1.558629e-03    1.558629e-09 
 2
 Nonlinear solution status: time= 16.6
	stiffness updates             = 1
	right hand side evaluations   = 3
	stiffness matrix reformations = 1
	step from line search         = 1.000000
	convergence norms :     INITIAL         CURRENT         REQUIRED
	   residual            4.731967e+00    5.590265e-14    0.000000e+00 
	   energy              2.843173e-02    1.487566e-13    2.843173e-04 
	   displacement        1.558629e-03    1.500909e-11    1.558467e-09 

convergence summary
    number of iterations   : 2
    number of reformations : 1

------- converged at time : 16.6


Data Record #1
===========================================================================
Step = 166
Time = 16.6
Data = uz
File = feb_inputs/active_ascl/../../raw_logs/active_ascl/ascl_2.0_disp.txt

Data Record #2
===========================================================================
Step = 166
Time = 16.6
Data = sz
File = feb_inputs/active_ascl/../../raw_logs/active_ascl/ascl_2.0_stress.txt

Data Record #3
===========================================================================
Step = 166
Time = 16.6
Data = J
File = feb_inputs/active_ascl/../../raw_logs/active_ascl/ascl_2.0_vol.txt

===== beginning time step 167 : 16.7 =====


Reforming stiffness matrix: reformation #1

 1
 Nonlinear solution status: time= 16.7
	stiffness updates             = 0
	right hand side evaluations   = 2
	stiffness matrix reformations = 1
	step from line search         = 1.000000
	convergence norms :     INITIAL         CURRENT         REQUIRED
	   residual            5.467963e+00    1.252410e-08    0.000000e+00 
	   energy              3.223932e-02    7.047014e-07    3.223932e-04 
	   displacement        1.740895e-03    1.740895e-03    1.740895e-09 
 2
 Nonlinear solution status: time= 16.7
	stiffness updates             = 1
	right hand side evaluations   = 3
	stiffness matrix reformations = 1
	step from line search         = 1.000000
	convergence norms :     INITIAL         CURRENT         REQUIRED
	   residual            5.467963e+00    6.831325e-14    0.000000e+00 
	   energy              3.223932e-02    1.643681e-13    3.223932e-04 
	   displacement        1.740895e-03    1.580780e-11    1.740722e-09 

convergence summary
    number of iterations   : 2
    number of reformations : 1

------- converged at time : 16.7


Data Record #1
===========================================================================
Step = 167
Time = 16.7
Data = uz
File = feb_inputs/active_ascl/../../raw_logs/active_ascl/ascl_2.0_disp.txt

Data Record #2
===========================================================================
Step = 167
Time = 16.7
Data = sz
File = feb_inputs/active_ascl/../../raw_logs/active_ascl/ascl_2.0_stress.txt

Data Record #3
===========================================================================
Step = 167
Time = 16.7
Data = J
File = feb_inputs/active_ascl/../../raw_logs/active_ascl/ascl_2.0_vol.txt

===== beginning time step 168 : 16.8 =====


Reforming stiffness matrix: reformation #1

 1
 Nonlinear solution status: time= 16.8
	stiffness updates             = 0
	right hand side evaluations   = 2
	stiffness matrix reformations = 1
	step from line search         = 1.000000
	convergence norms :     INITIAL         CURRENT         REQUIRED
	   residual            6.132153e+00    1.324474e-08    0.000000e+00 
	   energy              3.585672e-02    7.514150e-07    3.585672e-04 
	   displacement        1.919756e-03    1.919756e-03    1.919756e-09 
 2
 Nonlinear solution status: time= 16.8
	stiffness updates             = 1
	right hand side evaluations   = 3
	stiffness matrix reformations = 1
	step from line search         = 1.000000
	convergence norms :     INITIAL         CURRENT         REQUIRED
	   residual            6.132153e+00    6.973249e-14    0.000000e+00 
	   energy              3.585672e-02    1.852439e-13    3.585672e-04 
	   displacement        1.919756e-03    1.677317e-11    1.919573e-09 

convergence summary
    number of iterations   : 2
    number of reformations : 1

------- converged at time : 16.8


Data Record #1
===========================================================================
Step = 168
Time = 16.8
Data = uz
File = feb_inputs/active_ascl/../../raw_logs/active_ascl/ascl_2.0_disp.txt

Data Record #2
===========================================================================
Step = 168
Time = 16.8
Data = sz
File = feb_inputs/active_ascl/../../raw_logs/active_ascl/ascl_2.0_stress.txt

Data Record #3
===========================================================================
Step = 168
Time = 16.8
Data = J
File = feb_inputs/active_ascl/../../raw_logs/active_ascl/ascl_2.0_vol.txt

===== beginning time step 169 : 16.9 =====


Reforming stiffness matrix: reformation #1

 1
 Nonlinear solution status: time= 16.9
	stiffness updates             = 0
	right hand side evaluations   = 2
	stiffness matrix reformations = 1
	step from line search         = 1.000000
	convergence norms :     INITIAL         CURRENT         REQUIRED
	   residual            6.674247e+00    1.585821e-08    0.000000e+00 
	   energy              3.900653e-02    8.148562e-07    3.900653e-04 
	   displacement        2.080369e-03    2.080369e-03    2.080369e-09 
 2
 Nonlinear solution status: time= 16.9
	stiffness updates             = 1
	right hand side evaluations   = 3
	stiffness matrix reformations = 1
	step from line search         = 1.000000
	convergence norms :     INITIAL         CURRENT         REQUIRED
	   residual            6.674247e+00    8.178588e-14    0.000000e+00 
	   energy              3.900653e-02    2.034404e-13    3.900653e-04 
	   displacement        2.080369e-03    1.669667e-11    2.080179e-09 

convergence summary
    number of iterations   : 2
    number of reformations : 1

------- converged at time : 16.9


Data Record #1
===========================================================================
Step = 169
Time = 16.9
Data = uz
File = feb_inputs/active_ascl/../../raw_logs/active_ascl/ascl_2.0_disp.txt

Data Record #2
===========================================================================
Step = 169
Time = 16.9
Data = sz
File = feb_inputs/active_ascl/../../raw_logs/active_ascl/ascl_2.0_stress.txt

Data Record #3
===========================================================================
Step = 169
Time = 16.9
Data = J
File = feb_inputs/active_ascl/../../raw_logs/active_ascl/ascl_2.0_vol.txt

===== beginning time step 170 : 17 =====


Reforming stiffness matrix: reformation #1

 1
 Nonlinear solution status: time= 17
	stiffness updates             = 0
	right hand side evaluations   = 2
	stiffness matrix reformations = 1
	step from line search         = 1.000000
	convergence norms :     INITIAL         CURRENT         REQUIRED
	   residual            7.075991e+00    1.931593e-08    0.000000e+00 
	   energy              4.146735e-02    8.998181e-07    4.146735e-04 
	   displacement        2.205980e-03    2.205980e-03    2.205980e-09 
 2
 Nonlinear solution status: time= 17
	stiffness updates             = 1
	right hand side evaluations   = 3
	stiffness matrix reformations = 1
	step from line search         = 1.000000
	convergence norms :     INITIAL         CURRENT         REQUIRED
	   residual            7.075991e+00    1.028652e-13    0.000000e+00 
	   energy              4.146735e-02    2.280952e-13    4.146735e-04 
	   displacement        2.205980e-03    1.792159e-11    2.205777e-09 

convergence summary
    number of iterations   : 2
    number of reformations : 1

------- converged at time : 17


Data Record #1
===========================================================================
Step = 170
Time = 17
Data = uz
File = feb_inputs/active_ascl/../../raw_logs/active_ascl/ascl_2.0_disp.txt

Data Record #2
===========================================================================
Step = 170
Time = 17
Data = sz
File = feb_inputs/active_ascl/../../raw_logs/active_ascl/ascl_2.0_stress.txt

Data Record #3
===========================================================================
Step = 170
Time = 17
Data = J
File = feb_inputs/active_ascl/../../raw_logs/active_ascl/ascl_2.0_vol.txt

===== beginning time step 171 : 17.1 =====


Reforming stiffness matrix: reformation #1

 1
 Nonlinear solution status: time= 17.1
	stiffness updates             = 0
	right hand side evaluations   = 2
	stiffness matrix reformations = 1
	step from line search         = 1.000000
	convergence norms :     INITIAL         CURRENT         REQUIRED
	   residual            7.332436e+00    2.259616e-08    0.000000e+00 
	   energy              4.303568e-02    9.568115e-07    4.303568e-04 
	   displacement        2.280009e-03    2.280009e-03    2.280009e-09 
 2
 Nonlinear solution status: time= 17.1
	stiffness updates             = 1
	right hand side evaluations   = 3
	stiffness matrix reformations = 1
	step from line search         = 1.000000
	convergence norms :     INITIAL         CURRENT         REQUIRED
	   residual            7.332436e+00    1.157737e-13    0.000000e+00 
	   energy              4.303568e-02    2.555968e-13    4.303568e-04 
	   displacement        2.280009e-03    1.931388e-11    2.279795e-09 

convergence summary
    number of iterations   : 2
    number of reformations : 1

------- converged at time : 17.1


Data Record #1
===========================================================================
Step = 171
Time = 17.1
Data = uz
File = feb_inputs/active_ascl/../../raw_logs/active_ascl/ascl_2.0_disp.txt

Data Record #2
===========================================================================
Step = 171
Time = 17.1
Data = sz
File = feb_inputs/active_ascl/../../raw_logs/active_ascl/ascl_2.0_stress.txt

Data Record #3
===========================================================================
Step = 171
Time = 17.1
Data = J
File = feb_inputs/active_ascl/../../raw_logs/active_ascl/ascl_2.0_vol.txt

===== beginning time step 172 : 17.2 =====


Reforming stiffness matrix: reformation #1

 1
 Nonlinear solution status: time= 17.2
	stiffness updates             = 0
	right hand side evaluations   = 2
	stiffness matrix reformations = 1
	step from line search         = 1.000000
	convergence norms :     INITIAL         CURRENT         REQUIRED
	   residual            7.434385e+00    2.329951e-08    0.000000e+00 
	   energy              4.355160e-02    9.312862e-07    4.355160e-04 
	   displacement        2.293676e-03    2.293676e-03    2.293676e-09 
 2
 Nonlinear solution status: time= 17.2
	stiffness updates             = 1
	right hand side evaluations   = 3
	stiffness matrix reformations = 1
	step from line search         = 1.000000
	convergence norms :     INITIAL         CURRENT         REQUIRED
	   residual            7.434385e+00    1.148234e-13    0.000000e+00 
	   energy              4.355160e-02    2.538994e-13    4.355160e-04 
	   displacement        2.293676e-03    1.806703e-11    2.293469e-09 

convergence summary
    number of iterations   : 2
    number of reformations : 1

------- converged at time : 17.2


Data Record #1
===========================================================================
Step = 172
Time = 17.2
Data = uz
File = feb_inputs/active_ascl/../../raw_logs/active_ascl/ascl_2.0_disp.txt

Data Record #2
===========================================================================
Step = 172
Time = 17.2
Data = sz
File = feb_inputs/active_ascl/../../raw_logs/active_ascl/ascl_2.0_stress.txt

Data Record #3
===========================================================================
Step = 172
Time = 17.2
Data = J
File = feb_inputs/active_ascl/../../raw_logs/active_ascl/ascl_2.0_vol.txt

===== beginning time step 173 : 17.3 =====


Reforming stiffness matrix: reformation #1

 1
 Nonlinear solution status: time= 17.3
	stiffness updates             = 0
	right hand side evaluations   = 2
	stiffness matrix reformations = 1
	step from line search         = 1.000000
	convergence norms :     INITIAL         CURRENT         REQUIRED
	   residual            7.390111e+00    1.946297e-08    0.000000e+00 
	   energy              4.301426e-02    8.350075e-07    4.301426e-04 
	   displacement        2.249035e-03    2.249035e-03    2.249035e-09 
 2
 Nonlinear solution status: time= 17.3
	stiffness updates             = 1
	right hand side evaluations   = 3
	stiffness matrix reformations = 1
	step from line search         = 1.000000
	convergence norms :     INITIAL         CURRENT         REQUIRED
	   residual            7.390111e+00    1.042630e-13    0.000000e+00 
	   energy              4.301426e-02    2.193742e-13    4.301426e-04 
	   displacement        2.249035e-03    1.549580e-11    2.248846e-09 

convergence summary
    number of iterations   : 2
    number of reformations : 1

------- converged at time : 17.3


Data Record #1
===========================================================================
Step = 173
Time = 17.3
Data = uz
File = feb_inputs/active_ascl/../../raw_logs/active_ascl/ascl_2.0_disp.txt

Data Record #2
===========================================================================
Step = 173
Time = 17.3
Data = sz
File = feb_inputs/active_ascl/../../raw_logs/active_ascl/ascl_2.0_stress.txt

Data Record #3
===========================================================================
Step = 173
Time = 17.3
Data = J
File = feb_inputs/active_ascl/../../raw_logs/active_ascl/ascl_2.0_vol.txt

===== beginning time step 174 : 17.4 =====


Reforming stiffness matrix: reformation #1

 1
 Nonlinear solution status: time= 17.4
	stiffness updates             = 0
	right hand side evaluations   = 2
	stiffness matrix reformations = 1
	step from line search         = 1.000000
	convergence norms :     INITIAL         CURRENT         REQUIRED
	   residual            7.226420e+00    1.493721e-08    0.000000e+00 
	   energy              4.162937e-02    7.088518e-07    4.162937e-04 
	   displacement        2.153223e-03    2.153223e-03    2.153223e-09 
 2
 Nonlinear solution status: time= 17.4
	stiffness updates             = 1
	right hand side evaluations   = 3
	stiffness matrix reformations = 1
	step from line search         = 1.000000
	convergence norms :     INITIAL         CURRENT         REQUIRED
	   residual            7.226420e+00    8.536800e-14    0.000000e+00 
	   energy              4.162937e-02    1.834515e-13    4.162937e-04 
	   displacement        2.153223e-03    1.347554e-11    2.153056e-09 

convergence summary
    number of iterations   : 2
    number of reformations : 1

------- converged at time : 17.4


Data Record #1
===========================================================================
Step = 174
Time = 17.4
Data = uz
File = feb_inputs/active_ascl/../../raw_logs/active_ascl/ascl_2.0_disp.txt

Data Record #2
===========================================================================
Step = 174
Time = 17.4
Data = sz
File = feb_inputs/active_ascl/../../raw_logs/active_ascl/ascl_2.0_stress.txt

Data Record #3
===========================================================================
Step = 174
Time = 17.4
Data = J
File = feb_inputs/active_ascl/../../raw_logs/active_ascl/ascl_2.0_vol.txt

===== beginning time step 175 : 17.5 =====


Reforming stiffness matrix: reformation #1

 1
 Nonlinear solution status: time= 17.5
	stiffness updates             = 0
	right hand side evaluations   = 2
	stiffness matrix reformations = 1
	step from line search         = 1.000000
	convergence norms :     INITIAL         CURRENT         REQUIRED
	   residual            7.008349e+00    1.133788e-08    0.000000e+00 
	   energy              3.972118e-02    5.977023e-07    3.972118e-04 
	   displacement        2.029332e-03    2.029332e-03    2.029332e-09 
 2
 Nonlinear solution status: time= 17.5
	stiffness updates             = 1
	right hand side evaluations   = 3
	stiffness matrix reformations = 1
	step from line search         = 1.000000
	convergence norms :     INITIAL         CURRENT         REQUIRED
	   residual            7.008349e+00    6.640968e-14    0.000000e+00 
	   energy              3.972118e-02    1.545941e-13    3.972118e-04 
	   displacement        2.029332e-03    1.247985e-11    2.029182e-09 

convergence summary
    number of iterations   : 2
    number of reformations : 1

------- converged at time : 17.5


Data Record #1
===========================================================================
Step = 175
Time = 17.5
Data = uz
File = feb_inputs/active_ascl/../../raw_logs/active_ascl/ascl_2.0_disp.txt

Data Record #2
===========================================================================
Step = 175
Time = 17.5
Data = sz
File = feb_inputs/active_ascl/../../raw_logs/active_ascl/ascl_2.0_stress.txt

Data Record #3
===========================================================================
Step = 175
Time = 17.5
Data = J
File = feb_inputs/active_ascl/../../raw_logs/active_ascl/ascl_2.0_vol.txt

===== beginning time step 176 : 17.6 =====


Reforming stiffness matrix: reformation #1

 1
 Nonlinear solution status: time= 17.6
	stiffness updates             = 0
	right hand side evaluations   = 2
	stiffness matrix reformations = 1
	step from line search         = 1.000000
	convergence norms :     INITIAL         CURRENT         REQUIRED
	   residual            6.804962e+00    8.115792e-09    0.000000e+00 
	   energy              3.760479e-02    5.115795e-07    3.760479e-04 
	   displacement        1.900505e-03    1.900505e-03    1.900505e-09 
 2
 Nonlinear solution status: time= 17.6
	stiffness updates             = 1
	right hand side evaluations   = 3
	stiffness matrix reformations = 1
	step from line search         = 1.000000
	convergence norms :     INITIAL         CURRENT         REQUIRED
	   residual            6.804962e+00    5.073872e-14    0.000000e+00 
	   energy              3.760479e-02    1.488364e-13    3.760479e-04 
	   displacement        1.900505e-03    1.254621e-11    1.900369e-09 

convergence summary
    number of iterations   : 2
    number of reformations : 1

------- converged at time : 17.6


Data Record #1
===========================================================================
Step = 176
Time = 17.6
Data = uz
File = feb_inputs/active_ascl/../../raw_logs/active_ascl/ascl_2.0_disp.txt

Data Record #2
===========================================================================
Step = 176
Time = 17.6
Data = sz
File = feb_inputs/active_ascl/../../raw_logs/active_ascl/ascl_2.0_stress.txt

Data Record #3
===========================================================================
Step = 176
Time = 17.6
Data = J
File = feb_inputs/active_ascl/../../raw_logs/active_ascl/ascl_2.0_vol.txt

===== beginning time step 177 : 17.7 =====


Reforming stiffness matrix: reformation #1

 1
 Nonlinear solution status: time= 17.7
	stiffness updates             = 0
	right hand side evaluations   = 2
	stiffness matrix reformations = 1
	step from line search         = 1.000000
	convergence norms :     INITIAL         CURRENT         REQUIRED
	   residual            6.646844e+00    5.703805e-09    0.000000e+00 
	   energy              3.560365e-02    4.279790e-07    3.560365e-04 
	   displacement        1.780029e-03    1.780029e-03    1.780029e-09 
 2
 Nonlinear solution status: time= 17.7
	stiffness updates             = 1
	right hand side evaluations   = 3
	stiffness matrix reformations = 1
	step from line search         = 1.000000
	convergence norms :     INITIAL         CURRENT         REQUIRED
	   residual            6.646844e+00    4.412313e-14    0.000000e+00 
	   energy              3.560365e-02    1.449706e-13    3.560365e-04 
	   displacement        1.780029e-03    1.221131e-11    1.779910e-09 

convergence summary
    number of iterations   : 2
    number of reformations : 1

------- converged at time : 17.7


Data Record #1
===========================================================================
Step = 177
Time = 17.7
Data = uz
File = feb_inputs/active_ascl/../../raw_logs/active_ascl/ascl_2.0_disp.txt

Data Record #2
===========================================================================
Step = 177
Time = 17.7
Data = sz
File = feb_inputs/active_ascl/../../raw_logs/active_ascl/ascl_2.0_stress.txt

Data Record #3
===========================================================================
Step = 177
Time = 17.7
Data = J
File = feb_inputs/active_ascl/../../raw_logs/active_ascl/ascl_2.0_vol.txt

===== beginning time step 178 : 17.8 =====


Reforming stiffness matrix: reformation #1

 1
 Nonlinear solution status: time= 17.8
	stiffness updates             = 0
	right hand side evaluations   = 2
	stiffness matrix reformations = 1
	step from line search         = 1.000000
	convergence norms :     INITIAL         CURRENT         REQUIRED
	   residual            6.551337e+00    4.307592e-09    0.000000e+00 
	   energy              3.401571e-02    3.680875e-07    3.401571e-04 
	   displacement        1.684365e-03    1.684365e-03    1.684365e-09 
 2
 Nonlinear solution status: time= 17.8
	stiffness updates             = 1
	right hand side evaluations   = 3
	stiffness matrix reformations = 1
	step from line search         = 1.000000
	convergence norms :     INITIAL         CURRENT         REQUIRED
	   residual            6.551337e+00    3.696113e-14    0.000000e+00 
	   energy              3.401571e-02    1.429064e-13    3.401571e-04 
	   displacement        1.684365e-03    1.225708e-11    1.684257e-09 

convergence summary
    number of iterations   : 2
    number of reformations : 1

------- converged at time : 17.8


Data Record #1
===========================================================================
Step = 178
Time = 17.8
Data = uz
File = feb_inputs/active_ascl/../../raw_logs/active_ascl/ascl_2.0_disp.txt

Data Record #2
===========================================================================
Step = 178
Time = 17.8
Data = sz
File = feb_inputs/active_ascl/../../raw_logs/active_ascl/ascl_2.0_stress.txt

Data Record #3
===========================================================================
Step = 178
Time = 17.8
Data = J
File = feb_inputs/active_ascl/../../raw_logs/active_ascl/ascl_2.0_vol.txt

===== beginning time step 179 : 17.9 =====


Reforming stiffness matrix: reformation #1

 1
 Nonlinear solution status: time= 17.9
	stiffness updates             = 0
	right hand side evaluations   = 2
	stiffness matrix reformations = 1
	step from line search         = 1.000000
	convergence norms :     INITIAL         CURRENT         REQUIRED
	   residual            6.522050e+00    3.786108e-09    0.000000e+00 
	   energy              3.303247e-02    3.404658e-07    3.303247e-04 
	   displacement        1.625530e-03    1.625530e-03    1.625530e-09 
 2
 Nonlinear solution status: time= 17.9
	stiffness updates             = 1
	right hand side evaluations   = 3
	stiffness matrix reformations = 1
	step from line search         = 1.000000
	convergence norms :     INITIAL         CURRENT         REQUIRED
	   residual            6.522050e+00    3.639394e-14    0.000000e+00 
	   energy              3.303247e-02    1.516564e-13    3.303247e-04 
	   displacement        1.625530e-03    1.313875e-11    1.625429e-09 

convergence summary
    number of iterations   : 2
    number of reformations : 1

------- converged at time : 17.9


Data Record #1
===========================================================================
Step = 179
Time = 17.9
Data = uz
File = feb_inputs/active_ascl/../../raw_logs/active_ascl/ascl_2.0_disp.txt

Data Record #2
===========================================================================
Step = 179
Time = 17.9
Data = sz
File = feb_inputs/active_ascl/../../raw_logs/active_ascl/ascl_2.0_stress.txt

Data Record #3
===========================================================================
Step = 179
Time = 17.9
Data = J
File = feb_inputs/active_ascl/../../raw_logs/active_ascl/ascl_2.0_vol.txt

===== beginning time step 180 : 18 =====


Reforming stiffness matrix: reformation #1

 1
 Nonlinear solution status: time= 18
	stiffness updates             = 0
	right hand side evaluations   = 2
	stiffness matrix reformations = 1
	step from line search         = 1.000000
	convergence norms :     INITIAL         CURRENT         REQUIRED
	   residual            6.569301e+00    3.404666e-09    0.000000e+00 
	   energy              3.273653e-02    3.030630e-07    3.273653e-04 
	   displacement        1.605220e-03    1.605220e-03    1.605220e-09 
 2
 Nonlinear solution status: time= 18
	stiffness updates             = 1
	right hand side evaluations   = 3
	stiffness matrix reformations = 1
	step from line search         = 1.000000
	convergence norms :     INITIAL         CURRENT         REQUIRED
	   residual            6.569301e+00    3.596160e-14    0.000000e+00 
	   energy              3.273653e-02    1.390517e-13    3.273653e-04 
	   displacement        1.605220e-03    1.200310e-11    1.605134e-09 

convergence summary
    number of iterations   : 2
    number of reformations : 1

------- converged at time : 18


Data Record #1
===========================================================================
Step = 180
Time = 18
Data = uz
File = feb_inputs/active_ascl/../../raw_logs/active_ascl/ascl_2.0_disp.txt

Data Record #2
===========================================================================
Step = 180
Time = 18
Data = sz
File = feb_inputs/active_ascl/../../raw_logs/active_ascl/ascl_2.0_stress.txt

Data Record #3
===========================================================================
Step = 180
Time = 18
Data = J
File = feb_inputs/active_ascl/../../raw_logs/active_ascl/ascl_2.0_vol.txt

===== beginning time step 181 : 18.1 =====


Reforming stiffness matrix: reformation #1

 1
 Nonlinear solution status: time= 18.1
	stiffness updates             = 0
	right hand side evaluations   = 2
	stiffness matrix reformations = 1
	step from line search         = 1.000000
	convergence norms :     INITIAL         CURRENT         REQUIRED
	   residual            6.702344e+00    3.132378e-09    0.000000e+00 
	   energy              3.312209e-02    2.564389e-07    3.312209e-04 
	   displacement        1.623232e-03    1.623232e-03    1.623232e-09 
 2
 Nonlinear solution status: time= 18.1
	stiffness updates             = 1
	right hand side evaluations   = 3
	stiffness matrix reformations = 1
	step from line search         = 1.000000
	convergence norms :     INITIAL         CURRENT         REQUIRED
	   residual            6.702344e+00    3.422621e-14    0.000000e+00 
	   energy              3.312209e-02    1.108170e-13    3.312209e-04 
	   displacement        1.623232e-03    9.811538e-12    1.623160e-09 

convergence summary
    number of iterations   : 2
    number of reformations : 1

------- converged at time : 18.1


Data Record #1
===========================================================================
Step = 181
Time = 18.1
Data = uz
File = feb_inputs/active_ascl/../../raw_logs/active_ascl/ascl_2.0_disp.txt

Data Record #2
===========================================================================
Step = 181
Time = 18.1
Data = sz
File = feb_inputs/active_ascl/../../raw_logs/active_ascl/ascl_2.0_stress.txt

Data Record #3
===========================================================================
Step = 181
Time = 18.1
Data = J
File = feb_inputs/active_ascl/../../raw_logs/active_ascl/ascl_2.0_vol.txt

===== beginning time step 182 : 18.2 =====


Reforming stiffness matrix: reformation #1

 1
 Nonlinear solution status: time= 18.2
	stiffness updates             = 0
	right hand side evaluations   = 2
	stiffness matrix reformations = 1
	step from line search         = 1.000000
	convergence norms :     INITIAL         CURRENT         REQUIRED
	   residual            6.884901e+00    3.112859e-09    0.000000e+00 
	   energy              3.406647e-02    2.349576e-07    3.406647e-04 
	   displacement        1.674693e-03    1.674693e-03    1.674693e-09 
 2
 Nonlinear solution status: time= 18.2
	stiffness updates             = 1
	right hand side evaluations   = 3
	stiffness matrix reformations = 1
	step from line search         = 1.000000
	convergence norms :     INITIAL         CURRENT         REQUIRED
	   residual            6.884901e+00    3.626120e-14    0.000000e+00 
	   energy              3.406647e-02    1.088271e-13    3.406647e-04 
	   displacement        1.674693e-03    9.130281e-12    1.674624e-09 

convergence summary
    number of iterations   : 2
    number of reformations : 1

------- converged at time : 18.2


Data Record #1
===========================================================================
Step = 182
Time = 18.2
Data = uz
File = feb_inputs/active_ascl/../../raw_logs/active_ascl/ascl_2.0_disp.txt

Data Record #2
===========================================================================
Step = 182
Time = 18.2
Data = sz
File = feb_inputs/active_ascl/../../raw_logs/active_ascl/ascl_2.0_stress.txt

Data Record #3
===========================================================================
Step = 182
Time = 18.2
Data = J
File = feb_inputs/active_ascl/../../raw_logs/active_ascl/ascl_2.0_vol.txt

===== beginning time step 183 : 18.3 =====


Reforming stiffness matrix: reformation #1

 1
 Nonlinear solution status: time= 18.3
	stiffness updates             = 0
	right hand side evaluations   = 2
	stiffness matrix reformations = 1
	step from line search         = 1.000000
	convergence norms :     INITIAL         CURRENT         REQUIRED
	   residual            7.093114e+00    4.581678e-09    0.000000e+00 
	   energy              3.538369e-02    2.461474e-07    3.538369e-04 
	   displacement        1.747291e-03    1.747291e-03    1.747291e-09 
 2
 Nonlinear solution status: time= 18.3
	stiffness updates             = 1
	right hand side evaluations   = 3
	stiffness matrix reformations = 1
	step from line search         = 1.000000
	convergence norms :     INITIAL         CURRENT         REQUIRED
	   residual            7.093114e+00    5.082517e-14    0.000000e+00 
	   energy              3.538369e-02    1.246831e-13    3.538369e-04 
	   displacement        1.747291e-03    9.668476e-12    1.747219e-09 

convergence summary
    number of iterations   : 2
    number of reformations : 1

------- converged at time : 18.3


Data Record #1
===========================================================================
Step = 183
Time = 18.3
Data = uz
File = feb_inputs/active_ascl/../../raw_logs/active_ascl/ascl_2.0_disp.txt

Data Record #2
===========================================================================
Step = 183
Time = 18.3
Data = sz
File = feb_inputs/active_ascl/../../raw_logs/active_ascl/ascl_2.0_stress.txt

Data Record #3
===========================================================================
Step = 183
Time = 18.3
Data = J
File = feb_inputs/active_ascl/../../raw_logs/active_ascl/ascl_2.0_vol.txt

===== beginning time step 184 : 18.4 =====


Reforming stiffness matrix: reformation #1

 1
 Nonlinear solution status: time= 18.4
	stiffness updates             = 0
	right hand side evaluations   = 2
	stiffness matrix reformations = 1
	step from line search         = 1.000000
	convergence norms :     INITIAL         CURRENT         REQUIRED
	   residual            7.360880e+00    4.756585e-09    0.000000e+00 
	   energy              3.701675e-02    2.699360e-07    3.701675e-04 
	   displacement        1.831814e-03    1.831814e-03    1.831814e-09 
 2
 Nonlinear solution status: time= 18.4
	stiffness updates             = 1
	right hand side evaluations   = 3
	stiffness matrix reformations = 1
	step from line search         = 1.000000
	convergence norms :     INITIAL         CURRENT         REQUIRED
	   residual            7.360880e+00    5.335253e-14    0.000000e+00 
	   energy              3.701675e-02    1.313689e-13    3.701675e-04 
	   displacement        1.831814e-03    1.028489e-11    1.831735e-09 

convergence summary
    number of iterations   : 2
    number of reformations : 1

------- converged at time : 18.4


Data Record #1
===========================================================================
Step = 184
Time = 18.4
Data = uz
File = feb_inputs/active_ascl/../../raw_logs/active_ascl/ascl_2.0_disp.txt

Data Record #2
===========================================================================
Step = 184
Time = 18.4
Data = sz
File = feb_inputs/active_ascl/../../raw_logs/active_ascl/ascl_2.0_stress.txt

Data Record #3
===========================================================================
Step = 184
Time = 18.4
Data = J
File = feb_inputs/active_ascl/../../raw_logs/active_ascl/ascl_2.0_vol.txt

===== beginning time step 185 : 18.5 =====


Reforming stiffness matrix: reformation #1

 1
 Nonlinear solution status: time= 18.5
	stiffness updates             = 0
	right hand side evaluations   = 2
	stiffness matrix reformations = 1
	step from line search         = 1.000000
	convergence norms :     INITIAL         CURRENT         REQUIRED
	   residual            7.704951e+00    4.406734e-09    0.000000e+00 
	   energy              3.910882e-02    2.999601e-07    3.910882e-04 
	   displacement        1.934552e-03    1.934552e-03    1.934552e-09 
 2
 Nonlinear solution status: time= 18.5
	stiffness updates             = 1
	right hand side evaluations   = 3
	stiffness matrix reformations = 1
	step from line search         = 1.000000
	convergence norms :     INITIAL         CURRENT         REQUIRED
	   residual            7.704951e+00    5.064836e-14    0.000000e+00 
	   energy              3.910882e-02    1.377968e-13    3.910882e-04 
	   displacement        1.934552e-03    1.095679e-11    1.934464e-09 

convergence summary
    number of iterations   : 2
    number of reformations : 1

------- converged at time : 18.5


Data Record #1
===========================================================================
Step = 185
Time = 18.5
Data = uz
File = feb_inputs/active_ascl/../../raw_logs/active_ascl/ascl_2.0_disp.txt

Data Record #2
===========================================================================
Step = 185
Time = 18.5
Data = sz
File = feb_inputs/active_ascl/../../raw_logs/active_ascl/ascl_2.0_stress.txt

Data Record #3
===========================================================================
Step = 185
Time = 18.5
Data = J
File = feb_inputs/active_ascl/../../raw_logs/active_ascl/ascl_2.0_vol.txt

===== beginning time step 186 : 18.6 =====


Reforming stiffness matrix: reformation #1

 1
 Nonlinear solution status: time= 18.6
	stiffness updates             = 0
	right hand side evaluations   = 2
	stiffness matrix reformations = 1
	step from line search         = 1.000000
	convergence norms :     INITIAL         CURRENT         REQUIRED
	   residual            8.101440e+00    3.739501e-09    0.000000e+00 
	   energy              4.191405e-02    3.376465e-07    4.191405e-04 
	   displacement        2.077392e-03    2.077392e-03    2.077392e-09 
 2
 Nonlinear solution status: time= 18.6
	stiffness updates             = 1
	right hand side evaluations   = 3
	stiffness matrix reformations = 1
	step from line search         = 1.000000
	convergence norms :     INITIAL         CURRENT         REQUIRED
	   residual            8.101440e+00    4.799020e-14    0.000000e+00 
	   energy              4.191405e-02    1.482217e-13    4.191405e-04 
	   displacement        2.077392e-03    1.167974e-11    2.077290e-09 

convergence summary
    number of iterations   : 2
    number of reformations : 1

------- converged at time : 18.6


Data Record #1
===========================================================================
Step = 186
Time = 18.6
Data = uz
File = feb_inputs/active_ascl/../../raw_logs/active_ascl/ascl_2.0_disp.txt

Data Record #2
===========================================================================
Step = 186
Time = 18.6
Data = sz
File = feb_inputs/active_ascl/../../raw_logs/active_ascl/ascl_2.0_stress.txt

Data Record #3
===========================================================================
Step = 186
Time = 18.6
Data = J
File = feb_inputs/active_ascl/../../raw_logs/active_ascl/ascl_2.0_vol.txt

===== beginning time step 187 : 18.7 =====


Reforming stiffness matrix: reformation #1

 1
 Nonlinear solution status: time= 18.7
	stiffness updates             = 0
	right hand side evaluations   = 2
	stiffness matrix reformations = 1
	step from line search         = 1.000000
	convergence norms :     INITIAL         CURRENT         REQUIRED
	   residual            8.537527e+00    3.488296e-09    0.000000e+00 
	   energy              4.566298e-02    3.960482e-07    4.566298e-04 
	   displacement        2.279071e-03    2.279071e-03    2.279071e-09 
 2
 Nonlinear solution status: time= 18.7
	stiffness updates             = 1
	right hand side evaluations   = 3
	stiffness matrix reformations = 1
	step from line search         = 1.000000
	convergence norms :     INITIAL         CURRENT         REQUIRED
	   residual            8.537527e+00    4.775875e-14    0.000000e+00 
	   energy              4.566298e-02    1.575706e-13    4.566298e-04 
	   displacement        2.279071e-03    1.290852e-11    2.278949e-09 

convergence summary
    number of iterations   : 2
    number of reformations : 1

------- converged at time : 18.7


Data Record #1
===========================================================================
Step = 187
Time = 18.7
Data = uz
File = feb_inputs/active_ascl/../../raw_logs/active_ascl/ascl_2.0_disp.txt

Data Record #2
===========================================================================
Step = 187
Time = 18.7
Data = sz
File = feb_inputs/active_ascl/../../raw_logs/active_ascl/ascl_2.0_stress.txt

Data Record #3
===========================================================================
Step = 187
Time = 18.7
Data = J
File = feb_inputs/active_ascl/../../raw_logs/active_ascl/ascl_2.0_vol.txt

===== beginning time step 188 : 18.8 =====


Reforming stiffness matrix: reformation #1

 1
 Nonlinear solution status: time= 18.8
	stiffness updates             = 0
	right hand side evaluations   = 2
	stiffness matrix reformations = 1
	step from line search         = 1.000000
	convergence norms :     INITIAL         CURRENT         REQUIRED
	   residual            9.033677e+00    3.638569e-09    0.000000e+00 
	   energy              5.052574e-02    4.834764e-07    5.052574e-04 
	   displacement        2.548024e-03    2.548024e-03    2.548024e-09 
 2
 Nonlinear solution status: time= 18.8
	stiffness updates             = 1
	right hand side evaluations   = 3
	stiffness matrix reformations = 1
	step from line search         = 1.000000
	convergence norms :     INITIAL         CURRENT         REQUIRED
	   residual            9.033677e+00    4.853011e-14    0.000000e+00 
	   energy              5.052574e-02    1.672181e-13    5.052574e-04 
	   displacement        2.548024e-03    1.406919e-11    2.547880e-09 

convergence summary
    number of iterations   : 2
    number of reformations : 1

------- converged at time : 18.8


Data Record #1
===========================================================================
Step = 188
Time = 18.8
Data = uz
File = feb_inputs/active_ascl/../../raw_logs/active_ascl/ascl_2.0_disp.txt

Data Record #2
===========================================================================
Step = 188
Time = 18.8
Data = sz
File = feb_inputs/active_ascl/../../raw_logs/active_ascl/ascl_2.0_stress.txt

Data Record #3
===========================================================================
Step = 188
Time = 18.8
Data = J
File = feb_inputs/active_ascl/../../raw_logs/active_ascl/ascl_2.0_vol.txt

===== beginning time step 189 : 18.9 =====


Reforming stiffness matrix: reformation #1

 1
 Nonlinear solution status: time= 18.9
	stiffness updates             = 0
	right hand side evaluations   = 2
	stiffness matrix reformations = 1
	step from line search         = 1.000000
	convergence norms :     INITIAL         CURRENT         REQUIRED
	   residual            9.651800e+00    3.063229e-09    0.000000e+00 
	   energy              5.660887e-02    5.972249e-07    5.660887e-04 
	   displacement        2.889225e-03    2.889225e-03    2.889225e-09 
 2
 Nonlinear solution status: time= 18.9
	stiffness updates             = 1
	right hand side evaluations   = 3
	stiffness matrix reformations = 1
	step from line search         = 1.000000
	convergence norms :     INITIAL         CURRENT         REQUIRED
	   residual            9.651800e+00    4.111820e-14    0.000000e+00 
	   energy              5.660887e-02    1.713490e-13    5.660887e-04 
	   displacement        2.889225e-03    1.495044e-11    2.889051e-09 

convergence summary
    number of iterations   : 2
    number of reformations : 1

------- converged at time : 18.9


Data Record #1
===========================================================================
Step = 189
Time = 18.9
Data = uz
File = feb_inputs/active_ascl/../../raw_logs/active_ascl/ascl_2.0_disp.txt

Data Record #2
===========================================================================
Step = 189
Time = 18.9
Data = sz
File = feb_inputs/active_ascl/../../raw_logs/active_ascl/ascl_2.0_stress.txt

Data Record #3
===========================================================================
Step = 189
Time = 18.9
Data = J
File = feb_inputs/active_ascl/../../raw_logs/active_ascl/ascl_2.0_vol.txt

===== beginning time step 190 : 19 =====


Reforming stiffness matrix: reformation #1

 1
 Nonlinear solution status: time= 19
	stiffness updates             = 0
	right hand side evaluations   = 2
	stiffness matrix reformations = 1
	step from line search         = 1.000000
	convergence norms :     INITIAL         CURRENT         REQUIRED
	   residual            1.044797e+01    3.547091e-09    0.000000e+00 
	   energy              6.384217e-02    7.690517e-07    6.384217e-04 
	   displacement        3.293495e-03    3.293495e-03    3.293495e-09 
 2
 Nonlinear solution status: time= 19
	stiffness updates             = 1
	right hand side evaluations   = 3
	stiffness matrix reformations = 1
	step from line search         = 1.000000
	convergence norms :     INITIAL         CURRENT         REQUIRED
	   residual            1.044797e+01    4.244052e-14    0.000000e+00 
	   energy              6.384217e-02    2.025062e-13    6.384217e-04 
	   displacement        3.293495e-03    1.808195e-11    3.293271e-09 

convergence summary
    number of iterations   : 2
    number of reformations : 1

------- converged at time : 19


Data Record #1
===========================================================================
Step = 190
Time = 19
Data = uz
File = feb_inputs/active_ascl/../../raw_logs/active_ascl/ascl_2.0_disp.txt

Data Record #2
===========================================================================
Step = 190
Time = 19
Data = sz
File = feb_inputs/active_ascl/../../raw_logs/active_ascl/ascl_2.0_stress.txt

Data Record #3
===========================================================================
Step = 190
Time = 19
Data = J
File = feb_inputs/active_ascl/../../raw_logs/active_ascl/ascl_2.0_vol.txt

===== beginning time step 191 : 19.1 =====


Reforming stiffness matrix: reformation #1

 1
 Nonlinear solution status: time= 19.1
	stiffness updates             = 0
	right hand side evaluations   = 2
	stiffness matrix reformations = 1
	step from line search         = 1.000000
	convergence norms :     INITIAL         CURRENT         REQUIRED
	   residual            1.141082e+01    4.569484e-09    0.000000e+00 
	   energy              7.193433e-02    1.014461e-06    7.193433e-04 
	   displacement        3.735429e-03    3.735429e-03    3.735429e-09 
 2
 Nonlinear solution status: time= 19.1
	stiffness updates             = 1
	right hand side evaluations   = 3
	stiffness matrix reformations = 1
	step from line search         = 1.000000
	convergence norms :     INITIAL         CURRENT         REQUIRED
	   residual            1.141082e+01    5.544732e-14    0.000000e+00 
	   energy              7.193433e-02    2.441433e-13    7.193433e-04 
	   displacement        3.735429e-03    2.296881e-11    3.735142e-09 

convergence summary
    number of iterations   : 2
    number of reformations : 1

------- converged at time : 19.1


Data Record #1
===========================================================================
Step = 191
Time = 19.1
Data = uz
File = feb_inputs/active_ascl/../../raw_logs/active_ascl/ascl_2.0_disp.txt

Data Record #2
===========================================================================
Step = 191
Time = 19.1
Data = sz
File = feb_inputs/active_ascl/../../raw_logs/active_ascl/ascl_2.0_stress.txt

Data Record #3
===========================================================================
Step = 191
Time = 19.1
Data = J
File = feb_inputs/active_ascl/../../raw_logs/active_ascl/ascl_2.0_vol.txt

===== beginning time step 192 : 19.2 =====


Reforming stiffness matrix: reformation #1

 1
 Nonlinear solution status: time= 19.2
	stiffness updates             = 0
	right hand side evaluations   = 2
	stiffness matrix reformations = 1
	step from line search         = 1.000000
	convergence norms :     INITIAL         CURRENT         REQUIRED
	   residual            1.251684e+01    5.556680e-09    0.000000e+00 
	   energy              8.047467e-02    1.255721e-06    8.047467e-04 
	   displacement        4.190141e-03    4.190141e-03    4.190141e-09 
 2
 Nonlinear solution status: time= 19.2
	stiffness updates             = 1
	right hand side evaluations   = 3
	stiffness matrix reformations = 1
	step from line search         = 1.000000
	convergence norms :     INITIAL         CURRENT         REQUIRED
	   residual            1.251684e+01    5.335940e-14    0.000000e+00 
	   energy              8.047467e-02    2.416509e-13    8.047467e-04 
	   displacement        4.190141e-03    2.592532e-11    4.189799e-09 

convergence summary
    number of iterations   : 2
    number of reformations : 1

------- converged at time : 19.2


Data Record #1
===========================================================================
Step = 192
Time = 19.2
Data = uz
File = feb_inputs/active_ascl/../../raw_logs/active_ascl/ascl_2.0_disp.txt

Data Record #2
===========================================================================
Step = 192
Time = 19.2
Data = sz
File = feb_inputs/active_ascl/../../raw_logs/active_ascl/ascl_2.0_stress.txt

Data Record #3
===========================================================================
Step = 192
Time = 19.2
Data = J
File = feb_inputs/active_ascl/../../raw_logs/active_ascl/ascl_2.0_vol.txt

===== beginning time step 193 : 19.3 =====


Reforming stiffness matrix: reformation #1

 1
 Nonlinear solution status: time= 19.3
	stiffness updates             = 0
	right hand side evaluations   = 2
	stiffness matrix reformations = 1
	step from line search         = 1.000000
	convergence norms :     INITIAL         CURRENT         REQUIRED
	   residual            1.375716e+01    6.959774e-09    0.000000e+00 
	   energy              8.905053e-02    1.408936e-06    8.905053e-04 
	   displacement        4.632360e-03    4.632360e-03    4.632360e-09 
 2
 Nonlinear solution status: time= 19.3
	stiffness updates             = 1
	right hand side evaluations   = 3
	stiffness matrix reformations = 1
	step from line search         = 1.000000
	convergence norms :     INITIAL         CURRENT         REQUIRED
	   residual            1.375716e+01    5.401215e-14    0.000000e+00 
	   energy              8.905053e-02    2.451541e-13    8.905053e-04 
	   displacement        4.632360e-03    2.848818e-11    4.631977e-09 

convergence summary
    number of iterations   : 2
    number of reformations : 1

------- converged at time : 19.3


Data Record #1
===========================================================================
Step = 193
Time = 19.3
Data = uz
File = feb_inputs/active_ascl/../../raw_logs/active_ascl/ascl_2.0_disp.txt

Data Record #2
===========================================================================
Step = 193
Time = 19.3
Data = sz
File = feb_inputs/active_ascl/../../raw_logs/active_ascl/ascl_2.0_stress.txt

Data Record #3
===========================================================================
Step = 193
Time = 19.3
Data = J
File = feb_inputs/active_ascl/../../raw_logs/active_ascl/ascl_2.0_vol.txt

===== beginning time step 194 : 19.4 =====


Reforming stiffness matrix: reformation #1

 1
 Nonlinear solution status: time= 19.4
	stiffness updates             = 0
	right hand side evaluations   = 2
	stiffness matrix reformations = 1
	step from line search         = 1.000000
	convergence norms :     INITIAL         CURRENT         REQUIRED
	   residual            1.510430e+01    6.422128e-09    0.000000e+00 
	   energy              9.731451e-02    1.453829e-06    9.731451e-04 
	   displacement        5.027598e-03    5.027598e-03    5.027598e-09 
 2
 Nonlinear solution status: time= 19.4
	stiffness updates             = 1
	right hand side evaluations   = 3
	stiffness matrix reformations = 1
	step from line search         = 1.000000
	convergence norms :     INITIAL         CURRENT         REQUIRED
	   residual            1.510430e+01    4.856332e-14    0.000000e+00 
	   energy              9.731451e-02    2.445754e-13    9.731451e-04 
	   displacement        5.027598e-03    2.950896e-11    5.027201e-09 

convergence summary
    number of iterations   : 2
    number of reformations : 1

------- converged at time : 19.4


Data Record #1
===========================================================================
Step = 194
Time = 19.4
Data = uz
File = feb_inputs/active_ascl/../../raw_logs/active_ascl/ascl_2.0_disp.txt

Data Record #2
===========================================================================
Step = 194
Time = 19.4
Data = sz
File = feb_inputs/active_ascl/../../raw_logs/active_ascl/ascl_2.0_stress.txt

Data Record #3
===========================================================================
Step = 194
Time = 19.4
Data = J
File = feb_inputs/active_ascl/../../raw_logs/active_ascl/ascl_2.0_vol.txt

===== beginning time step 195 : 19.5 =====


Reforming stiffness matrix: reformation #1

 1
 Nonlinear solution status: time= 19.5
	stiffness updates             = 0
	right hand side evaluations   = 2
	stiffness matrix reformations = 1
	step from line search         = 1.000000
	convergence norms :     INITIAL         CURRENT         REQUIRED
	   residual            1.651562e+01    5.639304e-09    0.000000e+00 
	   energy              1.050728e-01    1.432837e-06    1.050728e-03 
	   displacement        5.360420e-03    5.360420e-03    5.360420e-09 
 2
 Nonlinear solution status: time= 19.5
	stiffness updates             = 1
	right hand side evaluations   = 3
	stiffness matrix reformations = 1
	step from line search         = 1.000000
	convergence norms :     INITIAL         CURRENT         REQUIRED
	   residual            1.651562e+01    4.357186e-14    0.000000e+00 
	   energy              1.050728e-01    2.484571e-13    1.050728e-03 
	   displacement        5.360420e-03    2.907195e-11    5.360036e-09 

convergence summary
    number of iterations   : 2
    number of reformations : 1

------- converged at time : 19.5


Data Record #1
===========================================================================
Step = 195
Time = 19.5
Data = uz
File = feb_inputs/active_ascl/../../raw_logs/active_ascl/ascl_2.0_disp.txt

Data Record #2
===========================================================================
Step = 195
Time = 19.5
Data = sz
File = feb_inputs/active_ascl/../../raw_logs/active_ascl/ascl_2.0_stress.txt

Data Record #3
===========================================================================
Step = 195
Time = 19.5
Data = J
File = feb_inputs/active_ascl/../../raw_logs/active_ascl/ascl_2.0_vol.txt

===== beginning time step 196 : 19.6 =====


Reforming stiffness matrix: reformation #1

 1
 Nonlinear solution status: time= 19.6
	stiffness updates             = 0
	right hand side evaluations   = 2
	stiffness matrix reformations = 1
	step from line search         = 1.000000
	convergence norms :     INITIAL         CURRENT         REQUIRED
	   residual            1.794733e+01    5.668376e-09    0.000000e+00 
	   energy              1.123004e-01    1.401748e-06    1.123004e-03 
	   displacement        5.653002e-03    5.653002e-03    5.653002e-09 
 2
 Nonlinear solution status: time= 19.6
	stiffness updates             = 1
	right hand side evaluations   = 3
	stiffness matrix reformations = 1
	step from line search         = 1.000000
	convergence norms :     INITIAL         CURRENT         REQUIRED
	   residual            1.794733e+01    4.417732e-14    0.000000e+00 
	   energy              1.123004e-01    2.595469e-13    1.123004e-03 
	   displacement        5.653002e-03    2.865483e-11    5.652641e-09 

convergence summary
    number of iterations   : 2
    number of reformations : 1

------- converged at time : 19.6


Data Record #1
===========================================================================
Step = 196
Time = 19.6
Data = uz
File = feb_inputs/active_ascl/../../raw_logs/active_ascl/ascl_2.0_disp.txt

Data Record #2
===========================================================================
Step = 196
Time = 19.6
Data = sz
File = feb_inputs/active_ascl/../../raw_logs/active_ascl/ascl_2.0_stress.txt

Data Record #3
===========================================================================
Step = 196
Time = 19.6
Data = J
File = feb_inputs/active_ascl/../../raw_logs/active_ascl/ascl_2.0_vol.txt

===== beginning time step 197 : 19.7 =====


Reforming stiffness matrix: reformation #1

 1
 Nonlinear solution status: time= 19.7
	stiffness updates             = 0
	right hand side evaluations   = 2
	stiffness matrix reformations = 1
	step from line search         = 1.000000
	convergence norms :     INITIAL         CURRENT         REQUIRED
	   residual            1.935504e+01    5.675465e-09    0.000000e+00 
	   energy              1.191111e-01    1.373313e-06    1.191111e-03 
	   displacement        5.931137e-03    5.931137e-03    5.931137e-09 
 2
 Nonlinear solution status: time= 19.7
	stiffness updates             = 1
	right hand side evaluations   = 3
	stiffness matrix reformations = 1
	step from line search         = 1.000000
	convergence norms :     INITIAL         CURRENT         REQUIRED
	   residual            1.935504e+01    4.730655e-14    0.000000e+00 
	   energy              1.191111e-01    2.705879e-13    1.191111e-03 
	   displacement        5.931137e-03    2.877223e-11    5.930800e-09 

convergence summary
    number of iterations   : 2
    number of reformations : 1

------- converged at time : 19.7


Data Record #1
===========================================================================
Step = 197
Time = 19.7
Data = uz
File = feb_inputs/active_ascl/../../raw_logs/active_ascl/ascl_2.0_disp.txt

Data Record #2
===========================================================================
Step = 197
Time = 19.7
Data = sz
File = feb_inputs/active_ascl/../../raw_logs/active_ascl/ascl_2.0_stress.txt

Data Record #3
===========================================================================
Step = 197
Time = 19.7
Data = J
File = feb_inputs/active_ascl/../../raw_logs/active_ascl/ascl_2.0_vol.txt

===== beginning time step 198 : 19.8 =====


Reforming stiffness matrix: reformation #1

 1
 Nonlinear solution status: time= 19.8
	stiffness updates             = 0
	right hand side evaluations   = 2
	stiffness matrix reformations = 1
	step from line search         = 1.000000
	convergence norms :     INITIAL         CURRENT         REQUIRED
	   residual            2.072089e+01    5.185945e-09    0.000000e+00 
	   energy              1.256716e-01    1.298383e-06    1.256716e-03 
	   displacement        6.203954e-03    6.203954e-03    6.203954e-09 
 2
 Nonlinear solution status: time= 19.8
	stiffness updates             = 1
	right hand side evaluations   = 3
	stiffness matrix reformations = 1
	step from line search         = 1.000000
	convergence norms :     INITIAL         CURRENT         REQUIRED
	   residual            2.072089e+01    5.625737e-14    0.000000e+00 
	   energy              1.256716e-01    2.930262e-13    1.256716e-03 
	   displacement        6.203954e-03    2.891939e-11    6.203637e-09 

convergence summary
    number of iterations   : 2
    number of reformations : 1

------- converged at time : 19.8


Data Record #1
===========================================================================
Step = 198
Time = 19.8
Data = uz
File = feb_inputs/active_ascl/../../raw_logs/active_ascl/ascl_2.0_disp.txt

Data Record #2
===========================================================================
Step = 198
Time = 19.8
Data = sz
File = feb_inputs/active_ascl/../../raw_logs/active_ascl/ascl_2.0_stress.txt

Data Record #3
===========================================================================
Step = 198
Time = 19.8
Data = J
File = feb_inputs/active_ascl/../../raw_logs/active_ascl/ascl_2.0_vol.txt

===== beginning time step 199 : 19.9 =====


Reforming stiffness matrix: reformation #1

 1
 Nonlinear solution status: time= 19.9
	stiffness updates             = 0
	right hand side evaluations   = 2
	stiffness matrix reformations = 1
	step from line search         = 1.000000
	convergence norms :     INITIAL         CURRENT         REQUIRED
	   residual            2.207685e+01    4.595446e-09    0.000000e+00 
	   energy              1.321548e-01    1.181025e-06    1.321548e-03 
	   displacement        6.485821e-03    6.485821e-03    6.485821e-09 
 2
 Nonlinear solution status: time= 19.9
	stiffness updates             = 1
	right hand side evaluations   = 3
	stiffness matrix reformations = 1
	step from line search         = 1.000000
	convergence norms :     INITIAL         CURRENT         REQUIRED
	   residual            2.207685e+01    5.673310e-14    0.000000e+00 
	   energy              1.321548e-01    3.171393e-13    1.321548e-03 
	   displacement        6.485821e-03    2.899751e-11    6.485516e-09 

convergence summary
    number of iterations   : 2
    number of reformations : 1

------- converged at time : 19.9


Data Record #1
===========================================================================
Step = 199
Time = 19.9
Data = uz
File = feb_inputs/active_ascl/../../raw_logs/active_ascl/ascl_2.0_disp.txt

Data Record #2
===========================================================================
Step = 199
Time = 19.9
Data = sz
File = feb_inputs/active_ascl/../../raw_logs/active_ascl/ascl_2.0_stress.txt

Data Record #3
===========================================================================
Step = 199
Time = 19.9
Data = J
File = feb_inputs/active_ascl/../../raw_logs/active_ascl/ascl_2.0_vol.txt

===== beginning time step 200 : 20 =====


Reforming stiffness matrix: reformation #1

 1
 Nonlinear solution status: time= 20
	stiffness updates             = 0
	right hand side evaluations   = 2
	stiffness matrix reformations = 1
	step from line search         = 1.000000
	convergence norms :     INITIAL         CURRENT         REQUIRED
	   residual            2.346800e+01    5.962258e-09    0.000000e+00 
	   energy              1.386930e-01    1.066417e-06    1.386930e-03 
	   displacement        6.782908e-03    6.782908e-03    6.782908e-09 
 2
 Nonlinear solution status: time= 20
	stiffness updates             = 1
	right hand side evaluations   = 3
	stiffness matrix reformations = 1
	step from line search         = 1.000000
	convergence norms :     INITIAL         CURRENT         REQUIRED
	   residual            2.346800e+01    5.936455e-14    0.000000e+00 
	   energy              1.386930e-01    3.169427e-13    1.386930e-03 
	   displacement        6.782908e-03    2.837534e-11    6.782620e-09 

convergence summary
    number of iterations   : 2
    number of reformations : 1

------- converged at time : 20


Data Record #1
===========================================================================
Step = 200
Time = 20
Data = uz
File = feb_inputs/active_ascl/../../raw_logs/active_ascl/ascl_2.0_disp.txt

Data Record #2
===========================================================================
Step = 200
Time = 20
Data = sz
File = feb_inputs/active_ascl/../../raw_logs/active_ascl/ascl_2.0_stress.txt

Data Record #3
===========================================================================
Step = 200
Time = 20
Data = J
File = feb_inputs/active_ascl/../../raw_logs/active_ascl/ascl_2.0_vol.txt

===== beginning time step 201 : 20.1 =====


Reforming stiffness matrix: reformation #1

 1
 Nonlinear solution status: time= 20.1
	stiffness updates             = 0
	right hand side evaluations   = 2
	stiffness matrix reformations = 1
	step from line search         = 1.000000
	convergence norms :     INITIAL         CURRENT         REQUIRED
	   residual            2.497379e+01    7.841666e-09    0.000000e+00 
	   energy              1.453898e-01    9.948133e-07    1.453898e-03 
	   displacement        7.080793e-03    7.080793e-03    7.080793e-09 
 2
 Nonlinear solution status: time= 20.1
	stiffness updates             = 1
	right hand side evaluations   = 3
	stiffness matrix reformations = 1
	step from line search         = 1.000000
	convergence norms :     INITIAL         CURRENT         REQUIRED
	   residual            2.497379e+01    8.091646e-14    0.000000e+00 
	   energy              1.453898e-01    3.436336e-13    1.453898e-03 
	   displacement        7.080793e-03    2.763435e-11    7.080541e-09 

convergence summary
    number of iterations   : 2
    number of reformations : 1

------- converged at time : 20.1


Data Record #1
===========================================================================
Step = 201
Time = 20.1
Data = uz
File = feb_inputs/active_ascl/../../raw_logs/active_ascl/ascl_2.0_disp.txt

Data Record #2
===========================================================================
Step = 201
Time = 20.1
Data = sz
File = feb_inputs/active_ascl/../../raw_logs/active_ascl/ascl_2.0_stress.txt

Data Record #3
===========================================================================
Step = 201
Time = 20.1
Data = J
File = feb_inputs/active_ascl/../../raw_logs/active_ascl/ascl_2.0_vol.txt

===== beginning time step 202 : 20.2 =====


Reforming stiffness matrix: reformation #1

 1
 Nonlinear solution status: time= 20.2
	stiffness updates             = 0
	right hand side evaluations   = 2
	stiffness matrix reformations = 1
	step from line search         = 1.000000
	convergence norms :     INITIAL         CURRENT         REQUIRED
	   residual            2.672283e+01    1.038355e-08    0.000000e+00 
	   energy              1.523374e-01    9.826142e-07    1.523374e-03 
	   displacement        7.364502e-03    7.364502e-03    7.364502e-09 
 2
 Nonlinear solution status: time= 20.2
	stiffness updates             = 1
	right hand side evaluations   = 3
	stiffness matrix reformations = 1
	step from line search         = 1.000000
	convergence norms :     INITIAL         CURRENT         REQUIRED
	   residual            2.672283e+01    1.248076e-13    0.000000e+00 
	   energy              1.523374e-01    4.123404e-13    1.523374e-03 
	   displacement        7.364502e-03    2.752988e-11    7.364302e-09 

convergence summary
    number of iterations   : 2
    number of reformations : 1

------- converged at time : 20.2


Data Record #1
===========================================================================
Step = 202
Time = 20.2
Data = uz
File = feb_inputs/active_ascl/../../raw_logs/active_ascl/ascl_2.0_disp.txt

Data Record #2
===========================================================================
Step = 202
Time = 20.2
Data = sz
File = feb_inputs/active_ascl/../../raw_logs/active_ascl/ascl_2.0_stress.txt

Data Record #3
===========================================================================
Step = 202
Time = 20.2
Data = J
File = feb_inputs/active_ascl/../../raw_logs/active_ascl/ascl_2.0_vol.txt

===== beginning time step 203 : 20.3 =====


Reforming stiffness matrix: reformation #1

 1
 Nonlinear solution status: time= 20.3
	stiffness updates             = 0
	right hand side evaluations   = 2
	stiffness matrix reformations = 1
	step from line search         = 1.000000
	convergence norms :     INITIAL         CURRENT         REQUIRED
	   residual            2.876927e+01    1.538191e-08    0.000000e+00 
	   energy              1.596710e-01    9.845037e-07    1.596710e-03 
	   displacement        7.635206e-03    7.635206e-03    7.635206e-09 
 2
 Nonlinear solution status: time= 20.3
	stiffness updates             = 1
	right hand side evaluations   = 3
	stiffness matrix reformations = 1
	step from line search         = 1.000000
	convergence norms :     INITIAL         CURRENT         REQUIRED
	   residual            2.876927e+01    1.774348e-13    0.000000e+00 
	   energy              1.596710e-01    4.685240e-13    1.596710e-03 
	   displacement        7.635206e-03    2.731086e-11    7.635051e-09 

convergence summary
    number of iterations   : 2
    number of reformations : 1

------- converged at time : 20.3


Data Record #1
===========================================================================
Step = 203
Time = 20.3
Data = uz
File = feb_inputs/active_ascl/../../raw_logs/active_ascl/ascl_2.0_disp.txt

Data Record #2
===========================================================================
Step = 203
Time = 20.3
Data = sz
File = feb_inputs/active_ascl/../../raw_logs/active_ascl/ascl_2.0_stress.txt

Data Record #3
===========================================================================
Step = 203
Time = 20.3
Data = J
File = feb_inputs/active_ascl/../../raw_logs/active_ascl/ascl_2.0_vol.txt

===== beginning time step 204 : 20.4 =====


Reforming stiffness matrix: reformation #1

 1
 Nonlinear solution status: time= 20.4
	stiffness updates             = 0
	right hand side evaluations   = 2
	stiffness matrix reformations = 1
	step from line search         = 1.000000
	convergence norms :     INITIAL         CURRENT         REQUIRED
	   residual            3.106328e+01    2.082652e-08    0.000000e+00 
	   energy              1.675707e-01    9.701921e-07    1.675707e-03 
	   displacement        7.913420e-03    7.913420e-03    7.913420e-09 
 2
 Nonlinear solution status: time= 20.4
	stiffness updates             = 1
	right hand side evaluations   = 3
	stiffness matrix reformations = 1
	step from line search         = 1.000000
	convergence norms :     INITIAL         CURRENT         REQUIRED
	   residual            3.106328e+01    2.356652e-13    0.000000e+00 
	   energy              1.675707e-01    5.425746e-13    1.675707e-03 
	   displacement        7.913420e-03    2.634838e-11    7.913307e-09 

convergence summary
    number of iterations   : 2
    number of reformations : 1

------- converged at time : 20.4


Data Record #1
===========================================================================
Step = 204
Time = 20.4
Data = uz
File = feb_inputs/active_ascl/../../raw_logs/active_ascl/ascl_2.0_disp.txt

Data Record #2
===========================================================================
Step = 204
Time = 20.4
Data = sz
File = feb_inputs/active_ascl/../../raw_logs/active_ascl/ascl_2.0_stress.txt

Data Record #3
===========================================================================
Step = 204
Time = 20.4
Data = J
File = feb_inputs/active_ascl/../../raw_logs/active_ascl/ascl_2.0_vol.txt

===== beginning time step 205 : 20.5 =====


Reforming stiffness matrix: reformation #1

 1
 Nonlinear solution status: time= 20.5
	stiffness updates             = 0
	right hand side evaluations   = 2
	stiffness matrix reformations = 1
	step from line search         = 1.000000
	convergence norms :     INITIAL         CURRENT         REQUIRED
	   residual            3.349356e+01    2.936589e-08    0.000000e+00 
	   energy              1.760716e-01    9.601752e-07    1.760716e-03 
	   displacement        8.228013e-03    8.228013e-03    8.228013e-09 
 2
 Nonlinear solution status: time= 20.5
	stiffness updates             = 1
	right hand side evaluations   = 3
	stiffness matrix reformations = 1
	step from line search         = 1.000000
	convergence norms :     INITIAL         CURRENT         REQUIRED
	   residual            3.349356e+01    3.088961e-13    0.000000e+00 
	   energy              1.760716e-01    6.427800e-13    1.760716e-03 
	   displacement        8.228013e-03    2.562072e-11    8.227942e-09 

convergence summary
    number of iterations   : 2
    number of reformations : 1

------- converged at time : 20.5


Data Record #1
===========================================================================
Step = 205
Time = 20.5
Data = uz
File = feb_inputs/active_ascl/../../raw_logs/active_ascl/ascl_2.0_disp.txt

Data Record #2
===========================================================================
Step = 205
Time = 20.5
Data = sz
File = feb_inputs/active_ascl/../../raw_logs/active_ascl/ascl_2.0_stress.txt

Data Record #3
===========================================================================
Step = 205
Time = 20.5
Data = J
File = feb_inputs/active_ascl/../../raw_logs/active_ascl/ascl_2.0_vol.txt

===== beginning time step 206 : 20.6 =====


Reforming stiffness matrix: reformation #1

 1
 Nonlinear solution status: time= 20.6
	stiffness updates             = 0
	right hand side evaluations   = 2
	stiffness matrix reformations = 1
	step from line search         = 1.000000
	convergence norms :     INITIAL         CURRENT         REQUIRED
	   residual            3.585150e+01    3.455041e-08    0.000000e+00 
	   energy              1.849467e-01    9.673713e-07    1.849467e-03 
	   displacement        8.583643e-03    8.583643e-03    8.583643e-09 
 2
 Nonlinear solution status: time= 20.6
	stiffness updates             = 1
	right hand side evaluations   = 3
	stiffness matrix reformations = 1
	step from line search         = 1.000000
	convergence norms :     INITIAL         CURRENT         REQUIRED
	   residual            3.585150e+01    3.525580e-13    0.000000e+00 
	   energy              1.849467e-01    6.675540e-13    1.849467e-03 
	   displacement        8.583643e-03    2.479488e-11    8.583594e-09 

convergence summary
    number of iterations   : 2
    number of reformations : 1

------- converged at time : 20.6


Data Record #1
===========================================================================
Step = 206
Time = 20.6
Data = uz
File = feb_inputs/active_ascl/../../raw_logs/active_ascl/ascl_2.0_disp.txt

Data Record #2
===========================================================================
Step = 206
Time = 20.6
Data = sz
File = feb_inputs/active_ascl/../../raw_logs/active_ascl/ascl_2.0_stress.txt

Data Record #3
===========================================================================
Step = 206
Time = 20.6
Data = J
File = feb_inputs/active_ascl/../../raw_logs/active_ascl/ascl_2.0_vol.txt

===== beginning time step 207 : 20.7 =====


Reforming stiffness matrix: reformation #1

 1
 Nonlinear solution status: time= 20.7
	stiffness updates             = 0
	right hand side evaluations   = 2
	stiffness matrix reformations = 1
	step from line search         = 1.000000
	convergence norms :     INITIAL         CURRENT         REQUIRED
	   residual            3.792626e+01    3.633023e-08    0.000000e+00 
	   energy              1.937728e-01    1.012635e-06    1.937728e-03 
	   displacement        8.967514e-03    8.967514e-03    8.967514e-09 
 2
 Nonlinear solution status: time= 20.7
	stiffness updates             = 1
	right hand side evaluations   = 3
	stiffness matrix reformations = 1
	step from line search         = 1.000000
	convergence norms :     INITIAL         CURRENT         REQUIRED
	   residual            3.792626e+01    3.697347e-13    0.000000e+00 
	   energy              1.937728e-01    6.798558e-13    1.937728e-03 
	   displacement        8.967514e-03    2.529669e-11    8.967450e-09 

convergence summary
    number of iterations   : 2
    number of reformations : 1

------- converged at time : 20.7


Data Record #1
===========================================================================
Step = 207
Time = 20.7
Data = uz
File = feb_inputs/active_ascl/../../raw_logs/active_ascl/ascl_2.0_disp.txt

Data Record #2
===========================================================================
Step = 207
Time = 20.7
Data = sz
File = feb_inputs/active_ascl/../../raw_logs/active_ascl/ascl_2.0_stress.txt

Data Record #3
===========================================================================
Step = 207
Time = 20.7
Data = J
File = feb_inputs/active_ascl/../../raw_logs/active_ascl/ascl_2.0_vol.txt

===== beginning time step 208 : 20.8 =====


Reforming stiffness matrix: reformation #1

 1
 Nonlinear solution status: time= 20.8
	stiffness updates             = 0
	right hand side evaluations   = 2
	stiffness matrix reformations = 1
	step from line search         = 1.000000
	convergence norms :     INITIAL         CURRENT         REQUIRED
	   residual            3.964260e+01    3.427320e-08    0.000000e+00 
	   energy              2.021380e-01    1.091700e-06    2.021380e-03 
	   displacement        9.375021e-03    9.375021e-03    9.375021e-09 
 2
 Nonlinear solution status: time= 20.8
	stiffness updates             = 1
	right hand side evaluations   = 3
	stiffness matrix reformations = 1
	step from line search         = 1.000000
	convergence norms :     INITIAL         CURRENT         REQUIRED
	   residual            3.964260e+01    3.761807e-13    0.000000e+00 
	   energy              2.021380e-01    6.826821e-13    2.021380e-03 
	   displacement        9.375021e-03    2.666740e-11    9.374922e-09 

convergence summary
    number of iterations   : 2
    number of reformations : 1

------- converged at time : 20.8


Data Record #1
===========================================================================
Step = 208
Time = 20.8
Data = uz
File = feb_inputs/active_ascl/../../raw_logs/active_ascl/ascl_2.0_disp.txt

Data Record #2
===========================================================================
Step = 208
Time = 20.8
Data = sz
File = feb_inputs/active_ascl/../../raw_logs/active_ascl/ascl_2.0_stress.txt

Data Record #3
===========================================================================
Step = 208
Time = 20.8
Data = J
File = feb_inputs/active_ascl/../../raw_logs/active_ascl/ascl_2.0_vol.txt

===== beginning time step 209 : 20.9 =====


Reforming stiffness matrix: reformation #1

 1
 Nonlinear solution status: time= 20.9
	stiffness updates             = 0
	right hand side evaluations   = 2
	stiffness matrix reformations = 1
	step from line search         = 1.000000
	convergence norms :     INITIAL         CURRENT         REQUIRED
	   residual            4.101687e+01    3.127762e-08    0.000000e+00 
	   energy              2.097328e-01    1.166245e-06    2.097328e-03 
	   displacement        9.778198e-03    9.778198e-03    9.778198e-09 
 2
 Nonlinear solution status: time= 20.9
	stiffness updates             = 1
	right hand side evaluations   = 3
	stiffness matrix reformations = 1
	step from line search         = 1.000000
	convergence norms :     INITIAL         CURRENT         REQUIRED
	   residual            4.101687e+01    3.532652e-13    0.000000e+00 
	   energy              2.097328e-01    6.537593e-13    2.097328e-03 
	   displacement        9.778198e-03    2.826572e-11    9.778086e-09 

convergence summary
    number of iterations   : 2
    number of reformations : 1

------- converged at time : 20.9


Data Record #1
===========================================================================
Step = 209
Time = 20.9
Data = uz
File = feb_inputs/active_ascl/../../raw_logs/active_ascl/ascl_2.0_disp.txt

Data Record #2
===========================================================================
Step = 209
Time = 20.9
Data = sz
File = feb_inputs/active_ascl/../../raw_logs/active_ascl/ascl_2.0_stress.txt

Data Record #3
===========================================================================
Step = 209
Time = 20.9
Data = J
File = feb_inputs/active_ascl/../../raw_logs/active_ascl/ascl_2.0_vol.txt

===== beginning time step 210 : 21 =====


Reforming stiffness matrix: reformation #1

 1
 Nonlinear solution status: time= 21
	stiffness updates             = 0
	right hand side evaluations   = 2
	stiffness matrix reformations = 1
	step from line search         = 1.000000
	convergence norms :     INITIAL         CURRENT         REQUIRED
	   residual            4.204038e+01    2.770731e-08    0.000000e+00 
	   energy              2.162814e-01    1.180817e-06    2.162814e-03 
	   displacement        1.013709e-02    1.013709e-02    1.013709e-08 
 2
 Nonlinear solution status: time= 21
	stiffness updates             = 1
	right hand side evaluations   = 3
	stiffness matrix reformations = 1
	step from line search         = 1.000000
	convergence norms :     INITIAL         CURRENT         REQUIRED
	   residual            4.204038e+01    3.178547e-13    0.000000e+00 
	   energy              2.162814e-01    6.097409e-13    2.162814e-03 
	   displacement        1.013709e-02    2.892206e-11    1.013697e-08 

convergence summary
    number of iterations   : 2
    number of reformations : 1

------- converged at time : 21


Data Record #1
===========================================================================
Step = 210
Time = 21
Data = uz
File = feb_inputs/active_ascl/../../raw_logs/active_ascl/ascl_2.0_disp.txt

Data Record #2
===========================================================================
Step = 210
Time = 21
Data = sz
File = feb_inputs/active_ascl/../../raw_logs/active_ascl/ascl_2.0_stress.txt

Data Record #3
===========================================================================
Step = 210
Time = 21
Data = J
File = feb_inputs/active_ascl/../../raw_logs/active_ascl/ascl_2.0_vol.txt

===== beginning time step 211 : 21.1 =====


Reforming stiffness matrix: reformation #1

 1
 Nonlinear solution status: time= 21.1
	stiffness updates             = 0
	right hand side evaluations   = 2
	stiffness matrix reformations = 1
	step from line search         = 1.000000
	convergence norms :     INITIAL         CURRENT         REQUIRED
	   residual            4.264456e+01    2.816547e-08    0.000000e+00 
	   energy              2.215493e-01    1.125605e-06    2.215493e-03 
	   displacement        1.044162e-02    1.044162e-02    1.044162e-08 
 2
 Nonlinear solution status: time= 21.1
	stiffness updates             = 1
	right hand side evaluations   = 3
	stiffness matrix reformations = 1
	step from line search         = 1.000000
	convergence norms :     INITIAL         CURRENT         REQUIRED
	   residual            4.264456e+01    3.274243e-13    0.000000e+00 
	   energy              2.215493e-01    6.243979e-13    2.215493e-03 
	   displacement        1.044162e-02    2.856277e-11    1.044150e-08 

convergence summary
    number of iterations   : 2
    number of reformations : 1

------- converged at time : 21.1


Data Record #1
===========================================================================
Step = 211
Time = 21.1
Data = uz
File = feb_inputs/active_ascl/../../raw_logs/active_ascl/ascl_2.0_disp.txt

Data Record #2
===========================================================================
Step = 211
Time = 21.1
Data = sz
File = feb_inputs/active_ascl/../../raw_logs/active_ascl/ascl_2.0_stress.txt

Data Record #3
===========================================================================
Step = 211
Time = 21.1
Data = J
File = feb_inputs/active_ascl/../../raw_logs/active_ascl/ascl_2.0_vol.txt

===== beginning time step 212 : 21.2 =====


Reforming stiffness matrix: reformation #1

 1
 Nonlinear solution status: time= 21.2
	stiffness updates             = 0
	right hand side evaluations   = 2
	stiffness matrix reformations = 1
	step from line search         = 1.000000
	convergence norms :     INITIAL         CURRENT         REQUIRED
	   residual            4.281818e+01    3.026041e-08    0.000000e+00 
	   energy              2.254709e-01    1.082268e-06    2.254709e-03 
	   displacement        1.068967e-02    1.068967e-02    1.068967e-08 
 2
 Nonlinear solution status: time= 21.2
	stiffness updates             = 1
	right hand side evaluations   = 3
	stiffness matrix reformations = 1
	step from line search         = 1.000000
	convergence norms :     INITIAL         CURRENT         REQUIRED
	   residual            4.281818e+01    3.397449e-13    0.000000e+00 
	   energy              2.254709e-01    6.743291e-13    2.254709e-03 
	   displacement        1.068967e-02    2.925849e-11    1.068954e-08 

convergence summary
    number of iterations   : 2
    number of reformations : 1

------- converged at time : 21.2


Data Record #1
===========================================================================
Step = 212
Time = 21.2
Data = uz
File = feb_inputs/active_ascl/../../raw_logs/active_ascl/ascl_2.0_disp.txt

Data Record #2
===========================================================================
Step = 212
Time = 21.2
Data = sz
File = feb_inputs/active_ascl/../../raw_logs/active_ascl/ascl_2.0_stress.txt

Data Record #3
===========================================================================
Step = 212
Time = 21.2
Data = J
File = feb_inputs/active_ascl/../../raw_logs/active_ascl/ascl_2.0_vol.txt

===== beginning time step 213 : 21.3 =====


Reforming stiffness matrix: reformation #1

 1
 Nonlinear solution status: time= 21.3
	stiffness updates             = 0
	right hand side evaluations   = 2
	stiffness matrix reformations = 1
	step from line search         = 1.000000
	convergence norms :     INITIAL         CURRENT         REQUIRED
	   residual            4.272345e+01    2.941325e-08    0.000000e+00 
	   energy              2.281816e-01    1.113448e-06    2.281816e-03 
	   displacement        1.087235e-02    1.087235e-02    1.087235e-08 
 2
 Nonlinear solution status: time= 21.3
	stiffness updates             = 1
	right hand side evaluations   = 3
	stiffness matrix reformations = 1
	step from line search         = 1.000000
	convergence norms :     INITIAL         CURRENT         REQUIRED
	   residual            4.272345e+01    3.312310e-13    0.000000e+00 
	   energy              2.281816e-01    6.762642e-13    2.281816e-03 
	   displacement        1.087235e-02    3.071442e-11    1.087222e-08 

convergence summary
    number of iterations   : 2
    number of reformations : 1

------- converged at time : 21.3


Data Record #1
===========================================================================
Step = 213
Time = 21.3
Data = uz
File = feb_inputs/active_ascl/../../raw_logs/active_ascl/ascl_2.0_disp.txt

Data Record #2
===========================================================================
Step = 213
Time = 21.3
Data = sz
File = feb_inputs/active_ascl/../../raw_logs/active_ascl/ascl_2.0_stress.txt

Data Record #3
===========================================================================
Step = 213
Time = 21.3
Data = J
File = feb_inputs/active_ascl/../../raw_logs/active_ascl/ascl_2.0_vol.txt

===== beginning time step 214 : 21.4 =====


Reforming stiffness matrix: reformation #1

 1
 Nonlinear solution status: time= 21.4
	stiffness updates             = 0
	right hand side evaluations   = 2
	stiffness matrix reformations = 1
	step from line search         = 1.000000
	convergence norms :     INITIAL         CURRENT         REQUIRED
	   residual            4.254589e+01    2.388692e-08    0.000000e+00 
	   energy              2.299839e-01    1.190215e-06    2.299839e-03 
	   displacement        1.098226e-02    1.098226e-02    1.098226e-08 
 2
 Nonlinear solution status: time= 21.4
	stiffness updates             = 1
	right hand side evaluations   = 3
	stiffness matrix reformations = 1
	step from line search         = 1.000000
	convergence norms :     INITIAL         CURRENT         REQUIRED
	   residual            4.254589e+01    2.722439e-13    0.000000e+00 
	   energy              2.299839e-01    6.277097e-13    2.299839e-03 
	   displacement        1.098226e-02    3.205719e-11    1.098211e-08 

convergence summary
    number of iterations   : 2
    number of reformations : 1

------- converged at time : 21.4


Data Record #1
===========================================================================
Step = 214
Time = 21.4
Data = uz
File = feb_inputs/active_ascl/../../raw_logs/active_ascl/ascl_2.0_disp.txt

Data Record #2
===========================================================================
Step = 214
Time = 21.4
Data = sz
File = feb_inputs/active_ascl/../../raw_logs/active_ascl/ascl_2.0_stress.txt

Data Record #3
===========================================================================
Step = 214
Time = 21.4
Data = J
File = feb_inputs/active_ascl/../../raw_logs/active_ascl/ascl_2.0_vol.txt

===== beginning time step 215 : 21.5 =====


Reforming stiffness matrix: reformation #1

 1
 Nonlinear solution status: time= 21.5
	stiffness updates             = 0
	right hand side evaluations   = 2
	stiffness matrix reformations = 1
	step from line search         = 1.000000
	convergence norms :     INITIAL         CURRENT         REQUIRED
	   residual            4.233759e+01    1.968297e-08    0.000000e+00 
	   energy              2.312503e-01    1.275722e-06    2.312503e-03 
	   displacement        1.103240e-02    1.103240e-02    1.103240e-08 
 2
 Nonlinear solution status: time= 21.5
	stiffness updates             = 1
	right hand side evaluations   = 3
	stiffness matrix reformations = 1
	step from line search         = 1.000000
	convergence norms :     INITIAL         CURRENT         REQUIRED
	   residual            4.233759e+01    2.399028e-13    0.000000e+00 
	   energy              2.312503e-01    5.909036e-13    2.312503e-03 
	   displacement        1.103240e-02    3.332857e-11    1.103224e-08 

convergence summary
    number of iterations   : 2
    number of reformations : 1

------- converged at time : 21.5


Data Record #1
===========================================================================
Step = 215
Time = 21.5
Data = uz
File = feb_inputs/active_ascl/../../raw_logs/active_ascl/ascl_2.0_disp.txt

Data Record #2
===========================================================================
Step = 215
Time = 21.5
Data = sz
File = feb_inputs/active_ascl/../../raw_logs/active_ascl/ascl_2.0_stress.txt

Data Record #3
===========================================================================
Step = 215
Time = 21.5
Data = J
File = feb_inputs/active_ascl/../../raw_logs/active_ascl/ascl_2.0_vol.txt

===== beginning time step 216 : 21.6 =====


Reforming stiffness matrix: reformation #1

 1
 Nonlinear solution status: time= 21.6
	stiffness updates             = 0
	right hand side evaluations   = 2
	stiffness matrix reformations = 1
	step from line search         = 1.000000
	convergence norms :     INITIAL         CURRENT         REQUIRED
	   residual            4.205457e+01    1.788942e-08    0.000000e+00 
	   energy              2.322179e-01    1.359413e-06    2.322179e-03 
	   displacement        1.106746e-02    1.106746e-02    1.106746e-08 
 2
 Nonlinear solution status: time= 21.6
	stiffness updates             = 1
	right hand side evaluations   = 3
	stiffness matrix reformations = 1
	step from line search         = 1.000000
	convergence norms :     INITIAL         CURRENT         REQUIRED
	   residual            4.205457e+01    2.347833e-13    0.000000e+00 
	   energy              2.322179e-01    5.466661e-13    2.322179e-03 
	   displacement        1.106746e-02    3.355368e-11    1.106727e-08 

convergence summary
    number of iterations   : 2
    number of reformations : 1

------- converged at time : 21.6


Data Record #1
===========================================================================
Step = 216
Time = 21.6
Data = uz
File = feb_inputs/active_ascl/../../raw_logs/active_ascl/ascl_2.0_disp.txt

Data Record #2
===========================================================================
Step = 216
Time = 21.6
Data = sz
File = feb_inputs/active_ascl/../../raw_logs/active_ascl/ascl_2.0_stress.txt

Data Record #3
===========================================================================
Step = 216
Time = 21.6
Data = J
File = feb_inputs/active_ascl/../../raw_logs/active_ascl/ascl_2.0_vol.txt

===== beginning time step 217 : 21.7 =====


Reforming stiffness matrix: reformation #1

 1
 Nonlinear solution status: time= 21.7
	stiffness updates             = 0
	right hand side evaluations   = 2
	stiffness matrix reformations = 1
	step from line search         = 1.000000
	convergence norms :     INITIAL         CURRENT         REQUIRED
	   residual            4.161023e+01    1.551108e-08    0.000000e+00 
	   energy              2.327994e-01    1.437433e-06    2.327994e-03 
	   displacement        1.111279e-02    1.111279e-02    1.111279e-08 
 2
 Nonlinear solution status: time= 21.7
	stiffness updates             = 1
	right hand side evaluations   = 3
	stiffness matrix reformations = 1
	step from line search         = 1.000000
	convergence norms :     INITIAL         CURRENT         REQUIRED
	   residual            4.161023e+01    1.810393e-13    0.000000e+00 
	   energy              2.327994e-01    4.704081e-13    2.327994e-03 
	   displacement        1.111279e-02    3.429115e-11    1.111256e-08 

convergence summary
    number of iterations   : 2
    number of reformations : 1

------- converged at time : 21.7


Data Record #1
===========================================================================
Step = 217
Time = 21.7
Data = uz
File = feb_inputs/active_ascl/../../raw_logs/active_ascl/ascl_2.0_disp.txt

Data Record #2
===========================================================================
Step = 217
Time = 21.7
Data = sz
File = feb_inputs/active_ascl/../../raw_logs/active_ascl/ascl_2.0_stress.txt

Data Record #3
===========================================================================
Step = 217
Time = 21.7
Data = J
File = feb_inputs/active_ascl/../../raw_logs/active_ascl/ascl_2.0_vol.txt

===== beginning time step 218 : 21.8 =====


Reforming stiffness matrix: reformation #1

 1
 Nonlinear solution status: time= 21.8
	stiffness updates             = 0
	right hand side evaluations   = 2
	stiffness matrix reformations = 1
	step from line search         = 1.000000
	convergence norms :     INITIAL         CURRENT         REQUIRED
	   residual            4.093063e+01    1.232153e-08    0.000000e+00 
	   energy              2.326535e-01    1.536012e-06    2.326535e-03 
	   displacement        1.116069e-02    1.116069e-02    1.116069e-08 
 2
 Nonlinear solution status: time= 21.8
	stiffness updates             = 1
	right hand side evaluations   = 3
	stiffness matrix reformations = 1
	step from line search         = 1.000000
	convergence norms :     INITIAL         CURRENT         REQUIRED
	   residual            4.093063e+01    1.510603e-13    0.000000e+00 
	   energy              2.326535e-01    4.351732e-13    2.326535e-03 
	   displacement        1.116069e-02    3.745448e-11    1.116043e-08 

convergence summary
    number of iterations   : 2
    number of reformations : 1

------- converged at time : 21.8


Data Record #1
===========================================================================
Step = 218
Time = 21.8
Data = uz
File = feb_inputs/active_ascl/../../raw_logs/active_ascl/ascl_2.0_disp.txt

Data Record #2
===========================================================================
Step = 218
Time = 21.8
Data = sz
File = feb_inputs/active_ascl/../../raw_logs/active_ascl/ascl_2.0_stress.txt

Data Record #3
===========================================================================
Step = 218
Time = 21.8
Data = J
File = feb_inputs/active_ascl/../../raw_logs/active_ascl/ascl_2.0_vol.txt

===== beginning time step 219 : 21.9 =====


Reforming stiffness matrix: reformation #1

 1
 Nonlinear solution status: time= 21.9
	stiffness updates             = 0
	right hand side evaluations   = 2
	stiffness matrix reformations = 1
	step from line search         = 1.000000
	convergence norms :     INITIAL         CURRENT         REQUIRED
	   residual            4.000064e+01    1.143525e-08    0.000000e+00 
	   energy              2.313262e-01    1.675295e-06    2.313262e-03 
	   displacement        1.118615e-02    1.118615e-02    1.118615e-08 
 2
 Nonlinear solution status: time= 21.9
	stiffness updates             = 1
	right hand side evaluations   = 3
	stiffness matrix reformations = 1
	step from line search         = 1.000000
	convergence norms :     INITIAL         CURRENT         REQUIRED
	   residual            4.000064e+01    1.539492e-13    0.000000e+00 
	   energy              2.313262e-01    4.416388e-13    2.313262e-03 
	   displacement        1.118615e-02    4.145793e-11    1.118586e-08 

convergence summary
    number of iterations   : 2
    number of reformations : 1

------- converged at time : 21.9


Data Record #1
===========================================================================
Step = 219
Time = 21.9
Data = uz
File = feb_inputs/active_ascl/../../raw_logs/active_ascl/ascl_2.0_disp.txt

Data Record #2
===========================================================================
Step = 219
Time = 21.9
Data = sz
File = feb_inputs/active_ascl/../../raw_logs/active_ascl/ascl_2.0_stress.txt

Data Record #3
===========================================================================
Step = 219
Time = 21.9
Data = J
File = feb_inputs/active_ascl/../../raw_logs/active_ascl/ascl_2.0_vol.txt

===== beginning time step 220 : 22 =====


Reforming stiffness matrix: reformation #1

 1
 Nonlinear solution status: time= 22
	stiffness updates             = 0
	right hand side evaluations   = 2
	stiffness matrix reformations = 1
	step from line search         = 1.000000
	convergence norms :     INITIAL         CURRENT         REQUIRED
	   residual            3.886910e+01    9.810294e-09    0.000000e+00 
	   energy              2.283742e-01    1.829080e-06    2.283742e-03 
	   displacement        1.114505e-02    1.114505e-02    1.114505e-08 
 2
 Nonlinear solution status: time= 22
	stiffness updates             = 1
	right hand side evaluations   = 3
	stiffness matrix reformations = 1
	step from line search         = 1.000000
	convergence norms :     INITIAL         CURRENT         REQUIRED
	   residual            3.886910e+01    1.172717e-13    0.000000e+00 
	   energy              2.283742e-01    4.184018e-13    2.283742e-03 
	   displacement        1.114505e-02    4.464219e-11    1.114472e-08 

convergence summary
    number of iterations   : 2
    number of reformations : 1

------- converged at time : 22


Data Record #1
===========================================================================
Step = 220
Time = 22
Data = uz
File = feb_inputs/active_ascl/../../raw_logs/active_ascl/ascl_2.0_disp.txt

Data Record #2
===========================================================================
Step = 220
Time = 22
Data = sz
File = feb_inputs/active_ascl/../../raw_logs/active_ascl/ascl_2.0_stress.txt

Data Record #3
===========================================================================
Step = 220
Time = 22
Data = J
File = feb_inputs/active_ascl/../../raw_logs/active_ascl/ascl_2.0_vol.txt

===== beginning time step 221 : 22.1 =====


Reforming stiffness matrix: reformation #1

 1
 Nonlinear solution status: time= 22.1
	stiffness updates             = 0
	right hand side evaluations   = 2
	stiffness matrix reformations = 1
	step from line search         = 1.000000
	convergence norms :     INITIAL         CURRENT         REQUIRED
	   residual            3.758162e+01    1.000119e-08    0.000000e+00 
	   energy              2.234634e-01    1.934969e-06    2.234634e-03 
	   displacement        1.099576e-02    1.099576e-02    1.099576e-08 
 2
 Nonlinear solution status: time= 22.1
	stiffness updates             = 1
	right hand side evaluations   = 3
	stiffness matrix reformations = 1
	step from line search         = 1.000000
	convergence norms :     INITIAL         CURRENT         REQUIRED
	   residual            3.758162e+01    1.115940e-13    0.000000e+00 
	   energy              2.234634e-01    4.469283e-13    2.234634e-03 
	   displacement        1.099576e-02    4.863306e-11    1.099539e-08 

convergence summary
    number of iterations   : 2
    number of reformations : 1

------- converged at time : 22.1


Data Record #1
===========================================================================
Step = 221
Time = 22.1
Data = uz
File = feb_inputs/active_ascl/../../raw_logs/active_ascl/ascl_2.0_disp.txt

Data Record #2
===========================================================================
Step = 221
Time = 22.1
Data = sz
File = feb_inputs/active_ascl/../../raw_logs/active_ascl/ascl_2.0_stress.txt

Data Record #3
===========================================================================
Step = 221
Time = 22.1
Data = J
File = feb_inputs/active_ascl/../../raw_logs/active_ascl/ascl_2.0_vol.txt

===== beginning time step 222 : 22.2 =====


Reforming stiffness matrix: reformation #1

 1
 Nonlinear solution status: time= 22.2
	stiffness updates             = 0
	right hand side evaluations   = 2
	stiffness matrix reformations = 1
	step from line search         = 1.000000
	convergence norms :     INITIAL         CURRENT         REQUIRED
	   residual            3.615496e+01    8.945991e-09    0.000000e+00 
	   energy              2.164976e-01    1.897006e-06    2.164976e-03 
	   displacement        1.071460e-02    1.071460e-02    1.071460e-08 
 2
 Nonlinear solution status: time= 22.2
	stiffness updates             = 1
	right hand side evaluations   = 3
	stiffness matrix reformations = 1
	step from line search         = 1.000000
	convergence norms :     INITIAL         CURRENT         REQUIRED
	   residual            3.615496e+01    1.074690e-13    0.000000e+00 
	   energy              2.164976e-01    4.424231e-13    2.164976e-03 
	   displacement        1.071460e-02    4.702746e-11    1.071422e-08 

convergence summary
    number of iterations   : 2
    number of reformations : 1

------- converged at time : 22.2


Data Record #1
===========================================================================
Step = 222
Time = 22.2
Data = uz
File = feb_inputs/active_ascl/../../raw_logs/active_ascl/ascl_2.0_disp.txt

Data Record #2
===========================================================================
Step = 222
Time = 22.2
Data = sz
File = feb_inputs/active_ascl/../../raw_logs/active_ascl/ascl_2.0_stress.txt

Data Record #3
===========================================================================
Step = 222
Time = 22.2
Data = J
File = feb_inputs/active_ascl/../../raw_logs/active_ascl/ascl_2.0_vol.txt

===== beginning time step 223 : 22.3 =====


Reforming stiffness matrix: reformation #1

 1
 Nonlinear solution status: time= 22.3
	stiffness updates             = 0
	right hand side evaluations   = 2
	stiffness matrix reformations = 1
	step from line search         = 1.000000
	convergence norms :     INITIAL         CURRENT         REQUIRED
	   residual            3.464188e+01    8.261617e-09    0.000000e+00 
	   energy              2.077044e-01    1.738171e-06    2.077044e-03 
	   displacement        1.030340e-02    1.030340e-02    1.030340e-08 
 2
 Nonlinear solution status: time= 22.3
	stiffness updates             = 1
	right hand side evaluations   = 3
	stiffness matrix reformations = 1
	step from line search         = 1.000000
	convergence norms :     INITIAL         CURRENT         REQUIRED
	   residual            3.464188e+01    1.086565e-13    0.000000e+00 
	   energy              2.077044e-01    4.224964e-13    2.077044e-03 
	   displacement        1.030340e-02    4.130923e-11    1.030303e-08 

convergence summary
    number of iterations   : 2
    number of reformations : 1

------- converged at time : 22.3


Data Record #1
===========================================================================
Step = 223
Time = 22.3
Data = uz
File = feb_inputs/active_ascl/../../raw_logs/active_ascl/ascl_2.0_disp.txt

Data Record #2
===========================================================================
Step = 223
Time = 22.3
Data = sz
File = feb_inputs/active_ascl/../../raw_logs/active_ascl/ascl_2.0_stress.txt

Data Record #3
===========================================================================
Step = 223
Time = 22.3
Data = J
File = feb_inputs/active_ascl/../../raw_logs/active_ascl/ascl_2.0_vol.txt

===== beginning time step 224 : 22.4 =====


Reforming stiffness matrix: reformation #1

 1
 Nonlinear solution status: time= 22.4
	stiffness updates             = 0
	right hand side evaluations   = 2
	stiffness matrix reformations = 1
	step from line search         = 1.000000
	convergence norms :     INITIAL         CURRENT         REQUIRED
	   residual            3.311965e+01    7.206568e-09    0.000000e+00 
	   energy              1.974658e-01    1.563136e-06    1.974658e-03 
	   displacement        9.776049e-03    9.776049e-03    9.776049e-09 
 2
 Nonlinear solution status: time= 22.4
	stiffness updates             = 1
	right hand side evaluations   = 3
	stiffness matrix reformations = 1
	step from line search         = 1.000000
	convergence norms :     INITIAL         CURRENT         REQUIRED
	   residual            3.311965e+01    1.121280e-13    0.000000e+00 
	   energy              1.974658e-01    4.455425e-13    1.974658e-03 
	   displacement        9.776049e-03    3.746312e-11    9.775690e-09 

convergence summary
    number of iterations   : 2
    number of reformations : 1

------- converged at time : 22.4


Data Record #1
===========================================================================
Step = 224
Time = 22.4
Data = uz
File = feb_inputs/active_ascl/../../raw_logs/active_ascl/ascl_2.0_disp.txt

Data Record #2
===========================================================================
Step = 224
Time = 22.4
Data = sz
File = feb_inputs/active_ascl/../../raw_logs/active_ascl/ascl_2.0_stress.txt

Data Record #3
===========================================================================
Step = 224
Time = 22.4
Data = J
File = feb_inputs/active_ascl/../../raw_logs/active_ascl/ascl_2.0_vol.txt

===== beginning time step 225 : 22.5 =====


Reforming stiffness matrix: reformation #1

 1
 Nonlinear solution status: time= 22.5
	stiffness updates             = 0
	right hand side evaluations   = 2
	stiffness matrix reformations = 1
	step from line search         = 1.000000
	convergence norms :     INITIAL         CURRENT         REQUIRED
	   residual            3.160613e+01    7.027323e-09    0.000000e+00 
	   energy              1.861989e-01    1.441849e-06    1.861989e-03 
	   displacement        9.159290e-03    9.159290e-03    9.159290e-09 
 2
 Nonlinear solution status: time= 22.5
	stiffness updates             = 1
	right hand side evaluations   = 3
	stiffness matrix reformations = 1
	step from line search         = 1.000000
	convergence norms :     INITIAL         CURRENT         REQUIRED
	   residual            3.160613e+01    1.076596e-13    0.000000e+00 
	   energy              1.861989e-01    4.368300e-13    1.861989e-03 
	   displacement        9.159290e-03    3.415166e-11    9.158961e-09 

convergence summary
    number of iterations   : 2
    number of reformations : 1

------- converged at time : 22.5


Data Record #1
===========================================================================
Step = 225
Time = 22.5
Data = uz
File = feb_inputs/active_ascl/../../raw_logs/active_ascl/ascl_2.0_disp.txt

Data Record #2
===========================================================================
Step = 225
Time = 22.5
Data = sz
File = feb_inputs/active_ascl/../../raw_logs/active_ascl/ascl_2.0_stress.txt

Data Record #3
===========================================================================
Step = 225
Time = 22.5
Data = J
File = feb_inputs/active_ascl/../../raw_logs/active_ascl/ascl_2.0_vol.txt

===== beginning time step 226 : 22.6 =====


Reforming stiffness matrix: reformation #1

 1
 Nonlinear solution status: time= 22.6
	stiffness updates             = 0
	right hand side evaluations   = 2
	stiffness matrix reformations = 1
	step from line search         = 1.000000
	convergence norms :     INITIAL         CURRENT         REQUIRED
	   residual            3.005681e+01    7.683711e-09    0.000000e+00 
	   energy              1.743142e-01    1.368187e-06    1.743142e-03 
	   displacement        8.505532e-03    8.505532e-03    8.505532e-09 
 2
 Nonlinear solution status: time= 22.6
	stiffness updates             = 1
	right hand side evaluations   = 3
	stiffness matrix reformations = 1
	step from line search         = 1.000000
	convergence norms :     INITIAL         CURRENT         REQUIRED
	   residual            3.005681e+01    1.137282e-13    0.000000e+00 
	   energy              1.743142e-01    4.294044e-13    1.743142e-03 
	   displacement        8.505532e-03    3.326436e-11    8.505219e-09 

convergence summary
    number of iterations   : 2
    number of reformations : 1

------- converged at time : 22.6


Data Record #1
===========================================================================
Step = 226
Time = 22.6
Data = uz
File = feb_inputs/active_ascl/../../raw_logs/active_ascl/ascl_2.0_disp.txt

Data Record #2
===========================================================================
Step = 226
Time = 22.6
Data = sz
File = feb_inputs/active_ascl/../../raw_logs/active_ascl/ascl_2.0_stress.txt

Data Record #3
===========================================================================
Step = 226
Time = 22.6
Data = J
File = feb_inputs/active_ascl/../../raw_logs/active_ascl/ascl_2.0_vol.txt

===== beginning time step 227 : 22.7 =====


Reforming stiffness matrix: reformation #1

 1
 Nonlinear solution status: time= 22.7
	stiffness updates             = 0
	right hand side evaluations   = 2
	stiffness matrix reformations = 1
	step from line search         = 1.000000
	convergence norms :     INITIAL         CURRENT         REQUIRED
	   residual            2.846095e+01    8.338204e-09    0.000000e+00 
	   energy              1.621866e-01    1.272867e-06    1.621866e-03 
	   displacement        7.856937e-03    7.856937e-03    7.856937e-09 
 2
 Nonlinear solution status: time= 22.7
	stiffness updates             = 1
	right hand side evaluations   = 3
	stiffness matrix reformations = 1
	step from line search         = 1.000000
	convergence norms :     INITIAL         CURRENT         REQUIRED
	   residual            2.846095e+01    1.372981e-13    0.000000e+00 
	   energy              1.621866e-01    4.489903e-13    1.621866e-03 
	   displacement        7.856937e-03    3.208089e-11    7.856633e-09 

convergence summary
    number of iterations   : 2
    number of reformations : 1

------- converged at time : 22.7


Data Record #1
===========================================================================
Step = 227
Time = 22.7
Data = uz
File = feb_inputs/active_ascl/../../raw_logs/active_ascl/ascl_2.0_disp.txt

Data Record #2
===========================================================================
Step = 227
Time = 22.7
Data = sz
File = feb_inputs/active_ascl/../../raw_logs/active_ascl/ascl_2.0_stress.txt

Data Record #3
===========================================================================
Step = 227
Time = 22.7
Data = J
File = feb_inputs/active_ascl/../../raw_logs/active_ascl/ascl_2.0_vol.txt

===== beginning time step 228 : 22.8 =====


Reforming stiffness matrix: reformation #1

 1
 Nonlinear solution status: time= 22.8
	stiffness updates             = 0
	right hand side evaluations   = 2
	stiffness matrix reformations = 1
	step from line search         = 1.000000
	convergence norms :     INITIAL         CURRENT         REQUIRED
	   residual            2.685999e+01    9.341686e-09    0.000000e+00 
	   energy              1.501438e-01    1.125679e-06    1.501438e-03 
	   displacement        7.226338e-03    7.226338e-03    7.226338e-09 
 2
 Nonlinear solution status: time= 22.8
	stiffness updates             = 1
	right hand side evaluations   = 3
	stiffness matrix reformations = 1
	step from line search         = 1.000000
	convergence norms :     INITIAL         CURRENT         REQUIRED
	   residual            2.685999e+01    1.438712e-13    0.000000e+00 
	   energy              1.501438e-01    4.134833e-13    1.501438e-03 
	   displacement        7.226338e-03    2.702768e-11    7.226054e-09 

convergence summary
    number of iterations   : 2
    number of reformations : 1

------- converged at time : 22.8


Data Record #1
===========================================================================
Step = 228
Time = 22.8
Data = uz
File = feb_inputs/active_ascl/../../raw_logs/active_ascl/ascl_2.0_disp.txt

Data Record #2
===========================================================================
Step = 228
Time = 22.8
Data = sz
File = feb_inputs/active_ascl/../../raw_logs/active_ascl/ascl_2.0_stress.txt

Data Record #3
===========================================================================
Step = 228
Time = 22.8
Data = J
File = feb_inputs/active_ascl/../../raw_logs/active_ascl/ascl_2.0_vol.txt

===== beginning time step 229 : 22.9 =====


Reforming stiffness matrix: reformation #1

 1
 Nonlinear solution status: time= 22.9
	stiffness updates             = 0
	right hand side evaluations   = 2
	stiffness matrix reformations = 1
	step from line search         = 1.000000
	convergence norms :     INITIAL         CURRENT         REQUIRED
	   residual            2.530482e+01    1.308555e-08    0.000000e+00 
	   energy              1.384597e-01    9.641123e-07    1.384597e-03 
	   displacement        6.611245e-03    6.611245e-03    6.611245e-09 
 2
 Nonlinear solution status: time= 22.9
	stiffness updates             = 1
	right hand side evaluations   = 3
	stiffness matrix reformations = 1
	step from line search         = 1.000000
	convergence norms :     INITIAL         CURRENT         REQUIRED
	   residual            2.530482e+01    1.641264e-13    0.000000e+00 
	   energy              1.384597e-01    4.075438e-13    1.384597e-03 
	   displacement        6.611245e-03    2.368523e-11    6.610987e-09 

convergence summary
    number of iterations   : 2
    number of reformations : 1

------- converged at time : 22.9


Data Record #1
===========================================================================
Step = 229
Time = 22.9
Data = uz
File = feb_inputs/active_ascl/../../raw_logs/active_ascl/ascl_2.0_disp.txt

Data Record #2
===========================================================================
Step = 229
Time = 22.9
Data = sz
File = feb_inputs/active_ascl/../../raw_logs/active_ascl/ascl_2.0_stress.txt

Data Record #3
===========================================================================
Step = 229
Time = 22.9
Data = J
File = feb_inputs/active_ascl/../../raw_logs/active_ascl/ascl_2.0_vol.txt

===== beginning time step 230 : 23 =====


Reforming stiffness matrix: reformation #1

 1
 Nonlinear solution status: time= 23
	stiffness updates             = 0
	right hand side evaluations   = 2
	stiffness matrix reformations = 1
	step from line search         = 1.000000
	convergence norms :     INITIAL         CURRENT         REQUIRED
	   residual            2.380880e+01    1.406405e-08    0.000000e+00 
	   energy              1.273296e-01    8.431734e-07    1.273296e-03 
	   displacement        6.016041e-03    6.016041e-03    6.016041e-09 
 2
 Nonlinear solution status: time= 23
	stiffness updates             = 1
	right hand side evaluations   = 3
	stiffness matrix reformations = 1
	step from line search         = 1.000000
	convergence norms :     INITIAL         CURRENT         REQUIRED
	   residual            2.380880e+01    1.851971e-13    0.000000e+00 
	   energy              1.273296e-01    4.163109e-13    1.273296e-03 
	   displacement        6.016041e-03    2.263564e-11    6.015807e-09 

convergence summary
    number of iterations   : 2
    number of reformations : 1

------- converged at time : 23


Data Record #1
===========================================================================
Step = 230
Time = 23
Data = uz
File = feb_inputs/active_ascl/../../raw_logs/active_ascl/ascl_2.0_disp.txt

Data Record #2
===========================================================================
Step = 230
Time = 23
Data = sz
File = feb_inputs/active_ascl/../../raw_logs/active_ascl/ascl_2.0_stress.txt

Data Record #3
===========================================================================
Step = 230
Time = 23
Data = J
File = feb_inputs/active_ascl/../../raw_logs/active_ascl/ascl_2.0_vol.txt

===== beginning time step 231 : 23.1 =====


Reforming stiffness matrix: reformation #1

 1
 Nonlinear solution status: time= 23.1
	stiffness updates             = 0
	right hand side evaluations   = 2
	stiffness matrix reformations = 1
	step from line search         = 1.000000
	convergence norms :     INITIAL         CURRENT         REQUIRED
	   residual            2.234420e+01    1.288570e-08    0.000000e+00 
	   energy              1.168615e-01    7.967245e-07    1.168615e-03 
	   displacement        5.459632e-03    5.459632e-03    5.459632e-09 
 2
 Nonlinear solution status: time= 23.1
	stiffness updates             = 1
	right hand side evaluations   = 3
	stiffness matrix reformations = 1
	step from line search         = 1.000000
	convergence norms :     INITIAL         CURRENT         REQUIRED
	   residual            2.234420e+01    1.864965e-13    0.000000e+00 
	   energy              1.168615e-01    4.160421e-13    1.168615e-03 
	   displacement        5.459632e-03    2.202017e-11    5.459411e-09 

convergence summary
    number of iterations   : 2
    number of reformations : 1

------- converged at time : 23.1


Data Record #1
===========================================================================
Step = 231
Time = 23.1
Data = uz
File = feb_inputs/active_ascl/../../raw_logs/active_ascl/ascl_2.0_disp.txt

Data Record #2
===========================================================================
Step = 231
Time = 23.1
Data = sz
File = feb_inputs/active_ascl/../../raw_logs/active_ascl/ascl_2.0_stress.txt

Data Record #3
===========================================================================
Step = 231
Time = 23.1
Data = J
File = feb_inputs/active_ascl/../../raw_logs/active_ascl/ascl_2.0_vol.txt

===== beginning time step 232 : 23.2 =====


Reforming stiffness matrix: reformation #1

 1
 Nonlinear solution status: time= 23.2
	stiffness updates             = 0
	right hand side evaluations   = 2
	stiffness matrix reformations = 1
	step from line search         = 1.000000
	convergence norms :     INITIAL         CURRENT         REQUIRED
	   residual            2.089594e+01    1.167795e-08    0.000000e+00 
	   energy              1.070581e-01    8.053592e-07    1.070581e-03 
	   displacement        4.946498e-03    4.946498e-03    4.946498e-09 
 2
 Nonlinear solution status: time= 23.2
	stiffness updates             = 1
	right hand side evaluations   = 3
	stiffness matrix reformations = 1
	step from line search         = 1.000000
	convergence norms :     INITIAL         CURRENT         REQUIRED
	   residual            2.089594e+01    1.672470e-13    0.000000e+00 
	   energy              1.070581e-01    4.209451e-13    1.070581e-03 
	   displacement        4.946498e-03    2.278696e-11    4.946297e-09 

convergence summary
    number of iterations   : 2
    number of reformations : 1

------- converged at time : 23.2


Data Record #1
===========================================================================
Step = 232
Time = 23.2
Data = uz
File = feb_inputs/active_ascl/../../raw_logs/active_ascl/ascl_2.0_disp.txt

Data Record #2
===========================================================================
Step = 232
Time = 23.2
Data = sz
File = feb_inputs/active_ascl/../../raw_logs/active_ascl/ascl_2.0_stress.txt

Data Record #3
===========================================================================
Step = 232
Time = 23.2
Data = J
File = feb_inputs/active_ascl/../../raw_logs/active_ascl/ascl_2.0_vol.txt

===== beginning time step 233 : 23.3 =====


Reforming stiffness matrix: reformation #1

 1
 Nonlinear solution status: time= 23.3
	stiffness updates             = 0
	right hand side evaluations   = 2
	stiffness matrix reformations = 1
	step from line search         = 1.000000
	convergence norms :     INITIAL         CURRENT         REQUIRED
	   residual            1.944048e+01    1.156951e-08    0.000000e+00 
	   energy              9.787973e-02    7.940311e-07    9.787973e-04 
	   displacement        4.472577e-03    4.472577e-03    4.472577e-09 
 2
 Nonlinear solution status: time= 23.3
	stiffness updates             = 1
	right hand side evaluations   = 3
	stiffness matrix reformations = 1
	step from line search         = 1.000000
	convergence norms :     INITIAL         CURRENT         REQUIRED
	   residual            1.944048e+01    1.480401e-13    0.000000e+00 
	   energy              9.787973e-02    4.201565e-13    9.787973e-04 
	   displacement        4.472577e-03    2.258546e-11    4.472410e-09 

convergence summary
    number of iterations   : 2
    number of reformations : 1

------- converged at time : 23.3


Data Record #1
===========================================================================
Step = 233
Time = 23.3
Data = uz
File = feb_inputs/active_ascl/../../raw_logs/active_ascl/ascl_2.0_disp.txt

Data Record #2
===========================================================================
Step = 233
Time = 23.3
Data = sz
File = feb_inputs/active_ascl/../../raw_logs/active_ascl/ascl_2.0_stress.txt

Data Record #3
===========================================================================
Step = 233
Time = 23.3
Data = J
File = feb_inputs/active_ascl/../../raw_logs/active_ascl/ascl_2.0_vol.txt

===== beginning time step 234 : 23.4 =====


Reforming stiffness matrix: reformation #1

 1
 Nonlinear solution status: time= 23.4
	stiffness updates             = 0
	right hand side evaluations   = 2
	stiffness matrix reformations = 1
	step from line search         = 1.000000
	convergence norms :     INITIAL         CURRENT         REQUIRED
	   residual            1.793555e+01    1.247939e-08    0.000000e+00 
	   energy              8.935413e-02    7.137002e-07    8.935413e-04 
	   displacement        4.050503e-03    4.050503e-03    4.050503e-09 
 2
 Nonlinear solution status: time= 23.4
	stiffness updates             = 1
	right hand side evaluations   = 3
	stiffness matrix reformations = 1
	step from line search         = 1.000000
	convergence norms :     INITIAL         CURRENT         REQUIRED
	   residual            1.793555e+01    1.687463e-13    0.000000e+00 
	   energy              8.935413e-02    4.255969e-13    8.935413e-04 
	   displacement        4.050503e-03    2.066344e-11    4.050371e-09 

convergence summary
    number of iterations   : 2
    number of reformations : 1

------- converged at time : 23.4


Data Record #1
===========================================================================
Step = 234
Time = 23.4
Data = uz
File = feb_inputs/active_ascl/../../raw_logs/active_ascl/ascl_2.0_disp.txt

Data Record #2
===========================================================================
Step = 234
Time = 23.4
Data = sz
File = feb_inputs/active_ascl/../../raw_logs/active_ascl/ascl_2.0_stress.txt

Data Record #3
===========================================================================
Step = 234
Time = 23.4
Data = J
File = feb_inputs/active_ascl/../../raw_logs/active_ascl/ascl_2.0_vol.txt

===== beginning time step 235 : 23.5 =====


Reforming stiffness matrix: reformation #1

 1
 Nonlinear solution status: time= 23.5
	stiffness updates             = 0
	right hand side evaluations   = 2
	stiffness matrix reformations = 1
	step from line search         = 1.000000
	convergence norms :     INITIAL         CURRENT         REQUIRED
	   residual            1.639240e+01    1.531979e-08    0.000000e+00 
	   energy              8.152067e-02    6.001774e-07    8.152067e-04 
	   displacement        3.691077e-03    3.691077e-03    3.691077e-09 
 2
 Nonlinear solution status: time= 23.5
	stiffness updates             = 1
	right hand side evaluations   = 3
	stiffness matrix reformations = 1
	step from line search         = 1.000000
	convergence norms :     INITIAL         CURRENT         REQUIRED
	   residual            1.639240e+01    2.202894e-13    0.000000e+00 
	   energy              8.152067e-02    4.915733e-13    8.152067e-04 
	   displacement        3.691077e-03    2.024120e-11    3.690978e-09 

convergence summary
    number of iterations   : 2
    number of reformations : 1

------- converged at time : 23.5


Data Record #1
===========================================================================
Step = 235
Time = 23.5
Data = uz
File = feb_inputs/active_ascl/../../raw_logs/active_ascl/ascl_2.0_disp.txt

Data Record #2
===========================================================================
Step = 235
Time = 23.5
Data = sz
File = feb_inputs/active_ascl/../../raw_logs/active_ascl/ascl_2.0_stress.txt

Data Record #3
===========================================================================
Step = 235
Time = 23.5
Data = J
File = feb_inputs/active_ascl/../../raw_logs/active_ascl/ascl_2.0_vol.txt

===== beginning time step 236 : 23.6 =====


Reforming stiffness matrix: reformation #1

 1
 Nonlinear solution status: time= 23.6
	stiffness updates             = 0
	right hand side evaluations   = 2
	stiffness matrix reformations = 1
	step from line search         = 1.000000
	convergence norms :     INITIAL         CURRENT         REQUIRED
	   residual            1.487027e+01    1.555709e-08    0.000000e+00 
	   energy              7.440807e-02    5.151561e-07    7.440807e-04 
	   displacement        3.386339e-03    3.386339e-03    3.386339e-09 
 2
 Nonlinear solution status: time= 23.6
	stiffness updates             = 1
	right hand side evaluations   = 3
	stiffness matrix reformations = 1
	step from line search         = 1.000000
	convergence norms :     INITIAL         CURRENT         REQUIRED
	   residual            1.487027e+01    2.340559e-13    0.000000e+00 
	   energy              7.440807e-02    5.256361e-13    7.440807e-04 
	   displacement        3.386339e-03    2.013164e-11    3.386260e-09 

convergence summary
    number of iterations   : 2
    number of reformations : 1

------- converged at time : 23.6


Data Record #1
===========================================================================
Step = 236
Time = 23.6
Data = uz
File = feb_inputs/active_ascl/../../raw_logs/active_ascl/ascl_2.0_disp.txt

Data Record #2
===========================================================================
Step = 236
Time = 23.6
Data = sz
File = feb_inputs/active_ascl/../../raw_logs/active_ascl/ascl_2.0_stress.txt

Data Record #3
===========================================================================
Step = 236
Time = 23.6
Data = J
File = feb_inputs/active_ascl/../../raw_logs/active_ascl/ascl_2.0_vol.txt

===== beginning time step 237 : 23.7 =====


Reforming stiffness matrix: reformation #1

 1
 Nonlinear solution status: time= 23.7
	stiffness updates             = 0
	right hand side evaluations   = 2
	stiffness matrix reformations = 1
	step from line search         = 1.000000
	convergence norms :     INITIAL         CURRENT         REQUIRED
	   residual            1.343105e+01    1.393553e-08    0.000000e+00 
	   energy              6.811593e-02    4.836131e-07    6.811593e-04 
	   displacement        3.123418e-03    3.123418e-03    3.123418e-09 
 2
 Nonlinear solution status: time= 23.7
	stiffness updates             = 1
	right hand side evaluations   = 3
	stiffness matrix reformations = 1
	step from line search         = 1.000000
	convergence norms :     INITIAL         CURRENT         REQUIRED
	   residual            1.343105e+01    2.207071e-13    0.000000e+00 
	   energy              6.811593e-02    4.917806e-13    6.811593e-04 
	   displacement        3.123418e-03    1.985696e-11    3.123329e-09 

convergence summary
    number of iterations   : 2
    number of reformations : 1

------- converged at time : 23.7


Data Record #1
===========================================================================
Step = 237
Time = 23.7
Data = uz
File = feb_inputs/active_ascl/../../raw_logs/active_ascl/ascl_2.0_disp.txt

Data Record #2
===========================================================================
Step = 237
Time = 23.7
Data = sz
File = feb_inputs/active_ascl/../../raw_logs/active_ascl/ascl_2.0_stress.txt

Data Record #3
===========================================================================
Step = 237
Time = 23.7
Data = J
File = feb_inputs/active_ascl/../../raw_logs/active_ascl/ascl_2.0_vol.txt

===== beginning time step 238 : 23.8 =====


Reforming stiffness matrix: reformation #1

 1
 Nonlinear solution status: time= 23.8
	stiffness updates             = 0
	right hand side evaluations   = 2
	stiffness matrix reformations = 1
	step from line search         = 1.000000
	convergence norms :     INITIAL         CURRENT         REQUIRED
	   residual            1.215530e+01    1.126415e-08    0.000000e+00 
	   energy              6.282961e-02    4.825928e-07    6.282961e-04 
	   displacement        2.903236e-03    2.903236e-03    2.903236e-09 
 2
 Nonlinear solution status: time= 23.8
	stiffness updates             = 1
	right hand side evaluations   = 3
	stiffness matrix reformations = 1
	step from line search         = 1.000000
	convergence norms :     INITIAL         CURRENT         REQUIRED
	   residual            1.215530e+01    1.768343e-13    0.000000e+00 
	   energy              6.282961e-02    4.222508e-13    6.282961e-04 
	   displacement        2.903236e-03    1.944048e-11    2.903112e-09 

convergence summary
    number of iterations   : 2
    number of reformations : 1

------- converged at time : 23.8


Data Record #1
===========================================================================
Step = 238
Time = 23.8
Data = uz
File = feb_inputs/active_ascl/../../raw_logs/active_ascl/ascl_2.0_disp.txt

Data Record #2
===========================================================================
Step = 238
Time = 23.8
Data = sz
File = feb_inputs/active_ascl/../../raw_logs/active_ascl/ascl_2.0_stress.txt

Data Record #3
===========================================================================
Step = 238
Time = 23.8
Data = J
File = feb_inputs/active_ascl/../../raw_logs/active_ascl/ascl_2.0_vol.txt

===== beginning time step 239 : 23.9 =====


Reforming stiffness matrix: reformation #1

 1
 Nonlinear solution status: time= 23.9
	stiffness updates             = 0
	right hand side evaluations   = 2
	stiffness matrix reformations = 1
	step from line search         = 1.000000
	convergence norms :     INITIAL         CURRENT         REQUIRED
	   residual            1.113987e+01    6.931381e-09    0.000000e+00 
	   energy              5.879024e-02    4.991127e-07    5.879024e-04 
	   displacement        2.740369e-03    2.740369e-03    2.740369e-09 
 2
 Nonlinear solution status: time= 23.9
	stiffness updates             = 1
	right hand side evaluations   = 3
	stiffness matrix reformations = 1
	step from line search         = 1.000000
	convergence norms :     INITIAL         CURRENT         REQUIRED
	   residual            1.113987e+01    1.290982e-13    0.000000e+00 
	   energy              5.879024e-02    3.105118e-13    5.879024e-04 
	   displacement        2.740369e-03    1.806687e-11    2.740204e-09 

convergence summary
    number of iterations   : 2
    number of reformations : 1

------- converged at time : 23.9


Data Record #1
===========================================================================
Step = 239
Time = 23.9
Data = uz
File = feb_inputs/active_ascl/../../raw_logs/active_ascl/ascl_2.0_disp.txt

Data Record #2
===========================================================================
Step = 239
Time = 23.9
Data = sz
File = feb_inputs/active_ascl/../../raw_logs/active_ascl/ascl_2.0_stress.txt

Data Record #3
===========================================================================
Step = 239
Time = 23.9
Data = J
File = feb_inputs/active_ascl/../../raw_logs/active_ascl/ascl_2.0_vol.txt

===== beginning time step 240 : 24 =====


Reforming stiffness matrix: reformation #1

 1
 Nonlinear solution status: time= 24
	stiffness updates             = 0
	right hand side evaluations   = 2
	stiffness matrix reformations = 1
	step from line search         = 1.000000
	convergence norms :     INITIAL         CURRENT         REQUIRED
	   residual            1.043147e+01    5.332345e-09    0.000000e+00 
	   energy              5.619306e-02    5.482969e-07    5.619306e-04 
	   displacement        2.651566e-03    2.651566e-03    2.651566e-09 
 2
 Nonlinear solution status: time= 24
	stiffness updates             = 1
	right hand side evaluations   = 3
	stiffness matrix reformations = 1
	step from line search         = 1.000000
	convergence norms :     INITIAL         CURRENT         REQUIRED
	   residual            1.043147e+01    8.998420e-14    0.000000e+00 
	   energy              5.619306e-02    2.369505e-13    5.619306e-04 
	   displacement        2.651566e-03    1.775375e-11    2.651365e-09 

convergence summary
    number of iterations   : 2
    number of reformations : 1

------- converged at time : 24


Data Record #1
===========================================================================
Step = 240
Time = 24
Data = uz
File = feb_inputs/active_ascl/../../raw_logs/active_ascl/ascl_2.0_disp.txt

Data Record #2
===========================================================================
Step = 240
Time = 24
Data = sz
File = feb_inputs/active_ascl/../../raw_logs/active_ascl/ascl_2.0_stress.txt

Data Record #3
===========================================================================
Step = 240
Time = 24
Data = J
File = feb_inputs/active_ascl/../../raw_logs/active_ascl/ascl_2.0_vol.txt

===== beginning time step 241 : 24.1 =====


Reforming stiffness matrix: reformation #1

 1
 Nonlinear solution status: time= 24.1
	stiffness updates             = 0
	right hand side evaluations   = 2
	stiffness matrix reformations = 1
	step from line search         = 1.000000
	convergence norms :     INITIAL         CURRENT         REQUIRED
	   residual            1.003560e+01    5.816794e-09    0.000000e+00 
	   energy              5.509518e-02    6.281401e-07    5.509518e-04 
	   displacement        2.640593e-03    2.640593e-03    2.640593e-09 
 2
 Nonlinear solution status: time= 24.1
	stiffness updates             = 1
	right hand side evaluations   = 3
	stiffness matrix reformations = 1
	step from line search         = 1.000000
	convergence norms :     INITIAL         CURRENT         REQUIRED
	   residual            1.003560e+01    6.924834e-14    0.000000e+00 
	   energy              5.509518e-02    2.147636e-13    5.509518e-04 
	   displacement        2.640593e-03    1.928296e-11    2.640354e-09 

convergence summary
    number of iterations   : 2
    number of reformations : 1

------- converged at time : 24.1


Data Record #1
===========================================================================
Step = 241
Time = 24.1
Data = uz
File = feb_inputs/active_ascl/../../raw_logs/active_ascl/ascl_2.0_disp.txt

Data Record #2
===========================================================================
Step = 241
Time = 24.1
Data = sz
File = feb_inputs/active_ascl/../../raw_logs/active_ascl/ascl_2.0_stress.txt

Data Record #3
===========================================================================
Step = 241
Time = 24.1
Data = J
File = feb_inputs/active_ascl/../../raw_logs/active_ascl/ascl_2.0_vol.txt

===== beginning time step 242 : 24.2 =====


Reforming stiffness matrix: reformation #1

 1
 Nonlinear solution status: time= 24.2
	stiffness updates             = 0
	right hand side evaluations   = 2
	stiffness matrix reformations = 1
	step from line search         = 1.000000
	convergence norms :     INITIAL         CURRENT         REQUIRED
	   residual            9.978754e+00    6.507289e-09    0.000000e+00 
	   energy              5.542046e-02    7.447528e-07    5.542046e-04 
	   displacement        2.688105e-03    2.688105e-03    2.688105e-09 
 2
 Nonlinear solution status: time= 24.2
	stiffness updates             = 1
	right hand side evaluations   = 3
	stiffness matrix reformations = 1
	step from line search         = 1.000000
	convergence norms :     INITIAL         CURRENT         REQUIRED
	   residual            9.978754e+00    6.535308e-14    0.000000e+00 
	   energy              5.542046e-02    2.352364e-13    5.542046e-04 
	   displacement        2.688105e-03    2.281537e-11    2.687830e-09 

convergence summary
    number of iterations   : 2
    number of reformations : 1

------- converged at time : 24.2


Data Record #1
===========================================================================
Step = 242
Time = 24.2
Data = uz
File = feb_inputs/active_ascl/../../raw_logs/active_ascl/ascl_2.0_disp.txt

Data Record #2
===========================================================================
Step = 242
Time = 24.2
Data = sz
File = feb_inputs/active_ascl/../../raw_logs/active_ascl/ascl_2.0_stress.txt

Data Record #3
===========================================================================
Step = 242
Time = 24.2
Data = J
File = feb_inputs/active_ascl/../../raw_logs/active_ascl/ascl_2.0_vol.txt

===== beginning time step 243 : 24.3 =====


Reforming stiffness matrix: reformation #1

 1
 Nonlinear solution status: time= 24.3
	stiffness updates             = 0
	right hand side evaluations   = 2
	stiffness matrix reformations = 1
	step from line search         = 1.000000
	convergence norms :     INITIAL         CURRENT         REQUIRED
	   residual            1.023157e+01    1.025165e-08    0.000000e+00 
	   energy              5.693165e-02    8.896043e-07    5.693165e-04 
	   displacement        2.770347e-03    2.770347e-03    2.770347e-09 
 2
 Nonlinear solution status: time= 24.3
	stiffness updates             = 1
	right hand side evaluations   = 3
	stiffness matrix reformations = 1
	step from line search         = 1.000000
	convergence norms :     INITIAL         CURRENT         REQUIRED
	   residual            1.023157e+01    8.371937e-14    0.000000e+00 
	   energy              5.693165e-02    2.677814e-13    5.693165e-04 
	   displacement        2.770347e-03    2.576549e-11    2.770051e-09 

convergence summary
    number of iterations   : 2
    number of reformations : 1

------- converged at time : 24.3


Data Record #1
===========================================================================
Step = 243
Time = 24.3
Data = uz
File = feb_inputs/active_ascl/../../raw_logs/active_ascl/ascl_2.0_disp.txt

Data Record #2
===========================================================================
Step = 243
Time = 24.3
Data = sz
File = feb_inputs/active_ascl/../../raw_logs/active_ascl/ascl_2.0_stress.txt

Data Record #3
===========================================================================
Step = 243
Time = 24.3
Data = J
File = feb_inputs/active_ascl/../../raw_logs/active_ascl/ascl_2.0_vol.txt

===== beginning time step 244 : 24.4 =====


Reforming stiffness matrix: reformation #1

 1
 Nonlinear solution status: time= 24.4
	stiffness updates             = 0
	right hand side evaluations   = 2
	stiffness matrix reformations = 1
	step from line search         = 1.000000
	convergence norms :     INITIAL         CURRENT         REQUIRED
	   residual            1.064979e+01    1.457508e-08    0.000000e+00 
	   energy              5.921619e-02    1.061743e-06    5.921619e-04 
	   displacement        2.881426e-03    2.881426e-03    2.881426e-09 
 2
 Nonlinear solution status: time= 24.4
	stiffness updates             = 1
	right hand side evaluations   = 3
	stiffness matrix reformations = 1
	step from line search         = 1.000000
	convergence norms :     INITIAL         CURRENT         REQUIRED
	   residual            1.064979e+01    1.142572e-13    0.000000e+00 
	   energy              5.921619e-02    2.941124e-13    5.921619e-04 
	   displacement        2.881426e-03    2.829085e-11    2.881115e-09 

convergence summary
    number of iterations   : 2
    number of reformations : 1

------- converged at time : 24.4


Data Record #1
===========================================================================
Step = 244
Time = 24.4
Data = uz
File = feb_inputs/active_ascl/../../raw_logs/active_ascl/ascl_2.0_disp.txt

Data Record #2
===========================================================================
Step = 244
Time = 24.4
Data = sz
File = feb_inputs/active_ascl/../../raw_logs/active_ascl/ascl_2.0_stress.txt

Data Record #3
===========================================================================
Step = 244
Time = 24.4
Data = J
File = feb_inputs/active_ascl/../../raw_logs/active_ascl/ascl_2.0_vol.txt

===== beginning time step 245 : 24.5 =====


Reforming stiffness matrix: reformation #1

 1
 Nonlinear solution status: time= 24.5
	stiffness updates             = 0
	right hand side evaluations   = 2
	stiffness matrix reformations = 1
	step from line search         = 1.000000
	convergence norms :     INITIAL         CURRENT         REQUIRED
	   residual            1.106405e+01    1.922964e-08    0.000000e+00 
	   energy              6.169661e-02    1.236145e-06    6.169661e-04 
	   displacement        3.014601e-03    3.014601e-03    3.014601e-09 
 2
 Nonlinear solution status: time= 24.5
	stiffness updates             = 1
	right hand side evaluations   = 3
	stiffness matrix reformations = 1
	step from line search         = 1.000000
	convergence norms :     INITIAL         CURRENT         REQUIRED
	   residual            1.106405e+01    1.407310e-13    0.000000e+00 
	   energy              6.169661e-02    3.529590e-13    6.169661e-04 
	   displacement        3.014601e-03    3.153937e-11    3.014268e-09 

convergence summary
    number of iterations   : 2
    number of reformations : 1

------- converged at time : 24.5


Data Record #1
===========================================================================
Step = 245
Time = 24.5
Data = uz
File = feb_inputs/active_ascl/../../raw_logs/active_ascl/ascl_2.0_disp.txt

Data Record #2
===========================================================================
Step = 245
Time = 24.5
Data = sz
File = feb_inputs/active_ascl/../../raw_logs/active_ascl/ascl_2.0_stress.txt

Data Record #3
===========================================================================
Step = 245
Time = 24.5
Data = J
File = feb_inputs/active_ascl/../../raw_logs/active_ascl/ascl_2.0_vol.txt

===== beginning time step 246 : 24.6 =====


Reforming stiffness matrix: reformation #1

 1
 Nonlinear solution status: time= 24.6
	stiffness updates             = 0
	right hand side evaluations   = 2
	stiffness matrix reformations = 1
	step from line search         = 1.000000
	convergence norms :     INITIAL         CURRENT         REQUIRED
	   residual            1.138010e+01    2.494601e-08    0.000000e+00 
	   energy              6.370297e-02    1.356240e-06    6.370297e-04 
	   displacement        3.135635e-03    3.135635e-03    3.135635e-09 
 2
 Nonlinear solution status: time= 24.6
	stiffness updates             = 1
	right hand side evaluations   = 3
	stiffness matrix reformations = 1
	step from line search         = 1.000000
	convergence norms :     INITIAL         CURRENT         REQUIRED
	   residual            1.138010e+01    1.827572e-13    0.000000e+00 
	   energy              6.370297e-02    4.056404e-13    6.370297e-04 
	   displacement        3.135635e-03    3.257841e-11    3.135297e-09 

convergence summary
    number of iterations   : 2
    number of reformations : 1

------- converged at time : 24.6


Data Record #1
===========================================================================
Step = 246
Time = 24.6
Data = uz
File = feb_inputs/active_ascl/../../raw_logs/active_ascl/ascl_2.0_disp.txt

Data Record #2
===========================================================================
Step = 246
Time = 24.6
Data = sz
File = feb_inputs/active_ascl/../../raw_logs/active_ascl/ascl_2.0_stress.txt

Data Record #3
===========================================================================
Step = 246
Time = 24.6
Data = J
File = feb_inputs/active_ascl/../../raw_logs/active_ascl/ascl_2.0_vol.txt

===== beginning time step 247 : 24.7 =====


Reforming stiffness matrix: reformation #1

 1
 Nonlinear solution status: time= 24.7
	stiffness updates             = 0
	right hand side evaluations   = 2
	stiffness matrix reformations = 1
	step from line search         = 1.000000
	convergence norms :     INITIAL         CURRENT         REQUIRED
	   residual            1.155734e+01    2.951855e-08    0.000000e+00 
	   energy              6.466033e-02    1.414237e-06    6.466033e-04 
	   displacement        3.202311e-03    3.202311e-03    3.202311e-09 
 2
 Nonlinear solution status: time= 24.7
	stiffness updates             = 1
	right hand side evaluations   = 3
	stiffness matrix reformations = 1
	step from line search         = 1.000000
	convergence norms :     INITIAL         CURRENT         REQUIRED
	   residual            1.155734e+01    2.479491e-13    0.000000e+00 
	   energy              6.466033e-02    4.538857e-13    6.466033e-04 
	   displacement        3.202311e-03    3.185969e-11    3.201981e-09 

convergence summary
    number of iterations   : 2
    number of reformations : 1

------- converged at time : 24.7


Data Record #1
===========================================================================
Step = 247
Time = 24.7
Data = uz
File = feb_inputs/active_ascl/../../raw_logs/active_ascl/ascl_2.0_disp.txt

Data Record #2
===========================================================================
Step = 247
Time = 24.7
Data = sz
File = feb_inputs/active_ascl/../../raw_logs/active_ascl/ascl_2.0_stress.txt

Data Record #3
===========================================================================
Step = 247
Time = 24.7
Data = J
File = feb_inputs/active_ascl/../../raw_logs/active_ascl/ascl_2.0_vol.txt

===== beginning time step 248 : 24.8 =====


Reforming stiffness matrix: reformation #1

 1
 Nonlinear solution status: time= 24.8
	stiffness updates             = 0
	right hand side evaluations   = 2
	stiffness matrix reformations = 1
	step from line search         = 1.000000
	convergence norms :     INITIAL         CURRENT         REQUIRED
	   residual            1.155641e+01    3.125851e-08    0.000000e+00 
	   energy              6.422317e-02    1.393350e-06    6.422317e-04 
	   displacement        3.188297e-03    3.188297e-03    3.188297e-09 
 2
 Nonlinear solution status: time= 24.8
	stiffness updates             = 1
	right hand side evaluations   = 3
	stiffness matrix reformations = 1
	step from line search         = 1.000000
	convergence norms :     INITIAL         CURRENT         REQUIRED
	   residual            1.155641e+01    2.941380e-13    0.000000e+00 
	   energy              6.422317e-02    5.106577e-13    6.422317e-04 
	   displacement        3.188297e-03    3.212392e-11    3.187966e-09 

convergence summary
    number of iterations   : 2
    number of reformations : 1

------- converged at time : 24.8


Data Record #1
===========================================================================
Step = 248
Time = 24.8
Data = uz
File = feb_inputs/active_ascl/../../raw_logs/active_ascl/ascl_2.0_disp.txt

Data Record #2
===========================================================================
Step = 248
Time = 24.8
Data = sz
File = feb_inputs/active_ascl/../../raw_logs/active_ascl/ascl_2.0_stress.txt

Data Record #3
===========================================================================
Step = 248
Time = 24.8
Data = J
File = feb_inputs/active_ascl/../../raw_logs/active_ascl/ascl_2.0_vol.txt

===== beginning time step 249 : 24.9 =====


Reforming stiffness matrix: reformation #1

 1
 Nonlinear solution status: time= 24.9
	stiffness updates             = 0
	right hand side evaluations   = 2
	stiffness matrix reformations = 1
	step from line search         = 1.000000
	convergence norms :     INITIAL         CURRENT         REQUIRED
	   residual            1.136017e+01    3.074972e-08    0.000000e+00 
	   energy              6.238753e-02    1.294992e-06    6.238753e-04 
	   displacement        3.092606e-03    3.092606e-03    3.092606e-09 
 2
 Nonlinear solution status: time= 24.9
	stiffness updates             = 1
	right hand side evaluations   = 3
	stiffness matrix reformations = 1
	step from line search         = 1.000000
	convergence norms :     INITIAL         CURRENT         REQUIRED
	   residual            1.136017e+01    2.910377e-13    0.000000e+00 
	   energy              6.238753e-02    4.917605e-13    6.238753e-04 
	   displacement        3.092606e-03    3.109953e-11    3.092279e-09 

convergence summary
    number of iterations   : 2
    number of reformations : 1

------- converged at time : 24.9


Data Record #1
===========================================================================
Step = 249
Time = 24.9
Data = uz
File = feb_inputs/active_ascl/../../raw_logs/active_ascl/ascl_2.0_disp.txt

Data Record #2
===========================================================================
Step = 249
Time = 24.9
Data = sz
File = feb_inputs/active_ascl/../../raw_logs/active_ascl/ascl_2.0_stress.txt

Data Record #3
===========================================================================
Step = 249
Time = 24.9
Data = J
File = feb_inputs/active_ascl/../../raw_logs/active_ascl/ascl_2.0_vol.txt

===== beginning time step 250 : 25 =====


Reforming stiffness matrix: reformation #1

 1
 Nonlinear solution status: time= 25
	stiffness updates             = 0
	right hand side evaluations   = 2
	stiffness matrix reformations = 1
	step from line search         = 1.000000
	convergence norms :     INITIAL         CURRENT         REQUIRED
	   residual            1.099381e+01    2.860699e-08    0.000000e+00 
	   energy              5.944636e-02    1.152045e-06    5.944636e-04 
	   displacement        2.935924e-03    2.935924e-03    2.935924e-09 
 2
 Nonlinear solution status: time= 25
	stiffness updates             = 1
	right hand side evaluations   = 3
	stiffness matrix reformations = 1
	step from line search         = 1.000000
	convergence norms :     INITIAL         CURRENT         REQUIRED
	   residual            1.099381e+01    2.435852e-13    0.000000e+00 
	   energy              5.944636e-02    4.282980e-13    5.944636e-04 
	   displacement        2.935924e-03    2.881899e-11    2.935623e-09 

convergence summary
    number of iterations   : 2
    number of reformations : 1

------- converged at time : 25


Data Record #1
===========================================================================
Step = 250
Time = 25
Data = uz
File = feb_inputs/active_ascl/../../raw_logs/active_ascl/ascl_2.0_disp.txt

Data Record #2
===========================================================================
Step = 250
Time = 25
Data = sz
File = feb_inputs/active_ascl/../../raw_logs/active_ascl/ascl_2.0_stress.txt

Data Record #3
===========================================================================
Step = 250
Time = 25
Data = J
File = feb_inputs/active_ascl/../../raw_logs/active_ascl/ascl_2.0_vol.txt

===== beginning time step 251 : 25.1 =====


Reforming stiffness matrix: reformation #1

 1
 Nonlinear solution status: time= 25.1
	stiffness updates             = 0
	right hand side evaluations   = 2
	stiffness matrix reformations = 1
	step from line search         = 1.000000
	convergence norms :     INITIAL         CURRENT         REQUIRED
	   residual            1.054367e+01    2.327837e-08    0.000000e+00 
	   energy              5.588410e-02    9.683219e-07    5.588410e-04 
	   displacement        2.748139e-03    2.748139e-03    2.748139e-09 
 2
 Nonlinear solution status: time= 25.1
	stiffness updates             = 1
	right hand side evaluations   = 3
	stiffness matrix reformations = 1
	step from line search         = 1.000000
	convergence norms :     INITIAL         CURRENT         REQUIRED
	   residual            1.054367e+01    2.028100e-13    0.000000e+00 
	   energy              5.588410e-02    3.670363e-13    5.588410e-04 
	   displacement        2.748139e-03    2.583957e-11    2.747879e-09 

convergence summary
    number of iterations   : 2
    number of reformations : 1

------- converged at time : 25.1


Data Record #1
===========================================================================
Step = 251
Time = 25.1
Data = uz
File = feb_inputs/active_ascl/../../raw_logs/active_ascl/ascl_2.0_disp.txt

Data Record #2
===========================================================================
Step = 251
Time = 25.1
Data = sz
File = feb_inputs/active_ascl/../../raw_logs/active_ascl/ascl_2.0_stress.txt

Data Record #3
===========================================================================
Step = 251
Time = 25.1
Data = J
File = feb_inputs/active_ascl/../../raw_logs/active_ascl/ascl_2.0_vol.txt

===== beginning time step 252 : 25.2 =====


Reforming stiffness matrix: reformation #1

 1
 Nonlinear solution status: time= 25.2
	stiffness updates             = 0
	right hand side evaluations   = 2
	stiffness matrix reformations = 1
	step from line search         = 1.000000
	convergence norms :     INITIAL         CURRENT         REQUIRED
	   residual            1.010655e+01    1.800772e-08    0.000000e+00 
	   energy              5.219788e-02    7.639610e-07    5.219788e-04 
	   displacement        2.555162e-03    2.555162e-03    2.555162e-09 
 2
 Nonlinear solution status: time= 25.2
	stiffness updates             = 1
	right hand side evaluations   = 3
	stiffness matrix reformations = 1
	step from line search         = 1.000000
	convergence norms :     INITIAL         CURRENT         REQUIRED
	   residual            1.010655e+01    1.586349e-13    0.000000e+00 
	   energy              5.219788e-02    2.999404e-13    5.219788e-04 
	   displacement        2.555162e-03    2.273287e-11    2.554945e-09 

convergence summary
    number of iterations   : 2
    number of reformations : 1

------- converged at time : 25.2


Data Record #1
===========================================================================
Step = 252
Time = 25.2
Data = uz
File = feb_inputs/active_ascl/../../raw_logs/active_ascl/ascl_2.0_disp.txt

Data Record #2
===========================================================================
Step = 252
Time = 25.2
Data = sz
File = feb_inputs/active_ascl/../../raw_logs/active_ascl/ascl_2.0_stress.txt

Data Record #3
===========================================================================
Step = 252
Time = 25.2
Data = J
File = feb_inputs/active_ascl/../../raw_logs/active_ascl/ascl_2.0_vol.txt

===== beginning time step 253 : 25.3 =====


Reforming stiffness matrix: reformation #1

 1
 Nonlinear solution status: time= 25.3
	stiffness updates             = 0
	right hand side evaluations   = 2
	stiffness matrix reformations = 1
	step from line search         = 1.000000
	convergence norms :     INITIAL         CURRENT         REQUIRED
	   residual            9.698503e+00    1.435678e-08    0.000000e+00 
	   energy              4.875361e-02    5.949233e-07    4.875361e-04 
	   displacement        2.375047e-03    2.375047e-03    2.375047e-09 
 2
 Nonlinear solution status: time= 25.3
	stiffness updates             = 1
	right hand side evaluations   = 3
	stiffness matrix reformations = 1
	step from line search         = 1.000000
	convergence norms :     INITIAL         CURRENT         REQUIRED
	   residual            9.698503e+00    1.255447e-13    0.000000e+00 
	   energy              4.875361e-02    2.610334e-13    4.875361e-04 
	   displacement        2.375047e-03    2.160341e-11    2.374862e-09 

convergence summary
    number of iterations   : 2
    number of reformations : 1

------- converged at time : 25.3


Data Record #1
===========================================================================
Step = 253
Time = 25.3
Data = uz
File = feb_inputs/active_ascl/../../raw_logs/active_ascl/ascl_2.0_disp.txt

Data Record #2
===========================================================================
Step = 253
Time = 25.3
Data = sz
File = feb_inputs/active_ascl/../../raw_logs/active_ascl/ascl_2.0_stress.txt

Data Record #3
===========================================================================
Step = 253
Time = 25.3
Data = J
File = feb_inputs/active_ascl/../../raw_logs/active_ascl/ascl_2.0_vol.txt

===== beginning time step 254 : 25.4 =====


Reforming stiffness matrix: reformation #1

 1
 Nonlinear solution status: time= 25.4
	stiffness updates             = 0
	right hand side evaluations   = 2
	stiffness matrix reformations = 1
	step from line search         = 1.000000
	convergence norms :     INITIAL         CURRENT         REQUIRED
	   residual            9.293021e+00    1.186466e-08    0.000000e+00 
	   energy              4.573346e-02    4.908646e-07    4.573346e-04 
	   displacement        2.219627e-03    2.219627e-03    2.219627e-09 
 2
 Nonlinear solution status: time= 25.4
	stiffness updates             = 1
	right hand side evaluations   = 3
	stiffness matrix reformations = 1
	step from line search         = 1.000000
	convergence norms :     INITIAL         CURRENT         REQUIRED
	   residual            9.293021e+00    1.221093e-13    0.000000e+00 
	   energy              4.573346e-02    2.348911e-13    4.573346e-04 
	   displacement        2.219627e-03    2.142783e-11    2.219464e-09 

convergence summary
    number of iterations   : 2
    number of reformations : 1

------- converged at time : 25.4


Data Record #1
===========================================================================
Step = 254
Time = 25.4
Data = uz
File = feb_inputs/active_ascl/../../raw_logs/active_ascl/ascl_2.0_disp.txt

Data Record #2
===========================================================================
Step = 254
Time = 25.4
Data = sz
File = feb_inputs/active_ascl/../../raw_logs/active_ascl/ascl_2.0_stress.txt

Data Record #3
===========================================================================
Step = 254
Time = 25.4
Data = J
File = feb_inputs/active_ascl/../../raw_logs/active_ascl/ascl_2.0_vol.txt

===== beginning time step 255 : 25.5 =====


Reforming stiffness matrix: reformation #1

 1
 Nonlinear solution status: time= 25.5
	stiffness updates             = 0
	right hand side evaluations   = 2
	stiffness matrix reformations = 1
	step from line search         = 1.000000
	convergence norms :     INITIAL         CURRENT         REQUIRED
	   residual            8.902886e+00    1.001843e-08    0.000000e+00 
	   energy              4.315676e-02    4.175563e-07    4.315676e-04 
	   displacement        2.091853e-03    2.091853e-03    2.091853e-09 
 2
 Nonlinear solution status: time= 25.5
	stiffness updates             = 1
	right hand side evaluations   = 3
	stiffness matrix reformations = 1
	step from line search         = 1.000000
	convergence norms :     INITIAL         CURRENT         REQUIRED
	   residual            8.902886e+00    1.121968e-13    0.000000e+00 
	   energy              4.315676e-02    1.982471e-13    4.315676e-04 
	   displacement        2.091853e-03    2.091263e-11    2.091711e-09 

convergence summary
    number of iterations   : 2
    number of reformations : 1

------- converged at time : 25.5


Data Record #1
===========================================================================
Step = 255
Time = 25.5
Data = uz
File = feb_inputs/active_ascl/../../raw_logs/active_ascl/ascl_2.0_disp.txt

Data Record #2
===========================================================================
Step = 255
Time = 25.5
Data = sz
File = feb_inputs/active_ascl/../../raw_logs/active_ascl/ascl_2.0_stress.txt

Data Record #3
===========================================================================
Step = 255
Time = 25.5
Data = J
File = feb_inputs/active_ascl/../../raw_logs/active_ascl/ascl_2.0_vol.txt

===== beginning time step 256 : 25.6 =====


Reforming stiffness matrix: reformation #1

 1
 Nonlinear solution status: time= 25.6
	stiffness updates             = 0
	right hand side evaluations   = 2
	stiffness matrix reformations = 1
	step from line search         = 1.000000
	convergence norms :     INITIAL         CURRENT         REQUIRED
	   residual            8.557703e+00    9.279596e-09    0.000000e+00 
	   energy              4.095209e-02    3.464373e-07    4.095209e-04 
	   displacement        1.978740e-03    1.978740e-03    1.978740e-09 
 2
 Nonlinear solution status: time= 25.6
	stiffness updates             = 1
	right hand side evaluations   = 3
	stiffness matrix reformations = 1
	step from line search         = 1.000000
	convergence norms :     INITIAL         CURRENT         REQUIRED
	   residual            8.557703e+00    1.170545e-13    0.000000e+00 
	   energy              4.095209e-02    1.947351e-13    4.095209e-04 
	   displacement        1.978740e-03    1.900098e-11    1.978624e-09 

convergence summary
    number of iterations   : 2
    number of reformations : 1

------- converged at time : 25.6


Data Record #1
===========================================================================
Step = 256
Time = 25.6
Data = uz
File = feb_inputs/active_ascl/../../raw_logs/active_ascl/ascl_2.0_disp.txt

Data Record #2
===========================================================================
Step = 256
Time = 25.6
Data = sz
File = feb_inputs/active_ascl/../../raw_logs/active_ascl/ascl_2.0_stress.txt

Data Record #3
===========================================================================
Step = 256
Time = 25.6
Data = J
File = feb_inputs/active_ascl/../../raw_logs/active_ascl/ascl_2.0_vol.txt

===== beginning time step 257 : 25.7 =====


Reforming stiffness matrix: reformation #1

 1
 Nonlinear solution status: time= 25.7
	stiffness updates             = 0
	right hand side evaluations   = 2
	stiffness matrix reformations = 1
	step from line search         = 1.000000
	convergence norms :     INITIAL         CURRENT         REQUIRED
	   residual            8.253683e+00    8.406948e-09    0.000000e+00 
	   energy              3.903244e-02    2.895102e-07    3.903244e-04 
	   displacement        1.863605e-03    1.863605e-03    1.863605e-09 
 2
 Nonlinear solution status: time= 25.7
	stiffness updates             = 1
	right hand side evaluations   = 3
	stiffness matrix reformations = 1
	step from line search         = 1.000000
	convergence norms :     INITIAL         CURRENT         REQUIRED
	   residual            8.253683e+00    1.337526e-13    0.000000e+00 
	   energy              3.903244e-02    2.171607e-13    3.903244e-04 
	   displacement        1.863605e-03    1.679260e-11    1.863511e-09 

convergence summary
    number of iterations   : 2
    number of reformations : 1

------- converged at time : 25.7


Data Record #1
===========================================================================
Step = 257
Time = 25.7
Data = uz
File = feb_inputs/active_ascl/../../raw_logs/active_ascl/ascl_2.0_disp.txt

Data Record #2
===========================================================================
Step = 257
Time = 25.7
Data = sz
File = feb_inputs/active_ascl/../../raw_logs/active_ascl/ascl_2.0_stress.txt

Data Record #3
===========================================================================
Step = 257
Time = 25.7
Data = J
File = feb_inputs/active_ascl/../../raw_logs/active_ascl/ascl_2.0_vol.txt

===== beginning time step 258 : 25.8 =====


Reforming stiffness matrix: reformation #1

 1
 Nonlinear solution status: time= 25.8
	stiffness updates             = 0
	right hand side evaluations   = 2
	stiffness matrix reformations = 1
	step from line search         = 1.000000
	convergence norms :     INITIAL         CURRENT         REQUIRED
	   residual            7.985857e+00    7.785663e-09    0.000000e+00 
	   energy              3.736154e-02    2.616097e-07    3.736154e-04 
	   displacement        1.745278e-03    1.745278e-03    1.745278e-09 
 2
 Nonlinear solution status: time= 25.8
	stiffness updates             = 1
	right hand side evaluations   = 3
	stiffness matrix reformations = 1
	step from line search         = 1.000000
	convergence norms :     INITIAL         CURRENT         REQUIRED
	   residual            7.985857e+00    1.411739e-13    0.000000e+00 
	   energy              3.736154e-02    2.738780e-13    3.736154e-04 
	   displacement        1.745278e-03    1.640864e-11    1.745194e-09 

convergence summary
    number of iterations   : 2
    number of reformations : 1

------- converged at time : 25.8


Data Record #1
===========================================================================
Step = 258
Time = 25.8
Data = uz
File = feb_inputs/active_ascl/../../raw_logs/active_ascl/ascl_2.0_disp.txt

Data Record #2
===========================================================================
Step = 258
Time = 25.8
Data = sz
File = feb_inputs/active_ascl/../../raw_logs/active_ascl/ascl_2.0_stress.txt

Data Record #3
===========================================================================
Step = 258
Time = 25.8
Data = J
File = feb_inputs/active_ascl/../../raw_logs/active_ascl/ascl_2.0_vol.txt

===== beginning time step 259 : 25.9 =====


Reforming stiffness matrix: reformation #1

 1
 Nonlinear solution status: time= 25.9
	stiffness updates             = 0
	right hand side evaluations   = 2
	stiffness matrix reformations = 1
	step from line search         = 1.000000
	convergence norms :     INITIAL         CURRENT         REQUIRED
	   residual            7.751631e+00    6.759110e-09    0.000000e+00 
	   energy              3.587716e-02    2.497111e-07    3.587716e-04 
	   displacement        1.634308e-03    1.634308e-03    1.634308e-09 
 2
 Nonlinear solution status: time= 25.9
	stiffness updates             = 1
	right hand side evaluations   = 3
	stiffness matrix reformations = 1
	step from line search         = 1.000000
	convergence norms :     INITIAL         CURRENT         REQUIRED
	   residual            7.751631e+00    1.376207e-13    0.000000e+00 
	   energy              3.587716e-02    3.050274e-13    3.587716e-04 
	   displacement        1.634308e-03    1.480258e-11    1.634233e-09 

convergence summary
    number of iterations   : 2
    number of reformations : 1

------- converged at time : 25.9


Data Record #1
===========================================================================
Step = 259
Time = 25.9
Data = uz
File = feb_inputs/active_ascl/../../raw_logs/active_ascl/ascl_2.0_disp.txt

Data Record #2
===========================================================================
Step = 259
Time = 25.9
Data = sz
File = feb_inputs/active_ascl/../../raw_logs/active_ascl/ascl_2.0_stress.txt

Data Record #3
===========================================================================
Step = 259
Time = 25.9
Data = J
File = feb_inputs/active_ascl/../../raw_logs/active_ascl/ascl_2.0_vol.txt

===== beginning time step 260 : 26 =====


Reforming stiffness matrix: reformation #1

 1
 Nonlinear solution status: time= 26
	stiffness updates             = 0
	right hand side evaluations   = 2
	stiffness matrix reformations = 1
	step from line search         = 1.000000
	convergence norms :     INITIAL         CURRENT         REQUIRED
	   residual            7.502924e+00    5.023132e-09    0.000000e+00 
	   energy              3.451846e-02    2.643352e-07    3.451846e-04 
	   displacement        1.545930e-03    1.545930e-03    1.545930e-09 
 2
 Nonlinear solution status: time= 26
	stiffness updates             = 1
	right hand side evaluations   = 3
	stiffness matrix reformations = 1
	step from line search         = 1.000000
	convergence norms :     INITIAL         CURRENT         REQUIRED
	   residual            7.502924e+00    1.046154e-13    0.000000e+00 
	   energy              3.451846e-02    2.566698e-13    3.451846e-04 
	   displacement        1.545930e-03    1.331384e-11    1.545857e-09 

convergence summary
    number of iterations   : 2
    number of reformations : 1

------- converged at time : 26


Data Record #1
===========================================================================
Step = 260
Time = 26
Data = uz
File = feb_inputs/active_ascl/../../raw_logs/active_ascl/ascl_2.0_disp.txt

Data Record #2
===========================================================================
Step = 260
Time = 26
Data = sz
File = feb_inputs/active_ascl/../../raw_logs/active_ascl/ascl_2.0_stress.txt

Data Record #3
===========================================================================
Step = 260
Time = 26
Data = J
File = feb_inputs/active_ascl/../../raw_logs/active_ascl/ascl_2.0_vol.txt

===== beginning time step 261 : 26.1 =====


Reforming stiffness matrix: reformation #1

 1
 Nonlinear solution status: time= 26.1
	stiffness updates             = 0
	right hand side evaluations   = 2
	stiffness matrix reformations = 1
	step from line search         = 1.000000
	convergence norms :     INITIAL         CURRENT         REQUIRED
	   residual            7.165643e+00    6.079222e-09    0.000000e+00 
	   energy              3.325399e-02    3.025357e-07    3.325399e-04 
	   displacement        1.487891e-03    1.487891e-03    1.487891e-09 
 2
 Nonlinear solution status: time= 26.1
	stiffness updates             = 1
	right hand side evaluations   = 3
	stiffness matrix reformations = 1
	step from line search         = 1.000000
	convergence norms :     INITIAL         CURRENT         REQUIRED
	   residual            7.165643e+00    1.071341e-13    0.000000e+00 
	   energy              3.325399e-02    2.394556e-13    3.325399e-04 
	   displacement        1.487891e-03    1.393062e-11    1.487806e-09 

convergence summary
    number of iterations   : 2
    number of reformations : 1

------- converged at time : 26.1


Data Record #1
===========================================================================
Step = 261
Time = 26.1
Data = uz
File = feb_inputs/active_ascl/../../raw_logs/active_ascl/ascl_2.0_disp.txt

Data Record #2
===========================================================================
Step = 261
Time = 26.1
Data = sz
File = feb_inputs/active_ascl/../../raw_logs/active_ascl/ascl_2.0_stress.txt

Data Record #3
===========================================================================
Step = 261
Time = 26.1
Data = J
File = feb_inputs/active_ascl/../../raw_logs/active_ascl/ascl_2.0_vol.txt

===== beginning time step 262 : 26.2 =====


Reforming stiffness matrix: reformation #1

 1
 Nonlinear solution status: time= 26.2
	stiffness updates             = 0
	right hand side evaluations   = 2
	stiffness matrix reformations = 1
	step from line search         = 1.000000
	convergence norms :     INITIAL         CURRENT         REQUIRED
	   residual            6.735726e+00    6.999580e-09    0.000000e+00 
	   energy              3.206230e-02    3.430794e-07    3.206230e-04 
	   displacement        1.455001e-03    1.455001e-03    1.455001e-09 
 2
 Nonlinear solution status: time= 26.2
	stiffness updates             = 1
	right hand side evaluations   = 3
	stiffness matrix reformations = 1
	step from line search         = 1.000000
	convergence norms :     INITIAL         CURRENT         REQUIRED
	   residual            6.735726e+00    1.098405e-13    0.000000e+00 
	   energy              3.206230e-02    2.510284e-13    3.206230e-04 
	   displacement        1.455001e-03    1.448992e-11    1.454906e-09 

convergence summary
    number of iterations   : 2
    number of reformations : 1

------- converged at time : 26.2


Data Record #1
===========================================================================
Step = 262
Time = 26.2
Data = uz
File = feb_inputs/active_ascl/../../raw_logs/active_ascl/ascl_2.0_disp.txt

Data Record #2
===========================================================================
Step = 262
Time = 26.2
Data = sz
File = feb_inputs/active_ascl/../../raw_logs/active_ascl/ascl_2.0_stress.txt

Data Record #3
===========================================================================
Step = 262
Time = 26.2
Data = J
File = feb_inputs/active_ascl/../../raw_logs/active_ascl/ascl_2.0_vol.txt

===== beginning time step 263 : 26.3 =====


Reforming stiffness matrix: reformation #1

 1
 Nonlinear solution status: time= 26.3
	stiffness updates             = 0
	right hand side evaluations   = 2
	stiffness matrix reformations = 1
	step from line search         = 1.000000
	convergence norms :     INITIAL         CURRENT         REQUIRED
	   residual            6.295041e+00    8.013332e-09    0.000000e+00 
	   energy              3.098983e-02    3.644660e-07    3.098983e-04 
	   displacement        1.434377e-03    1.434377e-03    1.434377e-09 
 2
 Nonlinear solution status: time= 26.3
	stiffness updates             = 1
	right hand side evaluations   = 3
	stiffness matrix reformations = 1
	step from line search         = 1.000000
	convergence norms :     INITIAL         CURRENT         REQUIRED
	   residual            6.295041e+00    1.308854e-13    0.000000e+00 
	   energy              3.098983e-02    2.869612e-13    3.098983e-04 
	   displacement        1.434377e-03    1.510233e-11    1.434277e-09 

convergence summary
    number of iterations   : 2
    number of reformations : 1

------- converged at time : 26.3


Data Record #1
===========================================================================
Step = 263
Time = 26.3
Data = uz
File = feb_inputs/active_ascl/../../raw_logs/active_ascl/ascl_2.0_disp.txt

Data Record #2
===========================================================================
Step = 263
Time = 26.3
Data = sz
File = feb_inputs/active_ascl/../../raw_logs/active_ascl/ascl_2.0_stress.txt

Data Record #3
===========================================================================
Step = 263
Time = 26.3
Data = J
File = feb_inputs/active_ascl/../../raw_logs/active_ascl/ascl_2.0_vol.txt

===== beginning time step 264 : 26.4 =====


Reforming stiffness matrix: reformation #1

 1
 Nonlinear solution status: time= 26.4
	stiffness updates             = 0
	right hand side evaluations   = 2
	stiffness matrix reformations = 1
	step from line search         = 1.000000
	convergence norms :     INITIAL         CURRENT         REQUIRED
	   residual            5.942753e+00    8.550301e-09    0.000000e+00 
	   energy              3.021702e-02    3.826648e-07    3.021702e-04 
	   displacement        1.419710e-03    1.419710e-03    1.419710e-09 
 2
 Nonlinear solution status: time= 26.4
	stiffness updates             = 1
	right hand side evaluations   = 3
	stiffness matrix reformations = 1
	step from line search         = 1.000000
	convergence norms :     INITIAL         CURRENT         REQUIRED
	   residual            5.942753e+00    1.220631e-13    0.000000e+00 
	   energy              3.021702e-02    2.943049e-13    3.021702e-04 
	   displacement        1.419710e-03    1.524014e-11    1.419603e-09 

convergence summary
    number of iterations   : 2
    number of reformations : 1

------- converged at time : 26.4


Data Record #1
===========================================================================
Step = 264
Time = 26.4
Data = uz
File = feb_inputs/active_ascl/../../raw_logs/active_ascl/ascl_2.0_disp.txt

Data Record #2
===========================================================================
Step = 264
Time = 26.4
Data = sz
File = feb_inputs/active_ascl/../../raw_logs/active_ascl/ascl_2.0_stress.txt

Data Record #3
===========================================================================
Step = 264
Time = 26.4
Data = J
File = feb_inputs/active_ascl/../../raw_logs/active_ascl/ascl_2.0_vol.txt

===== beginning time step 265 : 26.5 =====


Reforming stiffness matrix: reformation #1

 1
 Nonlinear solution status: time= 26.5
	stiffness updates             = 0
	right hand side evaluations   = 2
	stiffness matrix reformations = 1
	step from line search         = 1.000000
	convergence norms :     INITIAL         CURRENT         REQUIRED
	   residual            5.713220e+00    9.080192e-09    0.000000e+00 
	   energy              2.995184e-02    4.415665e-07    2.995184e-04 
	   displacement        1.423652e-03    1.423652e-03    1.423652e-09 
 2
 Nonlinear solution status: time= 26.5
	stiffness updates             = 1
	right hand side evaluations   = 3
	stiffness matrix reformations = 1
	step from line search         = 1.000000
	convergence norms :     INITIAL         CURRENT         REQUIRED
	   residual            5.713220e+00    1.117027e-13    0.000000e+00 
	   energy              2.995184e-02    2.863022e-13    2.995184e-04 
	   displacement        1.423652e-03    1.604452e-11    1.423527e-09 

convergence summary
    number of iterations   : 2
    number of reformations : 1

------- converged at time : 26.5


Data Record #1
===========================================================================
Step = 265
Time = 26.5
Data = uz
File = feb_inputs/active_ascl/../../raw_logs/active_ascl/ascl_2.0_disp.txt

Data Record #2
===========================================================================
Step = 265
Time = 26.5
Data = sz
File = feb_inputs/active_ascl/../../raw_logs/active_ascl/ascl_2.0_stress.txt

Data Record #3
===========================================================================
Step = 265
Time = 26.5
Data = J
File = feb_inputs/active_ascl/../../raw_logs/active_ascl/ascl_2.0_vol.txt

===== beginning time step 266 : 26.6 =====


Reforming stiffness matrix: reformation #1

 1
 Nonlinear solution status: time= 26.6
	stiffness updates             = 0
	right hand side evaluations   = 2
	stiffness matrix reformations = 1
	step from line search         = 1.000000
	convergence norms :     INITIAL         CURRENT         REQUIRED
	   residual            5.564157e+00    1.036792e-08    0.000000e+00 
	   energy              3.034372e-02    5.508873e-07    3.034372e-04 
	   displacement        1.468658e-03    1.468658e-03    1.468658e-09 
 2
 Nonlinear solution status: time= 26.6
	stiffness updates             = 1
	right hand side evaluations   = 3
	stiffness matrix reformations = 1
	step from line search         = 1.000000
	convergence norms :     INITIAL         CURRENT         REQUIRED
	   residual            5.564157e+00    1.325164e-13    0.000000e+00 
	   energy              3.034372e-02    3.030790e-13    3.034372e-04 
	   displacement        1.468658e-03    1.881930e-11    1.468496e-09 

convergence summary
    number of iterations   : 2
    number of reformations : 1

------- converged at time : 26.6


Data Record #1
===========================================================================
Step = 266
Time = 26.6
Data = uz
File = feb_inputs/active_ascl/../../raw_logs/active_ascl/ascl_2.0_disp.txt

Data Record #2
===========================================================================
Step = 266
Time = 26.6
Data = sz
File = feb_inputs/active_ascl/../../raw_logs/active_ascl/ascl_2.0_stress.txt

Data Record #3
===========================================================================
Step = 266
Time = 26.6
Data = J
File = feb_inputs/active_ascl/../../raw_logs/active_ascl/ascl_2.0_vol.txt

===== beginning time step 267 : 26.7 =====


Reforming stiffness matrix: reformation #1

 1
 Nonlinear solution status: time= 26.7
	stiffness updates             = 0
	right hand side evaluations   = 2
	stiffness matrix reformations = 1
	step from line search         = 1.000000
	convergence norms :     INITIAL         CURRENT         REQUIRED
	   residual            5.476686e+00    1.287491e-08    0.000000e+00 
	   energy              3.151754e-02    6.911983e-07    3.151754e-04 
	   displacement        1.567701e-03    1.567701e-03    1.567701e-09 
 2
 Nonlinear solution status: time= 26.7
	stiffness updates             = 1
	right hand side evaluations   = 3
	stiffness matrix reformations = 1
	step from line search         = 1.000000
	convergence norms :     INITIAL         CURRENT         REQUIRED
	   residual            5.476686e+00    1.458126e-13    0.000000e+00 
	   energy              3.151754e-02    3.462854e-13    3.151754e-04 
	   displacement        1.567701e-03    2.282805e-11    1.567498e-09 

convergence summary
    number of iterations   : 2
    number of reformations : 1

------- converged at time : 26.7


Data Record #1
===========================================================================
Step = 267
Time = 26.7
Data = uz
File = feb_inputs/active_ascl/../../raw_logs/active_ascl/ascl_2.0_disp.txt

Data Record #2
===========================================================================
Step = 267
Time = 26.7
Data = sz
File = feb_inputs/active_ascl/../../raw_logs/active_ascl/ascl_2.0_stress.txt

Data Record #3
===========================================================================
Step = 267
Time = 26.7
Data = J
File = feb_inputs/active_ascl/../../raw_logs/active_ascl/ascl_2.0_vol.txt

===== beginning time step 268 : 26.8 =====


Reforming stiffness matrix: reformation #1

 1
 Nonlinear solution status: time= 26.8
	stiffness updates             = 0
	right hand side evaluations   = 2
	stiffness matrix reformations = 1
	step from line search         = 1.000000
	convergence norms :     INITIAL         CURRENT         REQUIRED
	   residual            5.507331e+00    1.677702e-08    0.000000e+00 
	   energy              3.358845e-02    8.333769e-07    3.358845e-04 
	   displacement        1.727088e-03    1.727088e-03    1.727088e-09 
 2
 Nonlinear solution status: time= 26.8
	stiffness updates             = 1
	right hand side evaluations   = 3
	stiffness matrix reformations = 1
	step from line search         = 1.000000
	convergence norms :     INITIAL         CURRENT         REQUIRED
	   residual            5.507331e+00    1.786373e-13    0.000000e+00 
	   energy              3.358845e-02    4.176745e-13    3.358845e-04 
	   displacement        1.727088e-03    2.735676e-11    1.726851e-09 

convergence summary
    number of iterations   : 2
    number of reformations : 1

------- converged at time : 26.8


Data Record #1
===========================================================================
Step = 268
Time = 26.8
Data = uz
File = feb_inputs/active_ascl/../../raw_logs/active_ascl/ascl_2.0_disp.txt

Data Record #2
===========================================================================
Step = 268
Time = 26.8
Data = sz
File = feb_inputs/active_ascl/../../raw_logs/active_ascl/ascl_2.0_stress.txt

Data Record #3
===========================================================================
Step = 268
Time = 26.8
Data = J
File = feb_inputs/active_ascl/../../raw_logs/active_ascl/ascl_2.0_vol.txt

===== beginning time step 269 : 26.9 =====


Reforming stiffness matrix: reformation #1

 1
 Nonlinear solution status: time= 26.9
	stiffness updates             = 0
	right hand side evaluations   = 2
	stiffness matrix reformations = 1
	step from line search         = 1.000000
	convergence norms :     INITIAL         CURRENT         REQUIRED
	   residual            5.680685e+00    2.017664e-08    0.000000e+00 
	   energy              3.653429e-02    9.580978e-07    3.653429e-04 
	   displacement        1.936834e-03    1.936834e-03    1.936834e-09 
 2
 Nonlinear solution status: time= 26.9
	stiffness updates             = 1
	right hand side evaluations   = 3
	stiffness matrix reformations = 1
	step from line search         = 1.000000
	convergence norms :     INITIAL         CURRENT         REQUIRED
	   residual            5.680685e+00    2.194132e-13    0.000000e+00 
	   energy              3.653429e-02    4.831865e-13    3.653429e-04 
	   displacement        1.936834e-03    3.019086e-11    1.936571e-09 

convergence summary
    number of iterations   : 2
    number of reformations : 1

------- converged at time : 26.9


Data Record #1
===========================================================================
Step = 269
Time = 26.9
Data = uz
File = feb_inputs/active_ascl/../../raw_logs/active_ascl/ascl_2.0_disp.txt

Data Record #2
===========================================================================
Step = 269
Time = 26.9
Data = sz
File = feb_inputs/active_ascl/../../raw_logs/active_ascl/ascl_2.0_stress.txt

Data Record #3
===========================================================================
Step = 269
Time = 26.9
Data = J
File = feb_inputs/active_ascl/../../raw_logs/active_ascl/ascl_2.0_vol.txt

===== beginning time step 270 : 27 =====


Reforming stiffness matrix: reformation #1

 1
 Nonlinear solution status: time= 27
	stiffness updates             = 0
	right hand side evaluations   = 2
	stiffness matrix reformations = 1
	step from line search         = 1.000000
	convergence norms :     INITIAL         CURRENT         REQUIRED
	   residual            5.966471e+00    2.359128e-08    0.000000e+00 
	   energy              4.018120e-02    1.081487e-06    4.018120e-04 
	   displacement        2.169467e-03    2.169467e-03    2.169467e-09 
 2
 Nonlinear solution status: time= 27
	stiffness updates             = 1
	right hand side evaluations   = 3
	stiffness matrix reformations = 1
	step from line search         = 1.000000
	convergence norms :     INITIAL         CURRENT         REQUIRED
	   residual            5.966471e+00    2.667263e-13    0.000000e+00 
	   energy              4.018120e-02    5.207661e-13    4.018120e-04 
	   displacement        2.169467e-03    3.173589e-11    2.169185e-09 

convergence summary
    number of iterations   : 2
    number of reformations : 1

------- converged at time : 27


Data Record #1
===========================================================================
Step = 270
Time = 27
Data = uz
File = feb_inputs/active_ascl/../../raw_logs/active_ascl/ascl_2.0_disp.txt

Data Record #2
===========================================================================
Step = 270
Time = 27
Data = sz
File = feb_inputs/active_ascl/../../raw_logs/active_ascl/ascl_2.0_stress.txt

Data Record #3
===========================================================================
Step = 270
Time = 27
Data = J
File = feb_inputs/active_ascl/../../raw_logs/active_ascl/ascl_2.0_vol.txt

===== beginning time step 271 : 27.1 =====


Reforming stiffness matrix: reformation #1

 1
 Nonlinear solution status: time= 27.1
	stiffness updates             = 0
	right hand side evaluations   = 2
	stiffness matrix reformations = 1
	step from line search         = 1.000000
	convergence norms :     INITIAL         CURRENT         REQUIRED
	   residual            6.365355e+00    2.470328e-08    0.000000e+00 
	   energy              4.429126e-02    1.215202e-06    4.429126e-04 
	   displacement        2.407714e-03    2.407714e-03    2.407714e-09 
 2
 Nonlinear solution status: time= 27.1
	stiffness updates             = 1
	right hand side evaluations   = 3
	stiffness matrix reformations = 1
	step from line search         = 1.000000
	convergence norms :     INITIAL         CURRENT         REQUIRED
	   residual            6.365355e+00    2.699772e-13    0.000000e+00 
	   energy              4.429126e-02    4.971060e-13    4.429126e-04 
	   displacement        2.407714e-03    3.308310e-11    2.407418e-09 

convergence summary
    number of iterations   : 2
    number of reformations : 1

------- converged at time : 27.1


Data Record #1
===========================================================================
Step = 271
Time = 27.1
Data = uz
File = feb_inputs/active_ascl/../../raw_logs/active_ascl/ascl_2.0_disp.txt

Data Record #2
===========================================================================
Step = 271
Time = 27.1
Data = sz
File = feb_inputs/active_ascl/../../raw_logs/active_ascl/ascl_2.0_stress.txt

Data Record #3
===========================================================================
Step = 271
Time = 27.1
Data = J
File = feb_inputs/active_ascl/../../raw_logs/active_ascl/ascl_2.0_vol.txt

===== beginning time step 272 : 27.2 =====


Reforming stiffness matrix: reformation #1

 1
 Nonlinear solution status: time= 27.2
	stiffness updates             = 0
	right hand side evaluations   = 2
	stiffness matrix reformations = 1
	step from line search         = 1.000000
	convergence norms :     INITIAL         CURRENT         REQUIRED
	   residual            6.878750e+00    2.303671e-08    0.000000e+00 
	   energy              4.859826e-02    1.313543e-06    4.859826e-04 
	   displacement        2.641620e-03    2.641620e-03    2.641620e-09 
 2
 Nonlinear solution status: time= 27.2
	stiffness updates             = 1
	right hand side evaluations   = 3
	stiffness matrix reformations = 1
	step from line search         = 1.000000
	convergence norms :     INITIAL         CURRENT         REQUIRED
	   residual            6.878750e+00    2.381561e-13    0.000000e+00 
	   energy              4.859826e-02    4.841971e-13    4.859826e-04 
	   displacement        2.641620e-03    3.509237e-11    2.641317e-09 

convergence summary
    number of iterations   : 2
    number of reformations : 1

------- converged at time : 27.2


Data Record #1
===========================================================================
Step = 272
Time = 27.2
Data = uz
File = feb_inputs/active_ascl/../../raw_logs/active_ascl/ascl_2.0_disp.txt

Data Record #2
===========================================================================
Step = 272
Time = 27.2
Data = sz
File = feb_inputs/active_ascl/../../raw_logs/active_ascl/ascl_2.0_stress.txt

Data Record #3
===========================================================================
Step = 272
Time = 27.2
Data = J
File = feb_inputs/active_ascl/../../raw_logs/active_ascl/ascl_2.0_vol.txt

===== beginning time step 273 : 27.3 =====


Reforming stiffness matrix: reformation #1

 1
 Nonlinear solution status: time= 27.3
	stiffness updates             = 0
	right hand side evaluations   = 2
	stiffness matrix reformations = 1
	step from line search         = 1.000000
	convergence norms :     INITIAL         CURRENT         REQUIRED
	   residual            7.459802e+00    2.410368e-08    0.000000e+00 
	   energy              5.279795e-02    1.336772e-06    5.279795e-04 
	   displacement        2.856006e-03    2.856006e-03    2.856006e-09 
 2
 Nonlinear solution status: time= 27.3
	stiffness updates             = 1
	right hand side evaluations   = 3
	stiffness matrix reformations = 1
	step from line search         = 1.000000
	convergence norms :     INITIAL         CURRENT         REQUIRED
	   residual            7.459802e+00    2.398184e-13    0.000000e+00 
	   energy              5.279795e-02    5.529092e-13    5.279795e-04 
	   displacement        2.856006e-03    3.680501e-11    2.855704e-09 

convergence summary
    number of iterations   : 2
    number of reformations : 1

------- converged at time : 27.3


Data Record #1
===========================================================================
Step = 273
Time = 27.3
Data = uz
File = feb_inputs/active_ascl/../../raw_logs/active_ascl/ascl_2.0_disp.txt

Data Record #2
===========================================================================
Step = 273
Time = 27.3
Data = sz
File = feb_inputs/active_ascl/../../raw_logs/active_ascl/ascl_2.0_stress.txt

Data Record #3
===========================================================================
Step = 273
Time = 27.3
Data = J
File = feb_inputs/active_ascl/../../raw_logs/active_ascl/ascl_2.0_vol.txt

===== beginning time step 274 : 27.4 =====


Reforming stiffness matrix: reformation #1

 1
 Nonlinear solution status: time= 27.4
	stiffness updates             = 0
	right hand side evaluations   = 2
	stiffness matrix reformations = 1
	step from line search         = 1.000000
	convergence norms :     INITIAL         CURRENT         REQUIRED
	   residual            8.040680e+00    2.176142e-08    0.000000e+00 
	   energy              5.664991e-02    1.310386e-06    5.664991e-04 
	   displacement        3.045452e-03    3.045452e-03    3.045452e-09 
 2
 Nonlinear solution status: time= 27.4
	stiffness updates             = 1
	right hand side evaluations   = 3
	stiffness matrix reformations = 1
	step from line search         = 1.000000
	convergence norms :     INITIAL         CURRENT         REQUIRED
	   residual            8.040680e+00    2.286417e-13    0.000000e+00 
	   energy              5.664991e-02    5.534375e-13    5.664991e-04 
	   displacement        3.045452e-03    3.799963e-11    3.045154e-09 

convergence summary
    number of iterations   : 2
    number of reformations : 1

------- converged at time : 27.4


Data Record #1
===========================================================================
Step = 274
Time = 27.4
Data = uz
File = feb_inputs/active_ascl/../../raw_logs/active_ascl/ascl_2.0_disp.txt

Data Record #2
===========================================================================
Step = 274
Time = 27.4
Data = sz
File = feb_inputs/active_ascl/../../raw_logs/active_ascl/ascl_2.0_stress.txt

Data Record #3
===========================================================================
Step = 274
Time = 27.4
Data = J
File = feb_inputs/active_ascl/../../raw_logs/active_ascl/ascl_2.0_vol.txt

===== beginning time step 275 : 27.5 =====


Reforming stiffness matrix: reformation #1

 1
 Nonlinear solution status: time= 27.5
	stiffness updates             = 0
	right hand side evaluations   = 2
	stiffness matrix reformations = 1
	step from line search         = 1.000000
	convergence norms :     INITIAL         CURRENT         REQUIRED
	   residual            8.599949e+00    1.507536e-08    0.000000e+00 
	   energy              6.015413e-02    1.261013e-06    6.015413e-04 
	   displacement        3.215079e-03    3.215079e-03    3.215079e-09 
 2
 Nonlinear solution status: time= 27.5
	stiffness updates             = 1
	right hand side evaluations   = 3
	stiffness matrix reformations = 1
	step from line search         = 1.000000
	convergence norms :     INITIAL         CURRENT         REQUIRED
	   residual            8.599949e+00    1.868120e-13    0.000000e+00 
	   energy              6.015413e-02    5.066814e-13    6.015413e-04 
	   displacement        3.215079e-03    3.946767e-11    3.214773e-09 

convergence summary
    number of iterations   : 2
    number of reformations : 1

------- converged at time : 27.5


Data Record #1
===========================================================================
Step = 275
Time = 27.5
Data = uz
File = feb_inputs/active_ascl/../../raw_logs/active_ascl/ascl_2.0_disp.txt

Data Record #2
===========================================================================
Step = 275
Time = 27.5
Data = sz
File = feb_inputs/active_ascl/../../raw_logs/active_ascl/ascl_2.0_stress.txt

Data Record #3
===========================================================================
Step = 275
Time = 27.5
Data = J
File = feb_inputs/active_ascl/../../raw_logs/active_ascl/ascl_2.0_vol.txt

===== beginning time step 276 : 27.6 =====


Reforming stiffness matrix: reformation #1

 1
 Nonlinear solution status: time= 27.6
	stiffness updates             = 0
	right hand side evaluations   = 2
	stiffness matrix reformations = 1
	step from line search         = 1.000000
	convergence norms :     INITIAL         CURRENT         REQUIRED
	   residual            9.197054e+00    1.043576e-08    0.000000e+00 
	   energy              6.357254e-02    1.190024e-06    6.357254e-04 
	   displacement        3.381639e-03    3.381639e-03    3.381639e-09 
 2
 Nonlinear solution status: time= 27.6
	stiffness updates             = 1
	right hand side evaluations   = 3
	stiffness matrix reformations = 1
	step from line search         = 1.000000
	convergence norms :     INITIAL         CURRENT         REQUIRED
	   residual            9.197054e+00    1.470487e-13    0.000000e+00 
	   energy              6.357254e-02    5.090757e-13    6.357254e-04 
	   displacement        3.381639e-03    3.985626e-11    3.381326e-09 

convergence summary
    number of iterations   : 2
    number of reformations : 1

------- converged at time : 27.6


Data Record #1
===========================================================================
Step = 276
Time = 27.6
Data = uz
File = feb_inputs/active_ascl/../../raw_logs/active_ascl/ascl_2.0_disp.txt

Data Record #2
===========================================================================
Step = 276
Time = 27.6
Data = sz
File = feb_inputs/active_ascl/../../raw_logs/active_ascl/ascl_2.0_stress.txt

Data Record #3
===========================================================================
Step = 276
Time = 27.6
Data = J
File = feb_inputs/active_ascl/../../raw_logs/active_ascl/ascl_2.0_vol.txt

===== beginning time step 277 : 27.7 =====


Reforming stiffness matrix: reformation #1

 1
 Nonlinear solution status: time= 27.7
	stiffness updates             = 0
	right hand side evaluations   = 2
	stiffness matrix reformations = 1
	step from line search         = 1.000000
	convergence norms :     INITIAL         CURRENT         REQUIRED
	   residual            9.917245e+00    7.981784e-09    0.000000e+00 
	   energy              6.735664e-02    1.119618e-06    6.735664e-04 
	   displacement        3.572104e-03    3.572104e-03    3.572104e-09 
 2
 Nonlinear solution status: time= 27.7
	stiffness updates             = 1
	right hand side evaluations   = 3
	stiffness matrix reformations = 1
	step from line search         = 1.000000
	convergence norms :     INITIAL         CURRENT         REQUIRED
	   residual            9.917245e+00    1.498915e-13    0.000000e+00 
	   energy              6.735664e-02    4.912955e-13    6.735664e-04 
	   displacement        3.572104e-03    3.818792e-11    3.571801e-09 

convergence summary
    number of iterations   : 2
    number of reformations : 1

------- converged at time : 27.7


Data Record #1
===========================================================================
Step = 277
Time = 27.7
Data = uz
File = feb_inputs/active_ascl/../../raw_logs/active_ascl/ascl_2.0_disp.txt

Data Record #2
===========================================================================
Step = 277
Time = 27.7
Data = sz
File = feb_inputs/active_ascl/../../raw_logs/active_ascl/ascl_2.0_stress.txt

Data Record #3
===========================================================================
Step = 277
Time = 27.7
Data = J
File = feb_inputs/active_ascl/../../raw_logs/active_ascl/ascl_2.0_vol.txt

===== beginning time step 278 : 27.8 =====


Reforming stiffness matrix: reformation #1

 1
 Nonlinear solution status: time= 27.8
	stiffness updates             = 0
	right hand side evaluations   = 2
	stiffness matrix reformations = 1
	step from line search         = 1.000000
	convergence norms :     INITIAL         CURRENT         REQUIRED
	   residual            1.081924e+01    6.371791e-09    0.000000e+00 
	   energy              7.198262e-02    1.053737e-06    7.198262e-04 
	   displacement        3.808908e-03    3.808908e-03    3.808908e-09 
 2
 Nonlinear solution status: time= 27.8
	stiffness updates             = 1
	right hand side evaluations   = 3
	stiffness matrix reformations = 1
	step from line search         = 1.000000
	convergence norms :     INITIAL         CURRENT         REQUIRED
	   residual            1.081924e+01    1.298208e-13    0.000000e+00 
	   energy              7.198262e-02    5.118640e-13    7.198262e-04 
	   displacement        3.808908e-03    3.771761e-11    3.808630e-09 

convergence summary
    number of iterations   : 2
    number of reformations : 1

------- converged at time : 27.8


Data Record #1
===========================================================================
Step = 278
Time = 27.8
Data = uz
File = feb_inputs/active_ascl/../../raw_logs/active_ascl/ascl_2.0_disp.txt

Data Record #2
===========================================================================
Step = 278
Time = 27.8
Data = sz
File = feb_inputs/active_ascl/../../raw_logs/active_ascl/ascl_2.0_stress.txt

Data Record #3
===========================================================================
Step = 278
Time = 27.8
Data = J
File = feb_inputs/active_ascl/../../raw_logs/active_ascl/ascl_2.0_vol.txt

===== beginning time step 279 : 27.9 =====


Reforming stiffness matrix: reformation #1

 1
 Nonlinear solution status: time= 27.9
	stiffness updates             = 0
	right hand side evaluations   = 2
	stiffness matrix reformations = 1
	step from line search         = 1.000000
	convergence norms :     INITIAL         CURRENT         REQUIRED
	   residual            1.199297e+01    6.838032e-09    0.000000e+00 
	   energy              7.780912e-02    9.491297e-07    7.780912e-04 
	   displacement        4.107353e-03    4.107353e-03    4.107353e-09 
 2
 Nonlinear solution status: time= 27.9
	stiffness updates             = 1
	right hand side evaluations   = 3
	stiffness matrix reformations = 1
	step from line search         = 1.000000
	convergence norms :     INITIAL         CURRENT         REQUIRED
	   residual            1.199297e+01    1.208808e-13    0.000000e+00 
	   energy              7.780912e-02    4.917305e-13    7.780912e-04 
	   displacement        4.107353e-03    3.521060e-11    4.107111e-09 

convergence summary
    number of iterations   : 2
    number of reformations : 1

------- converged at time : 27.9


Data Record #1
===========================================================================
Step = 279
Time = 27.9
Data = uz
File = feb_inputs/active_ascl/../../raw_logs/active_ascl/ascl_2.0_disp.txt

Data Record #2
===========================================================================
Step = 279
Time = 27.9
Data = sz
File = feb_inputs/active_ascl/../../raw_logs/active_ascl/ascl_2.0_stress.txt

Data Record #3
===========================================================================
Step = 279
Time = 27.9
Data = J
File = feb_inputs/active_ascl/../../raw_logs/active_ascl/ascl_2.0_vol.txt

===== beginning time step 280 : 28 =====


Reforming stiffness matrix: reformation #1

 1
 Nonlinear solution status: time= 28
	stiffness updates             = 0
	right hand side evaluations   = 2
	stiffness matrix reformations = 1
	step from line search         = 1.000000
	convergence norms :     INITIAL         CURRENT         REQUIRED
	   residual            1.351378e+01    6.923776e-09    0.000000e+00 
	   energy              8.493915e-02    8.195732e-07    8.493915e-04 
	   displacement        4.459237e-03    4.459237e-03    4.459237e-09 
 2
 Nonlinear solution status: time= 28
	stiffness updates             = 1
	right hand side evaluations   = 3
	stiffness matrix reformations = 1
	step from line search         = 1.000000
	convergence norms :     INITIAL         CURRENT         REQUIRED
	   residual            1.351378e+01    1.147658e-13    0.000000e+00 
	   energy              8.493915e-02    4.297832e-13    8.493915e-04 
	   displacement        4.459237e-03    2.987176e-11    4.459042e-09 

convergence summary
    number of iterations   : 2
    number of reformations : 1

------- converged at time : 28


Data Record #1
===========================================================================
Step = 280
Time = 28
Data = uz
File = feb_inputs/active_ascl/../../raw_logs/active_ascl/ascl_2.0_disp.txt

Data Record #2
===========================================================================
Step = 280
Time = 28
Data = sz
File = feb_inputs/active_ascl/../../raw_logs/active_ascl/ascl_2.0_stress.txt

Data Record #3
===========================================================================
Step = 280
Time = 28
Data = J
File = feb_inputs/active_ascl/../../raw_logs/active_ascl/ascl_2.0_vol.txt

===== beginning time step 281 : 28.1 =====


Reforming stiffness matrix: reformation #1

 1
 Nonlinear solution status: time= 28.1
	stiffness updates             = 0
	right hand side evaluations   = 2
	stiffness matrix reformations = 1
	step from line search         = 1.000000
	convergence norms :     INITIAL         CURRENT         REQUIRED
	   residual            1.535667e+01    8.770065e-09    0.000000e+00 
	   energy              9.324417e-02    7.241104e-07    9.324417e-04 
	   displacement        4.850988e-03    4.850988e-03    4.850988e-09 
 2
 Nonlinear solution status: time= 28.1
	stiffness updates             = 1
	right hand side evaluations   = 3
	stiffness matrix reformations = 1
	step from line search         = 1.000000
	convergence norms :     INITIAL         CURRENT         REQUIRED
	   residual            1.535667e+01    1.593017e-13    0.000000e+00 
	   energy              9.324417e-02    4.317603e-13    9.324417e-04 
	   displacement        4.850988e-03    2.494214e-11    4.850839e-09 

convergence summary
    number of iterations   : 2
    number of reformations : 1

------- converged at time : 28.1


Data Record #1
===========================================================================
Step = 281
Time = 28.1
Data = uz
File = feb_inputs/active_ascl/../../raw_logs/active_ascl/ascl_2.0_disp.txt

Data Record #2
===========================================================================
Step = 281
Time = 28.1
Data = sz
File = feb_inputs/active_ascl/../../raw_logs/active_ascl/ascl_2.0_stress.txt

Data Record #3
===========================================================================
Step = 281
Time = 28.1
Data = J
File = feb_inputs/active_ascl/../../raw_logs/active_ascl/ascl_2.0_vol.txt

===== beginning time step 282 : 28.2 =====


Reforming stiffness matrix: reformation #1

 1
 Nonlinear solution status: time= 28.2
	stiffness updates             = 0
	right hand side evaluations   = 2
	stiffness matrix reformations = 1
	step from line search         = 1.000000
	convergence norms :     INITIAL         CURRENT         REQUIRED
	   residual            1.746746e+01    1.113824e-08    0.000000e+00 
	   energy              1.024653e-01    7.027857e-07    1.024653e-03 
	   displacement        5.278409e-03    5.278409e-03    5.278409e-09 
 2
 Nonlinear solution status: time= 28.2
	stiffness updates             = 1
	right hand side evaluations   = 3
	stiffness matrix reformations = 1
	step from line search         = 1.000000
	convergence norms :     INITIAL         CURRENT         REQUIRED
	   residual            1.746746e+01    2.148218e-13    0.000000e+00 
	   energy              1.024653e-01    4.934058e-13    1.024653e-03 
	   displacement        5.278409e-03    2.359867e-11    5.278291e-09 

convergence summary
    number of iterations   : 2
    number of reformations : 1

------- converged at time : 28.2


Data Record #1
===========================================================================
Step = 282
Time = 28.2
Data = uz
File = feb_inputs/active_ascl/../../raw_logs/active_ascl/ascl_2.0_disp.txt

Data Record #2
===========================================================================
Step = 282
Time = 28.2
Data = sz
File = feb_inputs/active_ascl/../../raw_logs/active_ascl/ascl_2.0_stress.txt

Data Record #3
===========================================================================
Step = 282
Time = 28.2
Data = J
File = feb_inputs/active_ascl/../../raw_logs/active_ascl/ascl_2.0_vol.txt

===== beginning time step 283 : 28.3 =====


Reforming stiffness matrix: reformation #1

 1
 Nonlinear solution status: time= 28.3
	stiffness updates             = 0
	right hand side evaluations   = 2
	stiffness matrix reformations = 1
	step from line search         = 1.000000
	convergence norms :     INITIAL         CURRENT         REQUIRED
	   residual            1.977254e+01    1.455737e-08    0.000000e+00 
	   energy              1.122815e-01    7.476189e-07    1.122815e-03 
	   displacement        5.718027e-03    5.718027e-03    5.718027e-09 
 2
 Nonlinear solution status: time= 28.3
	stiffness updates             = 1
	right hand side evaluations   = 3
	stiffness matrix reformations = 1
	step from line search         = 1.000000
	convergence norms :     INITIAL         CURRENT         REQUIRED
	   residual            1.977254e+01    2.774174e-13    0.000000e+00 
	   energy              1.122815e-01    6.198404e-13    1.122815e-03 
	   displacement        5.718027e-03    2.586055e-11    5.717938e-09 

convergence summary
    number of iterations   : 2
    number of reformations : 1

------- converged at time : 28.3


Data Record #1
===========================================================================
Step = 283
Time = 28.3
Data = uz
File = feb_inputs/active_ascl/../../raw_logs/active_ascl/ascl_2.0_disp.txt

Data Record #2
===========================================================================
Step = 283
Time = 28.3
Data = sz
File = feb_inputs/active_ascl/../../raw_logs/active_ascl/ascl_2.0_stress.txt

Data Record #3
===========================================================================
Step = 283
Time = 28.3
Data = J
File = feb_inputs/active_ascl/../../raw_logs/active_ascl/ascl_2.0_vol.txt

===== beginning time step 284 : 28.4 =====


Reforming stiffness matrix: reformation #1

 1
 Nonlinear solution status: time= 28.4
	stiffness updates             = 0
	right hand side evaluations   = 2
	stiffness matrix reformations = 1
	step from line search         = 1.000000
	convergence norms :     INITIAL         CURRENT         REQUIRED
	   residual            2.211525e+01    1.854739e-08    0.000000e+00 
	   energy              1.223138e-01    8.106982e-07    1.223138e-03 
	   displacement        6.144244e-03    6.144244e-03    6.144244e-09 
 2
 Nonlinear solution status: time= 28.4
	stiffness updates             = 1
	right hand side evaluations   = 3
	stiffness matrix reformations = 1
	step from line search         = 1.000000
	convergence norms :     INITIAL         CURRENT         REQUIRED
	   residual            2.211525e+01    3.392331e-13    0.000000e+00 
	   energy              1.223138e-01    7.263122e-13    1.223138e-03 
	   displacement        6.144244e-03    2.782442e-11    6.144178e-09 

convergence summary
    number of iterations   : 2
    number of reformations : 1

------- converged at time : 28.4


Data Record #1
===========================================================================
Step = 284
Time = 28.4
Data = uz
File = feb_inputs/active_ascl/../../raw_logs/active_ascl/ascl_2.0_disp.txt

Data Record #2
===========================================================================
Step = 284
Time = 28.4
Data = sz
File = feb_inputs/active_ascl/../../raw_logs/active_ascl/ascl_2.0_stress.txt

Data Record #3
===========================================================================
Step = 284
Time = 28.4
Data = J
File = feb_inputs/active_ascl/../../raw_logs/active_ascl/ascl_2.0_vol.txt

===== beginning time step 285 : 28.5 =====


Reforming stiffness matrix: reformation #1

 1
 Nonlinear solution status: time= 28.5
	stiffness updates             = 0
	right hand side evaluations   = 2
	stiffness matrix reformations = 1
	step from line search         = 1.000000
	convergence norms :     INITIAL         CURRENT         REQUIRED
	   residual            2.431779e+01    2.345860e-08    0.000000e+00 
	   energy              1.322421e-01    8.482841e-07    1.322421e-03 
	   displacement        6.557789e-03    6.557789e-03    6.557789e-09 
 2
 Nonlinear solution status: time= 28.5
	stiffness updates             = 1
	right hand side evaluations   = 3
	stiffness matrix reformations = 1
	step from line search         = 1.000000
	convergence norms :     INITIAL         CURRENT         REQUIRED
	   residual            2.431779e+01    4.273547e-13    0.000000e+00 
	   energy              1.322421e-01    7.948310e-13    1.322421e-03 
	   displacement        6.557789e-03    2.866027e-11    6.557728e-09 

convergence summary
    number of iterations   : 2
    number of reformations : 1

------- converged at time : 28.5


Data Record #1
===========================================================================
Step = 285
Time = 28.5
Data = uz
File = feb_inputs/active_ascl/../../raw_logs/active_ascl/ascl_2.0_disp.txt

Data Record #2
===========================================================================
Step = 285
Time = 28.5
Data = sz
File = feb_inputs/active_ascl/../../raw_logs/active_ascl/ascl_2.0_stress.txt

Data Record #3
===========================================================================
Step = 285
Time = 28.5
Data = J
File = feb_inputs/active_ascl/../../raw_logs/active_ascl/ascl_2.0_vol.txt

===== beginning time step 286 : 28.6 =====


Reforming stiffness matrix: reformation #1

 1
 Nonlinear solution status: time= 28.6
	stiffness updates             = 0
	right hand side evaluations   = 2
	stiffness matrix reformations = 1
	step from line search         = 1.000000
	convergence norms :     INITIAL         CURRENT         REQUIRED
	   residual            2.626951e+01    2.684609e-08    0.000000e+00 
	   energy              1.419671e-01    8.408881e-07    1.419671e-03 
	   displacement        6.969230e-03    6.969230e-03    6.969230e-09 
 2
 Nonlinear solution status: time= 28.6
	stiffness updates             = 1
	right hand side evaluations   = 3
	stiffness matrix reformations = 1
	step from line search         = 1.000000
	convergence norms :     INITIAL         CURRENT         REQUIRED
	   residual            2.626951e+01    4.743786e-13    0.000000e+00 
	   energy              1.419671e-01    8.022819e-13    1.419671e-03 
	   displacement        6.969230e-03    2.818204e-11    6.969184e-09 

convergence summary
    number of iterations   : 2
    number of reformations : 1

------- converged at time : 28.6


Data Record #1
===========================================================================
Step = 286
Time = 28.6
Data = uz
File = feb_inputs/active_ascl/../../raw_logs/active_ascl/ascl_2.0_disp.txt

Data Record #2
===========================================================================
Step = 286
Time = 28.6
Data = sz
File = feb_inputs/active_ascl/../../raw_logs/active_ascl/ascl_2.0_stress.txt

Data Record #3
===========================================================================
Step = 286
Time = 28.6
Data = J
File = feb_inputs/active_ascl/../../raw_logs/active_ascl/ascl_2.0_vol.txt

===== beginning time step 287 : 28.7 =====


Reforming stiffness matrix: reformation #1

 1
 Nonlinear solution status: time= 28.7
	stiffness updates             = 0
	right hand side evaluations   = 2
	stiffness matrix reformations = 1
	step from line search         = 1.000000
	convergence norms :     INITIAL         CURRENT         REQUIRED
	   residual            2.798855e+01    3.478285e-08    0.000000e+00 
	   energy              1.516012e-01    8.476220e-07    1.516012e-03 
	   displacement        7.397988e-03    7.397988e-03    7.397988e-09 
 2
 Nonlinear solution status: time= 28.7
	stiffness updates             = 1
	right hand side evaluations   = 3
	stiffness matrix reformations = 1
	step from line search         = 1.000000
	convergence norms :     INITIAL         CURRENT         REQUIRED
	   residual            2.798855e+01    5.859859e-13    0.000000e+00 
	   energy              1.516012e-01    9.072370e-13    1.516012e-03 
	   displacement        7.397988e-03    2.951285e-11    7.397965e-09 

convergence summary
    number of iterations   : 2
    number of reformations : 1

------- converged at time : 28.7


Data Record #1
===========================================================================
Step = 287
Time = 28.7
Data = uz
File = feb_inputs/active_ascl/../../raw_logs/active_ascl/ascl_2.0_disp.txt

Data Record #2
===========================================================================
Step = 287
Time = 28.7
Data = sz
File = feb_inputs/active_ascl/../../raw_logs/active_ascl/ascl_2.0_stress.txt

Data Record #3
===========================================================================
Step = 287
Time = 28.7
Data = J
File = feb_inputs/active_ascl/../../raw_logs/active_ascl/ascl_2.0_vol.txt

===== beginning time step 288 : 28.8 =====


Reforming stiffness matrix: reformation #1

 1
 Nonlinear solution status: time= 28.8
	stiffness updates             = 0
	right hand side evaluations   = 2
	stiffness matrix reformations = 1
	step from line search         = 1.000000
	convergence norms :     INITIAL         CURRENT         REQUIRED
	   residual            2.954165e+01    4.484702e-08    0.000000e+00 
	   energy              1.612926e-01    9.261196e-07    1.612926e-03 
	   displacement        7.860751e-03    7.860751e-03    7.860751e-09 
 2
 Nonlinear solution status: time= 28.8
	stiffness updates             = 1
	right hand side evaluations   = 3
	stiffness matrix reformations = 1
	step from line search         = 1.000000
	convergence norms :     INITIAL         CURRENT         REQUIRED
	   residual            2.954165e+01    7.366134e-13    0.000000e+00 
	   energy              1.612926e-01    1.092719e-12    1.612926e-03 
	   displacement        7.860751e-03    3.438937e-11    7.860724e-09 

convergence summary
    number of iterations   : 2
    number of reformations : 1

------- converged at time : 28.8


Data Record #1
===========================================================================
Step = 288
Time = 28.8
Data = uz
File = feb_inputs/active_ascl/../../raw_logs/active_ascl/ascl_2.0_disp.txt

Data Record #2
===========================================================================
Step = 288
Time = 28.8
Data = sz
File = feb_inputs/active_ascl/../../raw_logs/active_ascl/ascl_2.0_stress.txt

Data Record #3
===========================================================================
Step = 288
Time = 28.8
Data = J
File = feb_inputs/active_ascl/../../raw_logs/active_ascl/ascl_2.0_vol.txt

===== beginning time step 289 : 28.9 =====


Reforming stiffness matrix: reformation #1

 1
 Nonlinear solution status: time= 28.9
	stiffness updates             = 0
	right hand side evaluations   = 2
	stiffness matrix reformations = 1
	step from line search         = 1.000000
	convergence norms :     INITIAL         CURRENT         REQUIRED
	   residual            3.092506e+01    4.624577e-08    0.000000e+00 
	   energy              1.710788e-01    1.067448e-06    1.710788e-03 
	   displacement        8.353861e-03    8.353861e-03    8.353861e-09 
 2
 Nonlinear solution status: time= 28.9
	stiffness updates             = 1
	right hand side evaluations   = 3
	stiffness matrix reformations = 1
	step from line search         = 1.000000
	convergence norms :     INITIAL         CURRENT         REQUIRED
	   residual            3.092506e+01    7.741708e-13    0.000000e+00 
	   energy              1.710788e-01    1.201478e-12    1.710788e-03 
	   displacement        8.353861e-03    4.209714e-11    8.353801e-09 

convergence summary
    number of iterations   : 2
    number of reformations : 1

------- converged at time : 28.9


Data Record #1
===========================================================================
Step = 289
Time = 28.9
Data = uz
File = feb_inputs/active_ascl/../../raw_logs/active_ascl/ascl_2.0_disp.txt

Data Record #2
===========================================================================
Step = 289
Time = 28.9
Data = sz
File = feb_inputs/active_ascl/../../raw_logs/active_ascl/ascl_2.0_stress.txt

Data Record #3
===========================================================================
Step = 289
Time = 28.9
Data = J
File = feb_inputs/active_ascl/../../raw_logs/active_ascl/ascl_2.0_vol.txt

===== beginning time step 290 : 29 =====


Reforming stiffness matrix: reformation #1

 1
 Nonlinear solution status: time= 29
	stiffness updates             = 0
	right hand side evaluations   = 2
	stiffness matrix reformations = 1
	step from line search         = 1.000000
	convergence norms :     INITIAL         CURRENT         REQUIRED
	   residual            3.213525e+01    4.369014e-08    0.000000e+00 
	   energy              1.809066e-01    1.226789e-06    1.809066e-03 
	   displacement        8.873576e-03    8.873576e-03    8.873576e-09 
 2
 Nonlinear solution status: time= 29
	stiffness updates             = 1
	right hand side evaluations   = 3
	stiffness matrix reformations = 1
	step from line search         = 1.000000
	convergence norms :     INITIAL         CURRENT         REQUIRED
	   residual            3.213525e+01    7.108076e-13    0.000000e+00 
	   energy              1.809066e-01    1.227892e-12    1.809066e-03 
	   displacement        8.873576e-03    5.041289e-11    8.873482e-09 

convergence summary
    number of iterations   : 2
    number of reformations : 1

------- converged at time : 29


Data Record #1
===========================================================================
Step = 290
Time = 29
Data = uz
File = feb_inputs/active_ascl/../../raw_logs/active_ascl/ascl_2.0_disp.txt

Data Record #2
===========================================================================
Step = 290
Time = 29
Data = sz
File = feb_inputs/active_ascl/../../raw_logs/active_ascl/ascl_2.0_stress.txt

Data Record #3
===========================================================================
Step = 290
Time = 29
Data = J
File = feb_inputs/active_ascl/../../raw_logs/active_ascl/ascl_2.0_vol.txt

===== beginning time step 291 : 29.1 =====


Reforming stiffness matrix: reformation #1

 1
 Nonlinear solution status: time= 29.1
	stiffness updates             = 0
	right hand side evaluations   = 2
	stiffness matrix reformations = 1
	step from line search         = 1.000000
	convergence norms :     INITIAL         CURRENT         REQUIRED
	   residual            3.327270e+01    4.075602e-08    0.000000e+00 
	   energy              1.906963e-01    1.323693e-06    1.906963e-03 
	   displacement        9.409575e-03    9.409575e-03    9.409575e-09 
 2
 Nonlinear solution status: time= 29.1
	stiffness updates             = 1
	right hand side evaluations   = 3
	stiffness matrix reformations = 1
	step from line search         = 1.000000
	convergence norms :     INITIAL         CURRENT         REQUIRED
	   residual            3.327270e+01    6.648080e-13    0.000000e+00 
	   energy              1.906963e-01    1.181955e-12    1.906963e-03 
	   displacement        9.409575e-03    5.281062e-11    9.409458e-09 

convergence summary
    number of iterations   : 2
    number of reformations : 1

------- converged at time : 29.1


Data Record #1
===========================================================================
Step = 291
Time = 29.1
Data = uz
File = feb_inputs/active_ascl/../../raw_logs/active_ascl/ascl_2.0_disp.txt

Data Record #2
===========================================================================
Step = 291
Time = 29.1
Data = sz
File = feb_inputs/active_ascl/../../raw_logs/active_ascl/ascl_2.0_stress.txt

Data Record #3
===========================================================================
Step = 291
Time = 29.1
Data = J
File = feb_inputs/active_ascl/../../raw_logs/active_ascl/ascl_2.0_vol.txt

===== beginning time step 292 : 29.2 =====


Reforming stiffness matrix: reformation #1

 1
 Nonlinear solution status: time= 29.2
	stiffness updates             = 0
	right hand side evaluations   = 2
	stiffness matrix reformations = 1
	step from line search         = 1.000000
	convergence norms :     INITIAL         CURRENT         REQUIRED
	   residual            3.452392e+01    3.588127e-08    0.000000e+00 
	   energy              2.003898e-01    1.332374e-06    2.003898e-03 
	   displacement        9.929923e-03    9.929923e-03    9.929923e-09 
 2
 Nonlinear solution status: time= 29.2
	stiffness updates             = 1
	right hand side evaluations   = 3
	stiffness matrix reformations = 1
	step from line search         = 1.000000
	convergence norms :     INITIAL         CURRENT         REQUIRED
	   residual            3.452392e+01    6.454704e-13    0.000000e+00 
	   energy              2.003898e-01    1.098257e-12    2.003898e-03 
	   displacement        9.929923e-03    4.967964e-11    9.929796e-09 

convergence summary
    number of iterations   : 2
    number of reformations : 1

------- converged at time : 29.2


Data Record #1
===========================================================================
Step = 292
Time = 29.2
Data = uz
File = feb_inputs/active_ascl/../../raw_logs/active_ascl/ascl_2.0_disp.txt

Data Record #2
===========================================================================
Step = 292
Time = 29.2
Data = sz
File = feb_inputs/active_ascl/../../raw_logs/active_ascl/ascl_2.0_stress.txt

Data Record #3
===========================================================================
Step = 292
Time = 29.2
Data = J
File = feb_inputs/active_ascl/../../raw_logs/active_ascl/ascl_2.0_vol.txt

===== beginning time step 293 : 29.3 =====


Reforming stiffness matrix: reformation #1

 1
 Nonlinear solution status: time= 29.3
	stiffness updates             = 0
	right hand side evaluations   = 2
	stiffness matrix reformations = 1
	step from line search         = 1.000000
	convergence norms :     INITIAL         CURRENT         REQUIRED
	   residual            3.597869e+01    3.219328e-08    0.000000e+00 
	   energy              2.098951e-01    1.337322e-06    2.098951e-03 
	   displacement        1.040263e-02    1.040263e-02    1.040263e-08 
 2
 Nonlinear solution status: time= 29.3
	stiffness updates             = 1
	right hand side evaluations   = 3
	stiffness matrix reformations = 1
	step from line search         = 1.000000
	convergence norms :     INITIAL         CURRENT         REQUIRED
	   residual            3.597869e+01    5.940479e-13    0.000000e+00 
	   energy              2.098951e-01    1.009513e-12    2.098951e-03 
	   displacement        1.040263e-02    4.659544e-11    1.040249e-08 

convergence summary
    number of iterations   : 2
    number of reformations : 1

------- converged at time : 29.3


Data Record #1
===========================================================================
Step = 293
Time = 29.3
Data = uz
File = feb_inputs/active_ascl/../../raw_logs/active_ascl/ascl_2.0_disp.txt

Data Record #2
===========================================================================
Step = 293
Time = 29.3
Data = sz
File = feb_inputs/active_ascl/../../raw_logs/active_ascl/ascl_2.0_stress.txt

Data Record #3
===========================================================================
Step = 293
Time = 29.3
Data = J
File = feb_inputs/active_ascl/../../raw_logs/active_ascl/ascl_2.0_vol.txt

===== beginning time step 294 : 29.4 =====


Reforming stiffness matrix: reformation #1

 1
 Nonlinear solution status: time= 29.4
	stiffness updates             = 0
	right hand side evaluations   = 2
	stiffness matrix reformations = 1
	step from line search         = 1.000000
	convergence norms :     INITIAL         CURRENT         REQUIRED
	   residual            3.749181e+01    2.438803e-08    0.000000e+00 
	   energy              2.190330e-01    1.434186e-06    2.190330e-03 
	   displacement        1.082259e-02    1.082259e-02    1.082259e-08 
 2
 Nonlinear solution status: time= 29.4
	stiffness updates             = 1
	right hand side evaluations   = 3
	stiffness matrix reformations = 1
	step from line search         = 1.000000
	convergence norms :     INITIAL         CURRENT         REQUIRED
	   residual            3.749181e+01    4.552900e-13    0.000000e+00 
	   energy              2.190330e-01    8.883312e-13    2.190330e-03 
	   displacement        1.082259e-02    4.641224e-11    1.082241e-08 

convergence summary
    number of iterations   : 2
    number of reformations : 1

------- converged at time : 29.4


Data Record #1
===========================================================================
Step = 294
Time = 29.4
Data = uz
File = feb_inputs/active_ascl/../../raw_logs/active_ascl/ascl_2.0_disp.txt

Data Record #2
===========================================================================
Step = 294
Time = 29.4
Data = sz
File = feb_inputs/active_ascl/../../raw_logs/active_ascl/ascl_2.0_stress.txt

Data Record #3
===========================================================================
Step = 294
Time = 29.4
Data = J
File = feb_inputs/active_ascl/../../raw_logs/active_ascl/ascl_2.0_vol.txt

===== beginning time step 295 : 29.5 =====


Reforming stiffness matrix: reformation #1

 1
 Nonlinear solution status: time= 29.5
	stiffness updates             = 0
	right hand side evaluations   = 2
	stiffness matrix reformations = 1
	step from line search         = 1.000000
	convergence norms :     INITIAL         CURRENT         REQUIRED
	   residual            3.882053e+01    1.772185e-08    0.000000e+00 
	   energy              2.274894e-01    1.674322e-06    2.274894e-03 
	   displacement        1.120794e-02    1.120794e-02    1.120794e-08 
 2
 Nonlinear solution status: time= 29.5
	stiffness updates             = 1
	right hand side evaluations   = 3
	stiffness matrix reformations = 1
	step from line search         = 1.000000
	convergence norms :     INITIAL         CURRENT         REQUIRED
	   residual            3.882053e+01    3.040776e-13    0.000000e+00 
	   energy              2.274894e-01    7.779420e-13    2.274894e-03 
	   displacement        1.120794e-02    5.016217e-11    1.120769e-08 

convergence summary
    number of iterations   : 2
    number of reformations : 1

------- converged at time : 29.5


Data Record #1
===========================================================================
Step = 295
Time = 29.5
Data = uz
File = feb_inputs/active_ascl/../../raw_logs/active_ascl/ascl_2.0_disp.txt

Data Record #2
===========================================================================
Step = 295
Time = 29.5
Data = sz
File = feb_inputs/active_ascl/../../raw_logs/active_ascl/ascl_2.0_stress.txt

Data Record #3
===========================================================================
Step = 295
Time = 29.5
Data = J
File = feb_inputs/active_ascl/../../raw_logs/active_ascl/ascl_2.0_vol.txt

===== beginning time step 296 : 29.6 =====


Reforming stiffness matrix: reformation #1

 1
 Nonlinear solution status: time= 29.6
	stiffness updates             = 0
	right hand side evaluations   = 2
	stiffness matrix reformations = 1
	step from line search         = 1.000000
	convergence norms :     INITIAL         CURRENT         REQUIRED
	   residual            3.983096e+01    1.276579e-08    0.000000e+00 
	   energy              2.348400e-01    2.011617e-06    2.348400e-03 
	   displacement        1.157188e-02    1.157188e-02    1.157188e-08 
 2
 Nonlinear solution status: time= 29.6
	stiffness updates             = 1
	right hand side evaluations   = 3
	stiffness matrix reformations = 1
	step from line search         = 1.000000
	convergence norms :     INITIAL         CURRENT         REQUIRED
	   residual            3.983096e+01    2.319119e-13    0.000000e+00 
	   energy              2.348400e-01    7.015390e-13    2.348400e-03 
	   displacement        1.157188e-02    5.611616e-11    1.157154e-08 

convergence summary
    number of iterations   : 2
    number of reformations : 1

------- converged at time : 29.6


Data Record #1
===========================================================================
Step = 296
Time = 29.6
Data = uz
File = feb_inputs/active_ascl/../../raw_logs/active_ascl/ascl_2.0_disp.txt

Data Record #2
===========================================================================
Step = 296
Time = 29.6
Data = sz
File = feb_inputs/active_ascl/../../raw_logs/active_ascl/ascl_2.0_stress.txt

Data Record #3
===========================================================================
Step = 296
Time = 29.6
Data = J
File = feb_inputs/active_ascl/../../raw_logs/active_ascl/ascl_2.0_vol.txt

===== beginning time step 297 : 29.7 =====


Reforming stiffness matrix: reformation #1

 1
 Nonlinear solution status: time= 29.7
	stiffness updates             = 0
	right hand side evaluations   = 2
	stiffness matrix reformations = 1
	step from line search         = 1.000000
	convergence norms :     INITIAL         CURRENT         REQUIRED
	   residual            4.051603e+01    1.271189e-08    0.000000e+00 
	   energy              2.406432e-01    2.309642e-06    2.406432e-03 
	   displacement        1.189644e-02    1.189644e-02    1.189644e-08 
 2
 Nonlinear solution status: time= 29.7
	stiffness updates             = 1
	right hand side evaluations   = 3
	stiffness matrix reformations = 1
	step from line search         = 1.000000
	convergence norms :     INITIAL         CURRENT         REQUIRED
	   residual            4.051603e+01    1.781713e-13    0.000000e+00 
	   energy              2.406432e-01    6.345078e-13    2.406432e-03 
	   displacement        1.189644e-02    6.199136e-11    1.189602e-08 

convergence summary
    number of iterations   : 2
    number of reformations : 1

------- converged at time : 29.7


Data Record #1
===========================================================================
Step = 297
Time = 29.7
Data = uz
File = feb_inputs/active_ascl/../../raw_logs/active_ascl/ascl_2.0_disp.txt

Data Record #2
===========================================================================
Step = 297
Time = 29.7
Data = sz
File = feb_inputs/active_ascl/../../raw_logs/active_ascl/ascl_2.0_stress.txt

Data Record #3
===========================================================================
Step = 297
Time = 29.7
Data = J
File = feb_inputs/active_ascl/../../raw_logs/active_ascl/ascl_2.0_vol.txt

===== beginning time step 298 : 29.8 =====


Reforming stiffness matrix: reformation #1

 1
 Nonlinear solution status: time= 29.8
	stiffness updates             = 0
	right hand side evaluations   = 2
	stiffness matrix reformations = 1
	step from line search         = 1.000000
	convergence norms :     INITIAL         CURRENT         REQUIRED
	   residual            4.090377e+01    1.201565e-08    0.000000e+00 
	   energy              2.445105e-01    2.475528e-06    2.445105e-03 
	   displacement        1.213373e-02    1.213373e-02    1.213373e-08 
 2
 Nonlinear solution status: time= 29.8
	stiffness updates             = 1
	right hand side evaluations   = 3
	stiffness matrix reformations = 1
	step from line search         = 1.000000
	convergence norms :     INITIAL         CURRENT         REQUIRED
	   residual            4.090377e+01    1.555401e-13    0.000000e+00 
	   energy              2.445105e-01    6.446037e-13    2.445105e-03 
	   displacement        1.213373e-02    6.641377e-11    1.213323e-08 

convergence summary
    number of iterations   : 2
    number of reformations : 1

------- converged at time : 29.8


Data Record #1
===========================================================================
Step = 298
Time = 29.8
Data = uz
File = feb_inputs/active_ascl/../../raw_logs/active_ascl/ascl_2.0_disp.txt

Data Record #2
===========================================================================
Step = 298
Time = 29.8
Data = sz
File = feb_inputs/active_ascl/../../raw_logs/active_ascl/ascl_2.0_stress.txt

Data Record #3
===========================================================================
Step = 298
Time = 29.8
Data = J
File = feb_inputs/active_ascl/../../raw_logs/active_ascl/ascl_2.0_vol.txt

===== beginning time step 299 : 29.9 =====


Reforming stiffness matrix: reformation #1

 1
 Nonlinear solution status: time= 29.9
	stiffness updates             = 0
	right hand side evaluations   = 2
	stiffness matrix reformations = 1
	step from line search         = 1.000000
	convergence norms :     INITIAL         CURRENT         REQUIRED
	   residual            4.105017e+01    1.090345e-08    0.000000e+00 
	   energy              2.461561e-01    2.525249e-06    2.461561e-03 
	   displacement        1.223836e-02    1.223836e-02    1.223836e-08 
 2
 Nonlinear solution status: time= 29.9
	stiffness updates             = 1
	right hand side evaluations   = 3
	stiffness matrix reformations = 1
	step from line search         = 1.000000
	convergence norms :     INITIAL         CURRENT         REQUIRED
	   residual            4.105017e+01    1.695349e-13    0.000000e+00 
	   energy              2.461561e-01    7.166771e-13    2.461561e-03 
	   displacement        1.223836e-02    6.928712e-11    1.223779e-08 

convergence summary
    number of iterations   : 2
    number of reformations : 1

------- converged at time : 29.9


Data Record #1
===========================================================================
Step = 299
Time = 29.9
Data = uz
File = feb_inputs/active_ascl/../../raw_logs/active_ascl/ascl_2.0_disp.txt

Data Record #2
===========================================================================
Step = 299
Time = 29.9
Data = sz
File = feb_inputs/active_ascl/../../raw_logs/active_ascl/ascl_2.0_stress.txt

Data Record #3
===========================================================================
Step = 299
Time = 29.9
Data = J
File = feb_inputs/active_ascl/../../raw_logs/active_ascl/ascl_2.0_vol.txt

===== beginning time step 300 : 30 =====


Reforming stiffness matrix: reformation #1

 1
 Nonlinear solution status: time= 30
	stiffness updates             = 0
	right hand side evaluations   = 2
	stiffness matrix reformations = 1
	step from line search         = 1.000000
	convergence norms :     INITIAL         CURRENT         REQUIRED
	   residual            4.100826e+01    1.059665e-08    0.000000e+00 
	   energy              2.453971e-01    2.534997e-06    2.453971e-03 
	   displacement        1.218718e-02    1.218718e-02    1.218718e-08 
 2
 Nonlinear solution status: time= 30
	stiffness updates             = 1
	right hand side evaluations   = 3
	stiffness matrix reformations = 1
	step from line search         = 1.000000
	convergence norms :     INITIAL         CURRENT         REQUIRED
	   residual            4.100826e+01    1.994587e-13    0.000000e+00 
	   energy              2.453971e-01    7.863718e-13    2.453971e-03 
	   displacement        1.218718e-02    7.123240e-11    1.218659e-08 

convergence summary
    number of iterations   : 2
    number of reformations : 1

------- converged at time : 30


Data Record #1
===========================================================================
Step = 300
Time = 30
Data = uz
File = feb_inputs/active_ascl/../../raw_logs/active_ascl/ascl_2.0_disp.txt

Data Record #2
===========================================================================
Step = 300
Time = 30
Data = sz
File = feb_inputs/active_ascl/../../raw_logs/active_ascl/ascl_2.0_stress.txt

Data Record #3
===========================================================================
Step = 300
Time = 30
Data = J
File = feb_inputs/active_ascl/../../raw_logs/active_ascl/ascl_2.0_vol.txt


 N O N L I N E A R   I T E R A T I O N   I N F O R M A T I O N

	Number of time steps completed .................... : 300

	Total number of equilibrium iterations ............ : 606

	Average number of equilibrium iterations .......... : 2.02

	Total number of right hand evaluations ............ : 906

	Total number of stiffness reformations ............ : 300


 L I N E A R   S O L V E R   S T A T S

	Total calls to linear solver ........ : 606

	Avg iterations per solve ............ : 1

	Time in linear solver: 0:00:18


 Elapsed time : 0:00:35

 T I M I N G   I N F O R M A T I O N

	Input time ...................... : 0:00:00 (0.0799769 sec)

	Initialization time ............. : 0:00:00 (0.0110547 sec)

	Solve time ...................... : 0:00:35 (34.6187 sec)

	   IO-time (plot, dmp, data) .... : 0:00:10 (9.52774 sec)

	   reforming stiffness .......... : 0:00:00 (0.0132035 sec)

	   evaluating stiffness ......... : 0:00:03 (3.43166 sec)

	   evaluating residual .......... : 0:00:02 (1.90799 sec)

	   model update ................. : 0:00:01 (1.06183 sec)

	   QN updates ................... : 0:00:00 (0.0210501 sec)

	   time in linear solver ........ : 0:00:18 (17.951 sec)

	Total elapsed time .............. : 0:00:35 (34.756 sec)


 N O R M A L   T E R M I N A T I O N

