===========================================================================
         ________    _________   _______       __     _________            
        |        |\ |        |\ |       \\    |  |\  /         \\          
        |    ____|| |    ____|| |    __  ||   |__|| |    ___    ||         
        |   |\___\| |   |\___\| |   |\_| ||    \_\| |   //  \   ||         
        |   ||__    |   ||__    |   ||_| ||   |  |\ |  ||    |  ||         
        |       |\  |       |\  |         \\  |  || |  ||    |  ||         
        |    ___||  |    ___||  |    ___   || |  || |  ||    |  ||         
        |   |\__\|  |   |\__\|  |   |\__|  || |  || |  ||    |  ||         
        |   ||      |   ||___   |   ||__|  || |  || |   \\__/   ||         
        |   ||      |        |\ |          || |  || |           ||         
        |___||      |________|| |_________//  |__||  \_________//          
                                                                           
      F I N I T E   E L E M E N T S   F O R   B I O M E C H A N I C S      
                                                                           
  version 4.12.0
  FEBio is a registered trademark.                                         
  copyright (c) 2006-2026 - All rights reserved                            
                                                                           
===========================================================================





 FILES USED
===========================================================================
	Input file : parameter_sweeps/biceps-tmax5.feb
	Plot file  : parameter_sweeps/biceps-tmax5.xplt
	Log file   : parameter_sweeps/biceps-tmax5.log


 MESH INFO
===========================================================================
	Number of materials ............................ : 1
	Number of domains .............................. : 1
	Number of nodes ................................ : 4671
	Number of solid elements ....................... : 15813


 MODULE
===========================================================================
	Module type ....................................... : solid


 CONTROL DATA
===========================================================================
	analysis .......................................... : DYNAMIC (1)
	time_steps ........................................ : 300
	step_size ......................................... : 0.1
	plot_zero_state ................................... : no (0)
	plot_range ........................................ : 0,-1
	plot_level ........................................ : PLOT_MAJOR_ITRS (1)
	output_level ...................................... : OUTPUT_MAJOR_ITRS (1)
	plot_stride ....................................... : 1
	output_stride ..................................... : 1
	adaptor_re_solve .................................. : yes (1)
	Auto time stepper activated ....................... : no
 SOLVER PARAMETERS
===========================================================================
	symmetric_stiffness ............................... : symmetric (1)
	equation_scheme ................................... : staggered (0)
	equation_order .................................... : default (0)
	optimize_bw ....................................... : no (0)
	lstol ............................................. : 0.9
	lsmin ............................................. : 0.01
	lsiter ............................................ : 5
	ls_check_jacobians ................................ : no (0)
	max_refs .......................................... : 15
	check_zero_diagonal ............................... : no (0)
	zero_diagonal_tol ................................. : 0
	force_partition ................................... : 0
	reform_each_time_step ............................. : yes (1)
	reform_augment .................................... : no (0)
	diverge_reform .................................... : yes (1)
	min_residual ...................................... : 1e-20
	max_residual ...................................... : 0
	dtol .............................................. : 0.001
	etol .............................................. : 0.01
	rtol .............................................. : 0
	rhoi .............................................. : -2
	alpha ............................................. : 1
	beta .............................................. : 0.25
	gamma ............................................. : 0.5
	logSolve .......................................... : no (0)
	arc_length ........................................ : 0
	arc_length_scale .................................. : 0






 MATERIAL DATA
===========================================================================
  1 - Material1 (type: trans iso Mooney-Rivlin)
	density ........................................... : 1
	k ................................................. : 100
	pressure_model .................................... : default (0)
	c1 ................................................ : 13.85
	c2 ................................................ : 0
	c3 ................................................ : 2.07
	c4 ................................................ : 61.44
	c5 ................................................ : 640.7
	lam_max ........................................... : 1.03
	fiber: (type: vector)
	  vector .......................................... : 0,0,1
	active_contraction: (type: active_contraction)
	  ascl ............................................ : 0
	  Tmax ............................................ : 5
	  ca0 ............................................. : 4.35
	  camax ........................................... : 4.35
	  beta ............................................ : 4.75
	  l0 .............................................. : 1.58
	  refl ............................................ : 2.04


 BOUNDARY CONDITION DATA
===========================================================================
  1 -  Type: zero displacement
	x_dof ............................................. : yes (1)
	y_dof ............................................. : yes (1)
	z_dof ............................................. : yes (1)


 LOAD CONTROLLER DATA
===========================================================================
load controller   1 - LC1 (type: math)
	var ............................................... : (can't display value)
	math .............................................. : t/20


 OUTPUT DATA
===========================================================================
 LINEAR SOLVER DATA
===========================================================================
	Default linear solver ............................. : pardiso


Data Record #1
===========================================================================
Step = 0
Time = 0
Data = ux;uy;uz
File = parameter_sweeps/tmax5_disp.txt

Data Record #2
===========================================================================
Step = 0
Time = 0
Data = sz;J
File = parameter_sweeps/tmax5_stress.txt

 *************************************************************************
 * Selecting linear solver pardiso                                       *
 *************************************************************************

===== beginning time step 1 : 0.1 =====


Reforming stiffness matrix: reformation #1

===== reforming stiffness matrix:
	Nr of equations ........................... : 13953
	Nr of nonzeroes in stiffness matrix ....... : 245850
 1
 Nonlinear solution status: time= 0.1
	stiffness updates             = 0
	right hand side evaluations   = 2
	stiffness matrix reformations = 1
	step from line search         = 1.000000
	convergence norms :     INITIAL         CURRENT         REQUIRED
	   residual            9.491792e-04    1.085133e-04    0.000000e+00 
	   energy              9.154264e-05    8.356147e-06    9.154264e-07 
	   displacement        1.117814e-05    1.117814e-05    1.117814e-11 
 2
 Nonlinear solution status: time= 0.1
	stiffness updates             = 1
	right hand side evaluations   = 3
	stiffness matrix reformations = 1
	step from line search         = 1.000000
	convergence norms :     INITIAL         CURRENT         REQUIRED
	   residual            9.491792e-04    7.859177e-06    0.000000e+00 
	   energy              9.154264e-05    3.561294e-07    9.154264e-07 
	   displacement        1.117814e-05    2.399848e-07    1.413810e-11 
 3
 Nonlinear solution status: time= 0.1
	stiffness updates             = 2
	right hand side evaluations   = 4
	stiffness matrix reformations = 1
	step from line search         = 1.000000
	convergence norms :     INITIAL         CURRENT         REQUIRED
	   residual            9.491792e-04    2.966465e-07    0.000000e+00 
	   energy              9.154264e-05    1.360859e-08    9.154264e-07 
	   displacement        1.117814e-05    8.230782e-09    1.440579e-11 
 4
 Nonlinear solution status: time= 0.1
	stiffness updates             = 3
	right hand side evaluations   = 5
	stiffness matrix reformations = 1
	step from line search         = 1.000000
	convergence norms :     INITIAL         CURRENT         REQUIRED
	   residual            9.491792e-04    1.697053e-08    0.000000e+00 
	   energy              9.154264e-05    6.286620e-10    9.154264e-07 
	   displacement        1.117814e-05    2.177227e-10    1.436605e-11 
 5
 Nonlinear solution status: time= 0.1
	stiffness updates             = 4
	right hand side evaluations   = 6
	stiffness matrix reformations = 1
	step from line search         = 1.000000
	convergence norms :     INITIAL         CURRENT         REQUIRED
	   residual            9.491792e-04    8.426240e-10    0.000000e+00 
	   energy              9.154264e-05    2.318428e-11    9.154264e-07 
	   displacement        1.117814e-05    1.030064e-11    1.435440e-11 

convergence summary
    number of iterations   : 5
    number of reformations : 1

------- converged at time : 0.1


Data Record #1
===========================================================================
Step = 1
Time = 0.1
Data = ux;uy;uz
File = parameter_sweeps/tmax5_disp.txt

Data Record #2
===========================================================================
Step = 1
Time = 0.1
Data = sz;J
File = parameter_sweeps/tmax5_stress.txt

===== beginning time step 2 : 0.2 =====


Reforming stiffness matrix: reformation #1

 1
 Nonlinear solution status: time= 0.2
	stiffness updates             = 0
	right hand side evaluations   = 2
	stiffness matrix reformations = 1
	step from line search         = 1.000000
	convergence norms :     INITIAL         CURRENT         REQUIRED
	   residual            2.260695e-02    2.720823e-05    0.000000e+00 
	   energy              1.303484e-03    7.327795e-07    1.303484e-05 
	   displacement        1.704062e-04    1.704062e-04    1.704062e-10 
 2
 Nonlinear solution status: time= 0.2
	stiffness updates             = 1
	right hand side evaluations   = 3
	stiffness matrix reformations = 1
	step from line search         = 1.000000
	convergence norms :     INITIAL         CURRENT         REQUIRED
	   residual            2.260695e-02    7.362135e-07    0.000000e+00 
	   energy              1.303484e-03    1.449008e-08    1.303484e-05 
	   displacement        1.704062e-04    9.901759e-10    1.704262e-10 
 3
 Nonlinear solution status: time= 0.2
	stiffness updates             = 2
	right hand side evaluations   = 4
	stiffness matrix reformations = 1
	step from line search         = 1.000000
	convergence norms :     INITIAL         CURRENT         REQUIRED
	   residual            2.260695e-02    2.736666e-09    0.000000e+00 
	   energy              1.303484e-03    4.876110e-11    1.303484e-05 
	   displacement        1.704062e-04    3.686375e-11    1.704026e-10 

convergence summary
    number of iterations   : 3
    number of reformations : 1

------- converged at time : 0.2


Data Record #1
===========================================================================
Step = 2
Time = 0.2
Data = ux;uy;uz
File = parameter_sweeps/tmax5_disp.txt

Data Record #2
===========================================================================
Step = 2
Time = 0.2
Data = sz;J
File = parameter_sweeps/tmax5_stress.txt

===== beginning time step 3 : 0.3 =====


Reforming stiffness matrix: reformation #1

 1
 Nonlinear solution status: time= 0.3
	stiffness updates             = 0
	right hand side evaluations   = 2
	stiffness matrix reformations = 1
	step from line search         = 1.000000
	convergence norms :     INITIAL         CURRENT         REQUIRED
	   residual            2.129401e-01    3.370041e-05    0.000000e+00 
	   energy              5.483481e-03    9.351391e-07    5.483481e-05 
	   displacement        5.637530e-04    5.637530e-04    5.637530e-10 
 2
 Nonlinear solution status: time= 0.3
	stiffness updates             = 1
	right hand side evaluations   = 3
	stiffness matrix reformations = 1
	step from line search         = 1.000000
	convergence norms :     INITIAL         CURRENT         REQUIRED
	   residual            2.129401e-01    6.570995e-07    0.000000e+00 
	   energy              5.483481e-03    1.126018e-08    5.483481e-05 
	   displacement        5.637530e-04    7.000872e-10    5.637070e-10 
 3
 Nonlinear solution status: time= 0.3
	stiffness updates             = 2
	right hand side evaluations   = 4
	stiffness matrix reformations = 1
	step from line search         = 1.000000
	convergence norms :     INITIAL         CURRENT         REQUIRED
	   residual            2.129401e-01    3.294835e-09    0.000000e+00 
	   energy              5.483481e-03    5.928702e-11    5.483481e-05 
	   displacement        5.637530e-04    1.982648e-11    5.636849e-10 

convergence summary
    number of iterations   : 3
    number of reformations : 1

------- converged at time : 0.3


Data Record #1
===========================================================================
Step = 3
Time = 0.3
Data = ux;uy;uz
File = parameter_sweeps/tmax5_disp.txt

Data Record #2
===========================================================================
Step = 3
Time = 0.3
Data = sz;J
File = parameter_sweeps/tmax5_stress.txt

===== beginning time step 4 : 0.4 =====


Reforming stiffness matrix: reformation #1

 1
 Nonlinear solution status: time= 0.4
	stiffness updates             = 0
	right hand side evaluations   = 2
	stiffness matrix reformations = 1
	step from line search         = 1.000000
	convergence norms :     INITIAL         CURRENT         REQUIRED
	   residual            9.051682e-01    1.334751e-04    0.000000e+00 
	   energy              1.432957e-02    2.269180e-06    1.432957e-04 
	   displacement        1.212623e-03    1.212623e-03    1.212623e-09 
 2
 Nonlinear solution status: time= 0.4
	stiffness updates             = 1
	right hand side evaluations   = 3
	stiffness matrix reformations = 1
	step from line search         = 1.000000
	convergence norms :     INITIAL         CURRENT         REQUIRED
	   residual            9.051682e-01    2.887727e-06    0.000000e+00 
	   energy              1.432957e-02    3.870800e-08    1.432957e-04 
	   displacement        1.212623e-03    1.502746e-09    1.212585e-09 
 3
 Nonlinear solution status: time= 0.4
	stiffness updates             = 2
	right hand side evaluations   = 4
	stiffness matrix reformations = 1
	step from line search         = 1.000000
	convergence norms :     INITIAL         CURRENT         REQUIRED
	   residual            9.051682e-01    6.825365e-09    0.000000e+00 
	   energy              1.432957e-02    1.088146e-10    1.432957e-04 
	   displacement        1.212623e-03    5.206450e-11    1.212534e-09 

convergence summary
    number of iterations   : 3
    number of reformations : 1

------- converged at time : 0.4


Data Record #1
===========================================================================
Step = 4
Time = 0.4
Data = ux;uy;uz
File = parameter_sweeps/tmax5_disp.txt

Data Record #2
===========================================================================
Step = 4
Time = 0.4
Data = sz;J
File = parameter_sweeps/tmax5_stress.txt

===== beginning time step 5 : 0.5 =====


Reforming stiffness matrix: reformation #1

 1
 Nonlinear solution status: time= 0.5
	stiffness updates             = 0
	right hand side evaluations   = 2
	stiffness matrix reformations = 1
	step from line search         = 1.000000
	convergence norms :     INITIAL         CURRENT         REQUIRED
	   residual            2.335782e+00    1.572626e-06    0.000000e+00 
	   energy              2.859264e-02    3.757870e-07    2.859264e-04 
	   displacement        2.137728e-03    2.137728e-03    2.137728e-09 
 2
 Nonlinear solution status: time= 0.5
	stiffness updates             = 1
	right hand side evaluations   = 3
	stiffness matrix reformations = 1
	step from line search         = 1.000000
	convergence norms :     INITIAL         CURRENT         REQUIRED
	   residual            2.335782e+00    5.895852e-08    0.000000e+00 
	   energy              2.859264e-02    2.017836e-09    2.859264e-04 
	   displacement        2.137728e-03    2.273233e-10    2.137670e-09 

convergence summary
    number of iterations   : 2
    number of reformations : 1

------- converged at time : 0.5


Data Record #1
===========================================================================
Step = 5
Time = 0.5
Data = ux;uy;uz
File = parameter_sweeps/tmax5_disp.txt

Data Record #2
===========================================================================
Step = 5
Time = 0.5
Data = sz;J
File = parameter_sweeps/tmax5_stress.txt

===== beginning time step 6 : 0.6 =====


Reforming stiffness matrix: reformation #1

 1
 Nonlinear solution status: time= 0.6
	stiffness updates             = 0
	right hand side evaluations   = 2
	stiffness matrix reformations = 1
	step from line search         = 1.000000
	convergence norms :     INITIAL         CURRENT         REQUIRED
	   residual            4.465170e+00    1.035050e-05    0.000000e+00 
	   energy              4.787236e-02    1.041913e-06    4.787236e-04 
	   displacement        3.297698e-03    3.297698e-03    3.297698e-09 
 2
 Nonlinear solution status: time= 0.6
	stiffness updates             = 1
	right hand side evaluations   = 3
	stiffness matrix reformations = 1
	step from line search         = 1.000000
	convergence norms :     INITIAL         CURRENT         REQUIRED
	   residual            4.465170e+00    1.479716e-07    0.000000e+00 
	   energy              4.787236e-02    4.188201e-09    4.787236e-04 
	   displacement        3.297698e-03    3.541743e-10    3.297628e-09 

convergence summary
    number of iterations   : 2
    number of reformations : 1

------- converged at time : 0.6


Data Record #1
===========================================================================
Step = 6
Time = 0.6
Data = ux;uy;uz
File = parameter_sweeps/tmax5_disp.txt

Data Record #2
===========================================================================
Step = 6
Time = 0.6
Data = sz;J
File = parameter_sweeps/tmax5_stress.txt

===== beginning time step 7 : 0.7 =====


Reforming stiffness matrix: reformation #1

 1
 Nonlinear solution status: time= 0.7
	stiffness updates             = 0
	right hand side evaluations   = 2
	stiffness matrix reformations = 1
	step from line search         = 1.000000
	convergence norms :     INITIAL         CURRENT         REQUIRED
	   residual            7.429013e+00    1.936787e-06    0.000000e+00 
	   energy              7.121718e-02    1.148881e-06    7.121718e-04 
	   displacement        4.640604e-03    4.640604e-03    4.640604e-09 
 2
 Nonlinear solution status: time= 0.7
	stiffness updates             = 1
	right hand side evaluations   = 3
	stiffness matrix reformations = 1
	step from line search         = 1.000000
	convergence norms :     INITIAL         CURRENT         REQUIRED
	   residual            7.429013e+00    1.644198e-08    0.000000e+00 
	   energy              7.121718e-02    5.339301e-10    7.121718e-04 
	   displacement        4.640604e-03    8.212718e-11    4.640438e-09 

convergence summary
    number of iterations   : 2
    number of reformations : 1

------- converged at time : 0.7


Data Record #1
===========================================================================
Step = 7
Time = 0.7
Data = ux;uy;uz
File = parameter_sweeps/tmax5_disp.txt

Data Record #2
===========================================================================
Step = 7
Time = 0.7
Data = sz;J
File = parameter_sweeps/tmax5_stress.txt

===== beginning time step 8 : 0.8 =====


Reforming stiffness matrix: reformation #1

 1
 Nonlinear solution status: time= 0.8
	stiffness updates             = 0
	right hand side evaluations   = 2
	stiffness matrix reformations = 1
	step from line search         = 1.000000
	convergence norms :     INITIAL         CURRENT         REQUIRED
	   residual            1.128432e+01    1.065184e-07    0.000000e+00 
	   energy              9.741303e-02    1.225211e-06    9.741303e-04 
	   displacement        6.010893e-03    6.010893e-03    6.010893e-09 
 2
 Nonlinear solution status: time= 0.8
	stiffness updates             = 1
	right hand side evaluations   = 3
	stiffness matrix reformations = 1
	step from line search         = 1.000000
	convergence norms :     INITIAL         CURRENT         REQUIRED
	   residual            1.128432e+01    3.140106e-12    0.000000e+00 
	   energy              9.741303e-02    1.128807e-12    9.741303e-04 
	   displacement        6.010893e-03    1.032759e-11    6.010657e-09 

convergence summary
    number of iterations   : 2
    number of reformations : 1

------- converged at time : 0.8


Data Record #1
===========================================================================
Step = 8
Time = 0.8
Data = ux;uy;uz
File = parameter_sweeps/tmax5_disp.txt

Data Record #2
===========================================================================
Step = 8
Time = 0.8
Data = sz;J
File = parameter_sweeps/tmax5_stress.txt

===== beginning time step 9 : 0.9 =====


Reforming stiffness matrix: reformation #1

 1
 Nonlinear solution status: time= 0.9
	stiffness updates             = 0
	right hand side evaluations   = 2
	stiffness matrix reformations = 1
	step from line search         = 1.000000
	convergence norms :     INITIAL         CURRENT         REQUIRED
	   residual            1.568279e+01    1.062191e-04    0.000000e+00 
	   energy              1.253722e-01    3.917987e-06    1.253722e-03 
	   displacement        7.399186e-03    7.399186e-03    7.399186e-09 
 2
 Nonlinear solution status: time= 0.9
	stiffness updates             = 1
	right hand side evaluations   = 3
	stiffness matrix reformations = 1
	step from line search         = 1.000000
	convergence norms :     INITIAL         CURRENT         REQUIRED
	   residual            1.568279e+01    4.682703e-06    0.000000e+00 
	   energy              1.253722e-01    3.673978e-08    1.253722e-03 
	   displacement        7.399186e-03    1.126627e-09    7.398901e-09 

convergence summary
    number of iterations   : 2
    number of reformations : 1

------- converged at time : 0.9


Data Record #1
===========================================================================
Step = 9
Time = 0.9
Data = ux;uy;uz
File = parameter_sweeps/tmax5_disp.txt

Data Record #2
===========================================================================
Step = 9
Time = 0.9
Data = sz;J
File = parameter_sweeps/tmax5_stress.txt

===== beginning time step 10 : 1 =====


Reforming stiffness matrix: reformation #1

 1
 Nonlinear solution status: time= 1
	stiffness updates             = 0
	right hand side evaluations   = 2
	stiffness matrix reformations = 1
	step from line search         = 1.000000
	convergence norms :     INITIAL         CURRENT         REQUIRED
	   residual            2.001136e+01    6.594214e-05    0.000000e+00 
	   energy              1.539028e-01    2.879807e-06    1.539028e-03 
	   displacement        8.866009e-03    8.866009e-03    8.866009e-09 
 2
 Nonlinear solution status: time= 1
	stiffness updates             = 1
	right hand side evaluations   = 3
	stiffness matrix reformations = 1
	step from line search         = 1.000000
	convergence norms :     INITIAL         CURRENT         REQUIRED
	   residual            2.001136e+01    1.958744e-06    0.000000e+00 
	   energy              1.539028e-01    1.786470e-08    1.539028e-03 
	   displacement        8.866009e-03    4.649538e-10    8.865651e-09 

convergence summary
    number of iterations   : 2
    number of reformations : 1

------- converged at time : 1


Data Record #1
===========================================================================
Step = 10
Time = 1
Data = ux;uy;uz
File = parameter_sweeps/tmax5_disp.txt

Data Record #2
===========================================================================
Step = 10
Time = 1
Data = sz;J
File = parameter_sweeps/tmax5_stress.txt

===== beginning time step 11 : 1.1 =====


Reforming stiffness matrix: reformation #1

 1
 Nonlinear solution status: time= 1.1
	stiffness updates             = 0
	right hand side evaluations   = 2
	stiffness matrix reformations = 1
	step from line search         = 1.000000
	convergence norms :     INITIAL         CURRENT         REQUIRED
	   residual            2.376722e+01    7.552348e-06    0.000000e+00 
	   energy              1.816288e-01    2.328719e-06    1.816288e-03 
	   displacement        1.038216e-02    1.038216e-02    1.038216e-08 
 2
 Nonlinear solution status: time= 1.1
	stiffness updates             = 1
	right hand side evaluations   = 3
	stiffness matrix reformations = 1
	step from line search         = 1.000000
	convergence norms :     INITIAL         CURRENT         REQUIRED
	   residual            2.376722e+01    2.746364e-08    0.000000e+00 
	   energy              1.816288e-01    8.720910e-10    1.816288e-03 
	   displacement        1.038216e-02    7.240304e-11    1.038171e-08 

convergence summary
    number of iterations   : 2
    number of reformations : 1

------- converged at time : 1.1


Data Record #1
===========================================================================
Step = 11
Time = 1.1
Data = ux;uy;uz
File = parameter_sweeps/tmax5_disp.txt

Data Record #2
===========================================================================
Step = 11
Time = 1.1
Data = sz;J
File = parameter_sweeps/tmax5_stress.txt

===== beginning time step 12 : 1.2 =====


Reforming stiffness matrix: reformation #1

 1
 Nonlinear solution status: time= 1.2
	stiffness updates             = 0
	right hand side evaluations   = 2
	stiffness matrix reformations = 1
	step from line search         = 1.000000
	convergence norms :     INITIAL         CURRENT         REQUIRED
	   residual            2.706947e+01    4.722922e-07    0.000000e+00 
	   energy              2.071106e-01    2.160855e-06    2.071106e-03 
	   displacement        1.180397e-02    1.180397e-02    1.180397e-08 
 2
 Nonlinear solution status: time= 1.2
	stiffness updates             = 1
	right hand side evaluations   = 3
	stiffness matrix reformations = 1
	step from line search         = 1.000000
	convergence norms :     INITIAL         CURRENT         REQUIRED
	   residual            2.706947e+01    1.496129e-08    0.000000e+00 
	   energy              2.071106e-01    1.629521e-10    2.071106e-03 
	   displacement        1.180397e-02    2.143022e-11    1.180350e-08 

convergence summary
    number of iterations   : 2
    number of reformations : 1

------- converged at time : 1.2


Data Record #1
===========================================================================
Step = 12
Time = 1.2
Data = ux;uy;uz
File = parameter_sweeps/tmax5_disp.txt

Data Record #2
===========================================================================
Step = 12
Time = 1.2
Data = sz;J
File = parameter_sweeps/tmax5_stress.txt

===== beginning time step 13 : 1.3 =====


Reforming stiffness matrix: reformation #1

 1
 Nonlinear solution status: time= 1.3
	stiffness updates             = 0
	right hand side evaluations   = 2
	stiffness matrix reformations = 1
	step from line search         = 1.000000
	convergence norms :     INITIAL         CURRENT         REQUIRED
	   residual            3.021454e+01    2.005140e-07    0.000000e+00 
	   energy              2.295079e-01    2.347662e-06    2.295079e-03 
	   displacement        1.297847e-02    1.297847e-02    1.297847e-08 
 2
 Nonlinear solution status: time= 1.3
	stiffness updates             = 1
	right hand side evaluations   = 3
	stiffness matrix reformations = 1
	step from line search         = 1.000000
	convergence norms :     INITIAL         CURRENT         REQUIRED
	   residual            3.021454e+01    1.353680e-10    0.000000e+00 
	   energy              2.295079e-01    7.939456e-12    2.295079e-03 
	   displacement        1.297847e-02    2.050700e-11    1.297795e-08 

convergence summary
    number of iterations   : 2
    number of reformations : 1

------- converged at time : 1.3


Data Record #1
===========================================================================
Step = 13
Time = 1.3
Data = ux;uy;uz
File = parameter_sweeps/tmax5_disp.txt

Data Record #2
===========================================================================
Step = 13
Time = 1.3
Data = sz;J
File = parameter_sweeps/tmax5_stress.txt

===== beginning time step 14 : 1.4 =====


Reforming stiffness matrix: reformation #1

 1
 Nonlinear solution status: time= 1.4
	stiffness updates             = 0
	right hand side evaluations   = 2
	stiffness matrix reformations = 1
	step from line search         = 1.000000
	convergence norms :     INITIAL         CURRENT         REQUIRED
	   residual            3.312096e+01    8.890407e-08    0.000000e+00 
	   energy              2.493288e-01    2.424802e-06    2.493288e-03 
	   displacement        1.397040e-02    1.397040e-02    1.397040e-08 
 2
 Nonlinear solution status: time= 1.4
	stiffness updates             = 1
	right hand side evaluations   = 3
	stiffness matrix reformations = 1
	step from line search         = 1.000000
	convergence norms :     INITIAL         CURRENT         REQUIRED
	   residual            3.312096e+01    3.487637e-11    0.000000e+00 
	   energy              2.493288e-01    3.694981e-13    2.493288e-03 
	   displacement        1.397040e-02    2.072853e-11    1.396986e-08 

convergence summary
    number of iterations   : 2
    number of reformations : 1

------- converged at time : 1.4


Data Record #1
===========================================================================
Step = 14
Time = 1.4
Data = ux;uy;uz
File = parameter_sweeps/tmax5_disp.txt

Data Record #2
===========================================================================
Step = 14
Time = 1.4
Data = sz;J
File = parameter_sweeps/tmax5_stress.txt

===== beginning time step 15 : 1.5 =====


Reforming stiffness matrix: reformation #1

 1
 Nonlinear solution status: time= 1.5
	stiffness updates             = 0
	right hand side evaluations   = 2
	stiffness matrix reformations = 1
	step from line search         = 1.000000
	convergence norms :     INITIAL         CURRENT         REQUIRED
	   residual            3.603704e+01    7.069705e-08    0.000000e+00 
	   energy              2.680547e-01    2.363371e-06    2.680547e-03 
	   displacement        1.489804e-02    1.489804e-02    1.489804e-08 
 2
 Nonlinear solution status: time= 1.5
	stiffness updates             = 1
	right hand side evaluations   = 3
	stiffness matrix reformations = 1
	step from line search         = 1.000000
	convergence norms :     INITIAL         CURRENT         REQUIRED
	   residual            3.603704e+01    5.080904e-13    0.000000e+00 
	   energy              2.680547e-01    6.164229e-13    2.680547e-03 
	   displacement        1.489804e-02    2.048027e-11    1.489748e-08 

convergence summary
    number of iterations   : 2
    number of reformations : 1

------- converged at time : 1.5


Data Record #1
===========================================================================
Step = 15
Time = 1.5
Data = ux;uy;uz
File = parameter_sweeps/tmax5_disp.txt

Data Record #2
===========================================================================
Step = 15
Time = 1.5
Data = sz;J
File = parameter_sweeps/tmax5_stress.txt

===== beginning time step 16 : 1.6 =====


Reforming stiffness matrix: reformation #1

 1
 Nonlinear solution status: time= 1.6
	stiffness updates             = 0
	right hand side evaluations   = 2
	stiffness matrix reformations = 1
	step from line search         = 1.000000
	convergence norms :     INITIAL         CURRENT         REQUIRED
	   residual            3.974404e+01    1.435308e-07    0.000000e+00 
	   energy              2.875352e-01    2.211399e-06    2.875352e-03 
	   displacement        1.574495e-02    1.574495e-02    1.574495e-08 
 2
 Nonlinear solution status: time= 1.6
	stiffness updates             = 1
	right hand side evaluations   = 3
	stiffness matrix reformations = 1
	step from line search         = 1.000000
	convergence norms :     INITIAL         CURRENT         REQUIRED
	   residual            3.974404e+01    6.048758e-10    0.000000e+00 
	   energy              2.875352e-01    3.731622e-11    2.875352e-03 
	   displacement        1.574495e-02    2.589148e-11    1.574437e-08 

convergence summary
    number of iterations   : 2
    number of reformations : 1

------- converged at time : 1.6


Data Record #1
===========================================================================
Step = 16
Time = 1.6
Data = ux;uy;uz
File = parameter_sweeps/tmax5_disp.txt

Data Record #2
===========================================================================
Step = 16
Time = 1.6
Data = sz;J
File = parameter_sweeps/tmax5_stress.txt

===== beginning time step 17 : 1.7 =====


Reforming stiffness matrix: reformation #1

 1
 Nonlinear solution status: time= 1.7
	stiffness updates             = 0
	right hand side evaluations   = 2
	stiffness matrix reformations = 1
	step from line search         = 1.000000
	convergence norms :     INITIAL         CURRENT         REQUIRED
	   residual            4.502968e+01    1.960404e-08    0.000000e+00 
	   energy              3.097884e-01    2.068759e-06    3.097884e-03 
	   displacement        1.652432e-02    1.652432e-02    1.652432e-08 
 2
 Nonlinear solution status: time= 1.7
	stiffness updates             = 1
	right hand side evaluations   = 3
	stiffness matrix reformations = 1
	step from line search         = 1.000000
	convergence norms :     INITIAL         CURRENT         REQUIRED
	   residual            4.502968e+01    5.095994e-14    0.000000e+00 
	   energy              3.097884e-01    1.525167e-13    3.097884e-03 
	   displacement        1.652432e-02    1.795222e-11    1.652374e-08 

convergence summary
    number of iterations   : 2
    number of reformations : 1

------- converged at time : 1.7


Data Record #1
===========================================================================
Step = 17
Time = 1.7
Data = ux;uy;uz
File = parameter_sweeps/tmax5_disp.txt

Data Record #2
===========================================================================
Step = 17
Time = 1.7
Data = sz;J
File = parameter_sweeps/tmax5_stress.txt

===== beginning time step 18 : 1.8 =====


Reforming stiffness matrix: reformation #1

 1
 Nonlinear solution status: time= 1.8
	stiffness updates             = 0
	right hand side evaluations   = 2
	stiffness matrix reformations = 1
	step from line search         = 1.000000
	convergence norms :     INITIAL         CURRENT         REQUIRED
	   residual            5.221435e+01    1.227424e-05    0.000000e+00 
	   energy              3.367238e-01    1.492912e-06    3.367238e-03 
	   displacement        1.735664e-02    1.735664e-02    1.735664e-08 
 2
 Nonlinear solution status: time= 1.8
	stiffness updates             = 1
	right hand side evaluations   = 3
	stiffness matrix reformations = 1
	step from line search         = 1.000000
	convergence norms :     INITIAL         CURRENT         REQUIRED
	   residual            5.221435e+01    7.171145e-08    0.000000e+00 
	   energy              3.367238e-01    1.959142e-09    3.367238e-03 
	   displacement        1.735664e-02    1.281831e-10    1.735609e-08 

convergence summary
    number of iterations   : 2
    number of reformations : 1

------- converged at time : 1.8


Data Record #1
===========================================================================
Step = 18
Time = 1.8
Data = ux;uy;uz
File = parameter_sweeps/tmax5_disp.txt

Data Record #2
===========================================================================
Step = 18
Time = 1.8
Data = sz;J
File = parameter_sweeps/tmax5_stress.txt

===== beginning time step 19 : 1.9 =====


Reforming stiffness matrix: reformation #1

 1
 Nonlinear solution status: time= 1.9
	stiffness updates             = 0
	right hand side evaluations   = 2
	stiffness matrix reformations = 1
	step from line search         = 1.000000
	convergence norms :     INITIAL         CURRENT         REQUIRED
	   residual            6.112305e+01    2.759161e-05    0.000000e+00 
	   energy              3.698579e-01    3.655600e-07    3.698579e-03 
	   displacement        1.845246e-02    1.845246e-02    1.845246e-08 
 2
 Nonlinear solution status: time= 1.9
	stiffness updates             = 1
	right hand side evaluations   = 3
	stiffness matrix reformations = 1
	step from line search         = 1.000000
	convergence norms :     INITIAL         CURRENT         REQUIRED
	   residual            6.112305e+01    1.105650e-07    0.000000e+00 
	   energy              3.698579e-01    4.350639e-09    3.698579e-03 
	   displacement        1.845246e-02    3.993580e-10    1.845196e-08 

convergence summary
    number of iterations   : 2
    number of reformations : 1

------- converged at time : 1.9


Data Record #1
===========================================================================
Step = 19
Time = 1.9
Data = ux;uy;uz
File = parameter_sweeps/tmax5_disp.txt

Data Record #2
===========================================================================
Step = 19
Time = 1.9
Data = sz;J
File = parameter_sweeps/tmax5_stress.txt

===== beginning time step 20 : 2 =====


Reforming stiffness matrix: reformation #1

 1
 Nonlinear solution status: time= 2
	stiffness updates             = 0
	right hand side evaluations   = 2
	stiffness matrix reformations = 1
	step from line search         = 1.000000
	convergence norms :     INITIAL         CURRENT         REQUIRED
	   residual            7.158772e+01    1.834791e-04    0.000000e+00 
	   energy              4.100299e-01    3.781278e-06    4.100299e-03 
	   displacement        1.993119e-02    1.993119e-02    1.993119e-08 
 2
 Nonlinear solution status: time= 2
	stiffness updates             = 1
	right hand side evaluations   = 3
	stiffness matrix reformations = 1
	step from line search         = 1.000000
	convergence norms :     INITIAL         CURRENT         REQUIRED
	   residual            7.158772e+01    2.502714e-06    0.000000e+00 
	   energy              4.100299e-01    3.331154e-08    4.100299e-03 
	   displacement        1.993119e-02    1.222672e-09    1.993081e-08 

convergence summary
    number of iterations   : 2
    number of reformations : 1

------- converged at time : 2


Data Record #1
===========================================================================
Step = 20
Time = 2
Data = ux;uy;uz
File = parameter_sweeps/tmax5_disp.txt

Data Record #2
===========================================================================
Step = 20
Time = 2
Data = sz;J
File = parameter_sweeps/tmax5_stress.txt

===== beginning time step 21 : 2.1 =====


Reforming stiffness matrix: reformation #1

 1
 Nonlinear solution status: time= 2.1
	stiffness updates             = 0
	right hand side evaluations   = 2
	stiffness matrix reformations = 1
	step from line search         = 1.000000
	convergence norms :     INITIAL         CURRENT         REQUIRED
	   residual            8.353336e+01    7.236134e-05    0.000000e+00 
	   energy              4.579557e-01    1.079364e-06    4.579557e-03 
	   displacement        2.177772e-02    2.177772e-02    2.177772e-08 
 2
 Nonlinear solution status: time= 2.1
	stiffness updates             = 1
	right hand side evaluations   = 3
	stiffness matrix reformations = 1
	step from line search         = 1.000000
	convergence norms :     INITIAL         CURRENT         REQUIRED
	   residual            8.353336e+01    1.287801e-06    0.000000e+00 
	   energy              4.579557e-01    1.353802e-08    4.579557e-03 
	   displacement        2.177772e-02    3.596249e-10    2.177732e-08 

convergence summary
    number of iterations   : 2
    number of reformations : 1

------- converged at time : 2.1


Data Record #1
===========================================================================
Step = 21
Time = 2.1
Data = ux;uy;uz
File = parameter_sweeps/tmax5_disp.txt

Data Record #2
===========================================================================
Step = 21
Time = 2.1
Data = sz;J
File = parameter_sweeps/tmax5_stress.txt

===== beginning time step 22 : 2.2 =====


Reforming stiffness matrix: reformation #1

 1
 Nonlinear solution status: time= 2.2
	stiffness updates             = 0
	right hand side evaluations   = 2
	stiffness matrix reformations = 1
	step from line search         = 1.000000
	convergence norms :     INITIAL         CURRENT         REQUIRED
	   residual            9.707633e+01    1.101778e-06    0.000000e+00 
	   energy              5.145373e-01    1.091806e-06    5.145373e-03 
	   displacement        2.404428e-02    2.404428e-02    2.404428e-08 
 2
 Nonlinear solution status: time= 2.2
	stiffness updates             = 1
	right hand side evaluations   = 3
	stiffness matrix reformations = 1
	step from line search         = 1.000000
	convergence norms :     INITIAL         CURRENT         REQUIRED
	   residual            9.707633e+01    3.301973e-09    0.000000e+00 
	   energy              5.145373e-01    1.862160e-10    5.145373e-03 
	   displacement        2.404428e-02    6.300299e-11    2.404391e-08 

convergence summary
    number of iterations   : 2
    number of reformations : 1

------- converged at time : 2.2


Data Record #1
===========================================================================
Step = 22
Time = 2.2
Data = ux;uy;uz
File = parameter_sweeps/tmax5_disp.txt

Data Record #2
===========================================================================
Step = 22
Time = 2.2
Data = sz;J
File = parameter_sweeps/tmax5_stress.txt

===== beginning time step 23 : 2.3 =====


Reforming stiffness matrix: reformation #1

 1
 Nonlinear solution status: time= 2.3
	stiffness updates             = 0
	right hand side evaluations   = 2
	stiffness matrix reformations = 1
	step from line search         = 1.000000
	convergence norms :     INITIAL         CURRENT         REQUIRED
	   residual            1.121963e+02    6.584777e-07    0.000000e+00 
	   energy              5.800570e-01    9.795820e-07    5.800570e-03 
	   displacement        2.678390e-02    2.678390e-02    2.678390e-08 
 2
 Nonlinear solution status: time= 2.3
	stiffness updates             = 1
	right hand side evaluations   = 3
	stiffness matrix reformations = 1
	step from line search         = 1.000000
	convergence norms :     INITIAL         CURRENT         REQUIRED
	   residual            1.121963e+02    4.250469e-09    0.000000e+00 
	   energy              5.800570e-01    1.596717e-10    5.800570e-03 
	   displacement        2.678390e-02    3.890775e-11    2.678357e-08 

convergence summary
    number of iterations   : 2
    number of reformations : 1

------- converged at time : 2.3


Data Record #1
===========================================================================
Step = 23
Time = 2.3
Data = ux;uy;uz
File = parameter_sweeps/tmax5_disp.txt

Data Record #2
===========================================================================
Step = 23
Time = 2.3
Data = sz;J
File = parameter_sweeps/tmax5_stress.txt

===== beginning time step 24 : 2.4 =====


Reforming stiffness matrix: reformation #1

 1
 Nonlinear solution status: time= 2.4
	stiffness updates             = 0
	right hand side evaluations   = 2
	stiffness matrix reformations = 1
	step from line search         = 1.000000
	convergence norms :     INITIAL         CURRENT         REQUIRED
	   residual            1.282512e+02    1.280867e-05    0.000000e+00 
	   energy              6.535565e-01    8.313642e-07    6.535565e-03 
	   displacement        3.000198e-02    3.000198e-02    3.000198e-08 
 2
 Nonlinear solution status: time= 2.4
	stiffness updates             = 1
	right hand side evaluations   = 3
	stiffness matrix reformations = 1
	step from line search         = 1.000000
	convergence norms :     INITIAL         CURRENT         REQUIRED
	   residual            1.282512e+02    8.316199e-08    0.000000e+00 
	   energy              6.535565e-01    4.613853e-09    6.535565e-03 
	   displacement        3.000198e-02    7.241495e-10    3.000168e-08 

convergence summary
    number of iterations   : 2
    number of reformations : 1

------- converged at time : 2.4


Data Record #1
===========================================================================
Step = 24
Time = 2.4
Data = ux;uy;uz
File = parameter_sweeps/tmax5_disp.txt

Data Record #2
===========================================================================
Step = 24
Time = 2.4
Data = sz;J
File = parameter_sweeps/tmax5_stress.txt

===== beginning time step 25 : 2.5 =====


Reforming stiffness matrix: reformation #1

 1
 Nonlinear solution status: time= 2.5
	stiffness updates             = 0
	right hand side evaluations   = 2
	stiffness matrix reformations = 1
	step from line search         = 1.000000
	convergence norms :     INITIAL         CURRENT         REQUIRED
	   residual            1.447073e+02    4.617820e-05    0.000000e+00 
	   energy              7.327114e-01    2.335723e-06    7.327114e-03 
	   displacement        3.364417e-02    3.364417e-02    3.364417e-08 
 2
 Nonlinear solution status: time= 2.5
	stiffness updates             = 1
	right hand side evaluations   = 3
	stiffness matrix reformations = 1
	step from line search         = 1.000000
	convergence norms :     INITIAL         CURRENT         REQUIRED
	   residual            1.447073e+02    4.369939e-07    0.000000e+00 
	   energy              7.327114e-01    1.496083e-08    7.327114e-03 
	   displacement        3.364417e-02    1.197101e-09    3.364384e-08 

convergence summary
    number of iterations   : 2
    number of reformations : 1

------- converged at time : 2.5


Data Record #1
===========================================================================
Step = 25
Time = 2.5
Data = ux;uy;uz
File = parameter_sweeps/tmax5_disp.txt

Data Record #2
===========================================================================
Step = 25
Time = 2.5
Data = sz;J
File = parameter_sweeps/tmax5_stress.txt

===== beginning time step 26 : 2.6 =====


Reforming stiffness matrix: reformation #1

 1
 Nonlinear solution status: time= 2.6
	stiffness updates             = 0
	right hand side evaluations   = 2
	stiffness matrix reformations = 1
	step from line search         = 1.000000
	convergence norms :     INITIAL         CURRENT         REQUIRED
	   residual            1.613533e+02    1.952175e-04    0.000000e+00 
	   energy              8.147530e-01    7.090229e-06    8.147530e-03 
	   displacement        3.744521e-02    3.744521e-02    3.744521e-08 
 2
 Nonlinear solution status: time= 2.6
	stiffness updates             = 1
	right hand side evaluations   = 3
	stiffness matrix reformations = 1
	step from line search         = 1.000000
	convergence norms :     INITIAL         CURRENT         REQUIRED
	   residual            1.613533e+02    2.287469e-06    0.000000e+00 
	   energy              8.147530e-01    5.567597e-08    8.147530e-03 
	   displacement        3.744521e-02    3.711150e-09    3.744479e-08 

convergence summary
    number of iterations   : 2
    number of reformations : 1

------- converged at time : 2.6


Data Record #1
===========================================================================
Step = 26
Time = 2.6
Data = ux;uy;uz
File = parameter_sweeps/tmax5_disp.txt

Data Record #2
===========================================================================
Step = 26
Time = 2.6
Data = sz;J
File = parameter_sweeps/tmax5_stress.txt

===== beginning time step 27 : 2.7 =====


Reforming stiffness matrix: reformation #1

 1
 Nonlinear solution status: time= 2.7
	stiffness updates             = 0
	right hand side evaluations   = 2
	stiffness matrix reformations = 1
	step from line search         = 1.000000
	convergence norms :     INITIAL         CURRENT         REQUIRED
	   residual            1.779105e+02    3.472829e-05    0.000000e+00 
	   energy              8.972920e-01    1.338214e-06    8.972920e-03 
	   displacement        4.111555e-02    4.111555e-02    4.111555e-08 
 2
 Nonlinear solution status: time= 2.7
	stiffness updates             = 1
	right hand side evaluations   = 3
	stiffness matrix reformations = 1
	step from line search         = 1.000000
	convergence norms :     INITIAL         CURRENT         REQUIRED
	   residual            1.779105e+02    1.302707e-07    0.000000e+00 
	   energy              8.972920e-01    6.103736e-09    8.972920e-03 
	   displacement        4.111555e-02    5.462088e-10    4.111507e-08 

convergence summary
    number of iterations   : 2
    number of reformations : 1

------- converged at time : 2.7


Data Record #1
===========================================================================
Step = 27
Time = 2.7
Data = ux;uy;uz
File = parameter_sweeps/tmax5_disp.txt

Data Record #2
===========================================================================
Step = 27
Time = 2.7
Data = sz;J
File = parameter_sweeps/tmax5_stress.txt

===== beginning time step 28 : 2.8 =====


Reforming stiffness matrix: reformation #1

 1
 Nonlinear solution status: time= 2.8
	stiffness updates             = 0
	right hand side evaluations   = 2
	stiffness matrix reformations = 1
	step from line search         = 1.000000
	convergence norms :     INITIAL         CURRENT         REQUIRED
	   residual            1.939196e+02    3.241332e-05    0.000000e+00 
	   energy              9.787340e-01    2.474230e-06    9.787340e-03 
	   displacement        4.468594e-02    4.468594e-02    4.468594e-08 
 2
 Nonlinear solution status: time= 2.8
	stiffness updates             = 1
	right hand side evaluations   = 3
	stiffness matrix reformations = 1
	step from line search         = 1.000000
	convergence norms :     INITIAL         CURRENT         REQUIRED
	   residual            1.939196e+02    7.292972e-08    0.000000e+00 
	   energy              9.787340e-01    6.714258e-09    9.787340e-03 
	   displacement        4.468594e-02    1.759014e-09    4.468549e-08 

convergence summary
    number of iterations   : 2
    number of reformations : 1

------- converged at time : 2.8


Data Record #1
===========================================================================
Step = 28
Time = 2.8
Data = ux;uy;uz
File = parameter_sweeps/tmax5_disp.txt

Data Record #2
===========================================================================
Step = 28
Time = 2.8
Data = sz;J
File = parameter_sweeps/tmax5_stress.txt

===== beginning time step 29 : 2.9 =====


Reforming stiffness matrix: reformation #1

 1
 Nonlinear solution status: time= 2.9
	stiffness updates             = 0
	right hand side evaluations   = 2
	stiffness matrix reformations = 1
	step from line search         = 1.000000
	convergence norms :     INITIAL         CURRENT         REQUIRED
	   residual            2.086309e+02    2.138647e-04    0.000000e+00 
	   energy              1.058576e+00    1.196405e-05    1.058576e-02 
	   displacement        4.834434e-02    4.834434e-02    4.834434e-08 
 2
 Nonlinear solution status: time= 2.9
	stiffness updates             = 1
	right hand side evaluations   = 3
	stiffness matrix reformations = 1
	step from line search         = 1.000000
	convergence norms :     INITIAL         CURRENT         REQUIRED
	   residual            2.086309e+02    8.304895e-07    0.000000e+00 
	   energy              1.058576e+00    3.332503e-08    1.058576e-02 
	   displacement        4.834434e-02    3.095832e-09    4.834399e-08 

convergence summary
    number of iterations   : 2
    number of reformations : 1

------- converged at time : 2.9


Data Record #1
===========================================================================
Step = 29
Time = 2.9
Data = ux;uy;uz
File = parameter_sweeps/tmax5_disp.txt

Data Record #2
===========================================================================
Step = 29
Time = 2.9
Data = sz;J
File = parameter_sweeps/tmax5_stress.txt

===== beginning time step 30 : 3 =====


Reforming stiffness matrix: reformation #1

 1
 Nonlinear solution status: time= 3
	stiffness updates             = 0
	right hand side evaluations   = 2
	stiffness matrix reformations = 1
	step from line search         = 1.000000
	convergence norms :     INITIAL         CURRENT         REQUIRED
	   residual            2.216631e+02    1.247192e-05    0.000000e+00 
	   energy              1.137432e+00    1.251980e-06    1.137432e-02 
	   displacement        5.216562e-02    5.216562e-02    5.216562e-08 
 2
 Nonlinear solution status: time= 3
	stiffness updates             = 1
	right hand side evaluations   = 3
	stiffness matrix reformations = 1
	step from line search         = 1.000000
	convergence norms :     INITIAL         CURRENT         REQUIRED
	   residual            2.216631e+02    2.088654e-08    0.000000e+00 
	   energy              1.137432e+00    2.148119e-09    1.137432e-02 
	   displacement        5.216562e-02    4.547238e-10    5.216491e-08 

convergence summary
    number of iterations   : 2
    number of reformations : 1

------- converged at time : 3


Data Record #1
===========================================================================
Step = 30
Time = 3
Data = ux;uy;uz
File = parameter_sweeps/tmax5_disp.txt

Data Record #2
===========================================================================
Step = 30
Time = 3
Data = sz;J
File = parameter_sweeps/tmax5_stress.txt

===== beginning time step 31 : 3.1 =====


Reforming stiffness matrix: reformation #1

 1
 Nonlinear solution status: time= 3.1
	stiffness updates             = 0
	right hand side evaluations   = 2
	stiffness matrix reformations = 1
	step from line search         = 1.000000
	convergence norms :     INITIAL         CURRENT         REQUIRED
	   residual            2.331453e+02    7.158954e-06    0.000000e+00 
	   energy              1.216158e+00    3.134227e-06    1.216158e-02 
	   displacement        5.615583e-02    5.615583e-02    5.615583e-08 
 2
 Nonlinear solution status: time= 3.1
	stiffness updates             = 1
	right hand side evaluations   = 3
	stiffness matrix reformations = 1
	step from line search         = 1.000000
	convergence norms :     INITIAL         CURRENT         REQUIRED
	   residual            2.331453e+02    1.029396e-08    0.000000e+00 
	   energy              1.216158e+00    9.576565e-10    1.216158e-02 
	   displacement        5.615583e-02    3.198311e-10    5.615504e-08 

convergence summary
    number of iterations   : 2
    number of reformations : 1

------- converged at time : 3.1


Data Record #1
===========================================================================
Step = 31
Time = 3.1
Data = ux;uy;uz
File = parameter_sweeps/tmax5_disp.txt

Data Record #2
===========================================================================
Step = 31
Time = 3.1
Data = sz;J
File = parameter_sweeps/tmax5_stress.txt

===== beginning time step 32 : 3.2 =====


Reforming stiffness matrix: reformation #1

 1
 Nonlinear solution status: time= 3.2
	stiffness updates             = 0
	right hand side evaluations   = 2
	stiffness matrix reformations = 1
	step from line search         = 1.000000
	convergence norms :     INITIAL         CURRENT         REQUIRED
	   residual            2.434289e+02    1.180674e-06    0.000000e+00 
	   energy              1.295129e+00    4.092422e-06    1.295129e-02 
	   displacement        6.036347e-02    6.036347e-02    6.036347e-08 
 2
 Nonlinear solution status: time= 3.2
	stiffness updates             = 1
	right hand side evaluations   = 3
	stiffness matrix reformations = 1
	step from line search         = 1.000000
	convergence norms :     INITIAL         CURRENT         REQUIRED
	   residual            2.434289e+02    3.307206e-10    0.000000e+00 
	   energy              1.295129e+00    9.922657e-11    1.295129e-02 
	   displacement        6.036347e-02    1.658173e-10    6.036247e-08 

convergence summary
    number of iterations   : 2
    number of reformations : 1

------- converged at time : 3.2


Data Record #1
===========================================================================
Step = 32
Time = 3.2
Data = ux;uy;uz
File = parameter_sweeps/tmax5_disp.txt

Data Record #2
===========================================================================
Step = 32
Time = 3.2
Data = sz;J
File = parameter_sweeps/tmax5_stress.txt

===== beginning time step 33 : 3.3 =====


Reforming stiffness matrix: reformation #1

 1
 Nonlinear solution status: time= 3.3
	stiffness updates             = 0
	right hand side evaluations   = 2
	stiffness matrix reformations = 1
	step from line search         = 1.000000
	convergence norms :     INITIAL         CURRENT         REQUIRED
	   residual            2.528861e+02    2.863990e-06    0.000000e+00 
	   energy              1.374178e+00    4.420299e-06    1.374178e-02 
	   displacement        6.477737e-02    6.477737e-02    6.477737e-08 
 2
 Nonlinear solution status: time= 3.3
	stiffness updates             = 1
	right hand side evaluations   = 3
	stiffness matrix reformations = 1
	step from line search         = 1.000000
	convergence norms :     INITIAL         CURRENT         REQUIRED
	   residual            2.528861e+02    4.321851e-10    0.000000e+00 
	   energy              1.374178e+00    1.463133e-10    1.374178e-02 
	   displacement        6.477737e-02    2.351848e-10    6.477612e-08 

convergence summary
    number of iterations   : 2
    number of reformations : 1

------- converged at time : 3.3


Data Record #1
===========================================================================
Step = 33
Time = 3.3
Data = ux;uy;uz
File = parameter_sweeps/tmax5_disp.txt

Data Record #2
===========================================================================
Step = 33
Time = 3.3
Data = sz;J
File = parameter_sweeps/tmax5_stress.txt

===== beginning time step 34 : 3.4 =====


Reforming stiffness matrix: reformation #1

 1
 Nonlinear solution status: time= 3.4
	stiffness updates             = 0
	right hand side evaluations   = 2
	stiffness matrix reformations = 1
	step from line search         = 1.000000
	convergence norms :     INITIAL         CURRENT         REQUIRED
	   residual            2.618241e+02    4.300867e-08    0.000000e+00 
	   energy              1.451962e+00    6.183054e-06    1.451962e-02 
	   displacement        6.914098e-02    6.914098e-02    6.914098e-08 
 2
 Nonlinear solution status: time= 3.4
	stiffness updates             = 1
	right hand side evaluations   = 3
	stiffness matrix reformations = 1
	step from line search         = 1.000000
	convergence norms :     INITIAL         CURRENT         REQUIRED
	   residual            2.618241e+02    1.635675e-13    0.000000e+00 
	   energy              1.451962e+00    6.723679e-13    1.451962e-02 
	   displacement        6.914098e-02    8.287479e-11    6.913954e-08 

convergence summary
    number of iterations   : 2
    number of reformations : 1

------- converged at time : 3.4


Data Record #1
===========================================================================
Step = 34
Time = 3.4
Data = ux;uy;uz
File = parameter_sweeps/tmax5_disp.txt

Data Record #2
===========================================================================
Step = 34
Time = 3.4
Data = sz;J
File = parameter_sweeps/tmax5_stress.txt

===== beginning time step 35 : 3.5 =====


Reforming stiffness matrix: reformation #1

 1
 Nonlinear solution status: time= 3.5
	stiffness updates             = 0
	right hand side evaluations   = 2
	stiffness matrix reformations = 1
	step from line search         = 1.000000
	convergence norms :     INITIAL         CURRENT         REQUIRED
	   residual            2.708731e+02    6.466557e-07    0.000000e+00 
	   energy              1.525801e+00    6.890371e-06    1.525801e-02 
	   displacement        7.309547e-02    7.309547e-02    7.309547e-08 
 2
 Nonlinear solution status: time= 3.5
	stiffness updates             = 1
	right hand side evaluations   = 3
	stiffness matrix reformations = 1
	step from line search         = 1.000000
	convergence norms :     INITIAL         CURRENT         REQUIRED
	   residual            2.708731e+02    5.810430e-10    0.000000e+00 
	   energy              1.525801e+00    6.746811e-11    1.525801e-02 
	   displacement        7.309547e-02    1.088688e-10    7.309390e-08 

convergence summary
    number of iterations   : 2
    number of reformations : 1

------- converged at time : 3.5


Data Record #1
===========================================================================
Step = 35
Time = 3.5
Data = ux;uy;uz
File = parameter_sweeps/tmax5_disp.txt

Data Record #2
===========================================================================
Step = 35
Time = 3.5
Data = sz;J
File = parameter_sweeps/tmax5_stress.txt

===== beginning time step 36 : 3.6 =====


Reforming stiffness matrix: reformation #1

 1
 Nonlinear solution status: time= 3.6
	stiffness updates             = 0
	right hand side evaluations   = 2
	stiffness matrix reformations = 1
	step from line search         = 1.000000
	convergence norms :     INITIAL         CURRENT         REQUIRED
	   residual            2.802967e+02    4.685102e-08    0.000000e+00 
	   energy              1.592369e+00    7.883342e-06    1.592369e-02 
	   displacement        7.634999e-02    7.634999e-02    7.634999e-08 
 2
 Nonlinear solution status: time= 3.6
	stiffness updates             = 1
	right hand side evaluations   = 3
	stiffness matrix reformations = 1
	step from line search         = 1.000000
	convergence norms :     INITIAL         CURRENT         REQUIRED
	   residual            2.802967e+02    1.769966e-13    0.000000e+00 
	   energy              1.592369e+00    7.888796e-13    1.592369e-02 
	   displacement        7.634999e-02    9.995290e-11    7.634826e-08 

convergence summary
    number of iterations   : 2
    number of reformations : 1

------- converged at time : 3.6


Data Record #1
===========================================================================
Step = 36
Time = 3.6
Data = ux;uy;uz
File = parameter_sweeps/tmax5_disp.txt

Data Record #2
===========================================================================
Step = 36
Time = 3.6
Data = sz;J
File = parameter_sweeps/tmax5_stress.txt

===== beginning time step 37 : 3.7 =====


Reforming stiffness matrix: reformation #1

 1
 Nonlinear solution status: time= 3.7
	stiffness updates             = 0
	right hand side evaluations   = 2
	stiffness matrix reformations = 1
	step from line search         = 1.000000
	convergence norms :     INITIAL         CURRENT         REQUIRED
	   residual            2.896198e+02    1.337139e-07    0.000000e+00 
	   energy              1.648802e+00    8.294147e-06    1.648802e-02 
	   displacement        7.877655e-02    7.877655e-02    7.877655e-08 
 2
 Nonlinear solution status: time= 3.7
	stiffness updates             = 1
	right hand side evaluations   = 3
	stiffness matrix reformations = 1
	step from line search         = 1.000000
	convergence norms :     INITIAL         CURRENT         REQUIRED
	   residual            2.896198e+02    1.092567e-11    0.000000e+00 
	   energy              1.648802e+00    5.077376e-12    1.648802e-02 
	   displacement        7.877655e-02    1.235997e-10    7.877472e-08 

convergence summary
    number of iterations   : 2
    number of reformations : 1

------- converged at time : 3.7


Data Record #1
===========================================================================
Step = 37
Time = 3.7
Data = ux;uy;uz
File = parameter_sweeps/tmax5_disp.txt

Data Record #2
===========================================================================
Step = 37
Time = 3.7
Data = sz;J
File = parameter_sweeps/tmax5_stress.txt

===== beginning time step 38 : 3.8 =====


Reforming stiffness matrix: reformation #1

 1
 Nonlinear solution status: time= 3.8
	stiffness updates             = 0
	right hand side evaluations   = 2
	stiffness matrix reformations = 1
	step from line search         = 1.000000
	convergence norms :     INITIAL         CURRENT         REQUIRED
	   residual            2.978576e+02    4.434358e-08    0.000000e+00 
	   energy              1.693083e+00    8.440295e-06    1.693083e-02 
	   displacement        8.050049e-02    8.050049e-02    8.050049e-08 
 2
 Nonlinear solution status: time= 3.8
	stiffness updates             = 1
	right hand side evaluations   = 3
	stiffness matrix reformations = 1
	step from line search         = 1.000000
	convergence norms :     INITIAL         CURRENT         REQUIRED
	   residual            2.978576e+02    1.737022e-13    0.000000e+00 
	   energy              1.693083e+00    9.590938e-13    1.693083e-02 
	   displacement        8.050049e-02    1.212465e-10    8.049865e-08 

convergence summary
    number of iterations   : 2
    number of reformations : 1

------- converged at time : 3.8


Data Record #1
===========================================================================
Step = 38
Time = 3.8
Data = ux;uy;uz
File = parameter_sweeps/tmax5_disp.txt

Data Record #2
===========================================================================
Step = 38
Time = 3.8
Data = sz;J
File = parameter_sweeps/tmax5_stress.txt

===== beginning time step 39 : 3.9 =====


Reforming stiffness matrix: reformation #1

 1
 Nonlinear solution status: time= 3.9
	stiffness updates             = 0
	right hand side evaluations   = 2
	stiffness matrix reformations = 1
	step from line search         = 1.000000
	convergence norms :     INITIAL         CURRENT         REQUIRED
	   residual            3.038928e+02    4.000695e-08    0.000000e+00 
	   energy              1.724064e+00    8.205547e-06    1.724064e-02 
	   displacement        8.177134e-02    8.177134e-02    8.177134e-08 
 2
 Nonlinear solution status: time= 3.9
	stiffness updates             = 1
	right hand side evaluations   = 3
	stiffness matrix reformations = 1
	step from line search         = 1.000000
	convergence norms :     INITIAL         CURRENT         REQUIRED
	   residual            3.038928e+02    1.919707e-13    0.000000e+00 
	   energy              1.724064e+00    9.974467e-13    1.724064e-02 
	   displacement        8.177134e-02    1.238542e-10    8.176953e-08 

convergence summary
    number of iterations   : 2
    number of reformations : 1

------- converged at time : 3.9


Data Record #1
===========================================================================
Step = 39
Time = 3.9
Data = ux;uy;uz
File = parameter_sweeps/tmax5_disp.txt

Data Record #2
===========================================================================
Step = 39
Time = 3.9
Data = sz;J
File = parameter_sweeps/tmax5_stress.txt

===== beginning time step 40 : 4 =====


Reforming stiffness matrix: reformation #1

 1
 Nonlinear solution status: time= 4
	stiffness updates             = 0
	right hand side evaluations   = 2
	stiffness matrix reformations = 1
	step from line search         = 1.000000
	convergence norms :     INITIAL         CURRENT         REQUIRED
	   residual            3.076288e+02    3.466321e-08    0.000000e+00 
	   energy              1.741430e+00    8.150013e-06    1.741430e-02 
	   displacement        8.264237e-02    8.264237e-02    8.264237e-08 
 2
 Nonlinear solution status: time= 4
	stiffness updates             = 1
	right hand side evaluations   = 3
	stiffness matrix reformations = 1
	step from line search         = 1.000000
	convergence norms :     INITIAL         CURRENT         REQUIRED
	   residual            3.076288e+02    1.842293e-13    0.000000e+00 
	   energy              1.741430e+00    1.027840e-12    1.741430e-02 
	   displacement        8.264237e-02    1.232117e-10    8.264054e-08 

convergence summary
    number of iterations   : 2
    number of reformations : 1

------- converged at time : 4


Data Record #1
===========================================================================
Step = 40
Time = 4
Data = ux;uy;uz
File = parameter_sweeps/tmax5_disp.txt

Data Record #2
===========================================================================
Step = 40
Time = 4
Data = sz;J
File = parameter_sweeps/tmax5_stress.txt

===== beginning time step 41 : 4.1 =====


Reforming stiffness matrix: reformation #1

 1
 Nonlinear solution status: time= 4.1
	stiffness updates             = 0
	right hand side evaluations   = 2
	stiffness matrix reformations = 1
	step from line search         = 1.000000
	convergence norms :     INITIAL         CURRENT         REQUIRED
	   residual            3.097649e+02    3.629176e-08    0.000000e+00 
	   energy              1.745662e+00    8.325194e-06    1.745662e-02 
	   displacement        8.289550e-02    8.289550e-02    8.289550e-08 
 2
 Nonlinear solution status: time= 4.1
	stiffness updates             = 1
	right hand side evaluations   = 3
	stiffness matrix reformations = 1
	step from line search         = 1.000000
	convergence norms :     INITIAL         CURRENT         REQUIRED
	   residual            3.097649e+02    1.915531e-13    0.000000e+00 
	   energy              1.745662e+00    1.098450e-12    1.745662e-02 
	   displacement        8.289550e-02    1.215981e-10    8.289362e-08 

convergence summary
    number of iterations   : 2
    number of reformations : 1

------- converged at time : 4.1


Data Record #1
===========================================================================
Step = 41
Time = 4.1
Data = ux;uy;uz
File = parameter_sweeps/tmax5_disp.txt

Data Record #2
===========================================================================
Step = 41
Time = 4.1
Data = sz;J
File = parameter_sweeps/tmax5_stress.txt

===== beginning time step 42 : 4.2 =====


Reforming stiffness matrix: reformation #1

 1
 Nonlinear solution status: time= 4.2
	stiffness updates             = 0
	right hand side evaluations   = 2
	stiffness matrix reformations = 1
	step from line search         = 1.000000
	convergence norms :     INITIAL         CURRENT         REQUIRED
	   residual            3.107925e+02    3.751967e-08    0.000000e+00 
	   energy              1.737764e+00    8.501497e-06    1.737764e-02 
	   displacement        8.240186e-02    8.240186e-02    8.240186e-08 
 2
 Nonlinear solution status: time= 4.2
	stiffness updates             = 1
	right hand side evaluations   = 3
	stiffness matrix reformations = 1
	step from line search         = 1.000000
	convergence norms :     INITIAL         CURRENT         REQUIRED
	   residual            3.107925e+02    1.945011e-13    0.000000e+00 
	   energy              1.737764e+00    1.112048e-12    1.737764e-02 
	   displacement        8.240186e-02    1.178601e-10    8.239991e-08 

convergence summary
    number of iterations   : 2
    number of reformations : 1

------- converged at time : 4.2


Data Record #1
===========================================================================
Step = 42
Time = 4.2
Data = ux;uy;uz
File = parameter_sweeps/tmax5_disp.txt

Data Record #2
===========================================================================
Step = 42
Time = 4.2
Data = sz;J
File = parameter_sweeps/tmax5_stress.txt

===== beginning time step 43 : 4.3 =====


Reforming stiffness matrix: reformation #1

 1
 Nonlinear solution status: time= 4.3
	stiffness updates             = 0
	right hand side evaluations   = 2
	stiffness matrix reformations = 1
	step from line search         = 1.000000
	convergence norms :     INITIAL         CURRENT         REQUIRED
	   residual            3.106030e+02    4.006392e-08    0.000000e+00 
	   energy              1.718851e+00    8.606419e-06    1.718851e-02 
	   displacement        8.130813e-02    8.130813e-02    8.130813e-08 
 2
 Nonlinear solution status: time= 4.3
	stiffness updates             = 1
	right hand side evaluations   = 3
	stiffness matrix reformations = 1
	step from line search         = 1.000000
	convergence norms :     INITIAL         CURRENT         REQUIRED
	   residual            3.106030e+02    2.019302e-13    0.000000e+00 
	   energy              1.718851e+00    1.115657e-12    1.718851e-02 
	   displacement        8.130813e-02    1.174025e-10    8.130611e-08 

convergence summary
    number of iterations   : 2
    number of reformations : 1

------- converged at time : 4.3


Data Record #1
===========================================================================
Step = 43
Time = 4.3
Data = ux;uy;uz
File = parameter_sweeps/tmax5_disp.txt

Data Record #2
===========================================================================
Step = 43
Time = 4.3
Data = sz;J
File = parameter_sweeps/tmax5_stress.txt

===== beginning time step 44 : 4.4 =====


Reforming stiffness matrix: reformation #1

 1
 Nonlinear solution status: time= 4.4
	stiffness updates             = 0
	right hand side evaluations   = 2
	stiffness matrix reformations = 1
	step from line search         = 1.000000
	convergence norms :     INITIAL         CURRENT         REQUIRED
	   residual            3.088461e+02    5.184417e-08    0.000000e+00 
	   energy              1.690092e+00    8.497563e-06    1.690092e-02 
	   displacement        7.973517e-02    7.973517e-02    7.973517e-08 
 2
 Nonlinear solution status: time= 4.4
	stiffness updates             = 1
	right hand side evaluations   = 3
	stiffness matrix reformations = 1
	step from line search         = 1.000000
	convergence norms :     INITIAL         CURRENT         REQUIRED
	   residual            3.088461e+02    2.775118e-13    0.000000e+00 
	   energy              1.690092e+00    1.153035e-12    1.690092e-02 
	   displacement        7.973517e-02    1.139604e-10    7.973317e-08 

convergence summary
    number of iterations   : 2
    number of reformations : 1

------- converged at time : 4.4


Data Record #1
===========================================================================
Step = 44
Time = 4.4
Data = ux;uy;uz
File = parameter_sweeps/tmax5_disp.txt

Data Record #2
===========================================================================
Step = 44
Time = 4.4
Data = sz;J
File = parameter_sweeps/tmax5_stress.txt

===== beginning time step 45 : 4.5 =====


Reforming stiffness matrix: reformation #1

 1
 Nonlinear solution status: time= 4.5
	stiffness updates             = 0
	right hand side evaluations   = 2
	stiffness matrix reformations = 1
	step from line search         = 1.000000
	convergence norms :     INITIAL         CURRENT         REQUIRED
	   residual            3.056531e+02    6.921335e-08    0.000000e+00 
	   energy              1.652578e+00    8.100575e-06    1.652578e-02 
	   displacement        7.764625e-02    7.764625e-02    7.764625e-08 
 2
 Nonlinear solution status: time= 4.5
	stiffness updates             = 1
	right hand side evaluations   = 3
	stiffness matrix reformations = 1
	step from line search         = 1.000000
	convergence norms :     INITIAL         CURRENT         REQUIRED
	   residual            3.056531e+02    4.090733e-13    0.000000e+00 
	   energy              1.652578e+00    1.255811e-12    1.652578e-02 
	   displacement        7.764625e-02    1.067098e-10    7.764445e-08 

convergence summary
    number of iterations   : 2
    number of reformations : 1

------- converged at time : 4.5


Data Record #1
===========================================================================
Step = 45
Time = 4.5
Data = ux;uy;uz
File = parameter_sweeps/tmax5_disp.txt

Data Record #2
===========================================================================
Step = 45
Time = 4.5
Data = sz;J
File = parameter_sweeps/tmax5_stress.txt

===== beginning time step 46 : 4.6 =====


Reforming stiffness matrix: reformation #1

 1
 Nonlinear solution status: time= 4.6
	stiffness updates             = 0
	right hand side evaluations   = 2
	stiffness matrix reformations = 1
	step from line search         = 1.000000
	convergence norms :     INITIAL         CURRENT         REQUIRED
	   residual            3.014703e+02    9.019730e-08    0.000000e+00 
	   energy              1.607192e+00    7.672746e-06    1.607192e-02 
	   displacement        7.502685e-02    7.502685e-02    7.502685e-08 
 2
 Nonlinear solution status: time= 4.6
	stiffness updates             = 1
	right hand side evaluations   = 3
	stiffness matrix reformations = 1
	step from line search         = 1.000000
	convergence norms :     INITIAL         CURRENT         REQUIRED
	   residual            3.014703e+02    5.786870e-13    0.000000e+00 
	   energy              1.607192e+00    1.395642e-12    1.607192e-02 
	   displacement        7.502685e-02    1.077095e-10    7.502520e-08 

convergence summary
    number of iterations   : 2
    number of reformations : 1

------- converged at time : 4.6


Data Record #1
===========================================================================
Step = 46
Time = 4.6
Data = ux;uy;uz
File = parameter_sweeps/tmax5_disp.txt

Data Record #2
===========================================================================
Step = 46
Time = 4.6
Data = sz;J
File = parameter_sweeps/tmax5_stress.txt

===== beginning time step 47 : 4.7 =====


Reforming stiffness matrix: reformation #1

 1
 Nonlinear solution status: time= 4.7
	stiffness updates             = 0
	right hand side evaluations   = 2
	stiffness matrix reformations = 1
	step from line search         = 1.000000
	convergence norms :     INITIAL         CURRENT         REQUIRED
	   residual            2.967631e+02    1.206311e-07    0.000000e+00 
	   energy              1.554826e+00    7.286473e-06    1.554826e-02 
	   displacement        7.190882e-02    7.190882e-02    7.190882e-08 
 2
 Nonlinear solution status: time= 4.7
	stiffness updates             = 1
	right hand side evaluations   = 3
	stiffness matrix reformations = 1
	step from line search         = 1.000000
	convergence norms :     INITIAL         CURRENT         REQUIRED
	   residual            2.967631e+02    7.844994e-13    0.000000e+00 
	   energy              1.554826e+00    1.520785e-12    1.554826e-02 
	   displacement        7.190882e-02    1.147851e-10    7.190725e-08 

convergence summary
    number of iterations   : 2
    number of reformations : 1

------- converged at time : 4.7


Data Record #1
===========================================================================
Step = 47
Time = 4.7
Data = ux;uy;uz
File = parameter_sweeps/tmax5_disp.txt

Data Record #2
===========================================================================
Step = 47
Time = 4.7
Data = sz;J
File = parameter_sweeps/tmax5_stress.txt

===== beginning time step 48 : 4.8 =====


Reforming stiffness matrix: reformation #1

 1
 Nonlinear solution status: time= 4.8
	stiffness updates             = 0
	right hand side evaluations   = 2
	stiffness matrix reformations = 1
	step from line search         = 1.000000
	convergence norms :     INITIAL         CURRENT         REQUIRED
	   residual            2.914601e+02    1.536170e-07    0.000000e+00 
	   energy              1.496832e+00    6.849527e-06    1.496832e-02 
	   displacement        6.843868e-02    6.843868e-02    6.843868e-08 
 2
 Nonlinear solution status: time= 4.8
	stiffness updates             = 1
	right hand side evaluations   = 3
	stiffness matrix reformations = 1
	step from line search         = 1.000000
	convergence norms :     INITIAL         CURRENT         REQUIRED
	   residual            2.914601e+02    9.962778e-13    0.000000e+00 
	   energy              1.496832e+00    1.607192e-12    1.496832e-02 
	   displacement        6.843868e-02    1.192794e-10    6.843734e-08 

convergence summary
    number of iterations   : 2
    number of reformations : 1

------- converged at time : 4.8


Data Record #1
===========================================================================
Step = 48
Time = 4.8
Data = ux;uy;uz
File = parameter_sweeps/tmax5_disp.txt

Data Record #2
===========================================================================
Step = 48
Time = 4.8
Data = sz;J
File = parameter_sweeps/tmax5_stress.txt

===== beginning time step 49 : 4.9 =====


Reforming stiffness matrix: reformation #1

 1
 Nonlinear solution status: time= 4.9
	stiffness updates             = 0
	right hand side evaluations   = 2
	stiffness matrix reformations = 1
	step from line search         = 1.000000
	convergence norms :     INITIAL         CURRENT         REQUIRED
	   residual            2.846964e+02    1.877887e-07    0.000000e+00 
	   energy              1.434534e+00    6.384058e-06    1.434534e-02 
	   displacement        6.489029e-02    6.489029e-02    6.489029e-08 
 2
 Nonlinear solution status: time= 4.9
	stiffness updates             = 1
	right hand side evaluations   = 3
	stiffness matrix reformations = 1
	step from line search         = 1.000000
	convergence norms :     INITIAL         CURRENT         REQUIRED
	   residual            2.846964e+02    1.270290e-12    0.000000e+00 
	   energy              1.434534e+00    1.731017e-12    1.434534e-02 
	   displacement        6.489029e-02    1.180802e-10    6.488926e-08 

convergence summary
    number of iterations   : 2
    number of reformations : 1

------- converged at time : 4.9


Data Record #1
===========================================================================
Step = 49
Time = 4.9
Data = ux;uy;uz
File = parameter_sweeps/tmax5_disp.txt

Data Record #2
===========================================================================
Step = 49
Time = 4.9
Data = sz;J
File = parameter_sweeps/tmax5_stress.txt

===== beginning time step 50 : 5 =====


Reforming stiffness matrix: reformation #1

 1
 Nonlinear solution status: time= 5
	stiffness updates             = 0
	right hand side evaluations   = 2
	stiffness matrix reformations = 1
	step from line search         = 1.000000
	convergence norms :     INITIAL         CURRENT         REQUIRED
	   residual            2.753568e+02    2.215896e-07    0.000000e+00 
	   energy              1.368828e+00    5.869351e-06    1.368828e-02 
	   displacement        6.144891e-02    6.144891e-02    6.144891e-08 
 2
 Nonlinear solution status: time= 5
	stiffness updates             = 1
	right hand side evaluations   = 3
	stiffness matrix reformations = 1
	step from line search         = 1.000000
	convergence norms :     INITIAL         CURRENT         REQUIRED
	   residual            2.753568e+02    1.428095e-12    0.000000e+00 
	   energy              1.368828e+00    1.985344e-12    1.368828e-02 
	   displacement        6.144891e-02    1.159922e-10    6.144815e-08 

convergence summary
    number of iterations   : 2
    number of reformations : 1

------- converged at time : 5


Data Record #1
===========================================================================
Step = 50
Time = 5
Data = ux;uy;uz
File = parameter_sweeps/tmax5_disp.txt

Data Record #2
===========================================================================
Step = 50
Time = 5
Data = sz;J
File = parameter_sweeps/tmax5_stress.txt

===== beginning time step 51 : 5.1 =====


Reforming stiffness matrix: reformation #1

 1
 Nonlinear solution status: time= 5.1
	stiffness updates             = 0
	right hand side evaluations   = 2
	stiffness matrix reformations = 1
	step from line search         = 1.000000
	convergence norms :     INITIAL         CURRENT         REQUIRED
	   residual            2.628158e+02    2.327889e-07    0.000000e+00 
	   energy              1.300551e+00    5.400036e-06    1.300551e-02 
	   displacement        5.817758e-02    5.817758e-02    5.817758e-08 
 2
 Nonlinear solution status: time= 5.1
	stiffness updates             = 1
	right hand side evaluations   = 3
	stiffness matrix reformations = 1
	step from line search         = 1.000000
	convergence norms :     INITIAL         CURRENT         REQUIRED
	   residual            2.628158e+02    1.625739e-12    0.000000e+00 
	   energy              1.300551e+00    2.170658e-12    1.300551e-02 
	   displacement        5.817758e-02    1.097352e-10    5.817706e-08 

convergence summary
    number of iterations   : 2
    number of reformations : 1

------- converged at time : 5.1


Data Record #1
===========================================================================
Step = 51
Time = 5.1
Data = ux;uy;uz
File = parameter_sweeps/tmax5_disp.txt

Data Record #2
===========================================================================
Step = 51
Time = 5.1
Data = sz;J
File = parameter_sweeps/tmax5_stress.txt

===== beginning time step 52 : 5.2 =====


Reforming stiffness matrix: reformation #1

 1
 Nonlinear solution status: time= 5.2
	stiffness updates             = 0
	right hand side evaluations   = 2
	stiffness matrix reformations = 1
	step from line search         = 1.000000
	convergence norms :     INITIAL         CURRENT         REQUIRED
	   residual            2.478625e+02    2.302224e-07    0.000000e+00 
	   energy              1.230507e+00    5.131996e-06    1.230507e-02 
	   displacement        5.510624e-02    5.510624e-02    5.510624e-08 
 2
 Nonlinear solution status: time= 5.2
	stiffness updates             = 1
	right hand side evaluations   = 3
	stiffness matrix reformations = 1
	step from line search         = 1.000000
	convergence norms :     INITIAL         CURRENT         REQUIRED
	   residual            2.478625e+02    1.716163e-12    0.000000e+00 
	   energy              1.230507e+00    2.271370e-12    1.230507e-02 
	   displacement        5.510624e-02    1.049935e-10    5.510586e-08 

convergence summary
    number of iterations   : 2
    number of reformations : 1

------- converged at time : 5.2


Data Record #1
===========================================================================
Step = 52
Time = 5.2
Data = ux;uy;uz
File = parameter_sweeps/tmax5_disp.txt

Data Record #2
===========================================================================
Step = 52
Time = 5.2
Data = sz;J
File = parameter_sweeps/tmax5_stress.txt

===== beginning time step 53 : 5.3 =====


Reforming stiffness matrix: reformation #1

 1
 Nonlinear solution status: time= 5.3
	stiffness updates             = 0
	right hand side evaluations   = 2
	stiffness matrix reformations = 1
	step from line search         = 1.000000
	convergence norms :     INITIAL         CURRENT         REQUIRED
	   residual            2.318322e+02    2.042671e-07    0.000000e+00 
	   energy              1.159215e+00    4.998875e-06    1.159215e-02 
	   displacement        5.218672e-02    5.218672e-02    5.218672e-08 
 2
 Nonlinear solution status: time= 5.3
	stiffness updates             = 1
	right hand side evaluations   = 3
	stiffness matrix reformations = 1
	step from line search         = 1.000000
	convergence norms :     INITIAL         CURRENT         REQUIRED
	   residual            2.318322e+02    1.411914e-12    0.000000e+00 
	   energy              1.159215e+00    2.322233e-12    1.159215e-02 
	   displacement        5.218672e-02    1.040483e-10    5.218642e-08 

convergence summary
    number of iterations   : 2
    number of reformations : 1

------- converged at time : 5.3


Data Record #1
===========================================================================
Step = 53
Time = 5.3
Data = ux;uy;uz
File = parameter_sweeps/tmax5_disp.txt

Data Record #2
===========================================================================
Step = 53
Time = 5.3
Data = sz;J
File = parameter_sweeps/tmax5_stress.txt

===== beginning time step 54 : 5.4 =====


Reforming stiffness matrix: reformation #1

 1
 Nonlinear solution status: time= 5.4
	stiffness updates             = 0
	right hand side evaluations   = 2
	stiffness matrix reformations = 1
	step from line search         = 1.000000
	convergence norms :     INITIAL         CURRENT         REQUIRED
	   residual            2.152508e+02    1.669778e-07    0.000000e+00 
	   energy              1.087014e+00    4.792368e-06    1.087014e-02 
	   displacement        4.926164e-02    4.926164e-02    4.926164e-08 
 2
 Nonlinear solution status: time= 5.4
	stiffness updates             = 1
	right hand side evaluations   = 3
	stiffness matrix reformations = 1
	step from line search         = 1.000000
	convergence norms :     INITIAL         CURRENT         REQUIRED
	   residual            2.152508e+02    1.126805e-12    0.000000e+00 
	   energy              1.087014e+00    2.243859e-12    1.087014e-02 
	   displacement        4.926164e-02    1.013356e-10    4.926132e-08 

convergence summary
    number of iterations   : 2
    number of reformations : 1

------- converged at time : 5.4


Data Record #1
===========================================================================
Step = 54
Time = 5.4
Data = ux;uy;uz
File = parameter_sweeps/tmax5_disp.txt

Data Record #2
===========================================================================
Step = 54
Time = 5.4
Data = sz;J
File = parameter_sweeps/tmax5_stress.txt

===== beginning time step 55 : 5.5 =====


Reforming stiffness matrix: reformation #1

 1
 Nonlinear solution status: time= 5.5
	stiffness updates             = 0
	right hand side evaluations   = 2
	stiffness matrix reformations = 1
	step from line search         = 1.000000
	convergence norms :     INITIAL         CURRENT         REQUIRED
	   residual            1.983725e+02    1.147773e-07    0.000000e+00 
	   energy              1.014688e+00    4.382910e-06    1.014688e-02 
	   displacement        4.628437e-02    4.628437e-02    4.628437e-08 
 2
 Nonlinear solution status: time= 5.5
	stiffness updates             = 1
	right hand side evaluations   = 3
	stiffness matrix reformations = 1
	step from line search         = 1.000000
	convergence norms :     INITIAL         CURRENT         REQUIRED
	   residual            1.983725e+02    8.341664e-13    0.000000e+00 
	   energy              1.014688e+00    1.924226e-12    1.014688e-02 
	   displacement        4.628437e-02    9.561584e-11    4.628391e-08 

convergence summary
    number of iterations   : 2
    number of reformations : 1

------- converged at time : 5.5


Data Record #1
===========================================================================
Step = 55
Time = 5.5
Data = ux;uy;uz
File = parameter_sweeps/tmax5_disp.txt

Data Record #2
===========================================================================
Step = 55
Time = 5.5
Data = sz;J
File = parameter_sweeps/tmax5_stress.txt

===== beginning time step 56 : 5.6 =====


Reforming stiffness matrix: reformation #1

 1
 Nonlinear solution status: time= 5.6
	stiffness updates             = 0
	right hand side evaluations   = 2
	stiffness matrix reformations = 1
	step from line search         = 1.000000
	convergence norms :     INITIAL         CURRENT         REQUIRED
	   residual            1.814383e+02    7.227538e-08    0.000000e+00 
	   energy              9.434558e-01    3.997965e-06    9.434558e-03 
	   displacement        4.339359e-02    4.339359e-02    4.339359e-08 
 2
 Nonlinear solution status: time= 5.6
	stiffness updates             = 1
	right hand side evaluations   = 3
	stiffness matrix reformations = 1
	step from line search         = 1.000000
	convergence norms :     INITIAL         CURRENT         REQUIRED
	   residual            1.814383e+02    5.425393e-13    0.000000e+00 
	   energy              9.434558e-01    1.547598e-12    9.434558e-03 
	   displacement        4.339359e-02    9.017736e-11    4.339291e-08 

convergence summary
    number of iterations   : 2
    number of reformations : 1

------- converged at time : 5.6


Data Record #1
===========================================================================
Step = 56
Time = 5.6
Data = ux;uy;uz
File = parameter_sweeps/tmax5_disp.txt

Data Record #2
===========================================================================
Step = 56
Time = 5.6
Data = sz;J
File = parameter_sweeps/tmax5_stress.txt

===== beginning time step 57 : 5.7 =====


Reforming stiffness matrix: reformation #1

 1
 Nonlinear solution status: time= 5.7
	stiffness updates             = 0
	right hand side evaluations   = 2
	stiffness matrix reformations = 1
	step from line search         = 1.000000
	convergence norms :     INITIAL         CURRENT         REQUIRED
	   residual            1.648028e+02    4.874109e-08    0.000000e+00 
	   energy              8.746912e-01    4.099257e-06    8.746912e-03 
	   displacement        4.066245e-02    4.066245e-02    4.066245e-08 
 2
 Nonlinear solution status: time= 5.7
	stiffness updates             = 1
	right hand side evaluations   = 3
	stiffness matrix reformations = 1
	step from line search         = 1.000000
	convergence norms :     INITIAL         CURRENT         REQUIRED
	   residual            1.648028e+02    3.533394e-13    0.000000e+00 
	   energy              8.746912e-01    1.450337e-12    8.746912e-03 
	   displacement        4.066245e-02    9.820905e-11    4.066154e-08 

convergence summary
    number of iterations   : 2
    number of reformations : 1

------- converged at time : 5.7


Data Record #1
===========================================================================
Step = 57
Time = 5.7
Data = ux;uy;uz
File = parameter_sweeps/tmax5_disp.txt

Data Record #2
===========================================================================
Step = 57
Time = 5.7
Data = sz;J
File = parameter_sweeps/tmax5_stress.txt

===== beginning time step 58 : 5.8 =====


Reforming stiffness matrix: reformation #1

 1
 Nonlinear solution status: time= 5.8
	stiffness updates             = 0
	right hand side evaluations   = 2
	stiffness matrix reformations = 1
	step from line search         = 1.000000
	convergence norms :     INITIAL         CURRENT         REQUIRED
	   residual            1.492792e+02    3.437737e-08    0.000000e+00 
	   energy              8.099376e-01    4.741666e-06    8.099376e-03 
	   displacement        3.807900e-02    3.807900e-02    3.807900e-08 
 2
 Nonlinear solution status: time= 5.8
	stiffness updates             = 1
	right hand side evaluations   = 3
	stiffness matrix reformations = 1
	step from line search         = 1.000000
	convergence norms :     INITIAL         CURRENT         REQUIRED
	   residual            1.492792e+02    2.757027e-13    0.000000e+00 
	   energy              8.099376e-01    1.351954e-12    8.099376e-03 
	   displacement        3.807900e-02    1.072481e-10    3.807782e-08 

convergence summary
    number of iterations   : 2
    number of reformations : 1

------- converged at time : 5.8


Data Record #1
===========================================================================
Step = 58
Time = 5.8
Data = ux;uy;uz
File = parameter_sweeps/tmax5_disp.txt

Data Record #2
===========================================================================
Step = 58
Time = 5.8
Data = sz;J
File = parameter_sweeps/tmax5_stress.txt

===== beginning time step 59 : 5.9 =====


Reforming stiffness matrix: reformation #1

 1
 Nonlinear solution status: time= 5.9
	stiffness updates             = 0
	right hand side evaluations   = 2
	stiffness matrix reformations = 1
	step from line search         = 1.000000
	convergence norms :     INITIAL         CURRENT         REQUIRED
	   residual            1.353553e+02    2.226049e-08    0.000000e+00 
	   energy              7.506127e-01    5.653074e-06    7.506127e-03 
	   displacement        3.567505e-02    3.567505e-02    3.567505e-08 
 2
 Nonlinear solution status: time= 5.9
	stiffness updates             = 1
	right hand side evaluations   = 3
	stiffness matrix reformations = 1
	step from line search         = 1.000000
	convergence norms :     INITIAL         CURRENT         REQUIRED
	   residual            1.353553e+02    2.218178e-13    0.000000e+00 
	   energy              7.506127e-01    1.264320e-12    7.506127e-03 
	   displacement        3.567505e-02    1.136492e-10    3.567357e-08 

convergence summary
    number of iterations   : 2
    number of reformations : 1

------- converged at time : 5.9


Data Record #1
===========================================================================
Step = 59
Time = 5.9
Data = ux;uy;uz
File = parameter_sweeps/tmax5_disp.txt

Data Record #2
===========================================================================
Step = 59
Time = 5.9
Data = sz;J
File = parameter_sweeps/tmax5_stress.txt

===== beginning time step 60 : 6 =====


Reforming stiffness matrix: reformation #1

 1
 Nonlinear solution status: time= 6
	stiffness updates             = 0
	right hand side evaluations   = 2
	stiffness matrix reformations = 1
	step from line search         = 1.000000
	convergence norms :     INITIAL         CURRENT         REQUIRED
	   residual            1.227726e+02    2.238863e-08    0.000000e+00 
	   energy              6.973289e-01    6.569116e-06    6.973289e-03 
	   displacement        3.351578e-02    3.351578e-02    3.351578e-08 
 2
 Nonlinear solution status: time= 6
	stiffness updates             = 1
	right hand side evaluations   = 3
	stiffness matrix reformations = 1
	step from line search         = 1.000000
	convergence norms :     INITIAL         CURRENT         REQUIRED
	   residual            1.227726e+02    1.805801e-13    0.000000e+00 
	   energy              6.973289e-01    1.129078e-12    6.973289e-03 
	   displacement        3.351578e-02    1.207157e-10    3.351404e-08 

convergence summary
    number of iterations   : 2
    number of reformations : 1

------- converged at time : 6


Data Record #1
===========================================================================
Step = 60
Time = 6
Data = ux;uy;uz
File = parameter_sweeps/tmax5_disp.txt

Data Record #2
===========================================================================
Step = 60
Time = 6
Data = sz;J
File = parameter_sweeps/tmax5_stress.txt

===== beginning time step 61 : 6.1 =====


Reforming stiffness matrix: reformation #1

 1
 Nonlinear solution status: time= 6.1
	stiffness updates             = 0
	right hand side evaluations   = 2
	stiffness matrix reformations = 1
	step from line search         = 1.000000
	convergence norms :     INITIAL         CURRENT         REQUIRED
	   residual            1.108081e+02    2.633165e-08    0.000000e+00 
	   energy              6.494829e-01    7.219360e-06    6.494829e-03 
	   displacement        3.174547e-02    3.174547e-02    3.174547e-08 
 2
 Nonlinear solution status: time= 6.1
	stiffness updates             = 1
	right hand side evaluations   = 3
	stiffness matrix reformations = 1
	step from line search         = 1.000000
	convergence norms :     INITIAL         CURRENT         REQUIRED
	   residual            1.108081e+02    1.606349e-13    0.000000e+00 
	   energy              6.494829e-01    1.051463e-12    6.494829e-03 
	   displacement        3.174547e-02    1.299378e-10    3.174352e-08 

convergence summary
    number of iterations   : 2
    number of reformations : 1

------- converged at time : 6.1


Data Record #1
===========================================================================
Step = 61
Time = 6.1
Data = ux;uy;uz
File = parameter_sweeps/tmax5_disp.txt

Data Record #2
===========================================================================
Step = 61
Time = 6.1
Data = sz;J
File = parameter_sweeps/tmax5_stress.txt

===== beginning time step 62 : 6.2 =====


Reforming stiffness matrix: reformation #1

 1
 Nonlinear solution status: time= 6.2
	stiffness updates             = 0
	right hand side evaluations   = 2
	stiffness matrix reformations = 1
	step from line search         = 1.000000
	convergence norms :     INITIAL         CURRENT         REQUIRED
	   residual            9.903936e+01    2.883917e-08    0.000000e+00 
	   energy              6.051925e-01    7.443776e-06    6.051925e-03 
	   displacement        3.032153e-02    3.032153e-02    3.032153e-08 
 2
 Nonlinear solution status: time= 6.2
	stiffness updates             = 1
	right hand side evaluations   = 3
	stiffness matrix reformations = 1
	step from line search         = 1.000000
	convergence norms :     INITIAL         CURRENT         REQUIRED
	   residual            9.903936e+01    1.473156e-13    0.000000e+00 
	   energy              6.051925e-01    1.033827e-12    6.051925e-03 
	   displacement        3.032153e-02    1.355969e-10    3.031947e-08 

convergence summary
    number of iterations   : 2
    number of reformations : 1

------- converged at time : 6.2


Data Record #1
===========================================================================
Step = 62
Time = 6.2
Data = ux;uy;uz
File = parameter_sweeps/tmax5_disp.txt

Data Record #2
===========================================================================
Step = 62
Time = 6.2
Data = sz;J
File = parameter_sweeps/tmax5_stress.txt

===== beginning time step 63 : 6.3 =====


Reforming stiffness matrix: reformation #1

 1
 Nonlinear solution status: time= 6.3
	stiffness updates             = 0
	right hand side evaluations   = 2
	stiffness matrix reformations = 1
	step from line search         = 1.000000
	convergence norms :     INITIAL         CURRENT         REQUIRED
	   residual            8.784071e+01    4.599847e-08    0.000000e+00 
	   energy              5.617341e-01    7.565507e-06    5.617341e-03 
	   displacement        2.888454e-02    2.888454e-02    2.888454e-08 
 2
 Nonlinear solution status: time= 6.3
	stiffness updates             = 1
	right hand side evaluations   = 3
	stiffness matrix reformations = 1
	step from line search         = 1.000000
	convergence norms :     INITIAL         CURRENT         REQUIRED
	   residual            8.784071e+01    2.192070e-13    0.000000e+00 
	   energy              5.617341e-01    1.133786e-12    5.617341e-03 
	   displacement        2.888454e-02    1.371977e-10    2.888254e-08 

convergence summary
    number of iterations   : 2
    number of reformations : 1

------- converged at time : 6.3


Data Record #1
===========================================================================
Step = 63
Time = 6.3
Data = ux;uy;uz
File = parameter_sweeps/tmax5_disp.txt

Data Record #2
===========================================================================
Step = 63
Time = 6.3
Data = sz;J
File = parameter_sweeps/tmax5_stress.txt

===== beginning time step 64 : 6.4 =====


Reforming stiffness matrix: reformation #1

 1
 Nonlinear solution status: time= 6.4
	stiffness updates             = 0
	right hand side evaluations   = 2
	stiffness matrix reformations = 1
	step from line search         = 1.000000
	convergence norms :     INITIAL         CURRENT         REQUIRED
	   residual            7.765507e+01    5.763084e-08    0.000000e+00 
	   energy              5.161333e-01    7.742135e-06    5.161333e-03 
	   displacement        2.711456e-02    2.711456e-02    2.711456e-08 
 2
 Nonlinear solution status: time= 6.4
	stiffness updates             = 1
	right hand side evaluations   = 3
	stiffness matrix reformations = 1
	step from line search         = 1.000000
	convergence norms :     INITIAL         CURRENT         REQUIRED
	   residual            7.765507e+01    2.768383e-13    0.000000e+00 
	   energy              5.161333e-01    1.146529e-12    5.161333e-03 
	   displacement        2.711456e-02    1.387386e-10    2.711266e-08 

convergence summary
    number of iterations   : 2
    number of reformations : 1

------- converged at time : 6.4


Data Record #1
===========================================================================
Step = 64
Time = 6.4
Data = ux;uy;uz
File = parameter_sweeps/tmax5_disp.txt

Data Record #2
===========================================================================
Step = 64
Time = 6.4
Data = sz;J
File = parameter_sweeps/tmax5_stress.txt

===== beginning time step 65 : 6.5 =====


Reforming stiffness matrix: reformation #1

 1
 Nonlinear solution status: time= 6.5
	stiffness updates             = 0
	right hand side evaluations   = 2
	stiffness matrix reformations = 1
	step from line search         = 1.000000
	convergence norms :     INITIAL         CURRENT         REQUIRED
	   residual            6.831007e+01    6.149381e-08    0.000000e+00 
	   energy              4.662906e-01    7.790480e-06    4.662906e-03 
	   displacement        2.488541e-02    2.488541e-02    2.488541e-08 
 2
 Nonlinear solution status: time= 6.5
	stiffness updates             = 1
	right hand side evaluations   = 3
	stiffness matrix reformations = 1
	step from line search         = 1.000000
	convergence norms :     INITIAL         CURRENT         REQUIRED
	   residual            6.831007e+01    2.958529e-13    0.000000e+00 
	   energy              4.662906e-01    1.149186e-12    4.662906e-03 
	   displacement        2.488541e-02    1.452528e-10    2.488350e-08 

convergence summary
    number of iterations   : 2
    number of reformations : 1

------- converged at time : 6.5


Data Record #1
===========================================================================
Step = 65
Time = 6.5
Data = ux;uy;uz
File = parameter_sweeps/tmax5_disp.txt

Data Record #2
===========================================================================
Step = 65
Time = 6.5
Data = sz;J
File = parameter_sweeps/tmax5_stress.txt

===== beginning time step 66 : 6.6 =====


Reforming stiffness matrix: reformation #1

 1
 Nonlinear solution status: time= 6.6
	stiffness updates             = 0
	right hand side evaluations   = 2
	stiffness matrix reformations = 1
	step from line search         = 1.000000
	convergence norms :     INITIAL         CURRENT         REQUIRED
	   residual            5.927515e+01    6.558595e-08    0.000000e+00 
	   energy              4.117628e-01    7.368704e-06    4.117628e-03 
	   displacement        2.221595e-02    2.221595e-02    2.221595e-08 
 2
 Nonlinear solution status: time= 6.6
	stiffness updates             = 1
	right hand side evaluations   = 3
	stiffness matrix reformations = 1
	step from line search         = 1.000000
	convergence norms :     INITIAL         CURRENT         REQUIRED
	   residual            5.927515e+01    2.841000e-13    0.000000e+00 
	   energy              4.117628e-01    1.130879e-12    4.117628e-03 
	   displacement        2.221595e-02    1.393649e-10    2.221416e-08 

convergence summary
    number of iterations   : 2
    number of reformations : 1

------- converged at time : 6.6


Data Record #1
===========================================================================
Step = 66
Time = 6.6
Data = ux;uy;uz
File = parameter_sweeps/tmax5_disp.txt

Data Record #2
===========================================================================
Step = 66
Time = 6.6
Data = sz;J
File = parameter_sweeps/tmax5_stress.txt

===== beginning time step 67 : 6.7 =====


Reforming stiffness matrix: reformation #1

 1
 Nonlinear solution status: time= 6.7
	stiffness updates             = 0
	right hand side evaluations   = 2
	stiffness matrix reformations = 1
	step from line search         = 1.000000
	convergence norms :     INITIAL         CURRENT         REQUIRED
	   residual            5.040436e+01    5.474048e-08    0.000000e+00 
	   energy              3.538193e-01    6.348360e-06    3.538193e-03 
	   displacement        1.923862e-02    1.923862e-02    1.923862e-08 
 2
 Nonlinear solution status: time= 6.7
	stiffness updates             = 1
	right hand side evaluations   = 3
	stiffness matrix reformations = 1
	step from line search         = 1.000000
	convergence norms :     INITIAL         CURRENT         REQUIRED
	   residual            5.040436e+01    2.739609e-13    0.000000e+00 
	   energy              3.538193e-01    9.856052e-13    3.538193e-03 
	   displacement        1.923862e-02    1.111262e-10    1.923714e-08 

convergence summary
    number of iterations   : 2
    number of reformations : 1

------- converged at time : 6.7


Data Record #1
===========================================================================
Step = 67
Time = 6.7
Data = ux;uy;uz
File = parameter_sweeps/tmax5_disp.txt

Data Record #2
===========================================================================
Step = 67
Time = 6.7
Data = sz;J
File = parameter_sweeps/tmax5_stress.txt

===== beginning time step 68 : 6.8 =====


Reforming stiffness matrix: reformation #1

 1
 Nonlinear solution status: time= 6.8
	stiffness updates             = 0
	right hand side evaluations   = 2
	stiffness matrix reformations = 1
	step from line search         = 1.000000
	convergence norms :     INITIAL         CURRENT         REQUIRED
	   residual            4.192527e+01    4.870041e-08    0.000000e+00 
	   energy              2.948590e-01    5.139329e-06    2.948590e-03 
	   displacement        1.607980e-02    1.607980e-02    1.607980e-08 
 2
 Nonlinear solution status: time= 6.8
	stiffness updates             = 1
	right hand side evaluations   = 3
	stiffness matrix reformations = 1
	step from line search         = 1.000000
	convergence norms :     INITIAL         CURRENT         REQUIRED
	   residual            4.192527e+01    2.829329e-13    0.000000e+00 
	   energy              2.948590e-01    9.962530e-13    2.948590e-03 
	   displacement        1.607980e-02    9.441516e-11    1.607858e-08 

convergence summary
    number of iterations   : 2
    number of reformations : 1

------- converged at time : 6.8


Data Record #1
===========================================================================
Step = 68
Time = 6.8
Data = ux;uy;uz
File = parameter_sweeps/tmax5_disp.txt

Data Record #2
===========================================================================
Step = 68
Time = 6.8
Data = sz;J
File = parameter_sweeps/tmax5_stress.txt

===== beginning time step 69 : 6.9 =====


Reforming stiffness matrix: reformation #1

 1
 Nonlinear solution status: time= 6.9
	stiffness updates             = 0
	right hand side evaluations   = 2
	stiffness matrix reformations = 1
	step from line search         = 1.000000
	convergence norms :     INITIAL         CURRENT         REQUIRED
	   residual            3.404939e+01    4.189584e-08    0.000000e+00 
	   energy              2.378092e-01    4.157415e-06    2.378092e-03 
	   displacement        1.292118e-02    1.292118e-02    1.292118e-08 
 2
 Nonlinear solution status: time= 6.9
	stiffness updates             = 1
	right hand side evaluations   = 3
	stiffness matrix reformations = 1
	step from line search         = 1.000000
	convergence norms :     INITIAL         CURRENT         REQUIRED
	   residual            3.404939e+01    2.598010e-13    0.000000e+00 
	   energy              2.378092e-01    1.028019e-12    2.378092e-03 
	   displacement        1.292118e-02    8.799737e-11    1.292006e-08 

convergence summary
    number of iterations   : 2
    number of reformations : 1

------- converged at time : 6.9


Data Record #1
===========================================================================
Step = 69
Time = 6.9
Data = ux;uy;uz
File = parameter_sweeps/tmax5_disp.txt

Data Record #2
===========================================================================
Step = 69
Time = 6.9
Data = sz;J
File = parameter_sweeps/tmax5_stress.txt

===== beginning time step 70 : 7 =====


Reforming stiffness matrix: reformation #1

 1
 Nonlinear solution status: time= 7
	stiffness updates             = 0
	right hand side evaluations   = 2
	stiffness matrix reformations = 1
	step from line search         = 1.000000
	convergence norms :     INITIAL         CURRENT         REQUIRED
	   residual            2.699579e+01    4.432468e-08    0.000000e+00 
	   energy              1.856632e-01    3.532447e-06    1.856632e-03 
	   displacement        1.003190e-02    1.003190e-02    1.003190e-08 
 2
 Nonlinear solution status: time= 7
	stiffness updates             = 1
	right hand side evaluations   = 3
	stiffness matrix reformations = 1
	step from line search         = 1.000000
	convergence norms :     INITIAL         CURRENT         REQUIRED
	   residual            2.699579e+01    2.718067e-13    0.000000e+00 
	   energy              1.856632e-01    1.070265e-12    1.856632e-03 
	   displacement        1.003190e-02    8.465952e-11    1.003085e-08 

convergence summary
    number of iterations   : 2
    number of reformations : 1

------- converged at time : 7


Data Record #1
===========================================================================
Step = 70
Time = 7
Data = ux;uy;uz
File = parameter_sweeps/tmax5_disp.txt

Data Record #2
===========================================================================
Step = 70
Time = 7
Data = sz;J
File = parameter_sweeps/tmax5_stress.txt

===== beginning time step 71 : 7.1 =====


Reforming stiffness matrix: reformation #1

 1
 Nonlinear solution status: time= 7.1
	stiffness updates             = 0
	right hand side evaluations   = 2
	stiffness matrix reformations = 1
	step from line search         = 1.000000
	convergence norms :     INITIAL         CURRENT         REQUIRED
	   residual            2.086554e+01    4.552593e-08    0.000000e+00 
	   energy              1.408554e-01    3.162908e-06    1.408554e-03 
	   displacement        7.606793e-03    7.606793e-03    7.606793e-09 
 2
 Nonlinear solution status: time= 7.1
	stiffness updates             = 1
	right hand side evaluations   = 3
	stiffness matrix reformations = 1
	step from line search         = 1.000000
	convergence norms :     INITIAL         CURRENT         REQUIRED
	   residual            2.086554e+01    2.570917e-13    0.000000e+00 
	   energy              1.408554e-01    1.087668e-12    1.408554e-03 
	   displacement        7.606793e-03    8.636091e-11    7.605873e-09 

convergence summary
    number of iterations   : 2
    number of reformations : 1

------- converged at time : 7.1


Data Record #1
===========================================================================
Step = 71
Time = 7.1
Data = ux;uy;uz
File = parameter_sweeps/tmax5_disp.txt

Data Record #2
===========================================================================
Step = 71
Time = 7.1
Data = sz;J
File = parameter_sweeps/tmax5_stress.txt

===== beginning time step 72 : 7.2 =====


Reforming stiffness matrix: reformation #1

 1
 Nonlinear solution status: time= 7.2
	stiffness updates             = 0
	right hand side evaluations   = 2
	stiffness matrix reformations = 1
	step from line search         = 1.000000
	convergence norms :     INITIAL         CURRENT         REQUIRED
	   residual            1.567160e+01    4.402791e-08    0.000000e+00 
	   energy              1.046261e-01    2.790947e-06    1.046261e-03 
	   displacement        5.701236e-03    5.701236e-03    5.701236e-09 
 2
 Nonlinear solution status: time= 7.2
	stiffness updates             = 1
	right hand side evaluations   = 3
	stiffness matrix reformations = 1
	step from line search         = 1.000000
	convergence norms :     INITIAL         CURRENT         REQUIRED
	   residual            1.567160e+01    2.841788e-13    0.000000e+00 
	   energy              1.046261e-01    1.108517e-12    1.046261e-03 
	   displacement        5.701236e-03    8.692736e-11    5.700441e-09 

convergence summary
    number of iterations   : 2
    number of reformations : 1

------- converged at time : 7.2


Data Record #1
===========================================================================
Step = 72
Time = 7.2
Data = ux;uy;uz
File = parameter_sweeps/tmax5_disp.txt

Data Record #2
===========================================================================
Step = 72
Time = 7.2
Data = sz;J
File = parameter_sweeps/tmax5_stress.txt

===== beginning time step 73 : 7.3 =====


Reforming stiffness matrix: reformation #1

 1
 Nonlinear solution status: time= 7.3
	stiffness updates             = 0
	right hand side evaluations   = 2
	stiffness matrix reformations = 1
	step from line search         = 1.000000
	convergence norms :     INITIAL         CURRENT         REQUIRED
	   residual            1.141818e+01    3.525648e-08    0.000000e+00 
	   energy              7.647550e-02    2.303047e-06    7.647550e-04 
	   displacement        4.236393e-03    4.236393e-03    4.236393e-09 
 2
 Nonlinear solution status: time= 7.3
	stiffness updates             = 1
	right hand side evaluations   = 3
	stiffness matrix reformations = 1
	step from line search         = 1.000000
	convergence norms :     INITIAL         CURRENT         REQUIRED
	   residual            1.141818e+01    2.648584e-13    0.000000e+00 
	   energy              7.647550e-02    1.086752e-12    7.647550e-04 
	   displacement        4.236393e-03    8.374727e-11    4.235698e-09 

convergence summary
    number of iterations   : 2
    number of reformations : 1

------- converged at time : 7.3


Data Record #1
===========================================================================
Step = 73
Time = 7.3
Data = ux;uy;uz
File = parameter_sweeps/tmax5_disp.txt

Data Record #2
===========================================================================
Step = 73
Time = 7.3
Data = sz;J
File = parameter_sweeps/tmax5_stress.txt

===== beginning time step 74 : 7.4 =====


Reforming stiffness matrix: reformation #1

 1
 Nonlinear solution status: time= 7.4
	stiffness updates             = 0
	right hand side evaluations   = 2
	stiffness matrix reformations = 1
	step from line search         = 1.000000
	convergence norms :     INITIAL         CURRENT         REQUIRED
	   residual            8.111602e+00    3.108301e-08    0.000000e+00 
	   energy              5.528263e-02    1.829100e-06    5.528263e-04 
	   displacement        3.115856e-03    3.115856e-03    3.115856e-09 
 2
 Nonlinear solution status: time= 7.4
	stiffness updates             = 1
	right hand side evaluations   = 3
	stiffness matrix reformations = 1
	step from line search         = 1.000000
	convergence norms :     INITIAL         CURRENT         REQUIRED
	   residual            8.111602e+00    2.539938e-13    0.000000e+00 
	   energy              5.528263e-02    1.045259e-12    5.528263e-04 
	   displacement        3.115856e-03    7.937630e-11    3.115268e-09 

convergence summary
    number of iterations   : 2
    number of reformations : 1

------- converged at time : 7.4


Data Record #1
===========================================================================
Step = 74
Time = 7.4
Data = ux;uy;uz
File = parameter_sweeps/tmax5_disp.txt

Data Record #2
===========================================================================
Step = 74
Time = 7.4
Data = sz;J
File = parameter_sweeps/tmax5_stress.txt

===== beginning time step 75 : 7.5 =====


Reforming stiffness matrix: reformation #1

 1
 Nonlinear solution status: time= 7.5
	stiffness updates             = 0
	right hand side evaluations   = 2
	stiffness matrix reformations = 1
	step from line search         = 1.000000
	convergence norms :     INITIAL         CURRENT         REQUIRED
	   residual            5.769076e+00    2.624030e-08    0.000000e+00 
	   energy              4.019481e-02    1.440538e-06    4.019481e-04 
	   displacement        2.324403e-03    2.324403e-03    2.324403e-09 
 2
 Nonlinear solution status: time= 7.5
	stiffness updates             = 1
	right hand side evaluations   = 3
	stiffness matrix reformations = 1
	step from line search         = 1.000000
	convergence norms :     INITIAL         CURRENT         REQUIRED
	   residual            5.769076e+00    2.474252e-13    0.000000e+00 
	   energy              4.019481e-02    9.154241e-13    4.019481e-04 
	   displacement        2.324403e-03    6.642148e-11    2.323957e-09 

convergence summary
    number of iterations   : 2
    number of reformations : 1

------- converged at time : 7.5


Data Record #1
===========================================================================
Step = 75
Time = 7.5
Data = ux;uy;uz
File = parameter_sweeps/tmax5_disp.txt

Data Record #2
===========================================================================
Step = 75
Time = 7.5
Data = sz;J
File = parameter_sweeps/tmax5_stress.txt

===== beginning time step 76 : 7.6 =====


Reforming stiffness matrix: reformation #1

 1
 Nonlinear solution status: time= 7.6
	stiffness updates             = 0
	right hand side evaluations   = 2
	stiffness matrix reformations = 1
	step from line search         = 1.000000
	convergence norms :     INITIAL         CURRENT         REQUIRED
	   residual            4.285646e+00    2.294071e-08    0.000000e+00 
	   energy              3.062076e-02    1.147858e-06    3.062076e-04 
	   displacement        1.846015e-03    1.846015e-03    1.846015e-09 
 2
 Nonlinear solution status: time= 7.6
	stiffness updates             = 1
	right hand side evaluations   = 3
	stiffness matrix reformations = 1
	step from line search         = 1.000000
	convergence norms :     INITIAL         CURRENT         REQUIRED
	   residual            4.285646e+00    2.230137e-13    0.000000e+00 
	   energy              3.062076e-02    9.299734e-13    3.062076e-04 
	   displacement        1.846015e-03    5.817261e-11    1.845702e-09 

convergence summary
    number of iterations   : 2
    number of reformations : 1

------- converged at time : 7.6


Data Record #1
===========================================================================
Step = 76
Time = 7.6
Data = ux;uy;uz
File = parameter_sweeps/tmax5_disp.txt

Data Record #2
===========================================================================
Step = 76
Time = 7.6
Data = sz;J
File = parameter_sweeps/tmax5_stress.txt

===== beginning time step 77 : 7.7 =====


Reforming stiffness matrix: reformation #1

 1
 Nonlinear solution status: time= 7.7
	stiffness updates             = 0
	right hand side evaluations   = 2
	stiffness matrix reformations = 1
	step from line search         = 1.000000
	convergence norms :     INITIAL         CURRENT         REQUIRED
	   residual            3.462943e+00    2.531432e-08    0.000000e+00 
	   energy              2.596873e-02    1.006507e-06    2.596873e-04 
	   displacement        1.612684e-03    1.612684e-03    1.612684e-09 
 2
 Nonlinear solution status: time= 7.7
	stiffness updates             = 1
	right hand side evaluations   = 3
	stiffness matrix reformations = 1
	step from line search         = 1.000000
	convergence norms :     INITIAL         CURRENT         REQUIRED
	   residual            3.462943e+00    2.340952e-13    0.000000e+00 
	   energy              2.596873e-02    8.997142e-13    2.596873e-04 
	   displacement        1.612684e-03    5.485943e-11    1.612426e-09 

convergence summary
    number of iterations   : 2
    number of reformations : 1

------- converged at time : 7.7


Data Record #1
===========================================================================
Step = 77
Time = 7.7
Data = ux;uy;uz
File = parameter_sweeps/tmax5_disp.txt

Data Record #2
===========================================================================
Step = 77
Time = 7.7
Data = sz;J
File = parameter_sweeps/tmax5_stress.txt

===== beginning time step 78 : 7.8 =====


Reforming stiffness matrix: reformation #1

 1
 Nonlinear solution status: time= 7.8
	stiffness updates             = 0
	right hand side evaluations   = 2
	stiffness matrix reformations = 1
	step from line search         = 1.000000
	convergence norms :     INITIAL         CURRENT         REQUIRED
	   residual            3.136319e+00    2.548989e-08    0.000000e+00 
	   energy              2.533084e-02    9.592785e-07    2.533084e-04 
	   displacement        1.584778e-03    1.584778e-03    1.584778e-09 
 2
 Nonlinear solution status: time= 7.8
	stiffness updates             = 1
	right hand side evaluations   = 3
	stiffness matrix reformations = 1
	step from line search         = 1.000000
	convergence norms :     INITIAL         CURRENT         REQUIRED
	   residual            3.136319e+00    2.647155e-13    0.000000e+00 
	   energy              2.533084e-02    8.859962e-13    2.533084e-04 
	   displacement        1.584778e-03    5.153416e-11    1.584520e-09 

convergence summary
    number of iterations   : 2
    number of reformations : 1

------- converged at time : 7.8


Data Record #1
===========================================================================
Step = 78
Time = 7.8
Data = ux;uy;uz
File = parameter_sweeps/tmax5_disp.txt

Data Record #2
===========================================================================
Step = 78
Time = 7.8
Data = sz;J
File = parameter_sweeps/tmax5_stress.txt

===== beginning time step 79 : 7.9 =====


Reforming stiffness matrix: reformation #1

 1
 Nonlinear solution status: time= 7.9
	stiffness updates             = 0
	right hand side evaluations   = 2
	stiffness matrix reformations = 1
	step from line search         = 1.000000
	convergence norms :     INITIAL         CURRENT         REQUIRED
	   residual            3.153186e+00    2.654092e-08    0.000000e+00 
	   energy              2.753767e-02    9.308919e-07    2.753767e-04 
	   displacement        1.737671e-03    1.737671e-03    1.737671e-09 
 2
 Nonlinear solution status: time= 7.9
	stiffness updates             = 1
	right hand side evaluations   = 3
	stiffness matrix reformations = 1
	step from line search         = 1.000000
	convergence norms :     INITIAL         CURRENT         REQUIRED
	   residual            3.153186e+00    3.465010e-13    0.000000e+00 
	   energy              2.753767e-02    1.073900e-12    2.753767e-04 
	   displacement        1.737671e-03    4.982873e-11    1.737404e-09 

convergence summary
    number of iterations   : 2
    number of reformations : 1

------- converged at time : 7.9


Data Record #1
===========================================================================
Step = 79
Time = 7.9
Data = ux;uy;uz
File = parameter_sweeps/tmax5_disp.txt

Data Record #2
===========================================================================
Step = 79
Time = 7.9
Data = sz;J
File = parameter_sweeps/tmax5_stress.txt

===== beginning time step 80 : 8 =====


Reforming stiffness matrix: reformation #1

 1
 Nonlinear solution status: time= 8
	stiffness updates             = 0
	right hand side evaluations   = 2
	stiffness matrix reformations = 1
	step from line search         = 1.000000
	convergence norms :     INITIAL         CURRENT         REQUIRED
	   residual            3.375135e+00    3.082828e-08    0.000000e+00 
	   energy              3.147643e-02    9.465404e-07    3.147643e-04 
	   displacement        2.021363e-03    2.021363e-03    2.021363e-09 
 2
 Nonlinear solution status: time= 8
	stiffness updates             = 1
	right hand side evaluations   = 3
	stiffness matrix reformations = 1
	step from line search         = 1.000000
	convergence norms :     INITIAL         CURRENT         REQUIRED
	   residual            3.375135e+00    4.018114e-13    0.000000e+00 
	   energy              3.147643e-02    1.171185e-12    3.147643e-04 
	   displacement        2.021363e-03    4.954751e-11    2.021088e-09 

convergence summary
    number of iterations   : 2
    number of reformations : 1

------- converged at time : 8


Data Record #1
===========================================================================
Step = 80
Time = 8
Data = ux;uy;uz
File = parameter_sweeps/tmax5_disp.txt

Data Record #2
===========================================================================
Step = 80
Time = 8
Data = sz;J
File = parameter_sweeps/tmax5_stress.txt

===== beginning time step 81 : 8.1 =====


Reforming stiffness matrix: reformation #1

 1
 Nonlinear solution status: time= 8.1
	stiffness updates             = 0
	right hand side evaluations   = 2
	stiffness matrix reformations = 1
	step from line search         = 1.000000
	convergence norms :     INITIAL         CURRENT         REQUIRED
	   residual            3.837397e+00    4.358585e-08    0.000000e+00 
	   energy              3.664628e-02    1.185297e-06    3.664628e-04 
	   displacement        2.375564e-03    2.375564e-03    2.375564e-09 
 2
 Nonlinear solution status: time= 8.1
	stiffness updates             = 1
	right hand side evaluations   = 3
	stiffness matrix reformations = 1
	step from line search         = 1.000000
	convergence norms :     INITIAL         CURRENT         REQUIRED
	   residual            3.837397e+00    4.697076e-13    0.000000e+00 
	   energy              3.664628e-02    1.258809e-12    3.664628e-04 
	   displacement        2.375564e-03    5.513201e-11    2.375239e-09 

convergence summary
    number of iterations   : 2
    number of reformations : 1

------- converged at time : 8.1


Data Record #1
===========================================================================
Step = 81
Time = 8.1
Data = ux;uy;uz
File = parameter_sweeps/tmax5_disp.txt

Data Record #2
===========================================================================
Step = 81
Time = 8.1
Data = sz;J
File = parameter_sweeps/tmax5_stress.txt

===== beginning time step 82 : 8.2 =====


Reforming stiffness matrix: reformation #1

 1
 Nonlinear solution status: time= 8.2
	stiffness updates             = 0
	right hand side evaluations   = 2
	stiffness matrix reformations = 1
	step from line search         = 1.000000
	convergence norms :     INITIAL         CURRENT         REQUIRED
	   residual            4.730591e+00    5.742907e-08    0.000000e+00 
	   energy              4.329794e-02    1.726764e-06    4.329794e-04 
	   displacement        2.760881e-03    2.760881e-03    2.760881e-09 
 2
 Nonlinear solution status: time= 8.2
	stiffness updates             = 1
	right hand side evaluations   = 3
	stiffness matrix reformations = 1
	step from line search         = 1.000000
	convergence norms :     INITIAL         CURRENT         REQUIRED
	   residual            4.730591e+00    5.969366e-13    0.000000e+00 
	   energy              4.329794e-02    1.515498e-12    4.329794e-04 
	   displacement        2.760881e-03    7.058611e-11    2.760412e-09 

convergence summary
    number of iterations   : 2
    number of reformations : 1

------- converged at time : 8.2


Data Record #1
===========================================================================
Step = 82
Time = 8.2
Data = ux;uy;uz
File = parameter_sweeps/tmax5_disp.txt

Data Record #2
===========================================================================
Step = 82
Time = 8.2
Data = sz;J
File = parameter_sweeps/tmax5_stress.txt

===== beginning time step 83 : 8.3 =====


Reforming stiffness matrix: reformation #1

 1
 Nonlinear solution status: time= 8.3
	stiffness updates             = 0
	right hand side evaluations   = 2
	stiffness matrix reformations = 1
	step from line search         = 1.000000
	convergence norms :     INITIAL         CURRENT         REQUIRED
	   residual            6.233445e+00    8.062211e-08    0.000000e+00 
	   energy              5.201465e-02    2.484257e-06    5.201465e-04 
	   displacement        3.209768e-03    3.209768e-03    3.209768e-09 
 2
 Nonlinear solution status: time= 8.3
	stiffness updates             = 1
	right hand side evaluations   = 3
	stiffness matrix reformations = 1
	step from line search         = 1.000000
	convergence norms :     INITIAL         CURRENT         REQUIRED
	   residual            6.233445e+00    7.535862e-13    0.000000e+00 
	   energy              5.201465e-02    1.717889e-12    5.201465e-04 
	   displacement        3.209768e-03    8.872694e-11    3.209147e-09 

convergence summary
    number of iterations   : 2
    number of reformations : 1

------- converged at time : 8.3


Data Record #1
===========================================================================
Step = 83
Time = 8.3
Data = ux;uy;uz
File = parameter_sweeps/tmax5_disp.txt

Data Record #2
===========================================================================
Step = 83
Time = 8.3
Data = sz;J
File = parameter_sweeps/tmax5_stress.txt

===== beginning time step 84 : 8.4 =====


Reforming stiffness matrix: reformation #1

 1
 Nonlinear solution status: time= 8.4
	stiffness updates             = 0
	right hand side evaluations   = 2
	stiffness matrix reformations = 1
	step from line search         = 1.000000
	convergence norms :     INITIAL         CURRENT         REQUIRED
	   residual            8.336255e+00    1.058695e-07    0.000000e+00 
	   energy              6.288886e-02    3.372177e-06    6.288886e-04 
	   displacement        3.777916e-03    3.777916e-03    3.777916e-09 
 2
 Nonlinear solution status: time= 8.4
	stiffness updates             = 1
	right hand side evaluations   = 3
	stiffness matrix reformations = 1
	step from line search         = 1.000000
	convergence norms :     INITIAL         CURRENT         REQUIRED
	   residual            8.336255e+00    8.021220e-13    0.000000e+00 
	   energy              6.288886e-02    1.749978e-12    6.288886e-04 
	   displacement        3.777916e-03    9.986560e-11    3.777169e-09 

convergence summary
    number of iterations   : 2
    number of reformations : 1

------- converged at time : 8.4


Data Record #1
===========================================================================
Step = 84
Time = 8.4
Data = ux;uy;uz
File = parameter_sweeps/tmax5_disp.txt

Data Record #2
===========================================================================
Step = 84
Time = 8.4
Data = sz;J
File = parameter_sweeps/tmax5_stress.txt

===== beginning time step 85 : 8.5 =====


Reforming stiffness matrix: reformation #1

 1
 Nonlinear solution status: time= 8.5
	stiffness updates             = 0
	right hand side evaluations   = 2
	stiffness matrix reformations = 1
	step from line search         = 1.000000
	convergence norms :     INITIAL         CURRENT         REQUIRED
	   residual            1.097256e+01    1.252762e-07    0.000000e+00 
	   energy              7.591668e-02    4.208260e-06    7.591668e-04 
	   displacement        4.472179e-03    4.472179e-03    4.472179e-09 
 2
 Nonlinear solution status: time= 8.5
	stiffness updates             = 1
	right hand side evaluations   = 3
	stiffness matrix reformations = 1
	step from line search         = 1.000000
	convergence norms :     INITIAL         CURRENT         REQUIRED
	   residual            1.097256e+01    9.037818e-13    0.000000e+00 
	   energy              7.591668e-02    1.901818e-12    7.591668e-04 
	   displacement        4.472179e-03    1.115667e-10    4.471304e-09 

convergence summary
    number of iterations   : 2
    number of reformations : 1

------- converged at time : 8.5


Data Record #1
===========================================================================
Step = 85
Time = 8.5
Data = ux;uy;uz
File = parameter_sweeps/tmax5_disp.txt

Data Record #2
===========================================================================
Step = 85
Time = 8.5
Data = sz;J
File = parameter_sweeps/tmax5_stress.txt

===== beginning time step 86 : 8.6 =====


Reforming stiffness matrix: reformation #1

 1
 Nonlinear solution status: time= 8.6
	stiffness updates             = 0
	right hand side evaluations   = 2
	stiffness matrix reformations = 1
	step from line search         = 1.000000
	convergence norms :     INITIAL         CURRENT         REQUIRED
	   residual            1.419757e+01    1.402461e-07    0.000000e+00 
	   energy              9.151944e-02    4.825429e-06    9.151944e-04 
	   displacement        5.256553e-03    5.256553e-03    5.256553e-09 
 2
 Nonlinear solution status: time= 8.6
	stiffness updates             = 1
	right hand side evaluations   = 3
	stiffness matrix reformations = 1
	step from line search         = 1.000000
	convergence norms :     INITIAL         CURRENT         REQUIRED
	   residual            1.419757e+01    1.212547e-12    0.000000e+00 
	   energy              9.151944e-02    2.303020e-12    9.151944e-04 
	   displacement        5.256553e-03    1.245645e-10    5.255556e-09 

convergence summary
    number of iterations   : 2
    number of reformations : 1

------- converged at time : 8.6


Data Record #1
===========================================================================
Step = 86
Time = 8.6
Data = ux;uy;uz
File = parameter_sweeps/tmax5_disp.txt

Data Record #2
===========================================================================
Step = 86
Time = 8.6
Data = sz;J
File = parameter_sweeps/tmax5_stress.txt

===== beginning time step 87 : 8.7 =====


Reforming stiffness matrix: reformation #1

 1
 Nonlinear solution status: time= 8.7
	stiffness updates             = 0
	right hand side evaluations   = 2
	stiffness matrix reformations = 1
	step from line search         = 1.000000
	convergence norms :     INITIAL         CURRENT         REQUIRED
	   residual            1.787813e+01    1.623176e-07    0.000000e+00 
	   energy              1.097206e-01    5.211476e-06    1.097206e-03 
	   displacement        6.152927e-03    6.152927e-03    6.152927e-09 
 2
 Nonlinear solution status: time= 8.7
	stiffness updates             = 1
	right hand side evaluations   = 3
	stiffness matrix reformations = 1
	step from line search         = 1.000000
	convergence norms :     INITIAL         CURRENT         REQUIRED
	   residual            1.787813e+01    1.673253e-12    0.000000e+00 
	   energy              1.097206e-01    2.847510e-12    1.097206e-03 
	   displacement        6.152927e-03    1.396271e-10    6.151821e-09 

convergence summary
    number of iterations   : 2
    number of reformations : 1

------- converged at time : 8.7


Data Record #1
===========================================================================
Step = 87
Time = 8.7
Data = ux;uy;uz
File = parameter_sweeps/tmax5_disp.txt

Data Record #2
===========================================================================
Step = 87
Time = 8.7
Data = sz;J
File = parameter_sweeps/tmax5_stress.txt

===== beginning time step 88 : 8.8 =====


Reforming stiffness matrix: reformation #1

 1
 Nonlinear solution status: time= 8.8
	stiffness updates             = 0
	right hand side evaluations   = 2
	stiffness matrix reformations = 1
	step from line search         = 1.000000
	convergence norms :     INITIAL         CURRENT         REQUIRED
	   residual            2.160604e+01    2.008245e-07    0.000000e+00 
	   energy              1.293808e-01    5.597750e-06    1.293808e-03 
	   displacement        7.188264e-03    7.188264e-03    7.188264e-09 
 2
 Nonlinear solution status: time= 8.8
	stiffness updates             = 1
	right hand side evaluations   = 3
	stiffness matrix reformations = 1
	step from line search         = 1.000000
	convergence norms :     INITIAL         CURRENT         REQUIRED
	   residual            2.160604e+01    1.996118e-12    0.000000e+00 
	   energy              1.293808e-01    3.234996e-12    1.293808e-03 
	   displacement        7.188264e-03    1.519414e-10    7.187073e-09 

convergence summary
    number of iterations   : 2
    number of reformations : 1

------- converged at time : 8.8


Data Record #1
===========================================================================
Step = 88
Time = 8.8
Data = ux;uy;uz
File = parameter_sweeps/tmax5_disp.txt

Data Record #2
===========================================================================
Step = 88
Time = 8.8
Data = sz;J
File = parameter_sweeps/tmax5_stress.txt

===== beginning time step 89 : 8.9 =====


Reforming stiffness matrix: reformation #1

 1
 Nonlinear solution status: time= 8.9
	stiffness updates             = 0
	right hand side evaluations   = 2
	stiffness matrix reformations = 1
	step from line search         = 1.000000
	convergence norms :     INITIAL         CURRENT         REQUIRED
	   residual            2.509464e+01    2.125564e-07    0.000000e+00 
	   energy              1.484707e-01    5.988481e-06    1.484707e-03 
	   displacement        8.221845e-03    8.221845e-03    8.221845e-09 
 2
 Nonlinear solution status: time= 8.9
	stiffness updates             = 1
	right hand side evaluations   = 3
	stiffness matrix reformations = 1
	step from line search         = 1.000000
	convergence norms :     INITIAL         CURRENT         REQUIRED
	   residual            2.509464e+01    2.154370e-12    0.000000e+00 
	   energy              1.484707e-01    3.224027e-12    1.484707e-03 
	   displacement        8.221845e-03    1.526261e-10    8.220616e-09 

convergence summary
    number of iterations   : 2
    number of reformations : 1

------- converged at time : 8.9


Data Record #1
===========================================================================
Step = 89
Time = 8.9
Data = ux;uy;uz
File = parameter_sweeps/tmax5_disp.txt

Data Record #2
===========================================================================
Step = 89
Time = 8.9
Data = sz;J
File = parameter_sweeps/tmax5_stress.txt

===== beginning time step 90 : 9 =====


Reforming stiffness matrix: reformation #1

 1
 Nonlinear solution status: time= 9
	stiffness updates             = 0
	right hand side evaluations   = 2
	stiffness matrix reformations = 1
	step from line search         = 1.000000
	convergence norms :     INITIAL         CURRENT         REQUIRED
	   residual            2.803873e+01    2.104619e-07    0.000000e+00 
	   energy              1.646917e-01    6.277270e-06    1.646917e-03 
	   displacement        9.030526e-03    9.030526e-03    9.030526e-09 
 2
 Nonlinear solution status: time= 9
	stiffness updates             = 1
	right hand side evaluations   = 3
	stiffness matrix reformations = 1
	step from line search         = 1.000000
	convergence norms :     INITIAL         CURRENT         REQUIRED
	   residual            2.803873e+01    2.378403e-12    0.000000e+00 
	   energy              1.646917e-01    3.260479e-12    1.646917e-03 
	   displacement        9.030526e-03    1.456848e-10    9.029318e-09 

convergence summary
    number of iterations   : 2
    number of reformations : 1

------- converged at time : 9


Data Record #1
===========================================================================
Step = 90
Time = 9
Data = ux;uy;uz
File = parameter_sweeps/tmax5_disp.txt

Data Record #2
===========================================================================
Step = 90
Time = 9
Data = sz;J
File = parameter_sweeps/tmax5_stress.txt

===== beginning time step 91 : 9.1 =====


Reforming stiffness matrix: reformation #1

 1
 Nonlinear solution status: time= 9.1
	stiffness updates             = 0
	right hand side evaluations   = 2
	stiffness matrix reformations = 1
	step from line search         = 1.000000
	convergence norms :     INITIAL         CURRENT         REQUIRED
	   residual            2.983812e+01    2.084575e-07    0.000000e+00 
	   energy              1.760798e-01    6.364142e-06    1.760798e-03 
	   displacement        9.570484e-03    9.570484e-03    9.570484e-09 
 2
 Nonlinear solution status: time= 9.1
	stiffness updates             = 1
	right hand side evaluations   = 3
	stiffness matrix reformations = 1
	step from line search         = 1.000000
	convergence norms :     INITIAL         CURRENT         REQUIRED
	   residual            2.983812e+01    2.230026e-12    0.000000e+00 
	   energy              1.760798e-01    3.210306e-12    1.760798e-03 
	   displacement        9.570484e-03    1.467598e-10    9.569286e-09 

convergence summary
    number of iterations   : 2
    number of reformations : 1

------- converged at time : 9.1


Data Record #1
===========================================================================
Step = 91
Time = 9.1
Data = ux;uy;uz
File = parameter_sweeps/tmax5_disp.txt

Data Record #2
===========================================================================
Step = 91
Time = 9.1
Data = sz;J
File = parameter_sweeps/tmax5_stress.txt

===== beginning time step 92 : 9.2 =====


Reforming stiffness matrix: reformation #1

 1
 Nonlinear solution status: time= 9.2
	stiffness updates             = 0
	right hand side evaluations   = 2
	stiffness matrix reformations = 1
	step from line search         = 1.000000
	convergence norms :     INITIAL         CURRENT         REQUIRED
	   residual            3.014868e+01    1.934410e-07    0.000000e+00 
	   energy              1.816711e-01    6.086219e-06    1.816711e-03 
	   displacement        9.888304e-03    9.888304e-03    9.888304e-09 
 2
 Nonlinear solution status: time= 9.2
	stiffness updates             = 1
	right hand side evaluations   = 3
	stiffness matrix reformations = 1
	step from line search         = 1.000000
	convergence norms :     INITIAL         CURRENT         REQUIRED
	   residual            3.014868e+01    1.847997e-12    0.000000e+00 
	   energy              1.816711e-01    2.895327e-12    1.816711e-03 
	   displacement        9.888304e-03    1.481306e-10    9.887079e-09 

convergence summary
    number of iterations   : 2
    number of reformations : 1

------- converged at time : 9.2


Data Record #1
===========================================================================
Step = 92
Time = 9.2
Data = ux;uy;uz
File = parameter_sweeps/tmax5_disp.txt

Data Record #2
===========================================================================
Step = 92
Time = 9.2
Data = sz;J
File = parameter_sweeps/tmax5_stress.txt

===== beginning time step 93 : 9.3 =====


Reforming stiffness matrix: reformation #1

 1
 Nonlinear solution status: time= 9.3
	stiffness updates             = 0
	right hand side evaluations   = 2
	stiffness matrix reformations = 1
	step from line search         = 1.000000
	convergence norms :     INITIAL         CURRENT         REQUIRED
	   residual            2.935357e+01    1.818227e-07    0.000000e+00 
	   energy              1.821455e-01    5.592916e-06    1.821455e-03 
	   displacement        9.995742e-03    9.995742e-03    9.995742e-09 
 2
 Nonlinear solution status: time= 9.3
	stiffness updates             = 1
	right hand side evaluations   = 3
	stiffness matrix reformations = 1
	step from line search         = 1.000000
	convergence norms :     INITIAL         CURRENT         REQUIRED
	   residual            2.935357e+01    1.903005e-12    0.000000e+00 
	   energy              1.821455e-01    2.839838e-12    1.821455e-03 
	   displacement        9.995742e-03    1.495004e-10    9.994461e-09 

convergence summary
    number of iterations   : 2
    number of reformations : 1

------- converged at time : 9.3


Data Record #1
===========================================================================
Step = 93
Time = 9.3
Data = ux;uy;uz
File = parameter_sweeps/tmax5_disp.txt

Data Record #2
===========================================================================
Step = 93
Time = 9.3
Data = sz;J
File = parameter_sweeps/tmax5_stress.txt

===== beginning time step 94 : 9.4 =====


Reforming stiffness matrix: reformation #1

 1
 Nonlinear solution status: time= 9.4
	stiffness updates             = 0
	right hand side evaluations   = 2
	stiffness matrix reformations = 1
	step from line search         = 1.000000
	convergence norms :     INITIAL         CURRENT         REQUIRED
	   residual            2.817058e+01    1.542021e-07    0.000000e+00 
	   energy              1.797211e-01    5.264938e-06    1.797211e-03 
	   displacement        9.935529e-03    9.935529e-03    9.935529e-09 
 2
 Nonlinear solution status: time= 9.4
	stiffness updates             = 1
	right hand side evaluations   = 3
	stiffness matrix reformations = 1
	step from line search         = 1.000000
	convergence norms :     INITIAL         CURRENT         REQUIRED
	   residual            2.817058e+01    1.756322e-12    0.000000e+00 
	   energy              1.797211e-01    2.755185e-12    1.797211e-03 
	   displacement        9.935529e-03    1.585454e-10    9.934149e-09 

convergence summary
    number of iterations   : 2
    number of reformations : 1

------- converged at time : 9.4


Data Record #1
===========================================================================
Step = 94
Time = 9.4
Data = ux;uy;uz
File = parameter_sweeps/tmax5_disp.txt

Data Record #2
===========================================================================
Step = 94
Time = 9.4
Data = sz;J
File = parameter_sweeps/tmax5_stress.txt

===== beginning time step 95 : 9.5 =====


Reforming stiffness matrix: reformation #1

 1
 Nonlinear solution status: time= 9.5
	stiffness updates             = 0
	right hand side evaluations   = 2
	stiffness matrix reformations = 1
	step from line search         = 1.000000
	convergence norms :     INITIAL         CURRENT         REQUIRED
	   residual            2.719806e+01    1.298448e-07    0.000000e+00 
	   energy              1.773333e-01    5.133026e-06    1.773333e-03 
	   displacement        9.829029e-03    9.829029e-03    9.829029e-09 
 2
 Nonlinear solution status: time= 9.5
	stiffness updates             = 1
	right hand side evaluations   = 3
	stiffness matrix reformations = 1
	step from line search         = 1.000000
	convergence norms :     INITIAL         CURRENT         REQUIRED
	   residual            2.719806e+01    5.471044e-12    0.000000e+00 
	   energy              1.773333e-01    3.832307e-12    1.773333e-03 
	   displacement        9.829029e-03    1.669731e-10    9.827597e-09 

convergence summary
    number of iterations   : 2
    number of reformations : 1

------- converged at time : 9.5


Data Record #1
===========================================================================
Step = 95
Time = 9.5
Data = ux;uy;uz
File = parameter_sweeps/tmax5_disp.txt

Data Record #2
===========================================================================
Step = 95
Time = 9.5
Data = sz;J
File = parameter_sweeps/tmax5_stress.txt

===== beginning time step 96 : 9.6 =====


Reforming stiffness matrix: reformation #1

 1
 Nonlinear solution status: time= 9.6
	stiffness updates             = 0
	right hand side evaluations   = 2
	stiffness matrix reformations = 1
	step from line search         = 1.000000
	convergence norms :     INITIAL         CURRENT         REQUIRED
	   residual            2.699108e+01    9.520363e-08    0.000000e+00 
	   energy              1.779842e-01    4.884730e-06    1.779842e-03 
	   displacement        9.871747e-03    9.871747e-03    9.871747e-09 
 2
 Nonlinear solution status: time= 9.6
	stiffness updates             = 1
	right hand side evaluations   = 3
	stiffness matrix reformations = 1
	step from line search         = 1.000000
	convergence norms :     INITIAL         CURRENT         REQUIRED
	   residual            2.699108e+01    9.250345e-13    0.000000e+00 
	   energy              1.779842e-01    2.257615e-12    1.779842e-03 
	   displacement        9.871747e-03    1.638692e-10    9.870352e-09 

convergence summary
    number of iterations   : 2
    number of reformations : 1

------- converged at time : 9.6


Data Record #1
===========================================================================
Step = 96
Time = 9.6
Data = ux;uy;uz
File = parameter_sweeps/tmax5_disp.txt

Data Record #2
===========================================================================
Step = 96
Time = 9.6
Data = sz;J
File = parameter_sweeps/tmax5_stress.txt

===== beginning time step 97 : 9.7 =====


Reforming stiffness matrix: reformation #1

 1
 Nonlinear solution status: time= 9.7
	stiffness updates             = 0
	right hand side evaluations   = 2
	stiffness matrix reformations = 1
	step from line search         = 1.000000
	convergence norms :     INITIAL         CURRENT         REQUIRED
	   residual            2.811737e+01    6.713693e-08    0.000000e+00 
	   energy              1.840984e-01    4.426568e-06    1.840984e-03 
	   displacement        1.018862e-02    1.018862e-02    1.018862e-08 
 2
 Nonlinear solution status: time= 9.7
	stiffness updates             = 1
	right hand side evaluations   = 3
	stiffness matrix reformations = 1
	step from line search         = 1.000000
	convergence norms :     INITIAL         CURRENT         REQUIRED
	   residual            2.811737e+01    6.316154e-13    0.000000e+00 
	   energy              1.840984e-01    1.882932e-12    1.840984e-03 
	   displacement        1.018862e-02    1.463871e-10    1.018732e-08 

convergence summary
    number of iterations   : 2
    number of reformations : 1

------- converged at time : 9.7


Data Record #1
===========================================================================
Step = 97
Time = 9.7
Data = ux;uy;uz
File = parameter_sweeps/tmax5_disp.txt

Data Record #2
===========================================================================
Step = 97
Time = 9.7
Data = sz;J
File = parameter_sweeps/tmax5_stress.txt

===== beginning time step 98 : 9.8 =====


Reforming stiffness matrix: reformation #1

 1
 Nonlinear solution status: time= 9.8
	stiffness updates             = 0
	right hand side evaluations   = 2
	stiffness matrix reformations = 1
	step from line search         = 1.000000
	convergence norms :     INITIAL         CURRENT         REQUIRED
	   residual            3.095080e+01    4.990243e-08    0.000000e+00 
	   energy              1.967888e-01    3.861632e-06    1.967888e-03 
	   displacement        1.078196e-02    1.078196e-02    1.078196e-08 
 2
 Nonlinear solution status: time= 9.8
	stiffness updates             = 1
	right hand side evaluations   = 3
	stiffness matrix reformations = 1
	step from line search         = 1.000000
	convergence norms :     INITIAL         CURRENT         REQUIRED
	   residual            3.095080e+01    7.895697e-13    0.000000e+00 
	   energy              1.967888e-01    2.102437e-12    1.967888e-03 
	   displacement        1.078196e-02    1.364949e-10    1.078082e-08 

convergence summary
    number of iterations   : 2
    number of reformations : 1

------- converged at time : 9.8


Data Record #1
===========================================================================
Step = 98
Time = 9.8
Data = ux;uy;uz
File = parameter_sweeps/tmax5_disp.txt

Data Record #2
===========================================================================
Step = 98
Time = 9.8
Data = sz;J
File = parameter_sweeps/tmax5_stress.txt

===== beginning time step 99 : 9.9 =====


Reforming stiffness matrix: reformation #1

 1
 Nonlinear solution status: time= 9.9
	stiffness updates             = 0
	right hand side evaluations   = 2
	stiffness matrix reformations = 1
	step from line search         = 1.000000
	convergence norms :     INITIAL         CURRENT         REQUIRED
	   residual            3.546536e+01    5.948932e-08    0.000000e+00 
	   energy              2.156382e-01    3.458726e-06    2.156382e-03 
	   displacement        1.160410e-02    1.160410e-02    1.160410e-08 
 2
 Nonlinear solution status: time= 9.9
	stiffness updates             = 1
	right hand side evaluations   = 3
	stiffness matrix reformations = 1
	step from line search         = 1.000000
	convergence norms :     INITIAL         CURRENT         REQUIRED
	   residual            3.546536e+01    1.018927e-12    0.000000e+00 
	   energy              2.156382e-01    2.460415e-12    2.156382e-03 
	   displacement        1.160410e-02    1.397043e-10    1.160305e-08 

convergence summary
    number of iterations   : 2
    number of reformations : 1

------- converged at time : 9.9


Data Record #1
===========================================================================
Step = 99
Time = 9.9
Data = ux;uy;uz
File = parameter_sweeps/tmax5_disp.txt

Data Record #2
===========================================================================
Step = 99
Time = 9.9
Data = sz;J
File = parameter_sweeps/tmax5_stress.txt

===== beginning time step 100 : 10 =====


Reforming stiffness matrix: reformation #1

 1
 Nonlinear solution status: time= 10
	stiffness updates             = 0
	right hand side evaluations   = 2
	stiffness matrix reformations = 1
	step from line search         = 1.000000
	convergence norms :     INITIAL         CURRENT         REQUIRED
	   residual            4.122722e+01    5.020068e-08    0.000000e+00 
	   energy              2.395788e-01    3.231104e-06    2.395788e-03 
	   displacement        1.261378e-02    1.261378e-02    1.261378e-08 
 2
 Nonlinear solution status: time= 10
	stiffness updates             = 1
	right hand side evaluations   = 3
	stiffness matrix reformations = 1
	step from line search         = 1.000000
	convergence norms :     INITIAL         CURRENT         REQUIRED
	   residual            4.122722e+01    1.018052e-12    0.000000e+00 
	   energy              2.395788e-01    2.227565e-12    2.395788e-03 
	   displacement        1.261378e-02    1.311761e-10    1.261282e-08 

convergence summary
    number of iterations   : 2
    number of reformations : 1

------- converged at time : 10


Data Record #1
===========================================================================
Step = 100
Time = 10
Data = ux;uy;uz
File = parameter_sweeps/tmax5_disp.txt

Data Record #2
===========================================================================
Step = 100
Time = 10
Data = sz;J
File = parameter_sweeps/tmax5_stress.txt

===== beginning time step 101 : 10.1 =====


Reforming stiffness matrix: reformation #1

 1
 Nonlinear solution status: time= 10.1
	stiffness updates             = 0
	right hand side evaluations   = 2
	stiffness matrix reformations = 1
	step from line search         = 1.000000
	convergence norms :     INITIAL         CURRENT         REQUIRED
	   residual            4.779694e+01    4.609017e-08    0.000000e+00 
	   energy              2.676189e-01    3.233563e-06    2.676189e-03 
	   displacement        1.377524e-02    1.377524e-02    1.377524e-08 
 2
 Nonlinear solution status: time= 10.1
	stiffness updates             = 1
	right hand side evaluations   = 3
	stiffness matrix reformations = 1
	step from line search         = 1.000000
	convergence norms :     INITIAL         CURRENT         REQUIRED
	   residual            4.779694e+01    9.278901e-13    0.000000e+00 
	   energy              2.676189e-01    1.967100e-12    2.676189e-03 
	   displacement        1.377524e-02    1.172647e-10    1.377440e-08 

convergence summary
    number of iterations   : 2
    number of reformations : 1

------- converged at time : 10.1


Data Record #1
===========================================================================
Step = 101
Time = 10.1
Data = ux;uy;uz
File = parameter_sweeps/tmax5_disp.txt

Data Record #2
===========================================================================
Step = 101
Time = 10.1
Data = sz;J
File = parameter_sweeps/tmax5_stress.txt

===== beginning time step 102 : 10.2 =====


Reforming stiffness matrix: reformation #1

 1
 Nonlinear solution status: time= 10.2
	stiffness updates             = 0
	right hand side evaluations   = 2
	stiffness matrix reformations = 1
	step from line search         = 1.000000
	convergence norms :     INITIAL         CURRENT         REQUIRED
	   residual            5.508448e+01    5.719743e-08    0.000000e+00 
	   energy              2.986686e-01    3.485253e-06    2.986686e-03 
	   displacement        1.502409e-02    1.502409e-02    1.502409e-08 
 2
 Nonlinear solution status: time= 10.2
	stiffness updates             = 1
	right hand side evaluations   = 3
	stiffness matrix reformations = 1
	step from line search         = 1.000000
	convergence norms :     INITIAL         CURRENT         REQUIRED
	   residual            5.508448e+01    1.013145e-12    0.000000e+00 
	   energy              2.986686e-01    2.213361e-12    2.986686e-03 
	   displacement        1.502409e-02    1.193053e-10    1.502330e-08 

convergence summary
    number of iterations   : 2
    number of reformations : 1

------- converged at time : 10.2


Data Record #1
===========================================================================
Step = 102
Time = 10.2
Data = ux;uy;uz
File = parameter_sweeps/tmax5_disp.txt

Data Record #2
===========================================================================
Step = 102
Time = 10.2
Data = sz;J
File = parameter_sweeps/tmax5_stress.txt

===== beginning time step 103 : 10.3 =====


Reforming stiffness matrix: reformation #1

 1
 Nonlinear solution status: time= 10.3
	stiffness updates             = 0
	right hand side evaluations   = 2
	stiffness matrix reformations = 1
	step from line search         = 1.000000
	convergence norms :     INITIAL         CURRENT         REQUIRED
	   residual            6.312313e+01    9.401688e-08    0.000000e+00 
	   energy              3.318406e-01    3.748277e-06    3.318406e-03 
	   displacement        1.628612e-02    1.628612e-02    1.628612e-08 
 2
 Nonlinear solution status: time= 10.3
	stiffness updates             = 1
	right hand side evaluations   = 3
	stiffness matrix reformations = 1
	step from line search         = 1.000000
	convergence norms :     INITIAL         CURRENT         REQUIRED
	   residual            6.312313e+01    1.575144e-12    0.000000e+00 
	   energy              3.318406e-01    3.032733e-12    3.318406e-03 
	   displacement        1.628612e-02    1.342268e-10    1.628539e-08 

convergence summary
    number of iterations   : 2
    number of reformations : 1

------- converged at time : 10.3


Data Record #1
===========================================================================
Step = 103
Time = 10.3
Data = ux;uy;uz
File = parameter_sweeps/tmax5_disp.txt

Data Record #2
===========================================================================
Step = 103
Time = 10.3
Data = sz;J
File = parameter_sweeps/tmax5_stress.txt

===== beginning time step 104 : 10.4 =====


Reforming stiffness matrix: reformation #1

 1
 Nonlinear solution status: time= 10.4
	stiffness updates             = 0
	right hand side evaluations   = 2
	stiffness matrix reformations = 1
	step from line search         = 1.000000
	convergence norms :     INITIAL         CURRENT         REQUIRED
	   residual            7.166434e+01    1.299361e-07    0.000000e+00 
	   energy              3.672441e-01    3.813678e-06    3.672441e-03 
	   displacement        1.758229e-02    1.758229e-02    1.758229e-08 
 2
 Nonlinear solution status: time= 10.4
	stiffness updates             = 1
	right hand side evaluations   = 3
	stiffness matrix reformations = 1
	step from line search         = 1.000000
	convergence norms :     INITIAL         CURRENT         REQUIRED
	   residual            7.166434e+01    2.254866e-12    0.000000e+00 
	   energy              3.672441e-01    3.990370e-12    3.672441e-03 
	   displacement        1.758229e-02    1.457036e-10    1.758166e-08 

convergence summary
    number of iterations   : 2
    number of reformations : 1

------- converged at time : 10.4


Data Record #1
===========================================================================
Step = 104
Time = 10.4
Data = ux;uy;uz
File = parameter_sweeps/tmax5_disp.txt

Data Record #2
===========================================================================
Step = 104
Time = 10.4
Data = sz;J
File = parameter_sweeps/tmax5_stress.txt

===== beginning time step 105 : 10.5 =====


Reforming stiffness matrix: reformation #1

 1
 Nonlinear solution status: time= 10.5
	stiffness updates             = 0
	right hand side evaluations   = 2
	stiffness matrix reformations = 1
	step from line search         = 1.000000
	convergence norms :     INITIAL         CURRENT         REQUIRED
	   residual            8.040681e+01    1.317511e-07    0.000000e+00 
	   energy              4.061412e-01    3.757923e-06    4.061412e-03 
	   displacement        1.906947e-02    1.906947e-02    1.906947e-08 
 2
 Nonlinear solution status: time= 10.5
	stiffness updates             = 1
	right hand side evaluations   = 3
	stiffness matrix reformations = 1
	step from line search         = 1.000000
	convergence norms :     INITIAL         CURRENT         REQUIRED
	   residual            8.040681e+01    2.484579e-12    0.000000e+00 
	   energy              4.061412e-01    4.577759e-12    4.061412e-03 
	   displacement        1.906947e-02    1.532250e-10    1.906888e-08 

convergence summary
    number of iterations   : 2
    number of reformations : 1

------- converged at time : 10.5


Data Record #1
===========================================================================
Step = 105
Time = 10.5
Data = ux;uy;uz
File = parameter_sweeps/tmax5_disp.txt

Data Record #2
===========================================================================
Step = 105
Time = 10.5
Data = sz;J
File = parameter_sweeps/tmax5_stress.txt

===== beginning time step 106 : 10.6 =====


Reforming stiffness matrix: reformation #1

 1
 Nonlinear solution status: time= 10.6
	stiffness updates             = 0
	right hand side evaluations   = 2
	stiffness matrix reformations = 1
	step from line search         = 1.000000
	convergence norms :     INITIAL         CURRENT         REQUIRED
	   residual            8.932393e+01    1.319042e-07    0.000000e+00 
	   energy              4.501403e-01    3.879700e-06    4.501403e-03 
	   displacement        2.089325e-02    2.089325e-02    2.089325e-08 
 2
 Nonlinear solution status: time= 10.6
	stiffness updates             = 1
	right hand side evaluations   = 3
	stiffness matrix reformations = 1
	step from line search         = 1.000000
	convergence norms :     INITIAL         CURRENT         REQUIRED
	   residual            8.932393e+01    2.734275e-12    0.000000e+00 
	   energy              4.501403e-01    4.823955e-12    4.501403e-03 
	   displacement        2.089325e-02    1.613734e-10    2.089258e-08 

convergence summary
    number of iterations   : 2
    number of reformations : 1

------- converged at time : 10.6


Data Record #1
===========================================================================
Step = 106
Time = 10.6
Data = ux;uy;uz
File = parameter_sweeps/tmax5_disp.txt

Data Record #2
===========================================================================
Step = 106
Time = 10.6
Data = sz;J
File = parameter_sweeps/tmax5_stress.txt

===== beginning time step 107 : 10.7 =====


Reforming stiffness matrix: reformation #1

 1
 Nonlinear solution status: time= 10.7
	stiffness updates             = 0
	right hand side evaluations   = 2
	stiffness matrix reformations = 1
	step from line search         = 1.000000
	convergence norms :     INITIAL         CURRENT         REQUIRED
	   residual            9.860827e+01    1.271644e-07    0.000000e+00 
	   energy              5.001839e-01    4.353410e-06    5.001839e-03 
	   displacement        2.312164e-02    2.312164e-02    2.312164e-08 
 2
 Nonlinear solution status: time= 10.7
	stiffness updates             = 1
	right hand side evaluations   = 3
	stiffness matrix reformations = 1
	step from line search         = 1.000000
	convergence norms :     INITIAL         CURRENT         REQUIRED
	   residual            9.860827e+01    2.604899e-12    0.000000e+00 
	   energy              5.001839e-01    4.599297e-12    5.001839e-03 
	   displacement        2.312164e-02    1.737517e-10    2.312075e-08 

convergence summary
    number of iterations   : 2
    number of reformations : 1

------- converged at time : 10.7


Data Record #1
===========================================================================
Step = 107
Time = 10.7
Data = ux;uy;uz
File = parameter_sweeps/tmax5_disp.txt

Data Record #2
===========================================================================
Step = 107
Time = 10.7
Data = sz;J
File = parameter_sweeps/tmax5_stress.txt

===== beginning time step 108 : 10.8 =====


Reforming stiffness matrix: reformation #1

 1
 Nonlinear solution status: time= 10.8
	stiffness updates             = 0
	right hand side evaluations   = 2
	stiffness matrix reformations = 1
	step from line search         = 1.000000
	convergence norms :     INITIAL         CURRENT         REQUIRED
	   residual            1.081475e+02    1.365476e-07    0.000000e+00 
	   energy              5.563300e-01    5.219649e-06    5.563300e-03 
	   displacement        2.579891e-02    2.579891e-02    2.579891e-08 
 2
 Nonlinear solution status: time= 10.8
	stiffness updates             = 1
	right hand side evaluations   = 3
	stiffness matrix reformations = 1
	step from line search         = 1.000000
	convergence norms :     INITIAL         CURRENT         REQUIRED
	   residual            1.081475e+02    2.868746e-12    0.000000e+00 
	   energy              5.563300e-01    4.831071e-12    5.563300e-03 
	   displacement        2.579891e-02    1.989735e-10    2.579769e-08 

convergence summary
    number of iterations   : 2
    number of reformations : 1

------- converged at time : 10.8


Data Record #1
===========================================================================
Step = 108
Time = 10.8
Data = ux;uy;uz
File = parameter_sweeps/tmax5_disp.txt

Data Record #2
===========================================================================
Step = 108
Time = 10.8
Data = sz;J
File = parameter_sweeps/tmax5_stress.txt

===== beginning time step 109 : 10.9 =====


Reforming stiffness matrix: reformation #1

 1
 Nonlinear solution status: time= 10.9
	stiffness updates             = 0
	right hand side evaluations   = 2
	stiffness matrix reformations = 1
	step from line search         = 1.000000
	convergence norms :     INITIAL         CURRENT         REQUIRED
	   residual            1.174517e+02    1.255098e-07    0.000000e+00 
	   energy              6.182237e-01    6.146668e-06    6.182237e-03 
	   displacement        2.894408e-02    2.894408e-02    2.894408e-08 
 2
 Nonlinear solution status: time= 10.9
	stiffness updates             = 1
	right hand side evaluations   = 3
	stiffness matrix reformations = 1
	step from line search         = 1.000000
	convergence norms :     INITIAL         CURRENT         REQUIRED
	   residual            1.174517e+02    2.827141e-12    0.000000e+00 
	   energy              6.182237e-01    4.667992e-12    6.182237e-03 
	   displacement        2.894408e-02    2.175360e-10    2.894257e-08 

convergence summary
    number of iterations   : 2
    number of reformations : 1

------- converged at time : 10.9


Data Record #1
===========================================================================
Step = 109
Time = 10.9
Data = ux;uy;uz
File = parameter_sweeps/tmax5_disp.txt

Data Record #2
===========================================================================
Step = 109
Time = 10.9
Data = sz;J
File = parameter_sweeps/tmax5_stress.txt

===== beginning time step 110 : 11 =====


Reforming stiffness matrix: reformation #1

 1
 Nonlinear solution status: time= 11
	stiffness updates             = 0
	right hand side evaluations   = 2
	stiffness matrix reformations = 1
	step from line search         = 1.000000
	convergence norms :     INITIAL         CURRENT         REQUIRED
	   residual            1.263167e+02    9.220063e-08    0.000000e+00 
	   energy              6.856167e-01    7.035866e-06    6.856167e-03 
	   displacement        3.256812e-02    3.256812e-02    3.256812e-08 
 2
 Nonlinear solution status: time= 11
	stiffness updates             = 1
	right hand side evaluations   = 3
	stiffness matrix reformations = 1
	step from line search         = 1.000000
	convergence norms :     INITIAL         CURRENT         REQUIRED
	   residual            1.263167e+02    2.159417e-12    0.000000e+00 
	   energy              6.856167e-01    4.322129e-12    6.856167e-03 
	   displacement        3.256812e-02    2.384848e-10    3.256631e-08 

convergence summary
    number of iterations   : 2
    number of reformations : 1

------- converged at time : 11


Data Record #1
===========================================================================
Step = 110
Time = 11
Data = ux;uy;uz
File = parameter_sweeps/tmax5_disp.txt

Data Record #2
===========================================================================
Step = 110
Time = 11
Data = sz;J
File = parameter_sweeps/tmax5_stress.txt

===== beginning time step 111 : 11.1 =====


Reforming stiffness matrix: reformation #1

 1
 Nonlinear solution status: time= 11.1
	stiffness updates             = 0
	right hand side evaluations   = 2
	stiffness matrix reformations = 1
	step from line search         = 1.000000
	convergence norms :     INITIAL         CURRENT         REQUIRED
	   residual            1.351536e+02    8.740540e-08    0.000000e+00 
	   energy              7.583399e-01    8.109898e-06    7.583399e-03 
	   displacement        3.657375e-02    3.657375e-02    3.657375e-08 
 2
 Nonlinear solution status: time= 11.1
	stiffness updates             = 1
	right hand side evaluations   = 3
	stiffness matrix reformations = 1
	step from line search         = 1.000000
	convergence norms :     INITIAL         CURRENT         REQUIRED
	   residual            1.351536e+02    2.022860e-12    0.000000e+00 
	   energy              7.583399e-01    4.912867e-12    7.583399e-03 
	   displacement        3.657375e-02    2.756957e-10    3.657150e-08 

convergence summary
    number of iterations   : 2
    number of reformations : 1

------- converged at time : 11.1


Data Record #1
===========================================================================
Step = 111
Time = 11.1
Data = ux;uy;uz
File = parameter_sweeps/tmax5_disp.txt

Data Record #2
===========================================================================
Step = 111
Time = 11.1
Data = sz;J
File = parameter_sweeps/tmax5_stress.txt

===== beginning time step 112 : 11.2 =====


Reforming stiffness matrix: reformation #1

 1
 Nonlinear solution status: time= 11.2
	stiffness updates             = 0
	right hand side evaluations   = 2
	stiffness matrix reformations = 1
	step from line search         = 1.000000
	convergence norms :     INITIAL         CURRENT         REQUIRED
	   residual            1.448642e+02    9.966407e-08    0.000000e+00 
	   energy              8.356635e-01    9.414217e-06    8.356635e-03 
	   displacement        4.070441e-02    4.070441e-02    4.070441e-08 
 2
 Nonlinear solution status: time= 11.2
	stiffness updates             = 1
	right hand side evaluations   = 3
	stiffness matrix reformations = 1
	step from line search         = 1.000000
	convergence norms :     INITIAL         CURRENT         REQUIRED
	   residual            1.448642e+02    2.196610e-12    0.000000e+00 
	   energy              8.356635e-01    5.887782e-12    8.356635e-03 
	   displacement        4.070441e-02    3.172609e-10    4.070175e-08 

convergence summary
    number of iterations   : 2
    number of reformations : 1

------- converged at time : 11.2


Data Record #1
===========================================================================
Step = 112
Time = 11.2
Data = ux;uy;uz
File = parameter_sweeps/tmax5_disp.txt

Data Record #2
===========================================================================
Step = 112
Time = 11.2
Data = sz;J
File = parameter_sweeps/tmax5_stress.txt

===== beginning time step 113 : 11.3 =====


Reforming stiffness matrix: reformation #1

 1
 Nonlinear solution status: time= 11.3
	stiffness updates             = 0
	right hand side evaluations   = 2
	stiffness matrix reformations = 1
	step from line search         = 1.000000
	convergence norms :     INITIAL         CURRENT         REQUIRED
	   residual            1.560363e+02    9.119798e-08    0.000000e+00 
	   energy              9.158356e-01    1.091998e-05    9.158356e-03 
	   displacement        4.479570e-02    4.479570e-02    4.479570e-08 
 2
 Nonlinear solution status: time= 11.3
	stiffness updates             = 1
	right hand side evaluations   = 3
	stiffness matrix reformations = 1
	step from line search         = 1.000000
	convergence norms :     INITIAL         CURRENT         REQUIRED
	   residual            1.560363e+02    2.276886e-12    0.000000e+00 
	   energy              9.158356e-01    6.111097e-12    9.158356e-03 
	   displacement        4.479570e-02    3.515429e-10    4.479277e-08 

convergence summary
    number of iterations   : 2
    number of reformations : 1

------- converged at time : 11.3


Data Record #1
===========================================================================
Step = 113
Time = 11.3
Data = ux;uy;uz
File = parameter_sweeps/tmax5_disp.txt

Data Record #2
===========================================================================
Step = 113
Time = 11.3
Data = sz;J
File = parameter_sweeps/tmax5_stress.txt

===== beginning time step 114 : 11.4 =====


Reforming stiffness matrix: reformation #1

 1
 Nonlinear solution status: time= 11.4
	stiffness updates             = 0
	right hand side evaluations   = 2
	stiffness matrix reformations = 1
	step from line search         = 1.000000
	convergence norms :     INITIAL         CURRENT         REQUIRED
	   residual            1.683152e+02    8.181409e-08    0.000000e+00 
	   energy              9.959696e-01    1.260499e-05    9.959696e-03 
	   displacement        4.876186e-02    4.876186e-02    4.876186e-08 
 2
 Nonlinear solution status: time= 11.4
	stiffness updates             = 1
	right hand side evaluations   = 3
	stiffness matrix reformations = 1
	step from line search         = 1.000000
	convergence norms :     INITIAL         CURRENT         REQUIRED
	   residual            1.683152e+02    1.855638e-12    0.000000e+00 
	   energy              9.959696e-01    5.987195e-12    9.959696e-03 
	   displacement        4.876186e-02    3.795429e-10    4.875861e-08 

convergence summary
    number of iterations   : 2
    number of reformations : 1

------- converged at time : 11.4


Data Record #1
===========================================================================
Step = 114
Time = 11.4
Data = ux;uy;uz
File = parameter_sweeps/tmax5_disp.txt

Data Record #2
===========================================================================
Step = 114
Time = 11.4
Data = sz;J
File = parameter_sweeps/tmax5_stress.txt

===== beginning time step 115 : 11.5 =====


Reforming stiffness matrix: reformation #1

 1
 Nonlinear solution status: time= 11.5
	stiffness updates             = 0
	right hand side evaluations   = 2
	stiffness matrix reformations = 1
	step from line search         = 1.000000
	convergence norms :     INITIAL         CURRENT         REQUIRED
	   residual            1.809981e+02    8.860337e-08    0.000000e+00 
	   energy              1.072707e+00    1.425116e-05    1.072707e-02 
	   displacement        5.244443e-02    5.244443e-02    5.244443e-08 
 2
 Nonlinear solution status: time= 11.5
	stiffness updates             = 1
	right hand side evaluations   = 3
	stiffness matrix reformations = 1
	step from line search         = 1.000000
	convergence norms :     INITIAL         CURRENT         REQUIRED
	   residual            1.809981e+02    1.647009e-12    0.000000e+00 
	   energy              1.072707e+00    6.032065e-12    1.072707e-02 
	   displacement        5.244443e-02    3.983714e-10    5.244087e-08 

convergence summary
    number of iterations   : 2
    number of reformations : 1

------- converged at time : 11.5


Data Record #1
===========================================================================
Step = 115
Time = 11.5
Data = ux;uy;uz
File = parameter_sweeps/tmax5_disp.txt

Data Record #2
===========================================================================
Step = 115
Time = 11.5
Data = sz;J
File = parameter_sweeps/tmax5_stress.txt

===== beginning time step 116 : 11.6 =====


Reforming stiffness matrix: reformation #1

 1
 Nonlinear solution status: time= 11.6
	stiffness updates             = 0
	right hand side evaluations   = 2
	stiffness matrix reformations = 1
	step from line search         = 1.000000
	convergence norms :     INITIAL         CURRENT         REQUIRED
	   residual            1.938181e+02    9.577800e-08    0.000000e+00 
	   energy              1.143198e+00    1.555412e-05    1.143198e-02 
	   displacement        5.568511e-02    5.568511e-02    5.568511e-08 
 2
 Nonlinear solution status: time= 11.6
	stiffness updates             = 1
	right hand side evaluations   = 3
	stiffness matrix reformations = 1
	step from line search         = 1.000000
	convergence norms :     INITIAL         CURRENT         REQUIRED
	   residual            1.938181e+02    1.552619e-12    0.000000e+00 
	   energy              1.143198e+00    5.701380e-12    1.143198e-02 
	   displacement        5.568511e-02    3.995119e-10    5.568135e-08 

convergence summary
    number of iterations   : 2
    number of reformations : 1

------- converged at time : 11.6


Data Record #1
===========================================================================
Step = 116
Time = 11.6
Data = ux;uy;uz
File = parameter_sweeps/tmax5_disp.txt

Data Record #2
===========================================================================
Step = 116
Time = 11.6
Data = sz;J
File = parameter_sweeps/tmax5_stress.txt

===== beginning time step 117 : 11.7 =====


Reforming stiffness matrix: reformation #1

 1
 Nonlinear solution status: time= 11.7
	stiffness updates             = 0
	right hand side evaluations   = 2
	stiffness matrix reformations = 1
	step from line search         = 1.000000
	convergence norms :     INITIAL         CURRENT         REQUIRED
	   residual            2.065280e+02    8.951448e-08    0.000000e+00 
	   energy              1.205254e+00    1.633114e-05    1.205254e-02 
	   displacement        5.836065e-02    5.836065e-02    5.836065e-08 
 2
 Nonlinear solution status: time= 11.7
	stiffness updates             = 1
	right hand side evaluations   = 3
	stiffness matrix reformations = 1
	step from line search         = 1.000000
	convergence norms :     INITIAL         CURRENT         REQUIRED
	   residual            2.065280e+02    1.525819e-12    0.000000e+00 
	   energy              1.205254e+00    5.487406e-12    1.205254e-02 
	   displacement        5.836065e-02    4.004352e-10    5.835679e-08 

convergence summary
    number of iterations   : 2
    number of reformations : 1

------- converged at time : 11.7


Data Record #1
===========================================================================
Step = 117
Time = 11.7
Data = ux;uy;uz
File = parameter_sweeps/tmax5_disp.txt

Data Record #2
===========================================================================
Step = 117
Time = 11.7
Data = sz;J
File = parameter_sweeps/tmax5_stress.txt

===== beginning time step 118 : 11.8 =====


Reforming stiffness matrix: reformation #1

 1
 Nonlinear solution status: time= 11.8
	stiffness updates             = 0
	right hand side evaluations   = 2
	stiffness matrix reformations = 1
	step from line search         = 1.000000
	convergence norms :     INITIAL         CURRENT         REQUIRED
	   residual            2.185252e+02    8.236326e-08    0.000000e+00 
	   energy              1.257025e+00    1.638796e-05    1.257025e-02 
	   displacement        6.041162e-02    6.041162e-02    6.041162e-08 
 2
 Nonlinear solution status: time= 11.8
	stiffness updates             = 1
	right hand side evaluations   = 3
	stiffness matrix reformations = 1
	step from line search         = 1.000000
	convergence norms :     INITIAL         CURRENT         REQUIRED
	   residual            2.185252e+02    1.846718e-12    0.000000e+00 
	   energy              1.257025e+00    6.029495e-12    1.257025e-02 
	   displacement        6.041162e-02    4.217669e-10    6.040773e-08 

convergence summary
    number of iterations   : 2
    number of reformations : 1

------- converged at time : 11.8


Data Record #1
===========================================================================
Step = 118
Time = 11.8
Data = ux;uy;uz
File = parameter_sweeps/tmax5_disp.txt

Data Record #2
===========================================================================
Step = 118
Time = 11.8
Data = sz;J
File = parameter_sweeps/tmax5_stress.txt

===== beginning time step 119 : 11.9 =====


Reforming stiffness matrix: reformation #1

 1
 Nonlinear solution status: time= 11.9
	stiffness updates             = 0
	right hand side evaluations   = 2
	stiffness matrix reformations = 1
	step from line search         = 1.000000
	convergence norms :     INITIAL         CURRENT         REQUIRED
	   residual            2.290784e+02    8.892013e-08    0.000000e+00 
	   energy              1.297359e+00    1.559771e-05    1.297359e-02 
	   displacement        6.189344e-02    6.189344e-02    6.189344e-08 
 2
 Nonlinear solution status: time= 11.9
	stiffness updates             = 1
	right hand side evaluations   = 3
	stiffness matrix reformations = 1
	step from line search         = 1.000000
	convergence norms :     INITIAL         CURRENT         REQUIRED
	   residual            2.290784e+02    2.004943e-12    0.000000e+00 
	   energy              1.297359e+00    6.589312e-12    1.297359e-02 
	   displacement        6.189344e-02    4.296368e-10    6.188968e-08 

convergence summary
    number of iterations   : 2
    number of reformations : 1

------- converged at time : 11.9


Data Record #1
===========================================================================
Step = 119
Time = 11.9
Data = ux;uy;uz
File = parameter_sweeps/tmax5_disp.txt

Data Record #2
===========================================================================
Step = 119
Time = 11.9
Data = sz;J
File = parameter_sweeps/tmax5_stress.txt

===== beginning time step 120 : 12 =====


Reforming stiffness matrix: reformation #1

 1
 Nonlinear solution status: time= 12
	stiffness updates             = 0
	right hand side evaluations   = 2
	stiffness matrix reformations = 1
	step from line search         = 1.000000
	convergence norms :     INITIAL         CURRENT         REQUIRED
	   residual            2.375543e+02    1.184191e-07    0.000000e+00 
	   energy              1.326676e+00    1.447096e-05    1.326676e-02 
	   displacement        6.292897e-02    6.292897e-02    6.292897e-08 
 2
 Nonlinear solution status: time= 12
	stiffness updates             = 1
	right hand side evaluations   = 3
	stiffness matrix reformations = 1
	step from line search         = 1.000000
	convergence norms :     INITIAL         CURRENT         REQUIRED
	   residual            2.375543e+02    2.747589e-12    0.000000e+00 
	   energy              1.326676e+00    7.073761e-12    1.326676e-02 
	   displacement        6.292897e-02    4.125443e-10    6.292555e-08 

convergence summary
    number of iterations   : 2
    number of reformations : 1

------- converged at time : 12


Data Record #1
===========================================================================
Step = 120
Time = 12
Data = ux;uy;uz
File = parameter_sweeps/tmax5_disp.txt

Data Record #2
===========================================================================
Step = 120
Time = 12
Data = sz;J
File = parameter_sweeps/tmax5_stress.txt

===== beginning time step 121 : 12.1 =====


Reforming stiffness matrix: reformation #1

 1
 Nonlinear solution status: time= 12.1
	stiffness updates             = 0
	right hand side evaluations   = 2
	stiffness matrix reformations = 1
	step from line search         = 1.000000
	convergence norms :     INITIAL         CURRENT         REQUIRED
	   residual            2.440298e+02    1.686645e-07    0.000000e+00 
	   energy              1.346828e+00    1.377301e-05    1.346828e-02 
	   displacement        6.360735e-02    6.360735e-02    6.360735e-08 
 2
 Nonlinear solution status: time= 12.1
	stiffness updates             = 1
	right hand side evaluations   = 3
	stiffness matrix reformations = 1
	step from line search         = 1.000000
	convergence norms :     INITIAL         CURRENT         REQUIRED
	   residual            2.440298e+02    3.881820e-12    0.000000e+00 
	   energy              1.346828e+00    7.908864e-12    1.346828e-02 
	   displacement        6.360735e-02    4.059819e-10    6.360415e-08 

convergence summary
    number of iterations   : 2
    number of reformations : 1

------- converged at time : 12.1


Data Record #1
===========================================================================
Step = 121
Time = 12.1
Data = ux;uy;uz
File = parameter_sweeps/tmax5_disp.txt

Data Record #2
===========================================================================
Step = 121
Time = 12.1
Data = sz;J
File = parameter_sweeps/tmax5_stress.txt

===== beginning time step 122 : 12.2 =====


Reforming stiffness matrix: reformation #1

 1
 Nonlinear solution status: time= 12.2
	stiffness updates             = 0
	right hand side evaluations   = 2
	stiffness matrix reformations = 1
	step from line search         = 1.000000
	convergence norms :     INITIAL         CURRENT         REQUIRED
	   residual            2.494692e+02    2.162330e-07    0.000000e+00 
	   energy              1.360405e+00    1.332238e-05    1.360405e-02 
	   displacement        6.398294e-02    6.398294e-02    6.398294e-08 
 2
 Nonlinear solution status: time= 12.2
	stiffness updates             = 1
	right hand side evaluations   = 3
	stiffness matrix reformations = 1
	step from line search         = 1.000000
	convergence norms :     INITIAL         CURRENT         REQUIRED
	   residual            2.494692e+02    5.420833e-12    0.000000e+00 
	   energy              1.360405e+00    8.685434e-12    1.360405e-02 
	   displacement        6.398294e-02    4.034560e-10    6.397992e-08 

convergence summary
    number of iterations   : 2
    number of reformations : 1

------- converged at time : 12.2


Data Record #1
===========================================================================
Step = 122
Time = 12.2
Data = ux;uy;uz
File = parameter_sweeps/tmax5_disp.txt

Data Record #2
===========================================================================
Step = 122
Time = 12.2
Data = sz;J
File = parameter_sweeps/tmax5_stress.txt

===== beginning time step 123 : 12.3 =====


Reforming stiffness matrix: reformation #1

 1
 Nonlinear solution status: time= 12.3
	stiffness updates             = 0
	right hand side evaluations   = 2
	stiffness matrix reformations = 1
	step from line search         = 1.000000
	convergence norms :     INITIAL         CURRENT         REQUIRED
	   residual            2.551566e+02    2.622025e-07    0.000000e+00 
	   energy              1.369949e+00    1.265246e-05    1.369949e-02 
	   displacement        6.405531e-02    6.405531e-02    6.405531e-08 
 2
 Nonlinear solution status: time= 12.3
	stiffness updates             = 1
	right hand side evaluations   = 3
	stiffness matrix reformations = 1
	step from line search         = 1.000000
	convergence norms :     INITIAL         CURRENT         REQUIRED
	   residual            2.551566e+02    6.376896e-12    0.000000e+00 
	   energy              1.369949e+00    9.129613e-12    1.369949e-02 
	   displacement        6.405531e-02    3.896395e-10    6.405269e-08 

convergence summary
    number of iterations   : 2
    number of reformations : 1

------- converged at time : 12.3


Data Record #1
===========================================================================
Step = 123
Time = 12.3
Data = ux;uy;uz
File = parameter_sweeps/tmax5_disp.txt

Data Record #2
===========================================================================
Step = 123
Time = 12.3
Data = sz;J
File = parameter_sweeps/tmax5_stress.txt

===== beginning time step 124 : 12.4 =====


Reforming stiffness matrix: reformation #1

 1
 Nonlinear solution status: time= 12.4
	stiffness updates             = 0
	right hand side evaluations   = 2
	stiffness matrix reformations = 1
	step from line search         = 1.000000
	convergence norms :     INITIAL         CURRENT         REQUIRED
	   residual            2.616994e+02    3.643133e-07    0.000000e+00 
	   energy              1.377570e+00    1.173751e-05    1.377570e-02 
	   displacement        6.379110e-02    6.379110e-02    6.379110e-08 
 2
 Nonlinear solution status: time= 12.4
	stiffness updates             = 1
	right hand side evaluations   = 3
	stiffness matrix reformations = 1
	step from line search         = 1.000000
	convergence norms :     INITIAL         CURRENT         REQUIRED
	   residual            2.616994e+02    8.093300e-12    0.000000e+00 
	   energy              1.377570e+00    1.046816e-11    1.377570e-02 
	   displacement        6.379110e-02    3.804085e-10    6.378905e-08 

convergence summary
    number of iterations   : 2
    number of reformations : 1

------- converged at time : 12.4


Data Record #1
===========================================================================
Step = 124
Time = 12.4
Data = ux;uy;uz
File = parameter_sweeps/tmax5_disp.txt

Data Record #2
===========================================================================
Step = 124
Time = 12.4
Data = sz;J
File = parameter_sweeps/tmax5_stress.txt

===== beginning time step 125 : 12.5 =====


Reforming stiffness matrix: reformation #1

 1
 Nonlinear solution status: time= 12.5
	stiffness updates             = 0
	right hand side evaluations   = 2
	stiffness matrix reformations = 1
	step from line search         = 1.000000
	convergence norms :     INITIAL         CURRENT         REQUIRED
	   residual            2.682634e+02    4.837684e-07    0.000000e+00 
	   energy              1.384331e+00    1.058280e-05    1.384331e-02 
	   displacement        6.334341e-02    6.334341e-02    6.334341e-08 
 2
 Nonlinear solution status: time= 12.5
	stiffness updates             = 1
	right hand side evaluations   = 3
	stiffness matrix reformations = 1
	step from line search         = 1.000000
	convergence norms :     INITIAL         CURRENT         REQUIRED
	   residual            2.682634e+02    1.102810e-11    0.000000e+00 
	   energy              1.384331e+00    1.214391e-11    1.384331e-02 
	   displacement        6.334341e-02    3.522094e-10    6.334199e-08 

convergence summary
    number of iterations   : 2
    number of reformations : 1

------- converged at time : 12.5


Data Record #1
===========================================================================
Step = 125
Time = 12.5
Data = ux;uy;uz
File = parameter_sweeps/tmax5_disp.txt

Data Record #2
===========================================================================
Step = 125
Time = 12.5
Data = sz;J
File = parameter_sweeps/tmax5_stress.txt

===== beginning time step 126 : 12.6 =====


Reforming stiffness matrix: reformation #1

 1
 Nonlinear solution status: time= 12.6
	stiffness updates             = 0
	right hand side evaluations   = 2
	stiffness matrix reformations = 1
	step from line search         = 1.000000
	convergence norms :     INITIAL         CURRENT         REQUIRED
	   residual            2.733086e+02    6.021658e-07    0.000000e+00 
	   energy              1.389605e+00    9.687132e-06    1.389605e-02 
	   displacement        6.300505e-02    6.300505e-02    6.300505e-08 
 2
 Nonlinear solution status: time= 12.6
	stiffness updates             = 1
	right hand side evaluations   = 3
	stiffness matrix reformations = 1
	step from line search         = 1.000000
	convergence norms :     INITIAL         CURRENT         REQUIRED
	   residual            2.733086e+02    1.470532e-11    0.000000e+00 
	   energy              1.389605e+00    1.363179e-11    1.389605e-02 
	   displacement        6.300505e-02    3.107790e-10    6.300409e-08 

convergence summary
    number of iterations   : 2
    number of reformations : 1

------- converged at time : 12.6


Data Record #1
===========================================================================
Step = 126
Time = 12.6
Data = ux;uy;uz
File = parameter_sweeps/tmax5_disp.txt

Data Record #2
===========================================================================
Step = 126
Time = 12.6
Data = sz;J
File = parameter_sweeps/tmax5_stress.txt

===== beginning time step 127 : 12.7 =====


Reforming stiffness matrix: reformation #1

 1
 Nonlinear solution status: time= 12.7
	stiffness updates             = 0
	right hand side evaluations   = 2
	stiffness matrix reformations = 1
	step from line search         = 1.000000
	convergence norms :     INITIAL         CURRENT         REQUIRED
	   residual            2.761338e+02    7.197174e-07    0.000000e+00 
	   energy              1.391557e+00    9.610943e-06    1.391557e-02 
	   displacement        6.278882e-02    6.278882e-02    6.278882e-08 
 2
 Nonlinear solution status: time= 12.7
	stiffness updates             = 1
	right hand side evaluations   = 3
	stiffness matrix reformations = 1
	step from line search         = 1.000000
	convergence norms :     INITIAL         CURRENT         REQUIRED
	   residual            2.761338e+02    1.879627e-11    0.000000e+00 
	   energy              1.391557e+00    1.612048e-11    1.391557e-02 
	   displacement        6.278882e-02    3.196232e-10    6.278816e-08 

convergence summary
    number of iterations   : 2
    number of reformations : 1

------- converged at time : 12.7


Data Record #1
===========================================================================
Step = 127
Time = 12.7
Data = ux;uy;uz
File = parameter_sweeps/tmax5_disp.txt

Data Record #2
===========================================================================
Step = 127
Time = 12.7
Data = sz;J
File = parameter_sweeps/tmax5_stress.txt

===== beginning time step 128 : 12.8 =====


Reforming stiffness matrix: reformation #1

 1
 Nonlinear solution status: time= 12.8
	stiffness updates             = 0
	right hand side evaluations   = 2
	stiffness matrix reformations = 1
	step from line search         = 1.000000
	convergence norms :     INITIAL         CURRENT         REQUIRED
	   residual            2.771178e+02    7.328869e-07    0.000000e+00 
	   energy              1.388110e+00    1.000446e-05    1.388110e-02 
	   displacement        6.244254e-02    6.244254e-02    6.244254e-08 
 2
 Nonlinear solution status: time= 12.8
	stiffness updates             = 1
	right hand side evaluations   = 3
	stiffness matrix reformations = 1
	step from line search         = 1.000000
	convergence norms :     INITIAL         CURRENT         REQUIRED
	   residual            2.771178e+02    1.880134e-11    0.000000e+00 
	   energy              1.388110e+00    1.735520e-11    1.388110e-02 
	   displacement        6.244254e-02    3.445706e-10    6.244206e-08 

convergence summary
    number of iterations   : 2
    number of reformations : 1

------- converged at time : 12.8


Data Record #1
===========================================================================
Step = 128
Time = 12.8
Data = ux;uy;uz
File = parameter_sweeps/tmax5_disp.txt

Data Record #2
===========================================================================
Step = 128
Time = 12.8
Data = sz;J
File = parameter_sweeps/tmax5_stress.txt

===== beginning time step 129 : 12.9 =====


Reforming stiffness matrix: reformation #1

 1
 Nonlinear solution status: time= 12.9
	stiffness updates             = 0
	right hand side evaluations   = 2
	stiffness matrix reformations = 1
	step from line search         = 1.000000
	convergence norms :     INITIAL         CURRENT         REQUIRED
	   residual            2.764519e+02    6.933230e-07    0.000000e+00 
	   energy              1.377896e+00    1.020185e-05    1.377896e-02 
	   displacement        6.185784e-02    6.185784e-02    6.185784e-08 
 2
 Nonlinear solution status: time= 12.9
	stiffness updates             = 1
	right hand side evaluations   = 3
	stiffness matrix reformations = 1
	step from line search         = 1.000000
	convergence norms :     INITIAL         CURRENT         REQUIRED
	   residual            2.764519e+02    1.692820e-11    0.000000e+00 
	   energy              1.377896e+00    1.722134e-11    1.377896e-02 
	   displacement        6.185784e-02    3.552632e-10    6.185747e-08 

convergence summary
    number of iterations   : 2
    number of reformations : 1

------- converged at time : 12.9


Data Record #1
===========================================================================
Step = 129
Time = 12.9
Data = ux;uy;uz
File = parameter_sweeps/tmax5_disp.txt

Data Record #2
===========================================================================
Step = 129
Time = 12.9
Data = sz;J
File = parameter_sweeps/tmax5_stress.txt

===== beginning time step 130 : 13 =====


Reforming stiffness matrix: reformation #1

 1
 Nonlinear solution status: time= 13
	stiffness updates             = 0
	right hand side evaluations   = 2
	stiffness matrix reformations = 1
	step from line search         = 1.000000
	convergence norms :     INITIAL         CURRENT         REQUIRED
	   residual            2.735134e+02    7.124986e-07    0.000000e+00 
	   energy              1.360862e+00    9.934431e-06    1.360862e-02 
	   displacement        6.113895e-02    6.113895e-02    6.113895e-08 
 2
 Nonlinear solution status: time= 13
	stiffness updates             = 1
	right hand side evaluations   = 3
	stiffness matrix reformations = 1
	step from line search         = 1.000000
	convergence norms :     INITIAL         CURRENT         REQUIRED
	   residual            2.735134e+02    1.756566e-11    0.000000e+00 
	   energy              1.360862e+00    1.809210e-11    1.360862e-02 
	   displacement        6.113895e-02    3.685369e-10    6.113863e-08 

convergence summary
    number of iterations   : 2
    number of reformations : 1

------- converged at time : 13


Data Record #1
===========================================================================
Step = 130
Time = 13
Data = ux;uy;uz
File = parameter_sweeps/tmax5_disp.txt

Data Record #2
===========================================================================
Step = 130
Time = 13
Data = sz;J
File = parameter_sweeps/tmax5_stress.txt

===== beginning time step 131 : 13.1 =====


Reforming stiffness matrix: reformation #1

 1
 Nonlinear solution status: time= 13.1
	stiffness updates             = 0
	right hand side evaluations   = 2
	stiffness matrix reformations = 1
	step from line search         = 1.000000
	convergence norms :     INITIAL         CURRENT         REQUIRED
	   residual            2.677329e+02    6.701320e-07    0.000000e+00 
	   energy              1.338151e+00    9.311192e-06    1.338151e-02 
	   displacement        6.041605e-02    6.041605e-02    6.041605e-08 
 2
 Nonlinear solution status: time= 13.1
	stiffness updates             = 1
	right hand side evaluations   = 3
	stiffness matrix reformations = 1
	step from line search         = 1.000000
	convergence norms :     INITIAL         CURRENT         REQUIRED
	   residual            2.677329e+02    1.586057e-11    0.000000e+00 
	   energy              1.338151e+00    1.648702e-11    1.338151e-02 
	   displacement        6.041605e-02    3.391833e-10    6.041549e-08 

convergence summary
    number of iterations   : 2
    number of reformations : 1

------- converged at time : 13.1


Data Record #1
===========================================================================
Step = 131
Time = 13.1
Data = ux;uy;uz
File = parameter_sweeps/tmax5_disp.txt

Data Record #2
===========================================================================
Step = 131
Time = 13.1
Data = sz;J
File = parameter_sweeps/tmax5_stress.txt

===== beginning time step 132 : 13.2 =====


Reforming stiffness matrix: reformation #1

 1
 Nonlinear solution status: time= 13.2
	stiffness updates             = 0
	right hand side evaluations   = 2
	stiffness matrix reformations = 1
	step from line search         = 1.000000
	convergence norms :     INITIAL         CURRENT         REQUIRED
	   residual            2.593936e+02    5.545689e-07    0.000000e+00 
	   energy              1.311343e+00    8.777302e-06    1.311343e-02 
	   displacement        5.972486e-02    5.972486e-02    5.972486e-08 
 2
 Nonlinear solution status: time= 13.2
	stiffness updates             = 1
	right hand side evaluations   = 3
	stiffness matrix reformations = 1
	step from line search         = 1.000000
	convergence norms :     INITIAL         CURRENT         REQUIRED
	   residual            2.593936e+02    1.257174e-11    0.000000e+00 
	   energy              1.311343e+00    1.315888e-11    1.311343e-02 
	   displacement        5.972486e-02    3.024794e-10    5.972394e-08 

convergence summary
    number of iterations   : 2
    number of reformations : 1

------- converged at time : 13.2


Data Record #1
===========================================================================
Step = 132
Time = 13.2
Data = ux;uy;uz
File = parameter_sweeps/tmax5_disp.txt

Data Record #2
===========================================================================
Step = 132
Time = 13.2
Data = sz;J
File = parameter_sweeps/tmax5_stress.txt

===== beginning time step 133 : 13.3 =====


Reforming stiffness matrix: reformation #1

 1
 Nonlinear solution status: time= 13.3
	stiffness updates             = 0
	right hand side evaluations   = 2
	stiffness matrix reformations = 1
	step from line search         = 1.000000
	convergence norms :     INITIAL         CURRENT         REQUIRED
	   residual            2.493451e+02    4.360364e-07    0.000000e+00 
	   energy              1.281335e+00    8.848191e-06    1.281335e-02 
	   displacement        5.899869e-02    5.899869e-02    5.899869e-08 
 2
 Nonlinear solution status: time= 13.3
	stiffness updates             = 1
	right hand side evaluations   = 3
	stiffness matrix reformations = 1
	step from line search         = 1.000000
	convergence norms :     INITIAL         CURRENT         REQUIRED
	   residual            2.493451e+02    1.012804e-11    0.000000e+00 
	   energy              1.281335e+00    1.105967e-11    1.281335e-02 
	   displacement        5.899869e-02    2.983221e-10    5.899752e-08 

convergence summary
    number of iterations   : 2
    number of reformations : 1

------- converged at time : 13.3


Data Record #1
===========================================================================
Step = 133
Time = 13.3
Data = ux;uy;uz
File = parameter_sweeps/tmax5_disp.txt

Data Record #2
===========================================================================
Step = 133
Time = 13.3
Data = sz;J
File = parameter_sweeps/tmax5_stress.txt

===== beginning time step 134 : 13.4 =====


Reforming stiffness matrix: reformation #1

 1
 Nonlinear solution status: time= 13.4
	stiffness updates             = 0
	right hand side evaluations   = 2
	stiffness matrix reformations = 1
	step from line search         = 1.000000
	convergence norms :     INITIAL         CURRENT         REQUIRED
	   residual            2.383759e+02    3.403180e-07    0.000000e+00 
	   energy              1.248498e+00    9.607251e-06    1.248498e-02 
	   displacement        5.817174e-02    5.817174e-02    5.817174e-08 
 2
 Nonlinear solution status: time= 13.4
	stiffness updates             = 1
	right hand side evaluations   = 3
	stiffness matrix reformations = 1
	step from line search         = 1.000000
	convergence norms :     INITIAL         CURRENT         REQUIRED
	   residual            2.383759e+02    7.996915e-12    0.000000e+00 
	   energy              1.248498e+00    9.880027e-12    1.248498e-02 
	   displacement        5.817174e-02    3.177983e-10    5.817039e-08 

convergence summary
    number of iterations   : 2
    number of reformations : 1

------- converged at time : 13.4


Data Record #1
===========================================================================
Step = 134
Time = 13.4
Data = ux;uy;uz
File = parameter_sweeps/tmax5_disp.txt

Data Record #2
===========================================================================
Step = 134
Time = 13.4
Data = sz;J
File = parameter_sweeps/tmax5_stress.txt

===== beginning time step 135 : 13.5 =====


Reforming stiffness matrix: reformation #1

 1
 Nonlinear solution status: time= 13.5
	stiffness updates             = 0
	right hand side evaluations   = 2
	stiffness matrix reformations = 1
	step from line search         = 1.000000
	convergence norms :     INITIAL         CURRENT         REQUIRED
	   residual            2.271887e+02    2.509354e-07    0.000000e+00 
	   energy              1.213216e+00    1.063018e-05    1.213216e-02 
	   displacement        5.718309e-02    5.718309e-02    5.718309e-08 
 2
 Nonlinear solution status: time= 13.5
	stiffness updates             = 1
	right hand side evaluations   = 3
	stiffness matrix reformations = 1
	step from line search         = 1.000000
	convergence norms :     INITIAL         CURRENT         REQUIRED
	   residual            2.271887e+02    6.004076e-12    0.000000e+00 
	   energy              1.213216e+00    8.399768e-12    1.213216e-02 
	   displacement        5.718309e-02    3.378874e-10    5.718147e-08 

convergence summary
    number of iterations   : 2
    number of reformations : 1

------- converged at time : 13.5


Data Record #1
===========================================================================
Step = 135
Time = 13.5
Data = ux;uy;uz
File = parameter_sweeps/tmax5_disp.txt

Data Record #2
===========================================================================
Step = 135
Time = 13.5
Data = sz;J
File = parameter_sweeps/tmax5_stress.txt

===== beginning time step 136 : 13.6 =====


Reforming stiffness matrix: reformation #1

 1
 Nonlinear solution status: time= 13.6
	stiffness updates             = 0
	right hand side evaluations   = 2
	stiffness matrix reformations = 1
	step from line search         = 1.000000
	convergence norms :     INITIAL         CURRENT         REQUIRED
	   residual            2.162354e+02    1.711478e-07    0.000000e+00 
	   energy              1.175598e+00    1.126417e-05    1.175598e-02 
	   displacement        5.591611e-02    5.591611e-02    5.591611e-08 
 2
 Nonlinear solution status: time= 13.6
	stiffness updates             = 1
	right hand side evaluations   = 3
	stiffness matrix reformations = 1
	step from line search         = 1.000000
	convergence norms :     INITIAL         CURRENT         REQUIRED
	   residual            2.162354e+02    4.246796e-12    0.000000e+00 
	   energy              1.175598e+00    6.839049e-12    1.175598e-02 
	   displacement        5.591611e-02    3.360911e-10    5.591414e-08 

convergence summary
    number of iterations   : 2
    number of reformations : 1

------- converged at time : 13.6


Data Record #1
===========================================================================
Step = 136
Time = 13.6
Data = ux;uy;uz
File = parameter_sweeps/tmax5_disp.txt

Data Record #2
===========================================================================
Step = 136
Time = 13.6
Data = sz;J
File = parameter_sweeps/tmax5_stress.txt

===== beginning time step 137 : 13.7 =====


Reforming stiffness matrix: reformation #1

 1
 Nonlinear solution status: time= 13.7
	stiffness updates             = 0
	right hand side evaluations   = 2
	stiffness matrix reformations = 1
	step from line search         = 1.000000
	convergence norms :     INITIAL         CURRENT         REQUIRED
	   residual            2.052402e+02    1.096794e-07    0.000000e+00 
	   energy              1.135236e+00    1.145739e-05    1.135236e-02 
	   displacement        5.431758e-02    5.431758e-02    5.431758e-08 
 2
 Nonlinear solution status: time= 13.7
	stiffness updates             = 1
	right hand side evaluations   = 3
	stiffness matrix reformations = 1
	step from line search         = 1.000000
	convergence norms :     INITIAL         CURRENT         REQUIRED
	   residual            2.052402e+02    2.735822e-12    0.000000e+00 
	   energy              1.135236e+00    5.698090e-12    1.135236e-02 
	   displacement        5.431758e-02    3.284642e-10    5.431525e-08 

convergence summary
    number of iterations   : 2
    number of reformations : 1

------- converged at time : 13.7


Data Record #1
===========================================================================
Step = 137
Time = 13.7
Data = ux;uy;uz
File = parameter_sweeps/tmax5_disp.txt

Data Record #2
===========================================================================
Step = 137
Time = 13.7
Data = sz;J
File = parameter_sweeps/tmax5_stress.txt

===== beginning time step 138 : 13.8 =====


Reforming stiffness matrix: reformation #1

 1
 Nonlinear solution status: time= 13.8
	stiffness updates             = 0
	right hand side evaluations   = 2
	stiffness matrix reformations = 1
	step from line search         = 1.000000
	convergence norms :     INITIAL         CURRENT         REQUIRED
	   residual            1.934761e+02    8.499698e-08    0.000000e+00 
	   energy              1.091329e+00    1.178919e-05    1.091329e-02 
	   displacement        5.253350e-02    5.253350e-02    5.253350e-08 
 2
 Nonlinear solution status: time= 13.8
	stiffness updates             = 1
	right hand side evaluations   = 3
	stiffness matrix reformations = 1
	step from line search         = 1.000000
	convergence norms :     INITIAL         CURRENT         REQUIRED
	   residual            1.934761e+02    1.964361e-12    0.000000e+00 
	   energy              1.091329e+00    5.298721e-12    1.091329e-02 
	   displacement        5.253350e-02    3.409388e-10    5.253076e-08 

convergence summary
    number of iterations   : 2
    number of reformations : 1

------- converged at time : 13.8


Data Record #1
===========================================================================
Step = 138
Time = 13.8
Data = ux;uy;uz
File = parameter_sweeps/tmax5_disp.txt

Data Record #2
===========================================================================
Step = 138
Time = 13.8
Data = sz;J
File = parameter_sweeps/tmax5_stress.txt

===== beginning time step 139 : 13.9 =====


Reforming stiffness matrix: reformation #1

 1
 Nonlinear solution status: time= 13.9
	stiffness updates             = 0
	right hand side evaluations   = 2
	stiffness matrix reformations = 1
	step from line search         = 1.000000
	convergence norms :     INITIAL         CURRENT         REQUIRED
	   residual            1.806185e+02    8.889475e-08    0.000000e+00 
	   energy              1.042773e+00    1.269051e-05    1.042773e-02 
	   displacement        5.071058e-02    5.071058e-02    5.071058e-08 
 2
 Nonlinear solution status: time= 13.9
	stiffness updates             = 1
	right hand side evaluations   = 3
	stiffness matrix reformations = 1
	step from line search         = 1.000000
	convergence norms :     INITIAL         CURRENT         REQUIRED
	   residual            1.806185e+02    1.474513e-12    0.000000e+00 
	   energy              1.042773e+00    5.013090e-12    1.042773e-02 
	   displacement        5.071058e-02    3.691748e-10    5.070761e-08 

convergence summary
    number of iterations   : 2
    number of reformations : 1

------- converged at time : 13.9


Data Record #1
===========================================================================
Step = 139
Time = 13.9
Data = ux;uy;uz
File = parameter_sweeps/tmax5_disp.txt

Data Record #2
===========================================================================
Step = 139
Time = 13.9
Data = sz;J
File = parameter_sweeps/tmax5_stress.txt

===== beginning time step 140 : 14 =====


Reforming stiffness matrix: reformation #1

 1
 Nonlinear solution status: time= 14
	stiffness updates             = 0
	right hand side evaluations   = 2
	stiffness matrix reformations = 1
	step from line search         = 1.000000
	convergence norms :     INITIAL         CURRENT         REQUIRED
	   residual            1.670612e+02    1.058849e-07    0.000000e+00 
	   energy              9.884758e-01    1.398451e-05    9.884758e-03 
	   displacement        4.872052e-02    4.872052e-02    4.872052e-08 
 2
 Nonlinear solution status: time= 14
	stiffness updates             = 1
	right hand side evaluations   = 3
	stiffness matrix reformations = 1
	step from line search         = 1.000000
	convergence norms :     INITIAL         CURRENT         REQUIRED
	   residual            1.670612e+02    1.262435e-12    0.000000e+00 
	   energy              9.884758e-01    4.613682e-12    9.884758e-03 
	   displacement        4.872052e-02    4.026867e-10    4.871745e-08 

convergence summary
    number of iterations   : 2
    number of reformations : 1

------- converged at time : 14


Data Record #1
===========================================================================
Step = 140
Time = 14
Data = ux;uy;uz
File = parameter_sweeps/tmax5_disp.txt

Data Record #2
===========================================================================
Step = 140
Time = 14
Data = sz;J
File = parameter_sweeps/tmax5_stress.txt

===== beginning time step 141 : 14.1 =====


Reforming stiffness matrix: reformation #1

 1
 Nonlinear solution status: time= 14.1
	stiffness updates             = 0
	right hand side evaluations   = 2
	stiffness matrix reformations = 1
	step from line search         = 1.000000
	convergence norms :     INITIAL         CURRENT         REQUIRED
	   residual            1.534794e+02    1.183574e-07    0.000000e+00 
	   energy              9.277660e-01    1.476598e-05    9.277660e-03 
	   displacement        4.625264e-02    4.625264e-02    4.625264e-08 
 2
 Nonlinear solution status: time= 14.1
	stiffness updates             = 1
	right hand side evaluations   = 3
	stiffness matrix reformations = 1
	step from line search         = 1.000000
	convergence norms :     INITIAL         CURRENT         REQUIRED
	   residual            1.534794e+02    1.341858e-12    0.000000e+00 
	   energy              9.277660e-01    4.984575e-12    9.277660e-03 
	   displacement        4.625264e-02    4.509145e-10    4.624934e-08 

convergence summary
    number of iterations   : 2
    number of reformations : 1

------- converged at time : 14.1


Data Record #1
===========================================================================
Step = 141
Time = 14.1
Data = ux;uy;uz
File = parameter_sweeps/tmax5_disp.txt

Data Record #2
===========================================================================
Step = 141
Time = 14.1
Data = sz;J
File = parameter_sweeps/tmax5_stress.txt

===== beginning time step 142 : 14.2 =====


Reforming stiffness matrix: reformation #1

 1
 Nonlinear solution status: time= 14.2
	stiffness updates             = 0
	right hand side evaluations   = 2
	stiffness matrix reformations = 1
	step from line search         = 1.000000
	convergence norms :     INITIAL         CURRENT         REQUIRED
	   residual            1.402832e+02    1.042249e-07    0.000000e+00 
	   energy              8.604796e-01    1.406240e-05    8.604796e-03 
	   displacement        4.316695e-02    4.316695e-02    4.316695e-08 
 2
 Nonlinear solution status: time= 14.2
	stiffness updates             = 1
	right hand side evaluations   = 3
	stiffness matrix reformations = 1
	step from line search         = 1.000000
	convergence norms :     INITIAL         CURRENT         REQUIRED
	   residual            1.402832e+02    1.247972e-12    0.000000e+00 
	   energy              8.604796e-01    5.206364e-12    8.604796e-03 
	   displacement        4.316695e-02    4.623675e-10    4.316362e-08 

convergence summary
    number of iterations   : 2
    number of reformations : 1

------- converged at time : 14.2


Data Record #1
===========================================================================
Step = 142
Time = 14.2
Data = ux;uy;uz
File = parameter_sweeps/tmax5_disp.txt

Data Record #2
===========================================================================
Step = 142
Time = 14.2
Data = sz;J
File = parameter_sweeps/tmax5_stress.txt

===== beginning time step 143 : 14.3 =====


Reforming stiffness matrix: reformation #1

 1
 Nonlinear solution status: time= 14.3
	stiffness updates             = 0
	right hand side evaluations   = 2
	stiffness matrix reformations = 1
	step from line search         = 1.000000
	convergence norms :     INITIAL         CURRENT         REQUIRED
	   residual            1.273902e+02    1.008345e-07    0.000000e+00 
	   energy              7.873575e-01    1.216501e-05    7.873575e-03 
	   displacement        3.960504e-02    3.960504e-02    3.960504e-08 
 2
 Nonlinear solution status: time= 14.3
	stiffness updates             = 1
	right hand side evaluations   = 3
	stiffness matrix reformations = 1
	step from line search         = 1.000000
	convergence norms :     INITIAL         CURRENT         REQUIRED
	   residual            1.273902e+02    1.576892e-12    0.000000e+00 
	   energy              7.873575e-01    5.190256e-12    7.873575e-03 
	   displacement        3.960504e-02    4.376413e-10    3.960201e-08 

convergence summary
    number of iterations   : 2
    number of reformations : 1

------- converged at time : 14.3


Data Record #1
===========================================================================
Step = 143
Time = 14.3
Data = ux;uy;uz
File = parameter_sweeps/tmax5_disp.txt

Data Record #2
===========================================================================
Step = 143
Time = 14.3
Data = sz;J
File = parameter_sweeps/tmax5_stress.txt

===== beginning time step 144 : 14.4 =====


Reforming stiffness matrix: reformation #1

 1
 Nonlinear solution status: time= 14.4
	stiffness updates             = 0
	right hand side evaluations   = 2
	stiffness matrix reformations = 1
	step from line search         = 1.000000
	convergence norms :     INITIAL         CURRENT         REQUIRED
	   residual            1.147261e+02    8.760737e-08    0.000000e+00 
	   energy              7.098889e-01    1.003603e-05    7.098889e-03 
	   displacement        3.572562e-02    3.572562e-02    3.572562e-08 
 2
 Nonlinear solution status: time= 14.4
	stiffness updates             = 1
	right hand side evaluations   = 3
	stiffness matrix reformations = 1
	step from line search         = 1.000000
	convergence norms :     INITIAL         CURRENT         REQUIRED
	   residual            1.147261e+02    1.782936e-12    0.000000e+00 
	   energy              7.098889e-01    5.249125e-12    7.098889e-03 
	   displacement        3.572562e-02    4.025194e-10    3.572299e-08 

convergence summary
    number of iterations   : 2
    number of reformations : 1

------- converged at time : 14.4


Data Record #1
===========================================================================
Step = 144
Time = 14.4
Data = ux;uy;uz
File = parameter_sweeps/tmax5_disp.txt

Data Record #2
===========================================================================
Step = 144
Time = 14.4
Data = sz;J
File = parameter_sweeps/tmax5_stress.txt

===== beginning time step 145 : 14.5 =====


Reforming stiffness matrix: reformation #1

 1
 Nonlinear solution status: time= 14.5
	stiffness updates             = 0
	right hand side evaluations   = 2
	stiffness matrix reformations = 1
	step from line search         = 1.000000
	convergence norms :     INITIAL         CURRENT         REQUIRED
	   residual            1.025108e+02    7.261930e-08    0.000000e+00 
	   energy              6.299346e-01    8.375315e-06    6.299346e-03 
	   displacement        3.158965e-02    3.158965e-02    3.158965e-08 
 2
 Nonlinear solution status: time= 14.5
	stiffness updates             = 1
	right hand side evaluations   = 3
	stiffness matrix reformations = 1
	step from line search         = 1.000000
	convergence norms :     INITIAL         CURRENT         REQUIRED
	   residual            1.025108e+02    1.633122e-12    0.000000e+00 
	   energy              6.299346e-01    5.089514e-12    6.299346e-03 
	   displacement        3.158965e-02    3.580774e-10    3.158742e-08 

convergence summary
    number of iterations   : 2
    number of reformations : 1

------- converged at time : 14.5


Data Record #1
===========================================================================
Step = 145
Time = 14.5
Data = ux;uy;uz
File = parameter_sweeps/tmax5_disp.txt

Data Record #2
===========================================================================
Step = 145
Time = 14.5
Data = sz;J
File = parameter_sweeps/tmax5_stress.txt

===== beginning time step 146 : 14.6 =====


Reforming stiffness matrix: reformation #1

 1
 Nonlinear solution status: time= 14.6
	stiffness updates             = 0
	right hand side evaluations   = 2
	stiffness matrix reformations = 1
	step from line search         = 1.000000
	convergence norms :     INITIAL         CURRENT         REQUIRED
	   residual            9.072378e+01    7.031089e-08    0.000000e+00 
	   energy              5.498308e-01    7.378099e-06    5.498308e-03 
	   displacement        2.733540e-02    2.733540e-02    2.733540e-08 
 2
 Nonlinear solution status: time= 14.6
	stiffness updates             = 1
	right hand side evaluations   = 3
	stiffness matrix reformations = 1
	step from line search         = 1.000000
	convergence norms :     INITIAL         CURRENT         REQUIRED
	   residual            9.072378e+01    1.663032e-12    0.000000e+00 
	   energy              5.498308e-01    4.986000e-12    5.498308e-03 
	   displacement        2.733540e-02    3.224294e-10    2.733349e-08 

convergence summary
    number of iterations   : 2
    number of reformations : 1

------- converged at time : 14.6


Data Record #1
===========================================================================
Step = 146
Time = 14.6
Data = ux;uy;uz
File = parameter_sweeps/tmax5_disp.txt

Data Record #2
===========================================================================
Step = 146
Time = 14.6
Data = sz;J
File = parameter_sweeps/tmax5_stress.txt

===== beginning time step 147 : 14.7 =====


Reforming stiffness matrix: reformation #1

 1
 Nonlinear solution status: time= 14.7
	stiffness updates             = 0
	right hand side evaluations   = 2
	stiffness matrix reformations = 1
	step from line search         = 1.000000
	convergence norms :     INITIAL         CURRENT         REQUIRED
	   residual            7.915778e+01    6.521858e-08    0.000000e+00 
	   energy              4.722100e-01    6.525412e-06    4.722100e-03 
	   displacement        2.325983e-02    2.325983e-02    2.325983e-08 
 2
 Nonlinear solution status: time= 14.7
	stiffness updates             = 1
	right hand side evaluations   = 3
	stiffness matrix reformations = 1
	step from line search         = 1.000000
	convergence norms :     INITIAL         CURRENT         REQUIRED
	   residual            7.915778e+01    1.767866e-12    0.000000e+00 
	   energy              4.722100e-01    4.581004e-12    4.722100e-03 
	   displacement        2.325983e-02    2.683431e-10    2.325822e-08 

convergence summary
    number of iterations   : 2
    number of reformations : 1

------- converged at time : 14.7


Data Record #1
===========================================================================
Step = 147
Time = 14.7
Data = ux;uy;uz
File = parameter_sweeps/tmax5_disp.txt

Data Record #2
===========================================================================
Step = 147
Time = 14.7
Data = sz;J
File = parameter_sweeps/tmax5_stress.txt

===== beginning time step 148 : 14.8 =====


Reforming stiffness matrix: reformation #1

 1
 Nonlinear solution status: time= 14.8
	stiffness updates             = 0
	right hand side evaluations   = 2
	stiffness matrix reformations = 1
	step from line search         = 1.000000
	convergence norms :     INITIAL         CURRENT         REQUIRED
	   residual            6.809470e+01    5.272842e-08    0.000000e+00 
	   energy              3.999642e-01    5.532445e-06    3.999642e-03 
	   displacement        1.961407e-02    1.961407e-02    1.961407e-08 
 2
 Nonlinear solution status: time= 14.8
	stiffness updates             = 1
	right hand side evaluations   = 3
	stiffness matrix reformations = 1
	step from line search         = 1.000000
	convergence norms :     INITIAL         CURRENT         REQUIRED
	   residual            6.809470e+01    1.592764e-12    0.000000e+00 
	   energy              3.999642e-01    3.914657e-12    3.999642e-03 
	   displacement        1.961407e-02    2.123261e-10    1.961273e-08 

convergence summary
    number of iterations   : 2
    number of reformations : 1

------- converged at time : 14.8


Data Record #1
===========================================================================
Step = 148
Time = 14.8
Data = ux;uy;uz
File = parameter_sweeps/tmax5_disp.txt

Data Record #2
===========================================================================
Step = 148
Time = 14.8
Data = sz;J
File = parameter_sweeps/tmax5_stress.txt

===== beginning time step 149 : 14.9 =====


Reforming stiffness matrix: reformation #1

 1
 Nonlinear solution status: time= 14.9
	stiffness updates             = 0
	right hand side evaluations   = 2
	stiffness matrix reformations = 1
	step from line search         = 1.000000
	convergence norms :     INITIAL         CURRENT         REQUIRED
	   residual            5.826562e+01    4.627748e-08    0.000000e+00 
	   energy              3.359200e-01    4.547229e-06    3.359200e-03 
	   displacement        1.645721e-02    1.645721e-02    1.645721e-08 
 2
 Nonlinear solution status: time= 14.9
	stiffness updates             = 1
	right hand side evaluations   = 3
	stiffness matrix reformations = 1
	step from line search         = 1.000000
	convergence norms :     INITIAL         CURRENT         REQUIRED
	   residual            5.826562e+01    1.436009e-12    0.000000e+00 
	   energy              3.359200e-01    3.280959e-12    3.359200e-03 
	   displacement        1.645721e-02    1.725881e-10    1.645604e-08 

convergence summary
    number of iterations   : 2
    number of reformations : 1

------- converged at time : 14.9


Data Record #1
===========================================================================
Step = 149
Time = 14.9
Data = ux;uy;uz
File = parameter_sweeps/tmax5_disp.txt

Data Record #2
===========================================================================
Step = 149
Time = 14.9
Data = sz;J
File = parameter_sweeps/tmax5_stress.txt

===== beginning time step 150 : 15 =====


Reforming stiffness matrix: reformation #1

 1
 Nonlinear solution status: time= 15
	stiffness updates             = 0
	right hand side evaluations   = 2
	stiffness matrix reformations = 1
	step from line search         = 1.000000
	convergence norms :     INITIAL         CURRENT         REQUIRED
	   residual            5.016489e+01    4.332805e-08    0.000000e+00 
	   energy              2.819880e-01    3.800185e-06    2.819880e-03 
	   displacement        1.380089e-02    1.380089e-02    1.380089e-08 
 2
 Nonlinear solution status: time= 15
	stiffness updates             = 1
	right hand side evaluations   = 3
	stiffness matrix reformations = 1
	step from line search         = 1.000000
	convergence norms :     INITIAL         CURRENT         REQUIRED
	   residual            5.016489e+01    1.359747e-12    0.000000e+00 
	   energy              2.819880e-01    2.850785e-12    2.819880e-03 
	   displacement        1.380089e-02    1.428868e-10    1.379989e-08 

convergence summary
    number of iterations   : 2
    number of reformations : 1

------- converged at time : 15


Data Record #1
===========================================================================
Step = 150
Time = 15
Data = ux;uy;uz
File = parameter_sweeps/tmax5_disp.txt

Data Record #2
===========================================================================
Step = 150
Time = 15
Data = sz;J
File = parameter_sweeps/tmax5_stress.txt

===== beginning time step 151 : 15.1 =====


Reforming stiffness matrix: reformation #1

 1
 Nonlinear solution status: time= 15.1
	stiffness updates             = 0
	right hand side evaluations   = 2
	stiffness matrix reformations = 1
	step from line search         = 1.000000
	convergence norms :     INITIAL         CURRENT         REQUIRED
	   residual            4.359709e+01    4.429355e-08    0.000000e+00 
	   energy              2.383466e-01    3.461847e-06    2.383466e-03 
	   displacement        1.165597e-02    1.165597e-02    1.165597e-08 
 2
 Nonlinear solution status: time= 15.1
	stiffness updates             = 1
	right hand side evaluations   = 3
	stiffness matrix reformations = 1
	step from line search         = 1.000000
	convergence norms :     INITIAL         CURRENT         REQUIRED
	   residual            4.359709e+01    1.269150e-12    0.000000e+00 
	   energy              2.383466e-01    3.091902e-12    2.383466e-03 
	   displacement        1.165597e-02    1.432894e-10    1.165503e-08 

convergence summary
    number of iterations   : 2
    number of reformations : 1

------- converged at time : 15.1


Data Record #1
===========================================================================
Step = 151
Time = 15.1
Data = ux;uy;uz
File = parameter_sweeps/tmax5_disp.txt

Data Record #2
===========================================================================
Step = 151
Time = 15.1
Data = sz;J
File = parameter_sweeps/tmax5_stress.txt

===== beginning time step 152 : 15.2 =====


Reforming stiffness matrix: reformation #1

 1
 Nonlinear solution status: time= 15.2
	stiffness updates             = 0
	right hand side evaluations   = 2
	stiffness matrix reformations = 1
	step from line search         = 1.000000
	convergence norms :     INITIAL         CURRENT         REQUIRED
	   residual            3.810342e+01    4.642379e-08    0.000000e+00 
	   energy              2.035737e-01    3.480379e-06    2.035737e-03 
	   displacement        9.940905e-03    9.940905e-03    9.940905e-09 
 2
 Nonlinear solution status: time= 15.2
	stiffness updates             = 1
	right hand side evaluations   = 3
	stiffness matrix reformations = 1
	step from line search         = 1.000000
	convergence norms :     INITIAL         CURRENT         REQUIRED
	   residual            3.810342e+01    1.252474e-12    0.000000e+00 
	   energy              2.035737e-01    3.620853e-12    2.035737e-03 
	   displacement        9.940905e-03    1.586605e-10    9.939941e-09 

convergence summary
    number of iterations   : 2
    number of reformations : 1

------- converged at time : 15.2


Data Record #1
===========================================================================
Step = 152
Time = 15.2
Data = ux;uy;uz
File = parameter_sweeps/tmax5_disp.txt

Data Record #2
===========================================================================
Step = 152
Time = 15.2
Data = sz;J
File = parameter_sweeps/tmax5_stress.txt

===== beginning time step 153 : 15.3 =====


Reforming stiffness matrix: reformation #1

 1
 Nonlinear solution status: time= 15.3
	stiffness updates             = 0
	right hand side evaluations   = 2
	stiffness matrix reformations = 1
	step from line search         = 1.000000
	convergence norms :     INITIAL         CURRENT         REQUIRED
	   residual            3.336645e+01    5.163813e-08    0.000000e+00 
	   energy              1.752460e-01    3.473720e-06    1.752460e-03 
	   displacement        8.539591e-03    8.539591e-03    8.539591e-09 
 2
 Nonlinear solution status: time= 15.3
	stiffness updates             = 1
	right hand side evaluations   = 3
	stiffness matrix reformations = 1
	step from line search         = 1.000000
	convergence norms :     INITIAL         CURRENT         REQUIRED
	   residual            3.336645e+01    1.480380e-12    0.000000e+00 
	   energy              1.752460e-01    3.949205e-12    1.752460e-03 
	   displacement        8.539591e-03    1.654639e-10    8.538619e-09 

convergence summary
    number of iterations   : 2
    number of reformations : 1

------- converged at time : 15.3


Data Record #1
===========================================================================
Step = 153
Time = 15.3
Data = ux;uy;uz
File = parameter_sweeps/tmax5_disp.txt

Data Record #2
===========================================================================
Step = 153
Time = 15.3
Data = sz;J
File = parameter_sweeps/tmax5_stress.txt

===== beginning time step 154 : 15.4 =====


Reforming stiffness matrix: reformation #1

 1
 Nonlinear solution status: time= 15.4
	stiffness updates             = 0
	right hand side evaluations   = 2
	stiffness matrix reformations = 1
	step from line search         = 1.000000
	convergence norms :     INITIAL         CURRENT         REQUIRED
	   residual            2.904569e+01    5.227116e-08    0.000000e+00 
	   energy              1.508406e-01    3.195833e-06    1.508406e-03 
	   displacement        7.357424e-03    7.357424e-03    7.357424e-09 
 2
 Nonlinear solution status: time= 15.4
	stiffness updates             = 1
	right hand side evaluations   = 3
	stiffness matrix reformations = 1
	step from line search         = 1.000000
	convergence norms :     INITIAL         CURRENT         REQUIRED
	   residual            2.904569e+01    1.643820e-12    0.000000e+00 
	   energy              1.508406e-01    4.219598e-12    1.508406e-03 
	   displacement        7.357424e-03    1.629685e-10    7.356523e-09 

convergence summary
    number of iterations   : 2
    number of reformations : 1

------- converged at time : 15.4


Data Record #1
===========================================================================
Step = 154
Time = 15.4
Data = ux;uy;uz
File = parameter_sweeps/tmax5_disp.txt

Data Record #2
===========================================================================
Step = 154
Time = 15.4
Data = sz;J
File = parameter_sweeps/tmax5_stress.txt

===== beginning time step 155 : 15.5 =====


Reforming stiffness matrix: reformation #1

 1
 Nonlinear solution status: time= 15.5
	stiffness updates             = 0
	right hand side evaluations   = 2
	stiffness matrix reformations = 1
	step from line search         = 1.000000
	convergence norms :     INITIAL         CURRENT         REQUIRED
	   residual            2.486072e+01    5.967375e-08    0.000000e+00 
	   energy              1.289201e-01    2.740299e-06    1.289201e-03 
	   displacement        6.321375e-03    6.321375e-03    6.321375e-09 
 2
 Nonlinear solution status: time= 15.5
	stiffness updates             = 1
	right hand side evaluations   = 3
	stiffness matrix reformations = 1
	step from line search         = 1.000000
	convergence norms :     INITIAL         CURRENT         REQUIRED
	   residual            2.486072e+01    1.643287e-12    0.000000e+00 
	   energy              1.289201e-01    3.828031e-12    1.289201e-03 
	   displacement        6.321375e-03    1.447500e-10    6.320597e-09 

convergence summary
    number of iterations   : 2
    number of reformations : 1

------- converged at time : 15.5


Data Record #1
===========================================================================
Step = 155
Time = 15.5
Data = ux;uy;uz
File = parameter_sweeps/tmax5_disp.txt

Data Record #2
===========================================================================
Step = 155
Time = 15.5
Data = sz;J
File = parameter_sweeps/tmax5_stress.txt

===== beginning time step 156 : 15.6 =====


Reforming stiffness matrix: reformation #1

 1
 Nonlinear solution status: time= 15.6
	stiffness updates             = 0
	right hand side evaluations   = 2
	stiffness matrix reformations = 1
	step from line search         = 1.000000
	convergence norms :     INITIAL         CURRENT         REQUIRED
	   residual            2.091292e+01    6.201072e-08    0.000000e+00 
	   energy              1.095209e-01    2.384310e-06    1.095209e-03 
	   displacement        5.412876e-03    5.412876e-03    5.412876e-09 
 2
 Nonlinear solution status: time= 15.6
	stiffness updates             = 1
	right hand side evaluations   = 3
	stiffness matrix reformations = 1
	step from line search         = 1.000000
	convergence norms :     INITIAL         CURRENT         REQUIRED
	   residual            2.091292e+01    1.724865e-12    0.000000e+00 
	   energy              1.095209e-01    3.794435e-12    1.095209e-03 
	   displacement        5.412876e-03    1.470518e-10    5.412166e-09 

convergence summary
    number of iterations   : 2
    number of reformations : 1

------- converged at time : 15.6


Data Record #1
===========================================================================
Step = 156
Time = 15.6
Data = ux;uy;uz
File = parameter_sweeps/tmax5_disp.txt

Data Record #2
===========================================================================
Step = 156
Time = 15.6
Data = sz;J
File = parameter_sweeps/tmax5_stress.txt

===== beginning time step 157 : 15.7 =====


Reforming stiffness matrix: reformation #1

 1
 Nonlinear solution status: time= 15.7
	stiffness updates             = 0
	right hand side evaluations   = 2
	stiffness matrix reformations = 1
	step from line search         = 1.000000
	convergence norms :     INITIAL         CURRENT         REQUIRED
	   residual            1.760652e+01    6.368397e-08    0.000000e+00 
	   energy              9.393299e-02    2.162848e-06    9.393299e-04 
	   displacement        4.681291e-03    4.681291e-03    4.681291e-09 
 2
 Nonlinear solution status: time= 15.7
	stiffness updates             = 1
	right hand side evaluations   = 3
	stiffness matrix reformations = 1
	step from line search         = 1.000000
	convergence norms :     INITIAL         CURRENT         REQUIRED
	   residual            1.760652e+01    1.476094e-12    0.000000e+00 
	   energy              9.393299e-02    3.765972e-12    9.393299e-04 
	   displacement        4.681291e-03    1.518654e-10    4.680627e-09 

convergence summary
    number of iterations   : 2
    number of reformations : 1

------- converged at time : 15.7


Data Record #1
===========================================================================
Step = 157
Time = 15.7
Data = ux;uy;uz
File = parameter_sweeps/tmax5_disp.txt

Data Record #2
===========================================================================
Step = 157
Time = 15.7
Data = sz;J
File = parameter_sweeps/tmax5_stress.txt

===== beginning time step 158 : 15.8 =====


Reforming stiffness matrix: reformation #1

 1
 Nonlinear solution status: time= 15.8
	stiffness updates             = 0
	right hand side evaluations   = 2
	stiffness matrix reformations = 1
	step from line search         = 1.000000
	convergence norms :     INITIAL         CURRENT         REQUIRED
	   residual            1.528844e+01    5.338135e-08    0.000000e+00 
	   energy              8.420744e-02    2.090898e-06    8.420744e-04 
	   displacement        4.262172e-03    4.262172e-03    4.262172e-09 
 2
 Nonlinear solution status: time= 15.8
	stiffness updates             = 1
	right hand side evaluations   = 3
	stiffness matrix reformations = 1
	step from line search         = 1.000000
	convergence norms :     INITIAL         CURRENT         REQUIRED
	   residual            1.528844e+01    1.342575e-12    0.000000e+00 
	   energy              8.420744e-02    3.548775e-12    8.420744e-04 
	   displacement        4.262172e-03    1.402386e-10    4.261523e-09 

convergence summary
    number of iterations   : 2
    number of reformations : 1

------- converged at time : 15.8


Data Record #1
===========================================================================
Step = 158
Time = 15.8
Data = ux;uy;uz
File = parameter_sweeps/tmax5_disp.txt

Data Record #2
===========================================================================
Step = 158
Time = 15.8
Data = sz;J
File = parameter_sweeps/tmax5_stress.txt

===== beginning time step 159 : 15.9 =====


Reforming stiffness matrix: reformation #1

 1
 Nonlinear solution status: time= 15.9
	stiffness updates             = 0
	right hand side evaluations   = 2
	stiffness matrix reformations = 1
	step from line search         = 1.000000
	convergence norms :     INITIAL         CURRENT         REQUIRED
	   residual            1.429522e+01    4.631914e-08    0.000000e+00 
	   energy              8.255650e-02    2.230272e-06    8.255650e-04 
	   displacement        4.316442e-03    4.316442e-03    4.316442e-09 
 2
 Nonlinear solution status: time= 15.9
	stiffness updates             = 1
	right hand side evaluations   = 3
	stiffness matrix reformations = 1
	step from line search         = 1.000000
	convergence norms :     INITIAL         CURRENT         REQUIRED
	   residual            1.429522e+01    1.169323e-12    0.000000e+00 
	   energy              8.255650e-02    2.748362e-12    8.255650e-04 
	   displacement        4.316442e-03    1.227717e-10    4.315714e-09 

convergence summary
    number of iterations   : 2
    number of reformations : 1

------- converged at time : 15.9


Data Record #1
===========================================================================
Step = 159
Time = 15.9
Data = ux;uy;uz
File = parameter_sweeps/tmax5_disp.txt

Data Record #2
===========================================================================
Step = 159
Time = 15.9
Data = sz;J
File = parameter_sweeps/tmax5_stress.txt

===== beginning time step 160 : 16 =====


Reforming stiffness matrix: reformation #1

 1
 Nonlinear solution status: time= 16
	stiffness updates             = 0
	right hand side evaluations   = 2
	stiffness matrix reformations = 1
	step from line search         = 1.000000
	convergence norms :     INITIAL         CURRENT         REQUIRED
	   residual            1.492335e+01    7.162580e-08    0.000000e+00 
	   energy              9.021553e-02    2.559252e-06    9.021553e-04 
	   displacement        4.903307e-03    4.903307e-03    4.903307e-09 
 2
 Nonlinear solution status: time= 16
	stiffness updates             = 1
	right hand side evaluations   = 3
	stiffness matrix reformations = 1
	step from line search         = 1.000000
	convergence norms :     INITIAL         CURRENT         REQUIRED
	   residual            1.492335e+01    1.219151e-12    0.000000e+00 
	   energy              9.021553e-02    2.374402e-12    9.021553e-04 
	   displacement        4.903307e-03    1.291506e-10    4.902450e-09 

convergence summary
    number of iterations   : 2
    number of reformations : 1

------- converged at time : 16


Data Record #1
===========================================================================
Step = 160
Time = 16
Data = ux;uy;uz
File = parameter_sweeps/tmax5_disp.txt

Data Record #2
===========================================================================
Step = 160
Time = 16
Data = sz;J
File = parameter_sweeps/tmax5_stress.txt

===== beginning time step 161 : 16.1 =====


Reforming stiffness matrix: reformation #1

 1
 Nonlinear solution status: time= 16.1
	stiffness updates             = 0
	right hand side evaluations   = 2
	stiffness matrix reformations = 1
	step from line search         = 1.000000
	convergence norms :     INITIAL         CURRENT         REQUIRED
	   residual            1.729791e+01    1.028243e-07    0.000000e+00 
	   energy              1.066448e-01    3.057551e-06    1.066448e-03 
	   displacement        5.933739e-03    5.933739e-03    5.933739e-09 
 2
 Nonlinear solution status: time= 16.1
	stiffness updates             = 1
	right hand side evaluations   = 3
	stiffness matrix reformations = 1
	step from line search         = 1.000000
	convergence norms :     INITIAL         CURRENT         REQUIRED
	   residual            1.729791e+01    1.787250e-12    0.000000e+00 
	   energy              1.066448e-01    2.604176e-12    1.066448e-03 
	   displacement        5.933739e-03    1.475392e-10    5.932778e-09 

convergence summary
    number of iterations   : 2
    number of reformations : 1

------- converged at time : 16.1


Data Record #1
===========================================================================
Step = 161
Time = 16.1
Data = ux;uy;uz
File = parameter_sweeps/tmax5_disp.txt

Data Record #2
===========================================================================
Step = 161
Time = 16.1
Data = sz;J
File = parameter_sweeps/tmax5_stress.txt

===== beginning time step 162 : 16.2 =====


Reforming stiffness matrix: reformation #1

 1
 Nonlinear solution status: time= 16.2
	stiffness updates             = 0
	right hand side evaluations   = 2
	stiffness matrix reformations = 1
	step from line search         = 1.000000
	convergence norms :     INITIAL         CURRENT         REQUIRED
	   residual            2.132756e+01    1.488216e-07    0.000000e+00 
	   energy              1.296750e-01    3.904961e-06    1.296750e-03 
	   displacement        7.225003e-03    7.225003e-03    7.225003e-09 
 2
 Nonlinear solution status: time= 16.2
	stiffness updates             = 1
	right hand side evaluations   = 3
	stiffness matrix reformations = 1
	step from line search         = 1.000000
	convergence norms :     INITIAL         CURRENT         REQUIRED
	   residual            2.132756e+01    2.912599e-12    0.000000e+00 
	   energy              1.296750e-01    3.748159e-12    1.296750e-03 
	   displacement        7.225003e-03    1.843608e-10    7.223919e-09 

convergence summary
    number of iterations   : 2
    number of reformations : 1

------- converged at time : 16.2


Data Record #1
===========================================================================
Step = 162
Time = 16.2
Data = ux;uy;uz
File = parameter_sweeps/tmax5_disp.txt

Data Record #2
===========================================================================
Step = 162
Time = 16.2
Data = sz;J
File = parameter_sweeps/tmax5_stress.txt

===== beginning time step 163 : 16.3 =====


Reforming stiffness matrix: reformation #1

 1
 Nonlinear solution status: time= 16.3
	stiffness updates             = 0
	right hand side evaluations   = 2
	stiffness matrix reformations = 1
	step from line search         = 1.000000
	convergence norms :     INITIAL         CURRENT         REQUIRED
	   residual            2.661330e+01    2.274593e-07    0.000000e+00 
	   energy              1.560810e-01    5.077362e-06    1.560810e-03 
	   displacement        8.572325e-03    8.572325e-03    8.572325e-09 
 2
 Nonlinear solution status: time= 16.3
	stiffness updates             = 1
	right hand side evaluations   = 3
	stiffness matrix reformations = 1
	step from line search         = 1.000000
	convergence norms :     INITIAL         CURRENT         REQUIRED
	   residual            2.661330e+01    4.082350e-12    0.000000e+00 
	   energy              1.560810e-01    5.238633e-12    1.560810e-03 
	   displacement        8.572325e-03    2.358555e-10    8.571065e-09 

convergence summary
    number of iterations   : 2
    number of reformations : 1

------- converged at time : 16.3


Data Record #1
===========================================================================
Step = 163
Time = 16.3
Data = ux;uy;uz
File = parameter_sweeps/tmax5_disp.txt

Data Record #2
===========================================================================
Step = 163
Time = 16.3
Data = sz;J
File = parameter_sweeps/tmax5_stress.txt

===== beginning time step 164 : 16.4 =====


Reforming stiffness matrix: reformation #1

 1
 Nonlinear solution status: time= 16.4
	stiffness updates             = 0
	right hand side evaluations   = 2
	stiffness matrix reformations = 1
	step from line search         = 1.000000
	convergence norms :     INITIAL         CURRENT         REQUIRED
	   residual            3.246051e+01    3.014895e-07    0.000000e+00 
	   energy              1.826806e-01    6.378302e-06    1.826806e-03 
	   displacement        9.812695e-03    9.812695e-03    9.812695e-09 
 2
 Nonlinear solution status: time= 16.4
	stiffness updates             = 1
	right hand side evaluations   = 3
	stiffness matrix reformations = 1
	step from line search         = 1.000000
	convergence norms :     INITIAL         CURRENT         REQUIRED
	   residual            3.246051e+01    4.997886e-12    0.000000e+00 
	   energy              1.826806e-01    6.128230e-12    1.826806e-03 
	   displacement        9.812695e-03    2.774889e-10    9.811246e-09 

convergence summary
    number of iterations   : 2
    number of reformations : 1

------- converged at time : 16.4


Data Record #1
===========================================================================
Step = 164
Time = 16.4
Data = ux;uy;uz
File = parameter_sweeps/tmax5_disp.txt

Data Record #2
===========================================================================
Step = 164
Time = 16.4
Data = sz;J
File = parameter_sweeps/tmax5_stress.txt

===== beginning time step 165 : 16.5 =====


Reforming stiffness matrix: reformation #1

 1
 Nonlinear solution status: time= 16.5
	stiffness updates             = 0
	right hand side evaluations   = 2
	stiffness matrix reformations = 1
	step from line search         = 1.000000
	convergence norms :     INITIAL         CURRENT         REQUIRED
	   residual            3.790964e+01    3.250275e-07    0.000000e+00 
	   energy              2.069867e-01    7.436179e-06    2.069867e-03 
	   displacement        1.088519e-02    1.088519e-02    1.088519e-08 
 2
 Nonlinear solution status: time= 16.5
	stiffness updates             = 1
	right hand side evaluations   = 3
	stiffness matrix reformations = 1
	step from line search         = 1.000000
	convergence norms :     INITIAL         CURRENT         REQUIRED
	   residual            3.790964e+01    5.605055e-12    0.000000e+00 
	   energy              2.069867e-01    6.018411e-12    2.069867e-03 
	   displacement        1.088519e-02    2.945235e-10    1.088358e-08 

convergence summary
    number of iterations   : 2
    number of reformations : 1

------- converged at time : 16.5


Data Record #1
===========================================================================
Step = 165
Time = 16.5
Data = ux;uy;uz
File = parameter_sweeps/tmax5_disp.txt

Data Record #2
===========================================================================
Step = 165
Time = 16.5
Data = sz;J
File = parameter_sweeps/tmax5_stress.txt

===== beginning time step 166 : 16.6 =====


Reforming stiffness matrix: reformation #1

 1
 Nonlinear solution status: time= 16.6
	stiffness updates             = 0
	right hand side evaluations   = 2
	stiffness matrix reformations = 1
	step from line search         = 1.000000
	convergence norms :     INITIAL         CURRENT         REQUIRED
	   residual            4.211800e+01    3.527865e-07    0.000000e+00 
	   energy              2.271593e-01    8.019173e-06    2.271593e-03 
	   displacement        1.177705e-02    1.177705e-02    1.177705e-08 
 2
 Nonlinear solution status: time= 16.6
	stiffness updates             = 1
	right hand side evaluations   = 3
	stiffness matrix reformations = 1
	step from line search         = 1.000000
	convergence norms :     INITIAL         CURRENT         REQUIRED
	   residual            4.211800e+01    6.141610e-12    0.000000e+00 
	   energy              2.271593e-01    6.249922e-12    2.271593e-03 
	   displacement        1.177705e-02    2.975727e-10    1.177537e-08 

convergence summary
    number of iterations   : 2
    number of reformations : 1

------- converged at time : 16.6


Data Record #1
===========================================================================
Step = 166
Time = 16.6
Data = ux;uy;uz
File = parameter_sweeps/tmax5_disp.txt

Data Record #2
===========================================================================
Step = 166
Time = 16.6
Data = sz;J
File = parameter_sweeps/tmax5_stress.txt

===== beginning time step 167 : 16.7 =====


Reforming stiffness matrix: reformation #1

 1
 Nonlinear solution status: time= 16.7
	stiffness updates             = 0
	right hand side evaluations   = 2
	stiffness matrix reformations = 1
	step from line search         = 1.000000
	convergence norms :     INITIAL         CURRENT         REQUIRED
	   residual            4.486937e+01    3.690575e-07    0.000000e+00 
	   energy              2.418972e-01    8.285729e-06    2.418972e-03 
	   displacement        1.246657e-02    1.246657e-02    1.246657e-08 
 2
 Nonlinear solution status: time= 16.7
	stiffness updates             = 1
	right hand side evaluations   = 3
	stiffness matrix reformations = 1
	step from line search         = 1.000000
	convergence norms :     INITIAL         CURRENT         REQUIRED
	   residual            4.486937e+01    6.323513e-12    0.000000e+00 
	   energy              2.418972e-01    6.771481e-12    2.418972e-03 
	   displacement        1.246657e-02    3.017343e-10    1.246489e-08 

convergence summary
    number of iterations   : 2
    number of reformations : 1

------- converged at time : 16.7


Data Record #1
===========================================================================
Step = 167
Time = 16.7
Data = ux;uy;uz
File = parameter_sweeps/tmax5_disp.txt

Data Record #2
===========================================================================
Step = 167
Time = 16.7
Data = sz;J
File = parameter_sweeps/tmax5_stress.txt

===== beginning time step 168 : 16.8 =====


Reforming stiffness matrix: reformation #1

 1
 Nonlinear solution status: time= 16.8
	stiffness updates             = 0
	right hand side evaluations   = 2
	stiffness matrix reformations = 1
	step from line search         = 1.000000
	convergence norms :     INITIAL         CURRENT         REQUIRED
	   residual            4.637521e+01    4.163212e-07    0.000000e+00 
	   energy              2.506289e-01    8.480707e-06    2.506289e-03 
	   displacement        1.288916e-02    1.288916e-02    1.288916e-08 
 2
 Nonlinear solution status: time= 16.8
	stiffness updates             = 1
	right hand side evaluations   = 3
	stiffness matrix reformations = 1
	step from line search         = 1.000000
	convergence norms :     INITIAL         CURRENT         REQUIRED
	   residual            4.637521e+01    7.007581e-12    0.000000e+00 
	   energy              2.506289e-01    7.599141e-12    2.506289e-03 
	   displacement        1.288916e-02    3.030526e-10    1.288748e-08 

convergence summary
    number of iterations   : 2
    number of reformations : 1

------- converged at time : 16.8


Data Record #1
===========================================================================
Step = 168
Time = 16.8
Data = ux;uy;uz
File = parameter_sweeps/tmax5_disp.txt

Data Record #2
===========================================================================
Step = 168
Time = 16.8
Data = sz;J
File = parameter_sweeps/tmax5_stress.txt

===== beginning time step 169 : 16.9 =====


Reforming stiffness matrix: reformation #1

 1
 Nonlinear solution status: time= 16.9
	stiffness updates             = 0
	right hand side evaluations   = 2
	stiffness matrix reformations = 1
	step from line search         = 1.000000
	convergence norms :     INITIAL         CURRENT         REQUIRED
	   residual            4.678282e+01    4.579223e-07    0.000000e+00 
	   energy              2.533092e-01    8.566631e-06    2.533092e-03 
	   displacement        1.297976e-02    1.297976e-02    1.297976e-08 
 2
 Nonlinear solution status: time= 16.9
	stiffness updates             = 1
	right hand side evaluations   = 3
	stiffness matrix reformations = 1
	step from line search         = 1.000000
	convergence norms :     INITIAL         CURRENT         REQUIRED
	   residual            4.678282e+01    8.013314e-12    0.000000e+00 
	   energy              2.533092e-01    8.090886e-12    2.533092e-03 
	   displacement        1.297976e-02    3.011005e-10    1.297810e-08 

convergence summary
    number of iterations   : 2
    number of reformations : 1

------- converged at time : 16.9


Data Record #1
===========================================================================
Step = 169
Time = 16.9
Data = ux;uy;uz
File = parameter_sweeps/tmax5_disp.txt

Data Record #2
===========================================================================
Step = 169
Time = 16.9
Data = sz;J
File = parameter_sweeps/tmax5_stress.txt

===== beginning time step 170 : 17 =====


Reforming stiffness matrix: reformation #1

 1
 Nonlinear solution status: time= 17
	stiffness updates             = 0
	right hand side evaluations   = 2
	stiffness matrix reformations = 1
	step from line search         = 1.000000
	convergence norms :     INITIAL         CURRENT         REQUIRED
	   residual            4.616110e+01    4.658566e-07    0.000000e+00 
	   energy              2.501507e-01    8.382011e-06    2.501507e-03 
	   displacement        1.275699e-02    1.275699e-02    1.275699e-08 
 2
 Nonlinear solution status: time= 17
	stiffness updates             = 1
	right hand side evaluations   = 3
	stiffness matrix reformations = 1
	step from line search         = 1.000000
	convergence norms :     INITIAL         CURRENT         REQUIRED
	   residual            4.616110e+01    8.139308e-12    0.000000e+00 
	   energy              2.501507e-01    7.977607e-12    2.501507e-03 
	   displacement        1.275699e-02    3.083910e-10    1.275535e-08 

convergence summary
    number of iterations   : 2
    number of reformations : 1

------- converged at time : 17


Data Record #1
===========================================================================
Step = 170
Time = 17
Data = ux;uy;uz
File = parameter_sweeps/tmax5_disp.txt

Data Record #2
===========================================================================
Step = 170
Time = 17
Data = sz;J
File = parameter_sweeps/tmax5_stress.txt

===== beginning time step 171 : 17.1 =====


Reforming stiffness matrix: reformation #1

 1
 Nonlinear solution status: time= 17.1
	stiffness updates             = 0
	right hand side evaluations   = 2
	stiffness matrix reformations = 1
	step from line search         = 1.000000
	convergence norms :     INITIAL         CURRENT         REQUIRED
	   residual            4.465685e+01    4.381783e-07    0.000000e+00 
	   energy              2.417492e-01    7.559687e-06    2.417492e-03 
	   displacement        1.226173e-02    1.226173e-02    1.226173e-08 
 2
 Nonlinear solution status: time= 17.1
	stiffness updates             = 1
	right hand side evaluations   = 3
	stiffness matrix reformations = 1
	step from line search         = 1.000000
	convergence norms :     INITIAL         CURRENT         REQUIRED
	   residual            4.465685e+01    7.353850e-12    0.000000e+00 
	   energy              2.417492e-01    7.477445e-12    2.417492e-03 
	   displacement        1.226173e-02    2.828739e-10    1.226024e-08 

convergence summary
    number of iterations   : 2
    number of reformations : 1

------- converged at time : 17.1


Data Record #1
===========================================================================
Step = 171
Time = 17.1
Data = ux;uy;uz
File = parameter_sweeps/tmax5_disp.txt

Data Record #2
===========================================================================
Step = 171
Time = 17.1
Data = sz;J
File = parameter_sweeps/tmax5_stress.txt

===== beginning time step 172 : 17.2 =====


Reforming stiffness matrix: reformation #1

 1
 Nonlinear solution status: time= 17.2
	stiffness updates             = 0
	right hand side evaluations   = 2
	stiffness matrix reformations = 1
	step from line search         = 1.000000
	convergence norms :     INITIAL         CURRENT         REQUIRED
	   residual            4.260751e+01    3.435778e-07    0.000000e+00 
	   energy              2.295119e-01    6.133349e-06    2.295119e-03 
	   displacement        1.156485e-02    1.156485e-02    1.156485e-08 
 2
 Nonlinear solution status: time= 17.2
	stiffness updates             = 1
	right hand side evaluations   = 3
	stiffness matrix reformations = 1
	step from line search         = 1.000000
	convergence norms :     INITIAL         CURRENT         REQUIRED
	   residual            4.260751e+01    5.925721e-12    0.000000e+00 
	   energy              2.295119e-01    6.041256e-12    2.295119e-03 
	   displacement        1.156485e-02    2.248227e-10    1.156363e-08 

convergence summary
    number of iterations   : 2
    number of reformations : 1

------- converged at time : 17.2


Data Record #1
===========================================================================
Step = 172
Time = 17.2
Data = ux;uy;uz
File = parameter_sweeps/tmax5_disp.txt

Data Record #2
===========================================================================
Step = 172
Time = 17.2
Data = sz;J
File = parameter_sweeps/tmax5_stress.txt

===== beginning time step 173 : 17.3 =====


Reforming stiffness matrix: reformation #1

 1
 Nonlinear solution status: time= 17.3
	stiffness updates             = 0
	right hand side evaluations   = 2
	stiffness matrix reformations = 1
	step from line search         = 1.000000
	convergence norms :     INITIAL         CURRENT         REQUIRED
	   residual            4.040434e+01    2.302004e-07    0.000000e+00 
	   energy              2.153600e-01    4.666336e-06    2.153600e-03 
	   displacement        1.074213e-02    1.074213e-02    1.074213e-08 
 2
 Nonlinear solution status: time= 17.3
	stiffness updates             = 1
	right hand side evaluations   = 3
	stiffness matrix reformations = 1
	step from line search         = 1.000000
	convergence norms :     INITIAL         CURRENT         REQUIRED
	   residual            4.040434e+01    4.548134e-12    0.000000e+00 
	   energy              2.153600e-01    4.643501e-12    2.153600e-03 
	   displacement        1.074213e-02    1.853892e-10    1.074114e-08 

convergence summary
    number of iterations   : 2
    number of reformations : 1

------- converged at time : 17.3


Data Record #1
===========================================================================
Step = 173
Time = 17.3
Data = ux;uy;uz
File = parameter_sweeps/tmax5_disp.txt

Data Record #2
===========================================================================
Step = 173
Time = 17.3
Data = sz;J
File = parameter_sweeps/tmax5_stress.txt

===== beginning time step 174 : 17.4 =====


Reforming stiffness matrix: reformation #1

 1
 Nonlinear solution status: time= 17.4
	stiffness updates             = 0
	right hand side evaluations   = 2
	stiffness matrix reformations = 1
	step from line search         = 1.000000
	convergence norms :     INITIAL         CURRENT         REQUIRED
	   residual            3.836434e+01    1.505662e-07    0.000000e+00 
	   energy              2.012186e-01    3.544385e-06    2.012186e-03 
	   displacement        9.894438e-03    9.894438e-03    9.894438e-09 
 2
 Nonlinear solution status: time= 17.4
	stiffness updates             = 1
	right hand side evaluations   = 3
	stiffness matrix reformations = 1
	step from line search         = 1.000000
	convergence norms :     INITIAL         CURRENT         REQUIRED
	   residual            3.836434e+01    3.042244e-12    0.000000e+00 
	   energy              2.012186e-01    3.868278e-12    2.012186e-03 
	   displacement        9.894438e-03    1.685139e-10    9.893602e-09 

convergence summary
    number of iterations   : 2
    number of reformations : 1

------- converged at time : 17.4


Data Record #1
===========================================================================
Step = 174
Time = 17.4
Data = ux;uy;uz
File = parameter_sweeps/tmax5_disp.txt

Data Record #2
===========================================================================
Step = 174
Time = 17.4
Data = sz;J
File = parameter_sweeps/tmax5_stress.txt

===== beginning time step 175 : 17.5 =====


Reforming stiffness matrix: reformation #1

 1
 Nonlinear solution status: time= 17.5
	stiffness updates             = 0
	right hand side evaluations   = 2
	stiffness matrix reformations = 1
	step from line search         = 1.000000
	convergence norms :     INITIAL         CURRENT         REQUIRED
	   residual            3.680203e+01    1.018779e-07    0.000000e+00 
	   energy              1.885632e-01    2.869484e-06    1.885632e-03 
	   displacement        9.157163e-03    9.157163e-03    9.157163e-09 
 2
 Nonlinear solution status: time= 17.5
	stiffness updates             = 1
	right hand side evaluations   = 3
	stiffness matrix reformations = 1
	step from line search         = 1.000000
	convergence norms :     INITIAL         CURRENT         REQUIRED
	   residual            3.680203e+01    2.231282e-12    0.000000e+00 
	   energy              1.885632e-01    4.121813e-12    1.885632e-03 
	   displacement        9.157163e-03    1.763702e-10    9.156415e-09 

convergence summary
    number of iterations   : 2
    number of reformations : 1

------- converged at time : 17.5


Data Record #1
===========================================================================
Step = 175
Time = 17.5
Data = ux;uy;uz
File = parameter_sweeps/tmax5_disp.txt

Data Record #2
===========================================================================
Step = 175
Time = 17.5
Data = sz;J
File = parameter_sweeps/tmax5_stress.txt

===== beginning time step 176 : 17.6 =====


Reforming stiffness matrix: reformation #1

 1
 Nonlinear solution status: time= 17.6
	stiffness updates             = 0
	right hand side evaluations   = 2
	stiffness matrix reformations = 1
	step from line search         = 1.000000
	convergence norms :     INITIAL         CURRENT         REQUIRED
	   residual            3.581205e+01    6.752350e-08    0.000000e+00 
	   energy              1.784186e-01    2.375743e-06    1.784186e-03 
	   displacement        8.599228e-03    8.599228e-03    8.599228e-09 
 2
 Nonlinear solution status: time= 17.6
	stiffness updates             = 1
	right hand side evaluations   = 3
	stiffness matrix reformations = 1
	step from line search         = 1.000000
	convergence norms :     INITIAL         CURRENT         REQUIRED
	   residual            3.581205e+01    1.853438e-12    0.000000e+00 
	   energy              1.784186e-01    4.077418e-12    1.784186e-03 
	   displacement        8.599228e-03    1.821952e-10    8.598590e-09 

convergence summary
    number of iterations   : 2
    number of reformations : 1

------- converged at time : 17.6


Data Record #1
===========================================================================
Step = 176
Time = 17.6
Data = ux;uy;uz
File = parameter_sweeps/tmax5_disp.txt

Data Record #2
===========================================================================
Step = 176
Time = 17.6
Data = sz;J
File = parameter_sweeps/tmax5_stress.txt

===== beginning time step 177 : 17.7 =====


Reforming stiffness matrix: reformation #1

 1
 Nonlinear solution status: time= 17.7
	stiffness updates             = 0
	right hand side evaluations   = 2
	stiffness matrix reformations = 1
	step from line search         = 1.000000
	convergence norms :     INITIAL         CURRENT         REQUIRED
	   residual            3.520822e+01    6.674898e-08    0.000000e+00 
	   energy              1.714128e-01    2.079673e-06    1.714128e-03 
	   displacement        8.238529e-03    8.238529e-03    8.238529e-09 
 2
 Nonlinear solution status: time= 17.7
	stiffness updates             = 1
	right hand side evaluations   = 3
	stiffness matrix reformations = 1
	step from line search         = 1.000000
	convergence norms :     INITIAL         CURRENT         REQUIRED
	   residual            3.520822e+01    1.917046e-12    0.000000e+00 
	   energy              1.714128e-01    4.009734e-12    1.714128e-03 
	   displacement        8.238529e-03    1.735895e-10    8.237977e-09 

convergence summary
    number of iterations   : 2
    number of reformations : 1

------- converged at time : 17.7


Data Record #1
===========================================================================
Step = 177
Time = 17.7
Data = ux;uy;uz
File = parameter_sweeps/tmax5_disp.txt

Data Record #2
===========================================================================
Step = 177
Time = 17.7
Data = sz;J
File = parameter_sweeps/tmax5_stress.txt

===== beginning time step 178 : 17.8 =====


Reforming stiffness matrix: reformation #1

 1
 Nonlinear solution status: time= 17.8
	stiffness updates             = 0
	right hand side evaluations   = 2
	stiffness matrix reformations = 1
	step from line search         = 1.000000
	convergence norms :     INITIAL         CURRENT         REQUIRED
	   residual            3.473858e+01    7.553410e-08    0.000000e+00 
	   energy              1.676114e-01    2.044013e-06    1.676114e-03 
	   displacement        8.102534e-03    8.102534e-03    8.102534e-09 
 2
 Nonlinear solution status: time= 17.8
	stiffness updates             = 1
	right hand side evaluations   = 3
	stiffness matrix reformations = 1
	step from line search         = 1.000000
	convergence norms :     INITIAL         CURRENT         REQUIRED
	   residual            3.473858e+01    2.110855e-12    0.000000e+00 
	   energy              1.676114e-01    4.131844e-12    1.676114e-03 
	   displacement        8.102534e-03    1.733459e-10    8.102007e-09 

convergence summary
    number of iterations   : 2
    number of reformations : 1

------- converged at time : 17.8


Data Record #1
===========================================================================
Step = 178
Time = 17.8
Data = ux;uy;uz
File = parameter_sweeps/tmax5_disp.txt

Data Record #2
===========================================================================
Step = 178
Time = 17.8
Data = sz;J
File = parameter_sweeps/tmax5_stress.txt

===== beginning time step 179 : 17.9 =====


Reforming stiffness matrix: reformation #1

 1
 Nonlinear solution status: time= 17.9
	stiffness updates             = 0
	right hand side evaluations   = 2
	stiffness matrix reformations = 1
	step from line search         = 1.000000
	convergence norms :     INITIAL         CURRENT         REQUIRED
	   residual            3.430083e+01    8.207225e-08    0.000000e+00 
	   energy              1.667394e-01    2.073390e-06    1.667394e-03 
	   displacement        8.174096e-03    8.174096e-03    8.174096e-09 
 2
 Nonlinear solution status: time= 17.9
	stiffness updates             = 1
	right hand side evaluations   = 3
	stiffness matrix reformations = 1
	step from line search         = 1.000000
	convergence norms :     INITIAL         CURRENT         REQUIRED
	   residual            3.430083e+01    2.378895e-12    0.000000e+00 
	   energy              1.667394e-01    3.817267e-12    1.667394e-03 
	   displacement        8.174096e-03    1.667873e-10    8.173605e-09 

convergence summary
    number of iterations   : 2
    number of reformations : 1

------- converged at time : 17.9


Data Record #1
===========================================================================
Step = 179
Time = 17.9
Data = ux;uy;uz
File = parameter_sweeps/tmax5_disp.txt

Data Record #2
===========================================================================
Step = 179
Time = 17.9
Data = sz;J
File = parameter_sweeps/tmax5_stress.txt

===== beginning time step 180 : 18 =====


Reforming stiffness matrix: reformation #1

 1
 Nonlinear solution status: time= 18
	stiffness updates             = 0
	right hand side evaluations   = 2
	stiffness matrix reformations = 1
	step from line search         = 1.000000
	convergence norms :     INITIAL         CURRENT         REQUIRED
	   residual            3.406184e+01    8.550175e-08    0.000000e+00 
	   energy              1.684326e-01    1.993336e-06    1.684326e-03 
	   displacement        8.400242e-03    8.400242e-03    8.400242e-09 
 2
 Nonlinear solution status: time= 18
	stiffness updates             = 1
	right hand side evaluations   = 3
	stiffness matrix reformations = 1
	step from line search         = 1.000000
	convergence norms :     INITIAL         CURRENT         REQUIRED
	   residual            3.406184e+01    2.758539e-12    0.000000e+00 
	   energy              1.684326e-01    3.161052e-12    1.684326e-03 
	   displacement        8.400242e-03    1.424478e-10    8.399787e-09 

convergence summary
    number of iterations   : 2
    number of reformations : 1

------- converged at time : 18


Data Record #1
===========================================================================
Step = 180
Time = 18
Data = ux;uy;uz
File = parameter_sweeps/tmax5_disp.txt

Data Record #2
===========================================================================
Step = 180
Time = 18
Data = sz;J
File = parameter_sweeps/tmax5_stress.txt

===== beginning time step 181 : 18.1 =====


Reforming stiffness matrix: reformation #1

 1
 Nonlinear solution status: time= 18.1
	stiffness updates             = 0
	right hand side evaluations   = 2
	stiffness matrix reformations = 1
	step from line search         = 1.000000
	convergence norms :     INITIAL         CURRENT         REQUIRED
	   residual            3.413979e+01    8.737318e-08    0.000000e+00 
	   energy              1.722588e-01    1.999987e-06    1.722588e-03 
	   displacement        8.721498e-03    8.721498e-03    8.721498e-09 
 2
 Nonlinear solution status: time= 18.1
	stiffness updates             = 1
	right hand side evaluations   = 3
	stiffness matrix reformations = 1
	step from line search         = 1.000000
	convergence norms :     INITIAL         CURRENT         REQUIRED
	   residual            3.413979e+01    2.859391e-12    0.000000e+00 
	   energy              1.722588e-01    2.931435e-12    1.722588e-03 
	   displacement        8.721498e-03    1.379532e-10    8.721008e-09 

convergence summary
    number of iterations   : 2
    number of reformations : 1

------- converged at time : 18.1


Data Record #1
===========================================================================
Step = 181
Time = 18.1
Data = ux;uy;uz
File = parameter_sweeps/tmax5_disp.txt

Data Record #2
===========================================================================
Step = 181
Time = 18.1
Data = sz;J
File = parameter_sweeps/tmax5_stress.txt

===== beginning time step 182 : 18.2 =====


Reforming stiffness matrix: reformation #1

 1
 Nonlinear solution status: time= 18.2
	stiffness updates             = 0
	right hand side evaluations   = 2
	stiffness matrix reformations = 1
	step from line search         = 1.000000
	convergence norms :     INITIAL         CURRENT         REQUIRED
	   residual            3.455618e+01    9.019077e-08    0.000000e+00 
	   energy              1.784842e-01    2.280959e-06    1.784842e-03 
	   displacement        9.103074e-03    9.103074e-03    9.103074e-09 
 2
 Nonlinear solution status: time= 18.2
	stiffness updates             = 1
	right hand side evaluations   = 3
	stiffness matrix reformations = 1
	step from line search         = 1.000000
	convergence norms :     INITIAL         CURRENT         REQUIRED
	   residual            3.455618e+01    2.904188e-12    0.000000e+00 
	   energy              1.784842e-01    3.174409e-12    1.784842e-03 
	   displacement        9.103074e-03    1.552799e-10    9.102473e-09 

convergence summary
    number of iterations   : 2
    number of reformations : 1

------- converged at time : 18.2


Data Record #1
===========================================================================
Step = 182
Time = 18.2
Data = ux;uy;uz
File = parameter_sweeps/tmax5_disp.txt

Data Record #2
===========================================================================
Step = 182
Time = 18.2
Data = sz;J
File = parameter_sweeps/tmax5_stress.txt

===== beginning time step 183 : 18.3 =====


Reforming stiffness matrix: reformation #1

 1
 Nonlinear solution status: time= 18.3
	stiffness updates             = 0
	right hand side evaluations   = 2
	stiffness matrix reformations = 1
	step from line search         = 1.000000
	convergence norms :     INITIAL         CURRENT         REQUIRED
	   residual            3.565142e+01    7.514607e-08    0.000000e+00 
	   energy              1.889009e-01    2.650935e-06    1.889009e-03 
	   displacement        9.627652e-03    9.627652e-03    9.627652e-09 
 2
 Nonlinear solution status: time= 18.3
	stiffness updates             = 1
	right hand side evaluations   = 3
	stiffness matrix reformations = 1
	step from line search         = 1.000000
	convergence norms :     INITIAL         CURRENT         REQUIRED
	   residual            3.565142e+01    2.519534e-12    0.000000e+00 
	   energy              1.889009e-01    3.220013e-12    1.889009e-03 
	   displacement        9.627652e-03    1.686409e-10    9.626911e-09 

convergence summary
    number of iterations   : 2
    number of reformations : 1

------- converged at time : 18.3


Data Record #1
===========================================================================
Step = 183
Time = 18.3
Data = ux;uy;uz
File = parameter_sweeps/tmax5_disp.txt

Data Record #2
===========================================================================
Step = 183
Time = 18.3
Data = sz;J
File = parameter_sweeps/tmax5_stress.txt

===== beginning time step 184 : 18.4 =====


Reforming stiffness matrix: reformation #1

 1
 Nonlinear solution status: time= 18.4
	stiffness updates             = 0
	right hand side evaluations   = 2
	stiffness matrix reformations = 1
	step from line search         = 1.000000
	convergence norms :     INITIAL         CURRENT         REQUIRED
	   residual            3.775798e+01    6.336921e-08    0.000000e+00 
	   energy              2.058849e-01    3.167238e-06    2.058849e-03 
	   displacement        1.046196e-02    1.046196e-02    1.046196e-08 
 2
 Nonlinear solution status: time= 18.4
	stiffness updates             = 1
	right hand side evaluations   = 3
	stiffness matrix reformations = 1
	step from line search         = 1.000000
	convergence norms :     INITIAL         CURRENT         REQUIRED
	   residual            3.775798e+01    2.110955e-12    0.000000e+00 
	   energy              2.058849e-01    3.582719e-12    2.058849e-03 
	   displacement        1.046196e-02    1.832177e-10    1.046103e-08 

convergence summary
    number of iterations   : 2
    number of reformations : 1

------- converged at time : 18.4


Data Record #1
===========================================================================
Step = 184
Time = 18.4
Data = ux;uy;uz
File = parameter_sweeps/tmax5_disp.txt

Data Record #2
===========================================================================
Step = 184
Time = 18.4
Data = sz;J
File = parameter_sweeps/tmax5_stress.txt

===== beginning time step 185 : 18.5 =====


Reforming stiffness matrix: reformation #1

 1
 Nonlinear solution status: time= 18.5
	stiffness updates             = 0
	right hand side evaluations   = 2
	stiffness matrix reformations = 1
	step from line search         = 1.000000
	convergence norms :     INITIAL         CURRENT         REQUIRED
	   residual            4.085659e+01    5.246799e-08    0.000000e+00 
	   energy              2.311228e-01    4.069380e-06    2.311228e-03 
	   displacement        1.174507e-02    1.174507e-02    1.174507e-08 
 2
 Nonlinear solution status: time= 18.5
	stiffness updates             = 1
	right hand side evaluations   = 3
	stiffness matrix reformations = 1
	step from line search         = 1.000000
	convergence norms :     INITIAL         CURRENT         REQUIRED
	   residual            4.085659e+01    1.816660e-12    0.000000e+00 
	   energy              2.311228e-01    3.858779e-12    2.311228e-03 
	   displacement        1.174507e-02    2.036442e-10    1.174384e-08 

convergence summary
    number of iterations   : 2
    number of reformations : 1

------- converged at time : 18.5


Data Record #1
===========================================================================
Step = 185
Time = 18.5
Data = ux;uy;uz
File = parameter_sweeps/tmax5_disp.txt

Data Record #2
===========================================================================
Step = 185
Time = 18.5
Data = sz;J
File = parameter_sweeps/tmax5_stress.txt

===== beginning time step 186 : 18.6 =====


Reforming stiffness matrix: reformation #1

 1
 Nonlinear solution status: time= 18.6
	stiffness updates             = 0
	right hand side evaluations   = 2
	stiffness matrix reformations = 1
	step from line search         = 1.000000
	convergence norms :     INITIAL         CURRENT         REQUIRED
	   residual            4.488252e+01    5.612486e-08    0.000000e+00 
	   energy              2.651786e-01    5.384817e-06    2.651786e-03 
	   displacement        1.353837e-02    1.353837e-02    1.353837e-08 
 2
 Nonlinear solution status: time= 18.6
	stiffness updates             = 1
	right hand side evaluations   = 3
	stiffness matrix reformations = 1
	step from line search         = 1.000000
	convergence norms :     INITIAL         CURRENT         REQUIRED
	   residual            4.488252e+01    1.827103e-12    0.000000e+00 
	   energy              2.651786e-01    4.249169e-12    2.651786e-03 
	   displacement        1.353837e-02    2.363442e-10    1.353675e-08 

convergence summary
    number of iterations   : 2
    number of reformations : 1

------- converged at time : 18.6


Data Record #1
===========================================================================
Step = 186
Time = 18.6
Data = ux;uy;uz
File = parameter_sweeps/tmax5_disp.txt

Data Record #2
===========================================================================
Step = 186
Time = 18.6
Data = sz;J
File = parameter_sweeps/tmax5_stress.txt

===== beginning time step 187 : 18.7 =====


Reforming stiffness matrix: reformation #1

 1
 Nonlinear solution status: time= 18.7
	stiffness updates             = 0
	right hand side evaluations   = 2
	stiffness matrix reformations = 1
	step from line search         = 1.000000
	convergence norms :     INITIAL         CURRENT         REQUIRED
	   residual            4.976157e+01    6.828042e-08    0.000000e+00 
	   energy              3.075917e-01    6.995858e-06    3.075917e-03 
	   displacement        1.583266e-02    1.583266e-02    1.583266e-08 
 2
 Nonlinear solution status: time= 18.7
	stiffness updates             = 1
	right hand side evaluations   = 3
	stiffness matrix reformations = 1
	step from line search         = 1.000000
	convergence norms :     INITIAL         CURRENT         REQUIRED
	   residual            4.976157e+01    2.149486e-12    0.000000e+00 
	   energy              3.075917e-01    5.003347e-12    3.075917e-03 
	   displacement        1.583266e-02    2.750654e-10    1.583069e-08 

convergence summary
    number of iterations   : 2
    number of reformations : 1

------- converged at time : 18.7


Data Record #1
===========================================================================
Step = 187
Time = 18.7
Data = ux;uy;uz
File = parameter_sweeps/tmax5_disp.txt

Data Record #2
===========================================================================
Step = 187
Time = 18.7
Data = sz;J
File = parameter_sweeps/tmax5_stress.txt

===== beginning time step 188 : 18.8 =====


Reforming stiffness matrix: reformation #1

 1
 Nonlinear solution status: time= 18.8
	stiffness updates             = 0
	right hand side evaluations   = 2
	stiffness matrix reformations = 1
	step from line search         = 1.000000
	convergence norms :     INITIAL         CURRENT         REQUIRED
	   residual            5.539992e+01    7.847696e-08    0.000000e+00 
	   energy              3.566058e-01    8.663276e-06    3.566058e-03 
	   displacement        1.853624e-02    1.853624e-02    1.853624e-08 
 2
 Nonlinear solution status: time= 18.8
	stiffness updates             = 1
	right hand side evaluations   = 3
	stiffness matrix reformations = 1
	step from line search         = 1.000000
	convergence norms :     INITIAL         CURRENT         REQUIRED
	   residual            5.539992e+01    2.303570e-12    0.000000e+00 
	   energy              3.566058e-01    5.318272e-12    3.566058e-03 
	   displacement        1.853624e-02    3.083361e-10    1.853390e-08 

convergence summary
    number of iterations   : 2
    number of reformations : 1

------- converged at time : 18.8


Data Record #1
===========================================================================
Step = 188
Time = 18.8
Data = ux;uy;uz
File = parameter_sweeps/tmax5_disp.txt

Data Record #2
===========================================================================
Step = 188
Time = 18.8
Data = sz;J
File = parameter_sweeps/tmax5_stress.txt

===== beginning time step 189 : 18.9 =====


Reforming stiffness matrix: reformation #1

 1
 Nonlinear solution status: time= 18.9
	stiffness updates             = 0
	right hand side evaluations   = 2
	stiffness matrix reformations = 1
	step from line search         = 1.000000
	convergence norms :     INITIAL         CURRENT         REQUIRED
	   residual            6.180833e+01    1.081189e-07    0.000000e+00 
	   energy              4.090497e-01    1.062960e-05    4.090497e-03 
	   displacement        2.143234e-02    2.143234e-02    2.143234e-08 
 2
 Nonlinear solution status: time= 18.9
	stiffness updates             = 1
	right hand side evaluations   = 3
	stiffness matrix reformations = 1
	step from line search         = 1.000000
	convergence norms :     INITIAL         CURRENT         REQUIRED
	   residual            6.180833e+01    2.729093e-12    0.000000e+00 
	   energy              4.090497e-01    6.124025e-12    4.090497e-03 
	   displacement        2.143234e-02    3.639469e-10    2.142947e-08 

convergence summary
    number of iterations   : 2
    number of reformations : 1

------- converged at time : 18.9


Data Record #1
===========================================================================
Step = 189
Time = 18.9
Data = ux;uy;uz
File = parameter_sweeps/tmax5_disp.txt

Data Record #2
===========================================================================
Step = 189
Time = 18.9
Data = sz;J
File = parameter_sweeps/tmax5_stress.txt

===== beginning time step 190 : 19 =====


Reforming stiffness matrix: reformation #1

 1
 Nonlinear solution status: time= 19
	stiffness updates             = 0
	right hand side evaluations   = 2
	stiffness matrix reformations = 1
	step from line search         = 1.000000
	convergence norms :     INITIAL         CURRENT         REQUIRED
	   residual            6.886398e+01    1.227365e-07    0.000000e+00 
	   energy              4.612391e-01    1.292313e-05    4.612391e-03 
	   displacement        2.422979e-02    2.422979e-02    2.422979e-08 
 2
 Nonlinear solution status: time= 19
	stiffness updates             = 1
	right hand side evaluations   = 3
	stiffness matrix reformations = 1
	step from line search         = 1.000000
	convergence norms :     INITIAL         CURRENT         REQUIRED
	   residual            6.886398e+01    2.963781e-12    0.000000e+00 
	   energy              4.612391e-01    6.777472e-12    4.612391e-03 
	   displacement        2.422979e-02    4.356874e-10    2.422643e-08 

convergence summary
    number of iterations   : 2
    number of reformations : 1

------- converged at time : 19


Data Record #1
===========================================================================
Step = 190
Time = 19
Data = ux;uy;uz
File = parameter_sweeps/tmax5_disp.txt

Data Record #2
===========================================================================
Step = 190
Time = 19
Data = sz;J
File = parameter_sweeps/tmax5_stress.txt

===== beginning time step 191 : 19.1 =====


Reforming stiffness matrix: reformation #1

 1
 Nonlinear solution status: time= 19.1
	stiffness updates             = 0
	right hand side evaluations   = 2
	stiffness matrix reformations = 1
	step from line search         = 1.000000
	convergence norms :     INITIAL         CURRENT         REQUIRED
	   residual            7.639418e+01    1.350151e-07    0.000000e+00 
	   energy              5.104216e-01    1.446737e-05    5.104216e-03 
	   displacement        2.673116e-02    2.673116e-02    2.673116e-08 
 2
 Nonlinear solution status: time= 19.1
	stiffness updates             = 1
	right hand side evaluations   = 3
	stiffness matrix reformations = 1
	step from line search         = 1.000000
	convergence norms :     INITIAL         CURRENT         REQUIRED
	   residual            7.639418e+01    2.689872e-12    0.000000e+00 
	   energy              5.104216e-01    6.659722e-12    5.104216e-03 
	   displacement        2.673116e-02    4.640356e-10    2.672762e-08 

convergence summary
    number of iterations   : 2
    number of reformations : 1

------- converged at time : 19.1


Data Record #1
===========================================================================
Step = 191
Time = 19.1
Data = ux;uy;uz
File = parameter_sweeps/tmax5_disp.txt

Data Record #2
===========================================================================
Step = 191
Time = 19.1
Data = sz;J
File = parameter_sweeps/tmax5_stress.txt

===== beginning time step 192 : 19.2 =====


Reforming stiffness matrix: reformation #1

 1
 Nonlinear solution status: time= 19.2
	stiffness updates             = 0
	right hand side evaluations   = 2
	stiffness matrix reformations = 1
	step from line search         = 1.000000
	convergence norms :     INITIAL         CURRENT         REQUIRED
	   residual            8.443825e+01    1.439885e-07    0.000000e+00 
	   energy              5.553889e-01    1.454198e-05    5.553889e-03 
	   displacement        2.884327e-02    2.884327e-02    2.884327e-08 
 2
 Nonlinear solution status: time= 19.2
	stiffness updates             = 1
	right hand side evaluations   = 3
	stiffness matrix reformations = 1
	step from line search         = 1.000000
	convergence norms :     INITIAL         CURRENT         REQUIRED
	   residual            8.443825e+01    2.576016e-12    0.000000e+00 
	   energy              5.553889e-01    6.402688e-12    5.553889e-03 
	   displacement        2.884327e-02    4.641501e-10    2.883976e-08 

convergence summary
    number of iterations   : 2
    number of reformations : 1

------- converged at time : 19.2


Data Record #1
===========================================================================
Step = 192
Time = 19.2
Data = ux;uy;uz
File = parameter_sweeps/tmax5_disp.txt

Data Record #2
===========================================================================
Step = 192
Time = 19.2
Data = sz;J
File = parameter_sweeps/tmax5_stress.txt

===== beginning time step 193 : 19.3 =====


Reforming stiffness matrix: reformation #1

 1
 Nonlinear solution status: time= 19.3
	stiffness updates             = 0
	right hand side evaluations   = 2
	stiffness matrix reformations = 1
	step from line search         = 1.000000
	convergence norms :     INITIAL         CURRENT         REQUIRED
	   residual            9.299257e+01    1.062792e-07    0.000000e+00 
	   energy              5.964543e-01    1.357082e-05    5.964543e-03 
	   displacement        3.053787e-02    3.053787e-02    3.053787e-08 
 2
 Nonlinear solution status: time= 19.3
	stiffness updates             = 1
	right hand side evaluations   = 3
	stiffness matrix reformations = 1
	step from line search         = 1.000000
	convergence norms :     INITIAL         CURRENT         REQUIRED
	   residual            9.299257e+01    1.943273e-12    0.000000e+00 
	   energy              5.964543e-01    6.137874e-12    5.964543e-03 
	   displacement        3.053787e-02    4.598587e-10    3.053458e-08 

convergence summary
    number of iterations   : 2
    number of reformations : 1

------- converged at time : 19.3


Data Record #1
===========================================================================
Step = 193
Time = 19.3
Data = ux;uy;uz
File = parameter_sweeps/tmax5_disp.txt

Data Record #2
===========================================================================
Step = 193
Time = 19.3
Data = sz;J
File = parameter_sweeps/tmax5_stress.txt

===== beginning time step 194 : 19.4 =====


Reforming stiffness matrix: reformation #1

 1
 Nonlinear solution status: time= 19.4
	stiffness updates             = 0
	right hand side evaluations   = 2
	stiffness matrix reformations = 1
	step from line search         = 1.000000
	convergence norms :     INITIAL         CURRENT         REQUIRED
	   residual            1.019608e+02    7.805112e-08    0.000000e+00 
	   energy              6.351325e-01    1.212953e-05    6.351325e-03 
	   displacement        3.194332e-02    3.194332e-02    3.194332e-08 
 2
 Nonlinear solution status: time= 19.4
	stiffness updates             = 1
	right hand side evaluations   = 3
	stiffness matrix reformations = 1
	step from line search         = 1.000000
	convergence norms :     INITIAL         CURRENT         REQUIRED
	   residual            1.019608e+02    1.706016e-12    0.000000e+00 
	   energy              6.351325e-01    6.348865e-12    6.351325e-03 
	   displacement        3.194332e-02    4.385159e-10    3.194050e-08 

convergence summary
    number of iterations   : 2
    number of reformations : 1

------- converged at time : 19.4


Data Record #1
===========================================================================
Step = 194
Time = 19.4
Data = ux;uy;uz
File = parameter_sweeps/tmax5_disp.txt

Data Record #2
===========================================================================
Step = 194
Time = 19.4
Data = sz;J
File = parameter_sweeps/tmax5_stress.txt

===== beginning time step 195 : 19.5 =====


Reforming stiffness matrix: reformation #1

 1
 Nonlinear solution status: time= 19.5
	stiffness updates             = 0
	right hand side evaluations   = 2
	stiffness matrix reformations = 1
	step from line search         = 1.000000
	convergence norms :     INITIAL         CURRENT         REQUIRED
	   residual            1.112742e+02    8.270210e-08    0.000000e+00 
	   energy              6.733866e-01    1.071489e-05    6.733866e-03 
	   displacement        3.333007e-02    3.333007e-02    3.333007e-08 
 2
 Nonlinear solution status: time= 19.5
	stiffness updates             = 1
	right hand side evaluations   = 3
	stiffness matrix reformations = 1
	step from line search         = 1.000000
	convergence norms :     INITIAL         CURRENT         REQUIRED
	   residual            1.112742e+02    2.265715e-12    0.000000e+00 
	   energy              6.733866e-01    7.025783e-12    6.733866e-03 
	   displacement        3.333007e-02    4.167018e-10    3.332780e-08 

convergence summary
    number of iterations   : 2
    number of reformations : 1

------- converged at time : 19.5


Data Record #1
===========================================================================
Step = 195
Time = 19.5
Data = ux;uy;uz
File = parameter_sweeps/tmax5_disp.txt

Data Record #2
===========================================================================
Step = 195
Time = 19.5
Data = sz;J
File = parameter_sweeps/tmax5_stress.txt

===== beginning time step 196 : 19.6 =====


Reforming stiffness matrix: reformation #1

 1
 Nonlinear solution status: time= 19.6
	stiffness updates             = 0
	right hand side evaluations   = 2
	stiffness matrix reformations = 1
	step from line search         = 1.000000
	convergence norms :     INITIAL         CURRENT         REQUIRED
	   residual            1.208883e+02    8.916160e-08    0.000000e+00 
	   energy              7.130570e-01    9.611774e-06    7.130570e-03 
	   displacement        3.488747e-02    3.488747e-02    3.488747e-08 
 2
 Nonlinear solution status: time= 19.6
	stiffness updates             = 1
	right hand side evaluations   = 3
	stiffness matrix reformations = 1
	step from line search         = 1.000000
	convergence norms :     INITIAL         CURRENT         REQUIRED
	   residual            1.208883e+02    2.838826e-12    0.000000e+00 
	   energy              7.130570e-01    7.596895e-12    7.130570e-03 
	   displacement        3.488747e-02    4.084708e-10    3.488562e-08 

convergence summary
    number of iterations   : 2
    number of reformations : 1

------- converged at time : 19.6


Data Record #1
===========================================================================
Step = 196
Time = 19.6
Data = ux;uy;uz
File = parameter_sweeps/tmax5_disp.txt

Data Record #2
===========================================================================
Step = 196
Time = 19.6
Data = sz;J
File = parameter_sweeps/tmax5_stress.txt

===== beginning time step 197 : 19.7 =====


Reforming stiffness matrix: reformation #1

 1
 Nonlinear solution status: time= 19.7
	stiffness updates             = 0
	right hand side evaluations   = 2
	stiffness matrix reformations = 1
	step from line search         = 1.000000
	convergence norms :     INITIAL         CURRENT         REQUIRED
	   residual            1.309285e+02    9.780130e-08    0.000000e+00 
	   energy              7.556286e-01    8.733730e-06    7.556286e-03 
	   displacement        3.663551e-02    3.663551e-02    3.663551e-08 
 2
 Nonlinear solution status: time= 19.7
	stiffness updates             = 1
	right hand side evaluations   = 3
	stiffness matrix reformations = 1
	step from line search         = 1.000000
	convergence norms :     INITIAL         CURRENT         REQUIRED
	   residual            1.309285e+02    3.434949e-12    0.000000e+00 
	   energy              7.556286e-01    7.926943e-12    7.556286e-03 
	   displacement        3.663551e-02    3.948845e-10    3.663392e-08 

convergence summary
    number of iterations   : 2
    number of reformations : 1

------- converged at time : 19.7


Data Record #1
===========================================================================
Step = 197
Time = 19.7
Data = ux;uy;uz
File = parameter_sweeps/tmax5_disp.txt

Data Record #2
===========================================================================
Step = 197
Time = 19.7
Data = sz;J
File = parameter_sweeps/tmax5_stress.txt

===== beginning time step 198 : 19.8 =====


Reforming stiffness matrix: reformation #1

 1
 Nonlinear solution status: time= 19.8
	stiffness updates             = 0
	right hand side evaluations   = 2
	stiffness matrix reformations = 1
	step from line search         = 1.000000
	convergence norms :     INITIAL         CURRENT         REQUIRED
	   residual            1.417635e+02    1.658664e-07    0.000000e+00 
	   energy              8.020748e-01    8.122809e-06    8.020748e-03 
	   displacement        3.860593e-02    3.860593e-02    3.860593e-08 
 2
 Nonlinear solution status: time= 19.8
	stiffness updates             = 1
	right hand side evaluations   = 3
	stiffness matrix reformations = 1
	step from line search         = 1.000000
	convergence norms :     INITIAL         CURRENT         REQUIRED
	   residual            1.417635e+02    4.922669e-12    0.000000e+00 
	   energy              8.020748e-01    8.717138e-12    8.020748e-03 
	   displacement        3.860593e-02    3.795794e-10    3.860453e-08 

convergence summary
    number of iterations   : 2
    number of reformations : 1

------- converged at time : 19.8


Data Record #1
===========================================================================
Step = 198
Time = 19.8
Data = ux;uy;uz
File = parameter_sweeps/tmax5_disp.txt

Data Record #2
===========================================================================
Step = 198
Time = 19.8
Data = sz;J
File = parameter_sweeps/tmax5_stress.txt

===== beginning time step 199 : 19.9 =====


Reforming stiffness matrix: reformation #1

 1
 Nonlinear solution status: time= 19.9
	stiffness updates             = 0
	right hand side evaluations   = 2
	stiffness matrix reformations = 1
	step from line search         = 1.000000
	convergence norms :     INITIAL         CURRENT         REQUIRED
	   residual            1.536130e+02    3.351110e-07    0.000000e+00 
	   energy              8.522624e-01    7.693706e-06    8.522624e-03 
	   displacement        4.079465e-02    4.079465e-02    4.079465e-08 
 2
 Nonlinear solution status: time= 19.9
	stiffness updates             = 1
	right hand side evaluations   = 3
	stiffness matrix reformations = 1
	step from line search         = 1.000000
	convergence norms :     INITIAL         CURRENT         REQUIRED
	   residual            1.536130e+02    9.592005e-12    0.000000e+00 
	   energy              8.522624e-01    1.071823e-11    8.522624e-03 
	   displacement        4.079465e-02    3.576710e-10    4.079359e-08 

convergence summary
    number of iterations   : 2
    number of reformations : 1

------- converged at time : 19.9


Data Record #1
===========================================================================
Step = 199
Time = 19.9
Data = ux;uy;uz
File = parameter_sweeps/tmax5_disp.txt

Data Record #2
===========================================================================
Step = 199
Time = 19.9
Data = sz;J
File = parameter_sweeps/tmax5_stress.txt

===== beginning time step 200 : 20 =====


Reforming stiffness matrix: reformation #1

 1
 Nonlinear solution status: time= 20
	stiffness updates             = 0
	right hand side evaluations   = 2
	stiffness matrix reformations = 1
	step from line search         = 1.000000
	convergence norms :     INITIAL         CURRENT         REQUIRED
	   residual            1.664183e+02    5.307376e-07    0.000000e+00 
	   energy              9.053479e-01    7.394352e-06    9.053479e-03 
	   displacement        4.306864e-02    4.306864e-02    4.306864e-08 
 2
 Nonlinear solution status: time= 20
	stiffness updates             = 1
	right hand side evaluations   = 3
	stiffness matrix reformations = 1
	step from line search         = 1.000000
	convergence norms :     INITIAL         CURRENT         REQUIRED
	   residual            1.664183e+02    1.738040e-11    0.000000e+00 
	   energy              9.053479e-01    1.486911e-11    9.053479e-03 
	   displacement        4.306864e-02    3.432068e-10    4.306807e-08 

convergence summary
    number of iterations   : 2
    number of reformations : 1

------- converged at time : 20


Data Record #1
===========================================================================
Step = 200
Time = 20
Data = ux;uy;uz
File = parameter_sweeps/tmax5_disp.txt

Data Record #2
===========================================================================
Step = 200
Time = 20
Data = sz;J
File = parameter_sweeps/tmax5_stress.txt

===== beginning time step 201 : 20.1 =====


Reforming stiffness matrix: reformation #1

 1
 Nonlinear solution status: time= 20.1
	stiffness updates             = 0
	right hand side evaluations   = 2
	stiffness matrix reformations = 1
	step from line search         = 1.000000
	convergence norms :     INITIAL         CURRENT         REQUIRED
	   residual            1.803377e+02    7.331445e-07    0.000000e+00 
	   energy              9.602597e-01    7.541546e-06    9.602597e-03 
	   displacement        4.530600e-02    4.530600e-02    4.530600e-08 
 2
 Nonlinear solution status: time= 20.1
	stiffness updates             = 1
	right hand side evaluations   = 3
	stiffness matrix reformations = 1
	step from line search         = 1.000000
	convergence norms :     INITIAL         CURRENT         REQUIRED
	   residual            1.803377e+02    2.444080e-11    0.000000e+00 
	   energy              9.602597e-01    1.935436e-11    9.602597e-03 
	   displacement        4.530600e-02    3.448923e-10    4.530584e-08 

convergence summary
    number of iterations   : 2
    number of reformations : 1

------- converged at time : 20.1


Data Record #1
===========================================================================
Step = 201
Time = 20.1
Data = ux;uy;uz
File = parameter_sweeps/tmax5_disp.txt

Data Record #2
===========================================================================
Step = 201
Time = 20.1
Data = sz;J
File = parameter_sweeps/tmax5_stress.txt

===== beginning time step 202 : 20.2 =====


Reforming stiffness matrix: reformation #1

 1
 Nonlinear solution status: time= 20.2
	stiffness updates             = 0
	right hand side evaluations   = 2
	stiffness matrix reformations = 1
	step from line search         = 1.000000
	convergence norms :     INITIAL         CURRENT         REQUIRED
	   residual            1.952488e+02    8.996136e-07    0.000000e+00 
	   energy              1.016146e+00    8.126309e-06    1.016146e-02 
	   displacement        4.749821e-02    4.749821e-02    4.749821e-08 
 2
 Nonlinear solution status: time= 20.2
	stiffness updates             = 1
	right hand side evaluations   = 3
	stiffness matrix reformations = 1
	step from line search         = 1.000000
	convergence norms :     INITIAL         CURRENT         REQUIRED
	   residual            1.952488e+02    3.031614e-11    0.000000e+00 
	   energy              1.016146e+00    2.226267e-11    1.016146e-02 
	   displacement        4.749821e-02    3.484652e-10    4.749829e-08 

convergence summary
    number of iterations   : 2
    number of reformations : 1

------- converged at time : 20.2


Data Record #1
===========================================================================
Step = 202
Time = 20.2
Data = ux;uy;uz
File = parameter_sweeps/tmax5_disp.txt

Data Record #2
===========================================================================
Step = 202
Time = 20.2
Data = sz;J
File = parameter_sweeps/tmax5_stress.txt

===== beginning time step 203 : 20.3 =====


Reforming stiffness matrix: reformation #1

 1
 Nonlinear solution status: time= 20.3
	stiffness updates             = 0
	right hand side evaluations   = 2
	stiffness matrix reformations = 1
	step from line search         = 1.000000
	convergence norms :     INITIAL         CURRENT         REQUIRED
	   residual            2.100737e+02    1.010970e-06    0.000000e+00 
	   energy              1.071923e+00    8.876359e-06    1.071923e-02 
	   displacement        4.969144e-02    4.969144e-02    4.969144e-08 
 2
 Nonlinear solution status: time= 20.3
	stiffness updates             = 1
	right hand side evaluations   = 3
	stiffness matrix reformations = 1
	step from line search         = 1.000000
	convergence norms :     INITIAL         CURRENT         REQUIRED
	   residual            2.100737e+02    3.592400e-11    0.000000e+00 
	   energy              1.071923e+00    2.376080e-11    1.071923e-02 
	   displacement        4.969144e-02    3.412828e-10    4.969162e-08 

convergence summary
    number of iterations   : 2
    number of reformations : 1

------- converged at time : 20.3


Data Record #1
===========================================================================
Step = 203
Time = 20.3
Data = ux;uy;uz
File = parameter_sweeps/tmax5_disp.txt

Data Record #2
===========================================================================
Step = 203
Time = 20.3
Data = sz;J
File = parameter_sweeps/tmax5_stress.txt

===== beginning time step 204 : 20.4 =====


Reforming stiffness matrix: reformation #1

 1
 Nonlinear solution status: time= 20.4
	stiffness updates             = 0
	right hand side evaluations   = 2
	stiffness matrix reformations = 1
	step from line search         = 1.000000
	convergence norms :     INITIAL         CURRENT         REQUIRED
	   residual            2.234275e+02    1.112647e-06    0.000000e+00 
	   energy              1.125589e+00    9.588375e-06    1.125589e-02 
	   displacement        5.195926e-02    5.195926e-02    5.195926e-08 
 2
 Nonlinear solution status: time= 20.4
	stiffness updates             = 1
	right hand side evaluations   = 3
	stiffness matrix reformations = 1
	step from line search         = 1.000000
	convergence norms :     INITIAL         CURRENT         REQUIRED
	   residual            2.234275e+02    4.077685e-11    0.000000e+00 
	   energy              1.125589e+00    2.485522e-11    1.125589e-02 
	   displacement        5.195926e-02    3.445934e-10    5.195944e-08 

convergence summary
    number of iterations   : 2
    number of reformations : 1

------- converged at time : 20.4


Data Record #1
===========================================================================
Step = 204
Time = 20.4
Data = ux;uy;uz
File = parameter_sweeps/tmax5_disp.txt

Data Record #2
===========================================================================
Step = 204
Time = 20.4
Data = sz;J
File = parameter_sweeps/tmax5_stress.txt

===== beginning time step 205 : 20.5 =====


Reforming stiffness matrix: reformation #1

 1
 Nonlinear solution status: time= 20.5
	stiffness updates             = 0
	right hand side evaluations   = 2
	stiffness matrix reformations = 1
	step from line search         = 1.000000
	convergence norms :     INITIAL         CURRENT         REQUIRED
	   residual            2.338027e+02    1.079309e-06    0.000000e+00 
	   energy              1.174518e+00    1.000747e-05    1.174518e-02 
	   displacement        5.427587e-02    5.427587e-02    5.427587e-08 
 2
 Nonlinear solution status: time= 20.5
	stiffness updates             = 1
	right hand side evaluations   = 3
	stiffness matrix reformations = 1
	step from line search         = 1.000000
	convergence norms :     INITIAL         CURRENT         REQUIRED
	   residual            2.338027e+02    4.050059e-11    0.000000e+00 
	   energy              1.174518e+00    2.341207e-11    1.174518e-02 
	   displacement        5.427587e-02    3.522276e-10    5.427579e-08 

convergence summary
    number of iterations   : 2
    number of reformations : 1

------- converged at time : 20.5


Data Record #1
===========================================================================
Step = 205
Time = 20.5
Data = ux;uy;uz
File = parameter_sweeps/tmax5_disp.txt

Data Record #2
===========================================================================
Step = 205
Time = 20.5
Data = sz;J
File = parameter_sweeps/tmax5_stress.txt

===== beginning time step 206 : 20.6 =====


Reforming stiffness matrix: reformation #1

 1
 Nonlinear solution status: time= 20.6
	stiffness updates             = 0
	right hand side evaluations   = 2
	stiffness matrix reformations = 1
	step from line search         = 1.000000
	convergence norms :     INITIAL         CURRENT         REQUIRED
	   residual            2.401013e+02    9.209160e-07    0.000000e+00 
	   energy              1.216538e+00    1.028285e-05    1.216538e-02 
	   displacement        5.651679e-02    5.651679e-02    5.651679e-08 
 2
 Nonlinear solution status: time= 20.6
	stiffness updates             = 1
	right hand side evaluations   = 3
	stiffness matrix reformations = 1
	step from line search         = 1.000000
	convergence norms :     INITIAL         CURRENT         REQUIRED
	   residual            2.401013e+02    3.493773e-11    0.000000e+00 
	   energy              1.216538e+00    2.035740e-11    1.216538e-02 
	   displacement        5.651679e-02    3.690922e-10    5.651624e-08 

convergence summary
    number of iterations   : 2
    number of reformations : 1

------- converged at time : 20.6


Data Record #1
===========================================================================
Step = 206
Time = 20.6
Data = ux;uy;uz
File = parameter_sweeps/tmax5_disp.txt

Data Record #2
===========================================================================
Step = 206
Time = 20.6
Data = sz;J
File = parameter_sweeps/tmax5_stress.txt

===== beginning time step 207 : 20.7 =====


Reforming stiffness matrix: reformation #1

 1
 Nonlinear solution status: time= 20.7
	stiffness updates             = 0
	right hand side evaluations   = 2
	stiffness matrix reformations = 1
	step from line search         = 1.000000
	convergence norms :     INITIAL         CURRENT         REQUIRED
	   residual            2.428104e+02    7.120894e-07    0.000000e+00 
	   energy              1.250691e+00    1.057089e-05    1.250691e-02 
	   displacement        5.862985e-02    5.862985e-02    5.862985e-08 
 2
 Nonlinear solution status: time= 20.7
	stiffness updates             = 1
	right hand side evaluations   = 3
	stiffness matrix reformations = 1
	step from line search         = 1.000000
	convergence norms :     INITIAL         CURRENT         REQUIRED
	   residual            2.428104e+02    2.723728e-11    0.000000e+00 
	   energy              1.250691e+00    1.738135e-11    1.250691e-02 
	   displacement        5.862985e-02    3.916832e-10    5.862886e-08 

convergence summary
    number of iterations   : 2
    number of reformations : 1

------- converged at time : 20.7


Data Record #1
===========================================================================
Step = 207
Time = 20.7
Data = ux;uy;uz
File = parameter_sweeps/tmax5_disp.txt

Data Record #2
===========================================================================
Step = 207
Time = 20.7
Data = sz;J
File = parameter_sweeps/tmax5_stress.txt

===== beginning time step 208 : 20.8 =====


Reforming stiffness matrix: reformation #1

 1
 Nonlinear solution status: time= 20.8
	stiffness updates             = 0
	right hand side evaluations   = 2
	stiffness matrix reformations = 1
	step from line search         = 1.000000
	convergence norms :     INITIAL         CURRENT         REQUIRED
	   residual            2.432637e+02    5.633376e-07    0.000000e+00 
	   energy              1.276706e+00    1.084206e-05    1.276706e-02 
	   displacement        6.048249e-02    6.048249e-02    6.048249e-08 
 2
 Nonlinear solution status: time= 20.8
	stiffness updates             = 1
	right hand side evaluations   = 3
	stiffness matrix reformations = 1
	step from line search         = 1.000000
	convergence norms :     INITIAL         CURRENT         REQUIRED
	   residual            2.432637e+02    2.020630e-11    0.000000e+00 
	   energy              1.276706e+00    1.443979e-11    1.276706e-02 
	   displacement        6.048249e-02    4.097363e-10    6.048134e-08 

convergence summary
    number of iterations   : 2
    number of reformations : 1

------- converged at time : 20.8


Data Record #1
===========================================================================
Step = 208
Time = 20.8
Data = ux;uy;uz
File = parameter_sweeps/tmax5_disp.txt

Data Record #2
===========================================================================
Step = 208
Time = 20.8
Data = sz;J
File = parameter_sweeps/tmax5_stress.txt

===== beginning time step 209 : 20.9 =====


Reforming stiffness matrix: reformation #1

 1
 Nonlinear solution status: time= 20.9
	stiffness updates             = 0
	right hand side evaluations   = 2
	stiffness matrix reformations = 1
	step from line search         = 1.000000
	convergence norms :     INITIAL         CURRENT         REQUIRED
	   residual            2.421696e+02    4.348879e-07    0.000000e+00 
	   energy              1.294665e+00    1.093540e-05    1.294665e-02 
	   displacement        6.184177e-02    6.184177e-02    6.184177e-08 
 2
 Nonlinear solution status: time= 20.9
	stiffness updates             = 1
	right hand side evaluations   = 3
	stiffness matrix reformations = 1
	step from line search         = 1.000000
	convergence norms :     INITIAL         CURRENT         REQUIRED
	   residual            2.421696e+02    1.491528e-11    0.000000e+00 
	   energy              1.294665e+00    1.227244e-11    1.294665e-02 
	   displacement        6.184177e-02    4.235308e-10    6.184060e-08 

convergence summary
    number of iterations   : 2
    number of reformations : 1

------- converged at time : 20.9


Data Record #1
===========================================================================
Step = 209
Time = 20.9
Data = ux;uy;uz
File = parameter_sweeps/tmax5_disp.txt

Data Record #2
===========================================================================
Step = 209
Time = 20.9
Data = sz;J
File = parameter_sweeps/tmax5_stress.txt

===== beginning time step 210 : 21 =====


Reforming stiffness matrix: reformation #1

 1
 Nonlinear solution status: time= 21
	stiffness updates             = 0
	right hand side evaluations   = 2
	stiffness matrix reformations = 1
	step from line search         = 1.000000
	convergence norms :     INITIAL         CURRENT         REQUIRED
	   residual            2.396380e+02    3.893197e-07    0.000000e+00 
	   energy              1.305333e+00    1.086527e-05    1.305333e-02 
	   displacement        6.273766e-02    6.273766e-02    6.273766e-08 
 2
 Nonlinear solution status: time= 21
	stiffness updates             = 1
	right hand side evaluations   = 3
	stiffness matrix reformations = 1
	step from line search         = 1.000000
	convergence norms :     INITIAL         CURRENT         REQUIRED
	   residual            2.396380e+02    1.310686e-11    0.000000e+00 
	   energy              1.305333e+00    1.184216e-11    1.305333e-02 
	   displacement        6.273766e-02    4.255417e-10    6.273640e-08 

convergence summary
    number of iterations   : 2
    number of reformations : 1

------- converged at time : 21


Data Record #1
===========================================================================
Step = 210
Time = 21
Data = ux;uy;uz
File = parameter_sweeps/tmax5_disp.txt

Data Record #2
===========================================================================
Step = 210
Time = 21
Data = sz;J
File = parameter_sweeps/tmax5_stress.txt

===== beginning time step 211 : 21.1 =====


Reforming stiffness matrix: reformation #1

 1
 Nonlinear solution status: time= 21.1
	stiffness updates             = 0
	right hand side evaluations   = 2
	stiffness matrix reformations = 1
	step from line search         = 1.000000
	convergence norms :     INITIAL         CURRENT         REQUIRED
	   residual            2.361206e+02    3.626931e-07    0.000000e+00 
	   energy              1.310205e+00    1.100298e-05    1.310205e-02 
	   displacement        6.329692e-02    6.329692e-02    6.329692e-08 
 2
 Nonlinear solution status: time= 21.1
	stiffness updates             = 1
	right hand side evaluations   = 3
	stiffness matrix reformations = 1
	step from line search         = 1.000000
	convergence norms :     INITIAL         CURRENT         REQUIRED
	   residual            2.361206e+02    1.236698e-11    0.000000e+00 
	   energy              1.310205e+00    1.217632e-11    1.310205e-02 
	   displacement        6.329692e-02    4.295876e-10    6.329554e-08 

convergence summary
    number of iterations   : 2
    number of reformations : 1

------- converged at time : 21.1


Data Record #1
===========================================================================
Step = 211
Time = 21.1
Data = ux;uy;uz
File = parameter_sweeps/tmax5_disp.txt

Data Record #2
===========================================================================
Step = 211
Time = 21.1
Data = sz;J
File = parameter_sweeps/tmax5_stress.txt

===== beginning time step 212 : 21.2 =====


Reforming stiffness matrix: reformation #1

 1
 Nonlinear solution status: time= 21.2
	stiffness updates             = 0
	right hand side evaluations   = 2
	stiffness matrix reformations = 1
	step from line search         = 1.000000
	convergence norms :     INITIAL         CURRENT         REQUIRED
	   residual            2.326958e+02    3.000018e-07    0.000000e+00 
	   energy              1.310691e+00    1.145729e-05    1.310691e-02 
	   displacement        6.344414e-02    6.344414e-02    6.344414e-08 
 2
 Nonlinear solution status: time= 21.2
	stiffness updates             = 1
	right hand side evaluations   = 3
	stiffness matrix reformations = 1
	step from line search         = 1.000000
	convergence norms :     INITIAL         CURRENT         REQUIRED
	   residual            2.326958e+02    1.011184e-11    0.000000e+00 
	   energy              1.310691e+00    1.142926e-11    1.310691e-02 
	   displacement        6.344414e-02    4.428584e-10    6.344265e-08 

convergence summary
    number of iterations   : 2
    number of reformations : 1

------- converged at time : 21.2


Data Record #1
===========================================================================
Step = 212
Time = 21.2
Data = ux;uy;uz
File = parameter_sweeps/tmax5_disp.txt

Data Record #2
===========================================================================
Step = 212
Time = 21.2
Data = sz;J
File = parameter_sweeps/tmax5_stress.txt

===== beginning time step 213 : 21.3 =====


Reforming stiffness matrix: reformation #1

 1
 Nonlinear solution status: time= 21.3
	stiffness updates             = 0
	right hand side evaluations   = 2
	stiffness matrix reformations = 1
	step from line search         = 1.000000
	convergence norms :     INITIAL         CURRENT         REQUIRED
	   residual            2.299964e+02    2.347199e-07    0.000000e+00 
	   energy              1.307294e+00    1.198671e-05    1.307294e-02 
	   displacement        6.313264e-02    6.313264e-02    6.313264e-08 
 2
 Nonlinear solution status: time= 21.3
	stiffness updates             = 1
	right hand side evaluations   = 3
	stiffness matrix reformations = 1
	step from line search         = 1.000000
	convergence norms :     INITIAL         CURRENT         REQUIRED
	   residual            2.299964e+02    7.767043e-12    0.000000e+00 
	   energy              1.307294e+00    1.019537e-11    1.307294e-02 
	   displacement        6.313264e-02    4.536617e-10    6.313107e-08 

convergence summary
    number of iterations   : 2
    number of reformations : 1

------- converged at time : 21.3


Data Record #1
===========================================================================
Step = 213
Time = 21.3
Data = ux;uy;uz
File = parameter_sweeps/tmax5_disp.txt

Data Record #2
===========================================================================
Step = 213
Time = 21.3
Data = sz;J
File = parameter_sweeps/tmax5_stress.txt

===== beginning time step 214 : 21.4 =====


Reforming stiffness matrix: reformation #1

 1
 Nonlinear solution status: time= 21.4
	stiffness updates             = 0
	right hand side evaluations   = 2
	stiffness matrix reformations = 1
	step from line search         = 1.000000
	convergence norms :     INITIAL         CURRENT         REQUIRED
	   residual            2.272547e+02    2.416931e-07    0.000000e+00 
	   energy              1.298943e+00    1.252466e-05    1.298943e-02 
	   displacement        6.246099e-02    6.246099e-02    6.246099e-08 
 2
 Nonlinear solution status: time= 21.4
	stiffness updates             = 1
	right hand side evaluations   = 3
	stiffness matrix reformations = 1
	step from line search         = 1.000000
	convergence norms :     INITIAL         CURRENT         REQUIRED
	   residual            2.272547e+02    7.412666e-12    0.000000e+00 
	   energy              1.298943e+00    1.016968e-11    1.298943e-02 
	   displacement        6.246099e-02    4.629042e-10    6.245925e-08 

convergence summary
    number of iterations   : 2
    number of reformations : 1

------- converged at time : 21.4


Data Record #1
===========================================================================
Step = 214
Time = 21.4
Data = ux;uy;uz
File = parameter_sweeps/tmax5_disp.txt

Data Record #2
===========================================================================
Step = 214
Time = 21.4
Data = sz;J
File = parameter_sweeps/tmax5_stress.txt

===== beginning time step 215 : 21.5 =====


Reforming stiffness matrix: reformation #1

 1
 Nonlinear solution status: time= 21.5
	stiffness updates             = 0
	right hand side evaluations   = 2
	stiffness matrix reformations = 1
	step from line search         = 1.000000
	convergence norms :     INITIAL         CURRENT         REQUIRED
	   residual            2.230098e+02    2.636034e-07    0.000000e+00 
	   energy              1.283065e+00    1.311899e-05    1.283065e-02 
	   displacement        6.157382e-02    6.157382e-02    6.157382e-08 
 2
 Nonlinear solution status: time= 21.5
	stiffness updates             = 1
	right hand side evaluations   = 3
	stiffness matrix reformations = 1
	step from line search         = 1.000000
	convergence norms :     INITIAL         CURRENT         REQUIRED
	   residual            2.230098e+02    7.757384e-12    0.000000e+00 
	   energy              1.283065e+00    1.021220e-11    1.283065e-02 
	   displacement        6.157382e-02    4.839089e-10    6.157173e-08 

convergence summary
    number of iterations   : 2
    number of reformations : 1

------- converged at time : 21.5


Data Record #1
===========================================================================
Step = 215
Time = 21.5
Data = ux;uy;uz
File = parameter_sweeps/tmax5_disp.txt

Data Record #2
===========================================================================
Step = 215
Time = 21.5
Data = sz;J
File = parameter_sweeps/tmax5_stress.txt

===== beginning time step 216 : 21.6 =====


Reforming stiffness matrix: reformation #1

 1
 Nonlinear solution status: time= 21.6
	stiffness updates             = 0
	right hand side evaluations   = 2
	stiffness matrix reformations = 1
	step from line search         = 1.000000
	convergence norms :     INITIAL         CURRENT         REQUIRED
	   residual            2.163908e+02    2.061919e-07    0.000000e+00 
	   energy              1.256529e+00    1.355558e-05    1.256529e-02 
	   displacement        6.044843e-02    6.044843e-02    6.044843e-08 
 2
 Nonlinear solution status: time= 21.6
	stiffness updates             = 1
	right hand side evaluations   = 3
	stiffness matrix reformations = 1
	step from line search         = 1.000000
	convergence norms :     INITIAL         CURRENT         REQUIRED
	   residual            2.163908e+02    5.850346e-12    0.000000e+00 
	   energy              1.256529e+00    9.112107e-12    1.256529e-02 
	   displacement        6.044843e-02    5.103509e-10    6.044599e-08 

convergence summary
    number of iterations   : 2
    number of reformations : 1

------- converged at time : 21.6


Data Record #1
===========================================================================
Step = 216
Time = 21.6
Data = ux;uy;uz
File = parameter_sweeps/tmax5_disp.txt

Data Record #2
===========================================================================
Step = 216
Time = 21.6
Data = sz;J
File = parameter_sweeps/tmax5_stress.txt

===== beginning time step 217 : 21.7 =====


Reforming stiffness matrix: reformation #1

 1
 Nonlinear solution status: time= 21.7
	stiffness updates             = 0
	right hand side evaluations   = 2
	stiffness matrix reformations = 1
	step from line search         = 1.000000
	convergence norms :     INITIAL         CURRENT         REQUIRED
	   residual            2.076321e+02    1.707377e-07    0.000000e+00 
	   energy              1.217302e+00    1.392796e-05    1.217302e-02 
	   displacement        5.886927e-02    5.886927e-02    5.886927e-08 
 2
 Nonlinear solution status: time= 21.7
	stiffness updates             = 1
	right hand side evaluations   = 3
	stiffness matrix reformations = 1
	step from line search         = 1.000000
	convergence norms :     INITIAL         CURRENT         REQUIRED
	   residual            2.076321e+02    4.753378e-12    0.000000e+00 
	   energy              1.217302e+00    8.401754e-12    1.217302e-02 
	   displacement        5.886927e-02    5.270430e-10    5.886659e-08 

convergence summary
    number of iterations   : 2
    number of reformations : 1

------- converged at time : 21.7


Data Record #1
===========================================================================
Step = 217
Time = 21.7
Data = ux;uy;uz
File = parameter_sweeps/tmax5_disp.txt

Data Record #2
===========================================================================
Step = 217
Time = 21.7
Data = sz;J
File = parameter_sweeps/tmax5_stress.txt

===== beginning time step 218 : 21.8 =====


Reforming stiffness matrix: reformation #1

 1
 Nonlinear solution status: time= 21.8
	stiffness updates             = 0
	right hand side evaluations   = 2
	stiffness matrix reformations = 1
	step from line search         = 1.000000
	convergence norms :     INITIAL         CURRENT         REQUIRED
	   residual            1.974554e+02    1.696577e-07    0.000000e+00 
	   energy              1.165287e+00    1.414009e-05    1.165287e-02 
	   displacement        5.667746e-02    5.667746e-02    5.667746e-08 
 2
 Nonlinear solution status: time= 21.8
	stiffness updates             = 1
	right hand side evaluations   = 3
	stiffness matrix reformations = 1
	step from line search         = 1.000000
	convergence norms :     INITIAL         CURRENT         REQUIRED
	   residual            1.974554e+02    4.908440e-12    0.000000e+00 
	   energy              1.165287e+00    8.513507e-12    1.165287e-02 
	   displacement        5.667746e-02    5.320009e-10    5.667464e-08 

convergence summary
    number of iterations   : 2
    number of reformations : 1

------- converged at time : 21.8


Data Record #1
===========================================================================
Step = 218
Time = 21.8
Data = ux;uy;uz
File = parameter_sweeps/tmax5_disp.txt

Data Record #2
===========================================================================
Step = 218
Time = 21.8
Data = sz;J
File = parameter_sweeps/tmax5_stress.txt

===== beginning time step 219 : 21.9 =====


Reforming stiffness matrix: reformation #1

 1
 Nonlinear solution status: time= 21.9
	stiffness updates             = 0
	right hand side evaluations   = 2
	stiffness matrix reformations = 1
	step from line search         = 1.000000
	convergence norms :     INITIAL         CURRENT         REQUIRED
	   residual            1.864920e+02    1.212467e-07    0.000000e+00 
	   energy              1.102340e+00    1.378722e-05    1.102340e-02 
	   displacement        5.384573e-02    5.384573e-02    5.384573e-08 
 2
 Nonlinear solution status: time= 21.9
	stiffness updates             = 1
	right hand side evaluations   = 3
	stiffness matrix reformations = 1
	step from line search         = 1.000000
	convergence norms :     INITIAL         CURRENT         REQUIRED
	   residual            1.864920e+02    3.494442e-12    0.000000e+00 
	   energy              1.102340e+00    7.912885e-12    1.102340e-02 
	   displacement        5.384573e-02    5.035502e-10    5.384285e-08 

convergence summary
    number of iterations   : 2
    number of reformations : 1

------- converged at time : 21.9


Data Record #1
===========================================================================
Step = 219
Time = 21.9
Data = ux;uy;uz
File = parameter_sweeps/tmax5_disp.txt

Data Record #2
===========================================================================
Step = 219
Time = 21.9
Data = sz;J
File = parameter_sweeps/tmax5_stress.txt

===== beginning time step 220 : 22 =====


Reforming stiffness matrix: reformation #1

 1
 Nonlinear solution status: time= 22
	stiffness updates             = 0
	right hand side evaluations   = 2
	stiffness matrix reformations = 1
	step from line search         = 1.000000
	convergence norms :     INITIAL         CURRENT         REQUIRED
	   residual            1.753672e+02    9.879248e-08    0.000000e+00 
	   energy              1.031782e+00    1.279022e-05    1.031782e-02 
	   displacement        5.046937e-02    5.046937e-02    5.046937e-08 
 2
 Nonlinear solution status: time= 22
	stiffness updates             = 1
	right hand side evaluations   = 3
	stiffness matrix reformations = 1
	step from line search         = 1.000000
	convergence norms :     INITIAL         CURRENT         REQUIRED
	   residual            1.753672e+02    3.053613e-12    0.000000e+00 
	   energy              1.031782e+00    7.521746e-12    1.031782e-02 
	   displacement        5.046937e-02    4.580278e-10    5.046658e-08 

convergence summary
    number of iterations   : 2
    number of reformations : 1

------- converged at time : 22


Data Record #1
===========================================================================
Step = 220
Time = 22
Data = ux;uy;uz
File = parameter_sweeps/tmax5_disp.txt

Data Record #2
===========================================================================
Step = 220
Time = 22
Data = sz;J
File = parameter_sweeps/tmax5_stress.txt

===== beginning time step 221 : 22.1 =====


Reforming stiffness matrix: reformation #1

 1
 Nonlinear solution status: time= 22.1
	stiffness updates             = 0
	right hand side evaluations   = 2
	stiffness matrix reformations = 1
	step from line search         = 1.000000
	convergence norms :     INITIAL         CURRENT         REQUIRED
	   residual            1.645603e+02    1.140944e-07    0.000000e+00 
	   energy              9.578456e-01    1.119144e-05    9.578456e-03 
	   displacement        4.675459e-02    4.675459e-02    4.675459e-08 
 2
 Nonlinear solution status: time= 22.1
	stiffness updates             = 1
	right hand side evaluations   = 3
	stiffness matrix reformations = 1
	step from line search         = 1.000000
	convergence norms :     INITIAL         CURRENT         REQUIRED
	   residual            1.645603e+02    4.018420e-12    0.000000e+00 
	   energy              9.578456e-01    7.726396e-12    9.578456e-03 
	   displacement        4.675459e-02    3.939574e-10    4.675216e-08 

convergence summary
    number of iterations   : 2
    number of reformations : 1

------- converged at time : 22.1


Data Record #1
===========================================================================
Step = 221
Time = 22.1
Data = ux;uy;uz
File = parameter_sweeps/tmax5_disp.txt

Data Record #2
===========================================================================
Step = 221
Time = 22.1
Data = sz;J
File = parameter_sweeps/tmax5_stress.txt

===== beginning time step 222 : 22.2 =====


Reforming stiffness matrix: reformation #1

 1
 Nonlinear solution status: time= 22.2
	stiffness updates             = 0
	right hand side evaluations   = 2
	stiffness matrix reformations = 1
	step from line search         = 1.000000
	convergence norms :     INITIAL         CURRENT         REQUIRED
	   residual            1.545012e+02    1.409165e-07    0.000000e+00 
	   energy              8.841989e-01    9.394968e-06    8.841989e-03 
	   displacement        4.290931e-02    4.290931e-02    4.290931e-08 
 2
 Nonlinear solution status: time= 22.2
	stiffness updates             = 1
	right hand side evaluations   = 3
	stiffness matrix reformations = 1
	step from line search         = 1.000000
	convergence norms :     INITIAL         CURRENT         REQUIRED
	   residual            1.545012e+02    5.056804e-12    0.000000e+00 
	   energy              8.841989e-01    7.982599e-12    8.841989e-03 
	   displacement        4.290931e-02    3.219238e-10    4.290725e-08 

convergence summary
    number of iterations   : 2
    number of reformations : 1

------- converged at time : 22.2


Data Record #1
===========================================================================
Step = 222
Time = 22.2
Data = ux;uy;uz
File = parameter_sweeps/tmax5_disp.txt

Data Record #2
===========================================================================
Step = 222
Time = 22.2
Data = sz;J
File = parameter_sweeps/tmax5_stress.txt

===== beginning time step 223 : 22.3 =====


Reforming stiffness matrix: reformation #1

 1
 Nonlinear solution status: time= 22.3
	stiffness updates             = 0
	right hand side evaluations   = 2
	stiffness matrix reformations = 1
	step from line search         = 1.000000
	convergence norms :     INITIAL         CURRENT         REQUIRED
	   residual            1.455600e+02    1.971805e-07    0.000000e+00 
	   energy              8.130784e-01    7.984785e-06    8.130784e-03 
	   displacement        3.907099e-02    3.907099e-02    3.907099e-08 
 2
 Nonlinear solution status: time= 22.3
	stiffness updates             = 1
	right hand side evaluations   = 3
	stiffness matrix reformations = 1
	step from line search         = 1.000000
	convergence norms :     INITIAL         CURRENT         REQUIRED
	   residual            1.455600e+02    6.671353e-12    0.000000e+00 
	   energy              8.130784e-01    9.366061e-12    8.130784e-03 
	   displacement        3.907099e-02    2.954657e-10    3.906915e-08 

convergence summary
    number of iterations   : 2
    number of reformations : 1

------- converged at time : 22.3


Data Record #1
===========================================================================
Step = 223
Time = 22.3
Data = ux;uy;uz
File = parameter_sweeps/tmax5_disp.txt

Data Record #2
===========================================================================
Step = 223
Time = 22.3
Data = sz;J
File = parameter_sweeps/tmax5_stress.txt

===== beginning time step 224 : 22.4 =====


Reforming stiffness matrix: reformation #1

 1
 Nonlinear solution status: time= 22.4
	stiffness updates             = 0
	right hand side evaluations   = 2
	stiffness matrix reformations = 1
	step from line search         = 1.000000
	convergence norms :     INITIAL         CURRENT         REQUIRED
	   residual            1.375410e+02    2.663557e-07    0.000000e+00 
	   energy              7.456795e-01    7.049651e-06    7.456795e-03 
	   displacement        3.533869e-02    3.533869e-02    3.533869e-08 
 2
 Nonlinear solution status: time= 22.4
	stiffness updates             = 1
	right hand side evaluations   = 3
	stiffness matrix reformations = 1
	step from line search         = 1.000000
	convergence norms :     INITIAL         CURRENT         REQUIRED
	   residual            1.375410e+02    8.699721e-12    0.000000e+00 
	   energy              7.456795e-01    1.042367e-11    7.456795e-03 
	   displacement        3.533869e-02    2.819794e-10    3.533715e-08 

convergence summary
    number of iterations   : 2
    number of reformations : 1

------- converged at time : 22.4


Data Record #1
===========================================================================
Step = 224
Time = 22.4
Data = ux;uy;uz
File = parameter_sweeps/tmax5_disp.txt

Data Record #2
===========================================================================
Step = 224
Time = 22.4
Data = sz;J
File = parameter_sweeps/tmax5_stress.txt

===== beginning time step 225 : 22.5 =====


Reforming stiffness matrix: reformation #1

 1
 Nonlinear solution status: time= 22.5
	stiffness updates             = 0
	right hand side evaluations   = 2
	stiffness matrix reformations = 1
	step from line search         = 1.000000
	convergence norms :     INITIAL         CURRENT         REQUIRED
	   residual            1.298315e+02    2.675052e-07    0.000000e+00 
	   energy              6.824716e-01    6.273789e-06    6.824716e-03 
	   displacement        3.186745e-02    3.186745e-02    3.186745e-08 
 2
 Nonlinear solution status: time= 22.5
	stiffness updates             = 1
	right hand side evaluations   = 3
	stiffness matrix reformations = 1
	step from line search         = 1.000000
	convergence norms :     INITIAL         CURRENT         REQUIRED
	   residual            1.298315e+02    8.782085e-12    0.000000e+00 
	   energy              6.824716e-01    9.356639e-12    6.824716e-03 
	   displacement        3.186745e-02    2.541256e-10    3.186610e-08 

convergence summary
    number of iterations   : 2
    number of reformations : 1

------- converged at time : 22.5


Data Record #1
===========================================================================
Step = 225
Time = 22.5
Data = ux;uy;uz
File = parameter_sweeps/tmax5_disp.txt

Data Record #2
===========================================================================
Step = 225
Time = 22.5
Data = sz;J
File = parameter_sweeps/tmax5_stress.txt

===== beginning time step 226 : 22.6 =====


Reforming stiffness matrix: reformation #1

 1
 Nonlinear solution status: time= 22.6
	stiffness updates             = 0
	right hand side evaluations   = 2
	stiffness matrix reformations = 1
	step from line search         = 1.000000
	convergence norms :     INITIAL         CURRENT         REQUIRED
	   residual            1.220226e+02    2.788181e-07    0.000000e+00 
	   energy              6.234849e-01    5.532447e-06    6.234849e-03 
	   displacement        2.873522e-02    2.873522e-02    2.873522e-08 
 2
 Nonlinear solution status: time= 22.6
	stiffness updates             = 1
	right hand side evaluations   = 3
	stiffness matrix reformations = 1
	step from line search         = 1.000000
	convergence norms :     INITIAL         CURRENT         REQUIRED
	   residual            1.220226e+02    9.634938e-12    0.000000e+00 
	   energy              6.234849e-01    8.424277e-12    6.234849e-03 
	   displacement        2.873522e-02    2.153495e-10    2.873392e-08 

convergence summary
    number of iterations   : 2
    number of reformations : 1

------- converged at time : 22.6


Data Record #1
===========================================================================
Step = 226
Time = 22.6
Data = ux;uy;uz
File = parameter_sweeps/tmax5_disp.txt

Data Record #2
===========================================================================
Step = 226
Time = 22.6
Data = sz;J
File = parameter_sweeps/tmax5_stress.txt

===== beginning time step 227 : 22.7 =====


Reforming stiffness matrix: reformation #1

 1
 Nonlinear solution status: time= 22.7
	stiffness updates             = 0
	right hand side evaluations   = 2
	stiffness matrix reformations = 1
	step from line search         = 1.000000
	convergence norms :     INITIAL         CURRENT         REQUIRED
	   residual            1.140010e+02    2.988394e-07    0.000000e+00 
	   energy              5.683941e-01    4.781124e-06    5.683941e-03 
	   displacement        2.588565e-02    2.588565e-02    2.588565e-08 
 2
 Nonlinear solution status: time= 22.7
	stiffness updates             = 1
	right hand side evaluations   = 3
	stiffness matrix reformations = 1
	step from line search         = 1.000000
	convergence norms :     INITIAL         CURRENT         REQUIRED
	   residual            1.140010e+02    9.444382e-12    0.000000e+00 
	   energy              5.683941e-01    7.500558e-12    5.683941e-03 
	   displacement        2.588565e-02    1.673537e-10    2.588449e-08 

convergence summary
    number of iterations   : 2
    number of reformations : 1

------- converged at time : 22.7


Data Record #1
===========================================================================
Step = 227
Time = 22.7
Data = ux;uy;uz
File = parameter_sweeps/tmax5_disp.txt

Data Record #2
===========================================================================
Step = 227
Time = 22.7
Data = sz;J
File = parameter_sweeps/tmax5_stress.txt

===== beginning time step 228 : 22.8 =====


Reforming stiffness matrix: reformation #1

 1
 Nonlinear solution status: time= 22.8
	stiffness updates             = 0
	right hand side evaluations   = 2
	stiffness matrix reformations = 1
	step from line search         = 1.000000
	convergence norms :     INITIAL         CURRENT         REQUIRED
	   residual            1.056885e+02    3.221788e-07    0.000000e+00 
	   energy              5.167615e-01    4.271698e-06    5.167615e-03 
	   displacement        2.328465e-02    2.328465e-02    2.328465e-08 
 2
 Nonlinear solution status: time= 22.8
	stiffness updates             = 1
	right hand side evaluations   = 3
	stiffness matrix reformations = 1
	step from line search         = 1.000000
	convergence norms :     INITIAL         CURRENT         REQUIRED
	   residual            1.056885e+02    8.961945e-12    0.000000e+00 
	   energy              5.167615e-01    7.508359e-12    5.167615e-03 
	   displacement        2.328465e-02    1.547507e-10    2.328361e-08 

convergence summary
    number of iterations   : 2
    number of reformations : 1

------- converged at time : 22.8


Data Record #1
===========================================================================
Step = 228
Time = 22.8
Data = ux;uy;uz
File = parameter_sweeps/tmax5_disp.txt

Data Record #2
===========================================================================
Step = 228
Time = 22.8
Data = sz;J
File = parameter_sweeps/tmax5_stress.txt

===== beginning time step 229 : 22.9 =====


Reforming stiffness matrix: reformation #1

 1
 Nonlinear solution status: time= 22.9
	stiffness updates             = 0
	right hand side evaluations   = 2
	stiffness matrix reformations = 1
	step from line search         = 1.000000
	convergence norms :     INITIAL         CURRENT         REQUIRED
	   residual            9.702959e+01    2.874259e-07    0.000000e+00 
	   energy              4.683599e-01    4.211346e-06    4.683599e-03 
	   displacement        2.092710e-02    2.092710e-02    2.092710e-08 
 2
 Nonlinear solution status: time= 22.9
	stiffness updates             = 1
	right hand side evaluations   = 3
	stiffness matrix reformations = 1
	step from line search         = 1.000000
	convergence norms :     INITIAL         CURRENT         REQUIRED
	   residual            9.702959e+01    8.823626e-12    0.000000e+00 
	   energy              4.683599e-01    7.780116e-12    4.683599e-03 
	   displacement        2.092710e-02    1.680948e-10    2.092612e-08 

convergence summary
    number of iterations   : 2
    number of reformations : 1

------- converged at time : 22.9


Data Record #1
===========================================================================
Step = 229
Time = 22.9
Data = ux;uy;uz
File = parameter_sweeps/tmax5_disp.txt

Data Record #2
===========================================================================
Step = 229
Time = 22.9
Data = sz;J
File = parameter_sweeps/tmax5_stress.txt

===== beginning time step 230 : 23 =====


Reforming stiffness matrix: reformation #1

 1
 Nonlinear solution status: time= 23
	stiffness updates             = 0
	right hand side evaluations   = 2
	stiffness matrix reformations = 1
	step from line search         = 1.000000
	convergence norms :     INITIAL         CURRENT         REQUIRED
	   residual            8.813223e+01    2.361096e-07    0.000000e+00 
	   energy              4.234990e-01    4.362926e-06    4.234990e-03 
	   displacement        1.885555e-02    1.885555e-02    1.885555e-08 
 2
 Nonlinear solution status: time= 23
	stiffness updates             = 1
	right hand side evaluations   = 3
	stiffness matrix reformations = 1
	step from line search         = 1.000000
	convergence norms :     INITIAL         CURRENT         REQUIRED
	   residual            8.813223e+01    7.523301e-12    0.000000e+00 
	   energy              4.234990e-01    7.017339e-12    4.234990e-03 
	   displacement        1.885555e-02    1.739553e-10    1.885457e-08 

convergence summary
    number of iterations   : 2
    number of reformations : 1

------- converged at time : 23


Data Record #1
===========================================================================
Step = 230
Time = 23
Data = ux;uy;uz
File = parameter_sweeps/tmax5_disp.txt

Data Record #2
===========================================================================
Step = 230
Time = 23
Data = sz;J
File = parameter_sweeps/tmax5_stress.txt

===== beginning time step 231 : 23.1 =====


Reforming stiffness matrix: reformation #1

 1
 Nonlinear solution status: time= 23.1
	stiffness updates             = 0
	right hand side evaluations   = 2
	stiffness matrix reformations = 1
	step from line search         = 1.000000
	convergence norms :     INITIAL         CURRENT         REQUIRED
	   residual            7.932077e+01    1.989737e-07    0.000000e+00 
	   energy              3.831052e-01    4.366411e-06    3.831052e-03 
	   displacement        1.713394e-02    1.713394e-02    1.713394e-08 
 2
 Nonlinear solution status: time= 23.1
	stiffness updates             = 1
	right hand side evaluations   = 3
	stiffness matrix reformations = 1
	step from line search         = 1.000000
	convergence norms :     INITIAL         CURRENT         REQUIRED
	   residual            7.932077e+01    6.001684e-12    0.000000e+00 
	   energy              3.831052e-01    6.353116e-12    3.831052e-03 
	   displacement        1.713394e-02    1.771484e-10    1.713301e-08 

convergence summary
    number of iterations   : 2
    number of reformations : 1

------- converged at time : 23.1


Data Record #1
===========================================================================
Step = 231
Time = 23.1
Data = ux;uy;uz
File = parameter_sweeps/tmax5_disp.txt

Data Record #2
===========================================================================
Step = 231
Time = 23.1
Data = sz;J
File = parameter_sweeps/tmax5_stress.txt

===== beginning time step 232 : 23.2 =====


Reforming stiffness matrix: reformation #1

 1
 Nonlinear solution status: time= 23.2
	stiffness updates             = 0
	right hand side evaluations   = 2
	stiffness matrix reformations = 1
	step from line search         = 1.000000
	convergence norms :     INITIAL         CURRENT         REQUIRED
	   residual            7.105058e+01    1.801271e-07    0.000000e+00 
	   energy              3.486025e-01    4.133725e-06    3.486025e-03 
	   displacement        1.579227e-02    1.579227e-02    1.579227e-08 
 2
 Nonlinear solution status: time= 23.2
	stiffness updates             = 1
	right hand side evaluations   = 3
	stiffness matrix reformations = 1
	step from line search         = 1.000000
	convergence norms :     INITIAL         CURRENT         REQUIRED
	   residual            7.105058e+01    5.128493e-12    0.000000e+00 
	   energy              3.486025e-01    5.951200e-12    3.486025e-03 
	   displacement        1.579227e-02    1.844363e-10    1.579139e-08 

convergence summary
    number of iterations   : 2
    number of reformations : 1

------- converged at time : 23.2


Data Record #1
===========================================================================
Step = 232
Time = 23.2
Data = ux;uy;uz
File = parameter_sweeps/tmax5_disp.txt

Data Record #2
===========================================================================
Step = 232
Time = 23.2
Data = sz;J
File = parameter_sweeps/tmax5_stress.txt

===== beginning time step 233 : 23.3 =====


Reforming stiffness matrix: reformation #1

 1
 Nonlinear solution status: time= 23.3
	stiffness updates             = 0
	right hand side evaluations   = 2
	stiffness matrix reformations = 1
	step from line search         = 1.000000
	convergence norms :     INITIAL         CURRENT         REQUIRED
	   residual            6.383529e+01    1.584671e-07    0.000000e+00 
	   energy              3.210377e-01    3.752755e-06    3.210377e-03 
	   displacement        1.482444e-02    1.482444e-02    1.482444e-08 
 2
 Nonlinear solution status: time= 23.3
	stiffness updates             = 1
	right hand side evaluations   = 3
	stiffness matrix reformations = 1
	step from line search         = 1.000000
	convergence norms :     INITIAL         CURRENT         REQUIRED
	   residual            6.383529e+01    4.529827e-12    0.000000e+00 
	   energy              3.210377e-01    4.836338e-12    3.210377e-03 
	   displacement        1.482444e-02    1.780964e-10    1.482354e-08 

convergence summary
    number of iterations   : 2
    number of reformations : 1

------- converged at time : 23.3


Data Record #1
===========================================================================
Step = 233
Time = 23.3
Data = ux;uy;uz
File = parameter_sweeps/tmax5_disp.txt

Data Record #2
===========================================================================
Step = 233
Time = 23.3
Data = sz;J
File = parameter_sweeps/tmax5_stress.txt

===== beginning time step 234 : 23.4 =====


Reforming stiffness matrix: reformation #1

 1
 Nonlinear solution status: time= 23.4
	stiffness updates             = 0
	right hand side evaluations   = 2
	stiffness matrix reformations = 1
	step from line search         = 1.000000
	convergence norms :     INITIAL         CURRENT         REQUIRED
	   residual            5.834284e+01    1.236351e-07    0.000000e+00 
	   energy              3.011235e-01    3.569034e-06    3.011235e-03 
	   displacement        1.416385e-02    1.416385e-02    1.416385e-08 
 2
 Nonlinear solution status: time= 23.4
	stiffness updates             = 1
	right hand side evaluations   = 3
	stiffness matrix reformations = 1
	step from line search         = 1.000000
	convergence norms :     INITIAL         CURRENT         REQUIRED
	   residual            5.834284e+01    3.305168e-12    0.000000e+00 
	   energy              3.011235e-01    4.065142e-12    3.011235e-03 
	   displacement        1.416385e-02    1.764085e-10    1.416288e-08 

convergence summary
    number of iterations   : 2
    number of reformations : 1

------- converged at time : 23.4


Data Record #1
===========================================================================
Step = 234
Time = 23.4
Data = ux;uy;uz
File = parameter_sweeps/tmax5_disp.txt

Data Record #2
===========================================================================
Step = 234
Time = 23.4
Data = sz;J
File = parameter_sweeps/tmax5_stress.txt

===== beginning time step 235 : 23.5 =====


Reforming stiffness matrix: reformation #1

 1
 Nonlinear solution status: time= 23.5
	stiffness updates             = 0
	right hand side evaluations   = 2
	stiffness matrix reformations = 1
	step from line search         = 1.000000
	convergence norms :     INITIAL         CURRENT         REQUIRED
	   residual            5.504396e+01    7.191212e-08    0.000000e+00 
	   energy              2.893397e-01    3.745118e-06    2.893397e-03 
	   displacement        1.375786e-02    1.375786e-02    1.375786e-08 
 2
 Nonlinear solution status: time= 23.5
	stiffness updates             = 1
	right hand side evaluations   = 3
	stiffness matrix reformations = 1
	step from line search         = 1.000000
	convergence norms :     INITIAL         CURRENT         REQUIRED
	   residual            5.504396e+01    2.070681e-12    0.000000e+00 
	   energy              2.893397e-01    3.398000e-12    2.893397e-03 
	   displacement        1.375786e-02    1.853903e-10    1.375670e-08 

convergence summary
    number of iterations   : 2
    number of reformations : 1

------- converged at time : 23.5


Data Record #1
===========================================================================
Step = 235
Time = 23.5
Data = ux;uy;uz
File = parameter_sweeps/tmax5_disp.txt

Data Record #2
===========================================================================
Step = 235
Time = 23.5
Data = sz;J
File = parameter_sweeps/tmax5_stress.txt

===== beginning time step 236 : 23.6 =====


Reforming stiffness matrix: reformation #1

 1
 Nonlinear solution status: time= 23.6
	stiffness updates             = 0
	right hand side evaluations   = 2
	stiffness matrix reformations = 1
	step from line search         = 1.000000
	convergence norms :     INITIAL         CURRENT         REQUIRED
	   residual            5.389716e+01    6.100110e-08    0.000000e+00 
	   energy              2.858901e-01    4.157959e-06    2.858901e-03 
	   displacement        1.362738e-02    1.362738e-02    1.362738e-08 
 2
 Nonlinear solution status: time= 23.6
	stiffness updates             = 1
	right hand side evaluations   = 3
	stiffness matrix reformations = 1
	step from line search         = 1.000000
	convergence norms :     INITIAL         CURRENT         REQUIRED
	   residual            5.389716e+01    1.385879e-12    0.000000e+00 
	   energy              2.858901e-01    2.811269e-12    2.858901e-03 
	   displacement        1.362738e-02    1.925503e-10    1.362596e-08 

convergence summary
    number of iterations   : 2
    number of reformations : 1

------- converged at time : 23.6


Data Record #1
===========================================================================
Step = 236
Time = 23.6
Data = ux;uy;uz
File = parameter_sweeps/tmax5_disp.txt

Data Record #2
===========================================================================
Step = 236
Time = 23.6
Data = sz;J
File = parameter_sweeps/tmax5_stress.txt

===== beginning time step 237 : 23.7 =====


Reforming stiffness matrix: reformation #1

 1
 Nonlinear solution status: time= 23.7
	stiffness updates             = 0
	right hand side evaluations   = 2
	stiffness matrix reformations = 1
	step from line search         = 1.000000
	convergence norms :     INITIAL         CURRENT         REQUIRED
	   residual            5.468719e+01    9.392027e-08    0.000000e+00 
	   energy              2.903916e-01    4.796526e-06    2.903916e-03 
	   displacement        1.380819e-02    1.380819e-02    1.380819e-08 
 2
 Nonlinear solution status: time= 23.7
	stiffness updates             = 1
	right hand side evaluations   = 3
	stiffness matrix reformations = 1
	step from line search         = 1.000000
	convergence norms :     INITIAL         CURRENT         REQUIRED
	   residual            5.468719e+01    1.550531e-12    0.000000e+00 
	   energy              2.903916e-01    2.886974e-12    2.903916e-03 
	   displacement        1.380819e-02    2.019365e-10    1.380656e-08 

convergence summary
    number of iterations   : 2
    number of reformations : 1

------- converged at time : 23.7


Data Record #1
===========================================================================
Step = 237
Time = 23.7
Data = ux;uy;uz
File = parameter_sweeps/tmax5_disp.txt

Data Record #2
===========================================================================
Step = 237
Time = 23.7
Data = sz;J
File = parameter_sweeps/tmax5_stress.txt

===== beginning time step 238 : 23.8 =====


Reforming stiffness matrix: reformation #1

 1
 Nonlinear solution status: time= 23.8
	stiffness updates             = 0
	right hand side evaluations   = 2
	stiffness matrix reformations = 1
	step from line search         = 1.000000
	convergence norms :     INITIAL         CURRENT         REQUIRED
	   residual            5.699374e+01    1.593807e-07    0.000000e+00 
	   energy              3.012921e-01    5.758838e-06    3.012921e-03 
	   displacement        1.428926e-02    1.428926e-02    1.428926e-08 
 2
 Nonlinear solution status: time= 23.8
	stiffness updates             = 1
	right hand side evaluations   = 3
	stiffness matrix reformations = 1
	step from line search         = 1.000000
	convergence norms :     INITIAL         CURRENT         REQUIRED
	   residual            5.699374e+01    2.307441e-12    0.000000e+00 
	   energy              3.012921e-01    3.782694e-12    3.012921e-03 
	   displacement        1.428926e-02    2.300143e-10    1.428746e-08 

convergence summary
    number of iterations   : 2
    number of reformations : 1

------- converged at time : 23.8


Data Record #1
===========================================================================
Step = 238
Time = 23.8
Data = ux;uy;uz
File = parameter_sweeps/tmax5_disp.txt

Data Record #2
===========================================================================
Step = 238
Time = 23.8
Data = sz;J
File = parameter_sweeps/tmax5_stress.txt

===== beginning time step 239 : 23.9 =====


Reforming stiffness matrix: reformation #1

 1
 Nonlinear solution status: time= 23.9
	stiffness updates             = 0
	right hand side evaluations   = 2
	stiffness matrix reformations = 1
	step from line search         = 1.000000
	convergence norms :     INITIAL         CURRENT         REQUIRED
	   residual            6.003053e+01    2.442370e-07    0.000000e+00 
	   energy              3.155667e-01    6.824757e-06    3.155667e-03 
	   displacement        1.496579e-02    1.496579e-02    1.496579e-08 
 2
 Nonlinear solution status: time= 23.9
	stiffness updates             = 1
	right hand side evaluations   = 3
	stiffness matrix reformations = 1
	step from line search         = 1.000000
	convergence norms :     INITIAL         CURRENT         REQUIRED
	   residual            6.003053e+01    3.449615e-12    0.000000e+00 
	   energy              3.155667e-01    4.823323e-12    3.155667e-03 
	   displacement        1.496579e-02    2.641008e-10    1.496387e-08 

convergence summary
    number of iterations   : 2
    number of reformations : 1

------- converged at time : 23.9


Data Record #1
===========================================================================
Step = 239
Time = 23.9
Data = ux;uy;uz
File = parameter_sweeps/tmax5_disp.txt

Data Record #2
===========================================================================
Step = 239
Time = 23.9
Data = sz;J
File = parameter_sweeps/tmax5_stress.txt

===== beginning time step 240 : 24 =====


Reforming stiffness matrix: reformation #1

 1
 Nonlinear solution status: time= 24
	stiffness updates             = 0
	right hand side evaluations   = 2
	stiffness matrix reformations = 1
	step from line search         = 1.000000
	convergence norms :     INITIAL         CURRENT         REQUIRED
	   residual            6.310863e+01    2.853761e-07    0.000000e+00 
	   energy              3.293242e-01    7.607925e-06    3.293242e-03 
	   displacement        1.560943e-02    1.560943e-02    1.560943e-08 
 2
 Nonlinear solution status: time= 24
	stiffness updates             = 1
	right hand side evaluations   = 3
	stiffness matrix reformations = 1
	step from line search         = 1.000000
	convergence norms :     INITIAL         CURRENT         REQUIRED
	   residual            6.310863e+01    4.140203e-12    0.000000e+00 
	   energy              3.293242e-01    4.967323e-12    3.293242e-03 
	   displacement        1.560943e-02    2.728600e-10    1.560751e-08 

convergence summary
    number of iterations   : 2
    number of reformations : 1

------- converged at time : 24


Data Record #1
===========================================================================
Step = 240
Time = 24
Data = ux;uy;uz
File = parameter_sweeps/tmax5_disp.txt

Data Record #2
===========================================================================
Step = 240
Time = 24
Data = sz;J
File = parameter_sweeps/tmax5_stress.txt

===== beginning time step 241 : 24.1 =====


Reforming stiffness matrix: reformation #1

 1
 Nonlinear solution status: time= 24.1
	stiffness updates             = 0
	right hand side evaluations   = 2
	stiffness matrix reformations = 1
	step from line search         = 1.000000
	convergence norms :     INITIAL         CURRENT         REQUIRED
	   residual            6.565610e+01    3.155393e-07    0.000000e+00 
	   energy              3.386473e-01    8.044325e-06    3.386473e-03 
	   displacement        1.596287e-02    1.596287e-02    1.596287e-08 
 2
 Nonlinear solution status: time= 24.1
	stiffness updates             = 1
	right hand side evaluations   = 3
	stiffness matrix reformations = 1
	step from line search         = 1.000000
	convergence norms :     INITIAL         CURRENT         REQUIRED
	   residual            6.565610e+01    4.601328e-12    0.000000e+00 
	   energy              3.386473e-01    5.202246e-12    3.386473e-03 
	   displacement        1.596287e-02    2.739883e-10    1.596105e-08 

convergence summary
    number of iterations   : 2
    number of reformations : 1

------- converged at time : 24.1


Data Record #1
===========================================================================
Step = 241
Time = 24.1
Data = ux;uy;uz
File = parameter_sweeps/tmax5_disp.txt

Data Record #2
===========================================================================
Step = 241
Time = 24.1
Data = sz;J
File = parameter_sweeps/tmax5_stress.txt

===== beginning time step 242 : 24.2 =====


Reforming stiffness matrix: reformation #1

 1
 Nonlinear solution status: time= 24.2
	stiffness updates             = 0
	right hand side evaluations   = 2
	stiffness matrix reformations = 1
	step from line search         = 1.000000
	convergence norms :     INITIAL         CURRENT         REQUIRED
	   residual            6.693952e+01    3.413578e-07    0.000000e+00 
	   energy              3.405582e-01    8.253589e-06    3.405582e-03 
	   displacement        1.591363e-02    1.591363e-02    1.591363e-08 
 2
 Nonlinear solution status: time= 24.2
	stiffness updates             = 1
	right hand side evaluations   = 3
	stiffness matrix reformations = 1
	step from line search         = 1.000000
	convergence norms :     INITIAL         CURRENT         REQUIRED
	   residual            6.693952e+01    4.571589e-12    0.000000e+00 
	   energy              3.405582e-01    5.257609e-12    3.405582e-03 
	   displacement        1.591363e-02    2.771200e-10    1.591190e-08 

convergence summary
    number of iterations   : 2
    number of reformations : 1

------- converged at time : 24.2


Data Record #1
===========================================================================
Step = 242
Time = 24.2
Data = ux;uy;uz
File = parameter_sweeps/tmax5_disp.txt

Data Record #2
===========================================================================
Step = 242
Time = 24.2
Data = sz;J
File = parameter_sweeps/tmax5_stress.txt

===== beginning time step 243 : 24.3 =====


Reforming stiffness matrix: reformation #1

 1
 Nonlinear solution status: time= 24.3
	stiffness updates             = 0
	right hand side evaluations   = 2
	stiffness matrix reformations = 1
	step from line search         = 1.000000
	convergence norms :     INITIAL         CURRENT         REQUIRED
	   residual            6.645134e+01    3.574899e-07    0.000000e+00 
	   energy              3.338955e-01    8.169847e-06    3.338955e-03 
	   displacement        1.551473e-02    1.551473e-02    1.551473e-08 
 2
 Nonlinear solution status: time= 24.3
	stiffness updates             = 1
	right hand side evaluations   = 3
	stiffness matrix reformations = 1
	step from line search         = 1.000000
	convergence norms :     INITIAL         CURRENT         REQUIRED
	   residual            6.645134e+01    4.676175e-12    0.000000e+00 
	   energy              3.338955e-01    5.364239e-12    3.338955e-03 
	   displacement        1.551473e-02    2.727853e-10    1.551308e-08 

convergence summary
    number of iterations   : 2
    number of reformations : 1

------- converged at time : 24.3


Data Record #1
===========================================================================
Step = 243
Time = 24.3
Data = ux;uy;uz
File = parameter_sweeps/tmax5_disp.txt

Data Record #2
===========================================================================
Step = 243
Time = 24.3
Data = sz;J
File = parameter_sweeps/tmax5_stress.txt

===== beginning time step 244 : 24.4 =====


Reforming stiffness matrix: reformation #1

 1
 Nonlinear solution status: time= 24.4
	stiffness updates             = 0
	right hand side evaluations   = 2
	stiffness matrix reformations = 1
	step from line search         = 1.000000
	convergence norms :     INITIAL         CURRENT         REQUIRED
	   residual            6.427958e+01    3.577537e-07    0.000000e+00 
	   energy              3.193785e-01    7.491694e-06    3.193785e-03 
	   displacement        1.486499e-02    1.486499e-02    1.486499e-08 
 2
 Nonlinear solution status: time= 24.4
	stiffness updates             = 1
	right hand side evaluations   = 3
	stiffness matrix reformations = 1
	step from line search         = 1.000000
	convergence norms :     INITIAL         CURRENT         REQUIRED
	   residual            6.427958e+01    5.045939e-12    0.000000e+00 
	   energy              3.193785e-01    5.393221e-12    3.193785e-03 
	   displacement        1.486499e-02    2.483859e-10    1.486347e-08 

convergence summary
    number of iterations   : 2
    number of reformations : 1

------- converged at time : 24.4


Data Record #1
===========================================================================
Step = 244
Time = 24.4
Data = ux;uy;uz
File = parameter_sweeps/tmax5_disp.txt

Data Record #2
===========================================================================
Step = 244
Time = 24.4
Data = sz;J
File = parameter_sweeps/tmax5_stress.txt

===== beginning time step 245 : 24.5 =====


Reforming stiffness matrix: reformation #1

 1
 Nonlinear solution status: time= 24.5
	stiffness updates             = 0
	right hand side evaluations   = 2
	stiffness matrix reformations = 1
	step from line search         = 1.000000
	convergence norms :     INITIAL         CURRENT         REQUIRED
	   residual            6.093479e+01    3.353403e-07    0.000000e+00 
	   energy              2.993502e-01    6.331927e-06    2.993502e-03 
	   displacement        1.401650e-02    1.401650e-02    1.401650e-08 
 2
 Nonlinear solution status: time= 24.5
	stiffness updates             = 1
	right hand side evaluations   = 3
	stiffness matrix reformations = 1
	step from line search         = 1.000000
	convergence norms :     INITIAL         CURRENT         REQUIRED
	   residual            6.093479e+01    5.299789e-12    0.000000e+00 
	   energy              2.993502e-01    5.477912e-12    2.993502e-03 
	   displacement        1.401650e-02    2.165828e-10    1.401516e-08 

convergence summary
    number of iterations   : 2
    number of reformations : 1

------- converged at time : 24.5


Data Record #1
===========================================================================
Step = 245
Time = 24.5
Data = ux;uy;uz
File = parameter_sweeps/tmax5_disp.txt

Data Record #2
===========================================================================
Step = 245
Time = 24.5
Data = sz;J
File = parameter_sweeps/tmax5_stress.txt

===== beginning time step 246 : 24.6 =====


Reforming stiffness matrix: reformation #1

 1
 Nonlinear solution status: time= 24.6
	stiffness updates             = 0
	right hand side evaluations   = 2
	stiffness matrix reformations = 1
	step from line search         = 1.000000
	convergence norms :     INITIAL         CURRENT         REQUIRED
	   residual            5.690557e+01    3.119713e-07    0.000000e+00 
	   energy              2.766478e-01    5.060715e-06    2.766478e-03 
	   displacement        1.301664e-02    1.301664e-02    1.301664e-08 
 2
 Nonlinear solution status: time= 24.6
	stiffness updates             = 1
	right hand side evaluations   = 3
	stiffness matrix reformations = 1
	step from line search         = 1.000000
	convergence norms :     INITIAL         CURRENT         REQUIRED
	   residual            5.690557e+01    5.568112e-12    0.000000e+00 
	   energy              2.766478e-01    5.184289e-12    2.766478e-03 
	   displacement        1.301664e-02    1.906842e-10    1.301548e-08 

convergence summary
    number of iterations   : 2
    number of reformations : 1

------- converged at time : 24.6


Data Record #1
===========================================================================
Step = 246
Time = 24.6
Data = ux;uy;uz
File = parameter_sweeps/tmax5_disp.txt

Data Record #2
===========================================================================
Step = 246
Time = 24.6
Data = sz;J
File = parameter_sweeps/tmax5_stress.txt

===== beginning time step 247 : 24.7 =====


Reforming stiffness matrix: reformation #1

 1
 Nonlinear solution status: time= 24.7
	stiffness updates             = 0
	right hand side evaluations   = 2
	stiffness matrix reformations = 1
	step from line search         = 1.000000
	convergence norms :     INITIAL         CURRENT         REQUIRED
	   residual            5.259665e+01    2.490189e-07    0.000000e+00 
	   energy              2.540453e-01    3.905452e-06    2.540453e-03 
	   displacement        1.198218e-02    1.198218e-02    1.198218e-08 
 2
 Nonlinear solution status: time= 24.7
	stiffness updates             = 1
	right hand side evaluations   = 3
	stiffness matrix reformations = 1
	step from line search         = 1.000000
	convergence norms :     INITIAL         CURRENT         REQUIRED
	   residual            5.259665e+01    4.477641e-12    0.000000e+00 
	   energy              2.540453e-01    3.915912e-12    2.540453e-03 
	   displacement        1.198218e-02    1.777823e-10    1.198119e-08 

convergence summary
    number of iterations   : 2
    number of reformations : 1

------- converged at time : 24.7


Data Record #1
===========================================================================
Step = 247
Time = 24.7
Data = ux;uy;uz
File = parameter_sweeps/tmax5_disp.txt

Data Record #2
===========================================================================
Step = 247
Time = 24.7
Data = sz;J
File = parameter_sweeps/tmax5_stress.txt

===== beginning time step 248 : 24.8 =====


Reforming stiffness matrix: reformation #1

 1
 Nonlinear solution status: time= 24.8
	stiffness updates             = 0
	right hand side evaluations   = 2
	stiffness matrix reformations = 1
	step from line search         = 1.000000
	convergence norms :     INITIAL         CURRENT         REQUIRED
	   residual            4.857123e+01    1.904463e-07    0.000000e+00 
	   energy              2.338958e-01    2.797920e-06    2.338958e-03 
	   displacement        1.107526e-02    1.107526e-02    1.107526e-08 
 2
 Nonlinear solution status: time= 24.8
	stiffness updates             = 1
	right hand side evaluations   = 3
	stiffness matrix reformations = 1
	step from line search         = 1.000000
	convergence norms :     INITIAL         CURRENT         REQUIRED
	   residual            4.857123e+01    3.093929e-12    0.000000e+00 
	   energy              2.338958e-01    2.617195e-12    2.338958e-03 
	   displacement        1.107526e-02    1.548145e-10    1.107451e-08 

convergence summary
    number of iterations   : 2
    number of reformations : 1

------- converged at time : 24.8


Data Record #1
===========================================================================
Step = 248
Time = 24.8
Data = ux;uy;uz
File = parameter_sweeps/tmax5_disp.txt

Data Record #2
===========================================================================
Step = 248
Time = 24.8
Data = sz;J
File = parameter_sweeps/tmax5_stress.txt

===== beginning time step 249 : 24.9 =====


Reforming stiffness matrix: reformation #1

 1
 Nonlinear solution status: time= 24.9
	stiffness updates             = 0
	right hand side evaluations   = 2
	stiffness matrix reformations = 1
	step from line search         = 1.000000
	convergence norms :     INITIAL         CURRENT         REQUIRED
	   residual            4.528069e+01    1.330100e-07    0.000000e+00 
	   energy              2.174422e-01    1.895495e-06    2.174422e-03 
	   displacement        1.037228e-02    1.037228e-02    1.037228e-08 
 2
 Nonlinear solution status: time= 24.9
	stiffness updates             = 1
	right hand side evaluations   = 3
	stiffness matrix reformations = 1
	step from line search         = 1.000000
	convergence norms :     INITIAL         CURRENT         REQUIRED
	   residual            4.528069e+01    2.051415e-12    0.000000e+00 
	   energy              2.174422e-01    1.772392e-12    2.174422e-03 
	   displacement        1.037228e-02    1.267724e-10    1.037171e-08 

convergence summary
    number of iterations   : 2
    number of reformations : 1

------- converged at time : 24.9


Data Record #1
===========================================================================
Step = 249
Time = 24.9
Data = ux;uy;uz
File = parameter_sweeps/tmax5_disp.txt

Data Record #2
===========================================================================
Step = 249
Time = 24.9
Data = sz;J
File = parameter_sweeps/tmax5_stress.txt

===== beginning time step 250 : 25 =====


Reforming stiffness matrix: reformation #1

 1
 Nonlinear solution status: time= 25
	stiffness updates             = 0
	right hand side evaluations   = 2
	stiffness matrix reformations = 1
	step from line search         = 1.000000
	convergence norms :     INITIAL         CURRENT         REQUIRED
	   residual            4.274647e+01    7.794902e-08    0.000000e+00 
	   energy              2.043903e-01    1.264669e-06    2.043903e-03 
	   displacement        9.791703e-03    9.791703e-03    9.791703e-09 
 2
 Nonlinear solution status: time= 25
	stiffness updates             = 1
	right hand side evaluations   = 3
	stiffness matrix reformations = 1
	step from line search         = 1.000000
	convergence norms :     INITIAL         CURRENT         REQUIRED
	   residual            4.274647e+01    1.310439e-12    0.000000e+00 
	   energy              2.043903e-01    1.281059e-12    2.043903e-03 
	   displacement        9.791703e-03    1.071239e-10    9.791281e-09 

convergence summary
    number of iterations   : 2
    number of reformations : 1

------- converged at time : 25


Data Record #1
===========================================================================
Step = 250
Time = 25
Data = ux;uy;uz
File = parameter_sweeps/tmax5_disp.txt

Data Record #2
===========================================================================
Step = 250
Time = 25
Data = sz;J
File = parameter_sweeps/tmax5_stress.txt

===== beginning time step 251 : 25.1 =====


Reforming stiffness matrix: reformation #1

 1
 Nonlinear solution status: time= 25.1
	stiffness updates             = 0
	right hand side evaluations   = 2
	stiffness matrix reformations = 1
	step from line search         = 1.000000
	convergence norms :     INITIAL         CURRENT         REQUIRED
	   residual            4.054970e+01    6.016015e-08    0.000000e+00 
	   energy              1.931837e-01    9.335894e-07    1.931837e-03 
	   displacement        9.234811e-03    9.234811e-03    9.234811e-09 
 2
 Nonlinear solution status: time= 25.1
	stiffness updates             = 1
	right hand side evaluations   = 3
	stiffness matrix reformations = 1
	step from line search         = 1.000000
	convergence norms :     INITIAL         CURRENT         REQUIRED
	   residual            4.054970e+01    1.277948e-12    0.000000e+00 
	   energy              1.931837e-01    1.046819e-12    1.931837e-03 
	   displacement        9.234811e-03    9.394335e-11    9.234501e-09 

convergence summary
    number of iterations   : 2
    number of reformations : 1

------- converged at time : 25.1


Data Record #1
===========================================================================
Step = 251
Time = 25.1
Data = ux;uy;uz
File = parameter_sweeps/tmax5_disp.txt

Data Record #2
===========================================================================
Step = 251
Time = 25.1
Data = sz;J
File = parameter_sweeps/tmax5_stress.txt

===== beginning time step 252 : 25.2 =====


Reforming stiffness matrix: reformation #1

 1
 Nonlinear solution status: time= 25.2
	stiffness updates             = 0
	right hand side evaluations   = 2
	stiffness matrix reformations = 1
	step from line search         = 1.000000
	convergence norms :     INITIAL         CURRENT         REQUIRED
	   residual            3.814469e+01    5.965756e-08    0.000000e+00 
	   energy              1.819031e-01    9.137200e-07    1.819031e-03 
	   displacement        8.628906e-03    8.628906e-03    8.628906e-09 
 2
 Nonlinear solution status: time= 25.2
	stiffness updates             = 1
	right hand side evaluations   = 3
	stiffness matrix reformations = 1
	step from line search         = 1.000000
	convergence norms :     INITIAL         CURRENT         REQUIRED
	   residual            3.814469e+01    1.393384e-12    0.000000e+00 
	   energy              1.819031e-01    1.203261e-12    1.819031e-03 
	   displacement        8.628906e-03    9.626916e-11    8.628677e-09 

convergence summary
    number of iterations   : 2
    number of reformations : 1

------- converged at time : 25.2


Data Record #1
===========================================================================
Step = 252
Time = 25.2
Data = ux;uy;uz
File = parameter_sweeps/tmax5_disp.txt

Data Record #2
===========================================================================
Step = 252
Time = 25.2
Data = sz;J
File = parameter_sweeps/tmax5_stress.txt

===== beginning time step 253 : 25.3 =====


Reforming stiffness matrix: reformation #1

 1
 Nonlinear solution status: time= 25.3
	stiffness updates             = 0
	right hand side evaluations   = 2
	stiffness matrix reformations = 1
	step from line search         = 1.000000
	convergence norms :     INITIAL         CURRENT         REQUIRED
	   residual            3.547267e+01    6.727728e-08    0.000000e+00 
	   energy              1.693343e-01    9.354870e-07    1.693343e-03 
	   displacement        7.897655e-03    7.897655e-03    7.897655e-09 
 2
 Nonlinear solution status: time= 25.3
	stiffness updates             = 1
	right hand side evaluations   = 3
	stiffness matrix reformations = 1
	step from line search         = 1.000000
	convergence norms :     INITIAL         CURRENT         REQUIRED
	   residual            3.547267e+01    1.449514e-12    0.000000e+00 
	   energy              1.693343e-01    1.659228e-12    1.693343e-03 
	   displacement        7.897655e-03    1.015803e-10    7.897477e-09 

convergence summary
    number of iterations   : 2
    number of reformations : 1

------- converged at time : 25.3


Data Record #1
===========================================================================
Step = 253
Time = 25.3
Data = ux;uy;uz
File = parameter_sweeps/tmax5_disp.txt

Data Record #2
===========================================================================
Step = 253
Time = 25.3
Data = sz;J
File = parameter_sweeps/tmax5_stress.txt

===== beginning time step 254 : 25.4 =====


Reforming stiffness matrix: reformation #1

 1
 Nonlinear solution status: time= 25.4
	stiffness updates             = 0
	right hand side evaluations   = 2
	stiffness matrix reformations = 1
	step from line search         = 1.000000
	convergence norms :     INITIAL         CURRENT         REQUIRED
	   residual            3.281804e+01    5.945381e-08    0.000000e+00 
	   energy              1.557263e-01    8.524536e-07    1.557263e-03 
	   displacement        7.085034e-03    7.085034e-03    7.085034e-09 
 2
 Nonlinear solution status: time= 25.4
	stiffness updates             = 1
	right hand side evaluations   = 3
	stiffness matrix reformations = 1
	step from line search         = 1.000000
	convergence norms :     INITIAL         CURRENT         REQUIRED
	   residual            3.281804e+01    1.297512e-12    0.000000e+00 
	   energy              1.557263e-01    2.138300e-12    1.557263e-03 
	   displacement        7.085034e-03    9.870279e-11    7.084883e-09 

convergence summary
    number of iterations   : 2
    number of reformations : 1

------- converged at time : 25.4


Data Record #1
===========================================================================
Step = 254
Time = 25.4
Data = ux;uy;uz
File = parameter_sweeps/tmax5_disp.txt

Data Record #2
===========================================================================
Step = 254
Time = 25.4
Data = sz;J
File = parameter_sweeps/tmax5_stress.txt

===== beginning time step 255 : 25.5 =====


Reforming stiffness matrix: reformation #1

 1
 Nonlinear solution status: time= 25.5
	stiffness updates             = 0
	right hand side evaluations   = 2
	stiffness matrix reformations = 1
	step from line search         = 1.000000
	convergence norms :     INITIAL         CURRENT         REQUIRED
	   residual            3.018971e+01    4.629165e-08    0.000000e+00 
	   energy              1.426877e-01    8.004404e-07    1.426877e-03 
	   displacement        6.353838e-03    6.353838e-03    6.353838e-09 
 2
 Nonlinear solution status: time= 25.5
	stiffness updates             = 1
	right hand side evaluations   = 3
	stiffness matrix reformations = 1
	step from line search         = 1.000000
	convergence norms :     INITIAL         CURRENT         REQUIRED
	   residual            3.018971e+01    1.124219e-12    0.000000e+00 
	   energy              1.426877e-01    2.444229e-12    1.426877e-03 
	   displacement        6.353838e-03    8.857936e-11    6.353679e-09 

convergence summary
    number of iterations   : 2
    number of reformations : 1

------- converged at time : 25.5


Data Record #1
===========================================================================
Step = 255
Time = 25.5
Data = ux;uy;uz
File = parameter_sweeps/tmax5_disp.txt

Data Record #2
===========================================================================
Step = 255
Time = 25.5
Data = sz;J
File = parameter_sweeps/tmax5_stress.txt

===== beginning time step 256 : 25.6 =====


Reforming stiffness matrix: reformation #1

 1
 Nonlinear solution status: time= 25.6
	stiffness updates             = 0
	right hand side evaluations   = 2
	stiffness matrix reformations = 1
	step from line search         = 1.000000
	convergence norms :     INITIAL         CURRENT         REQUIRED
	   residual            2.754332e+01    5.724527e-08    0.000000e+00 
	   energy              1.323438e-01    9.518816e-07    1.323438e-03 
	   displacement        5.881562e-03    5.881562e-03    5.881562e-09 
 2
 Nonlinear solution status: time= 25.6
	stiffness updates             = 1
	right hand side evaluations   = 3
	stiffness matrix reformations = 1
	step from line search         = 1.000000
	convergence norms :     INITIAL         CURRENT         REQUIRED
	   residual            2.754332e+01    1.367146e-12    0.000000e+00 
	   energy              1.323438e-01    2.527421e-12    1.323438e-03 
	   displacement        5.881562e-03    7.780381e-11    5.881324e-09 

convergence summary
    number of iterations   : 2
    number of reformations : 1

------- converged at time : 25.6


Data Record #1
===========================================================================
Step = 256
Time = 25.6
Data = ux;uy;uz
File = parameter_sweeps/tmax5_disp.txt

Data Record #2
===========================================================================
Step = 256
Time = 25.6
Data = sz;J
File = parameter_sweeps/tmax5_stress.txt

===== beginning time step 257 : 25.7 =====


Reforming stiffness matrix: reformation #1

 1
 Nonlinear solution status: time= 25.7
	stiffness updates             = 0
	right hand side evaluations   = 2
	stiffness matrix reformations = 1
	step from line search         = 1.000000
	convergence norms :     INITIAL         CURRENT         REQUIRED
	   residual            2.529279e+01    9.132368e-08    0.000000e+00 
	   energy              1.262307e-01    1.505623e-06    1.262307e-03 
	   displacement        5.746881e-03    5.746881e-03    5.746881e-09 
 2
 Nonlinear solution status: time= 25.7
	stiffness updates             = 1
	right hand side evaluations   = 3
	stiffness matrix reformations = 1
	step from line search         = 1.000000
	convergence norms :     INITIAL         CURRENT         REQUIRED
	   residual            2.529279e+01    2.108968e-12    0.000000e+00 
	   energy              1.262307e-01    2.614766e-12    1.262307e-03 
	   displacement        5.746881e-03    8.174936e-11    5.746496e-09 

convergence summary
    number of iterations   : 2
    number of reformations : 1

------- converged at time : 25.7


Data Record #1
===========================================================================
Step = 257
Time = 25.7
Data = ux;uy;uz
File = parameter_sweeps/tmax5_disp.txt

Data Record #2
===========================================================================
Step = 257
Time = 25.7
Data = sz;J
File = parameter_sweeps/tmax5_stress.txt

===== beginning time step 258 : 25.8 =====


Reforming stiffness matrix: reformation #1

 1
 Nonlinear solution status: time= 25.8
	stiffness updates             = 0
	right hand side evaluations   = 2
	stiffness matrix reformations = 1
	step from line search         = 1.000000
	convergence norms :     INITIAL         CURRENT         REQUIRED
	   residual            2.380920e+01    1.460488e-07    0.000000e+00 
	   energy              1.248109e-01    2.439776e-06    1.248109e-03 
	   displacement        5.912290e-03    5.912290e-03    5.912290e-09 
 2
 Nonlinear solution status: time= 25.8
	stiffness updates             = 1
	right hand side evaluations   = 3
	stiffness matrix reformations = 1
	step from line search         = 1.000000
	convergence norms :     INITIAL         CURRENT         REQUIRED
	   residual            2.380920e+01    3.011952e-12    0.000000e+00 
	   energy              1.248109e-01    3.057679e-12    1.248109e-03 
	   displacement        5.912290e-03    9.706390e-11    5.911735e-09 

convergence summary
    number of iterations   : 2
    number of reformations : 1

------- converged at time : 25.8


Data Record #1
===========================================================================
Step = 258
Time = 25.8
Data = ux;uy;uz
File = parameter_sweeps/tmax5_disp.txt

Data Record #2
===========================================================================
Step = 258
Time = 25.8
Data = sz;J
File = parameter_sweeps/tmax5_stress.txt

===== beginning time step 259 : 25.9 =====


Reforming stiffness matrix: reformation #1

 1
 Nonlinear solution status: time= 25.9
	stiffness updates             = 0
	right hand side evaluations   = 2
	stiffness matrix reformations = 1
	step from line search         = 1.000000
	convergence norms :     INITIAL         CURRENT         REQUIRED
	   residual            2.298477e+01    2.389313e-07    0.000000e+00 
	   energy              1.278719e-01    3.597919e-06    1.278719e-03 
	   displacement        6.353526e-03    6.353526e-03    6.353526e-09 
 2
 Nonlinear solution status: time= 25.9
	stiffness updates             = 1
	right hand side evaluations   = 3
	stiffness matrix reformations = 1
	step from line search         = 1.000000
	convergence norms :     INITIAL         CURRENT         REQUIRED
	   residual            2.298477e+01    4.651669e-12    0.000000e+00 
	   energy              1.278719e-01    4.416007e-12    1.278719e-03 
	   displacement        6.353526e-03    1.276802e-10    6.352758e-09 

convergence summary
    number of iterations   : 2
    number of reformations : 1

------- converged at time : 25.9


Data Record #1
===========================================================================
Step = 259
Time = 25.9
Data = ux;uy;uz
File = parameter_sweeps/tmax5_disp.txt

Data Record #2
===========================================================================
Step = 259
Time = 25.9
Data = sz;J
File = parameter_sweeps/tmax5_stress.txt

===== beginning time step 260 : 26 =====


Reforming stiffness matrix: reformation #1

 1
 Nonlinear solution status: time= 26
	stiffness updates             = 0
	right hand side evaluations   = 2
	stiffness matrix reformations = 1
	step from line search         = 1.000000
	convergence norms :     INITIAL         CURRENT         REQUIRED
	   residual            2.270458e+01    3.081783e-07    0.000000e+00 
	   energy              1.348725e-01    4.632994e-06    1.348725e-03 
	   displacement        6.997868e-03    6.997868e-03    6.997868e-09 
 2
 Nonlinear solution status: time= 26
	stiffness updates             = 1
	right hand side evaluations   = 3
	stiffness matrix reformations = 1
	step from line search         = 1.000000
	convergence norms :     INITIAL         CURRENT         REQUIRED
	   residual            2.270458e+01    6.299572e-12    0.000000e+00 
	   energy              1.348725e-01    5.682444e-12    1.348725e-03 
	   displacement        6.997868e-03    1.544156e-10    6.996877e-09 

convergence summary
    number of iterations   : 2
    number of reformations : 1

------- converged at time : 26


Data Record #1
===========================================================================
Step = 260
Time = 26
Data = ux;uy;uz
File = parameter_sweeps/tmax5_disp.txt

Data Record #2
===========================================================================
Step = 260
Time = 26
Data = sz;J
File = parameter_sweeps/tmax5_stress.txt

===== beginning time step 261 : 26.1 =====


Reforming stiffness matrix: reformation #1

 1
 Nonlinear solution status: time= 26.1
	stiffness updates             = 0
	right hand side evaluations   = 2
	stiffness matrix reformations = 1
	step from line search         = 1.000000
	convergence norms :     INITIAL         CURRENT         REQUIRED
	   residual            2.310334e+01    3.703557e-07    0.000000e+00 
	   energy              1.454502e-01    5.310408e-06    1.454502e-03 
	   displacement        7.742703e-03    7.742703e-03    7.742703e-09 
 2
 Nonlinear solution status: time= 26.1
	stiffness updates             = 1
	right hand side evaluations   = 3
	stiffness matrix reformations = 1
	step from line search         = 1.000000
	convergence norms :     INITIAL         CURRENT         REQUIRED
	   residual            2.310334e+01    7.304465e-12    0.000000e+00 
	   energy              1.454502e-01    6.520358e-12    1.454502e-03 
	   displacement        7.742703e-03    1.636499e-10    7.741605e-09 

convergence summary
    number of iterations   : 2
    number of reformations : 1

------- converged at time : 26.1


Data Record #1
===========================================================================
Step = 261
Time = 26.1
Data = ux;uy;uz
File = parameter_sweeps/tmax5_disp.txt

Data Record #2
===========================================================================
Step = 261
Time = 26.1
Data = sz;J
File = parameter_sweeps/tmax5_stress.txt

===== beginning time step 262 : 26.2 =====


Reforming stiffness matrix: reformation #1

 1
 Nonlinear solution status: time= 26.2
	stiffness updates             = 0
	right hand side evaluations   = 2
	stiffness matrix reformations = 1
	step from line search         = 1.000000
	convergence norms :     INITIAL         CURRENT         REQUIRED
	   residual            2.418530e+01    4.153272e-07    0.000000e+00 
	   energy              1.595203e-01    5.828032e-06    1.595203e-03 
	   displacement        8.611643e-03    8.611643e-03    8.611643e-09 
 2
 Nonlinear solution status: time= 26.2
	stiffness updates             = 1
	right hand side evaluations   = 3
	stiffness matrix reformations = 1
	step from line search         = 1.000000
	convergence norms :     INITIAL         CURRENT         REQUIRED
	   residual            2.418530e+01    8.126118e-12    0.000000e+00 
	   energy              1.595203e-01    7.026777e-12    1.595203e-03 
	   displacement        8.611643e-03    1.739262e-10    8.610477e-09 

convergence summary
    number of iterations   : 2
    number of reformations : 1

------- converged at time : 26.2


Data Record #1
===========================================================================
Step = 262
Time = 26.2
Data = ux;uy;uz
File = parameter_sweeps/tmax5_disp.txt

Data Record #2
===========================================================================
Step = 262
Time = 26.2
Data = sz;J
File = parameter_sweeps/tmax5_stress.txt

===== beginning time step 263 : 26.3 =====


Reforming stiffness matrix: reformation #1

 1
 Nonlinear solution status: time= 26.3
	stiffness updates             = 0
	right hand side evaluations   = 2
	stiffness matrix reformations = 1
	step from line search         = 1.000000
	convergence norms :     INITIAL         CURRENT         REQUIRED
	   residual            2.567361e+01    3.892460e-07    0.000000e+00 
	   energy              1.767074e-01    6.439013e-06    1.767074e-03 
	   displacement        9.688002e-03    9.688002e-03    9.688002e-09 
 2
 Nonlinear solution status: time= 26.3
	stiffness updates             = 1
	right hand side evaluations   = 3
	stiffness matrix reformations = 1
	step from line search         = 1.000000
	convergence norms :     INITIAL         CURRENT         REQUIRED
	   residual            2.567361e+01    7.718969e-12    0.000000e+00 
	   energy              1.767074e-01    6.589964e-12    1.767074e-03 
	   displacement        9.688002e-03    1.905123e-10    9.686714e-09 

convergence summary
    number of iterations   : 2
    number of reformations : 1

------- converged at time : 26.3


Data Record #1
===========================================================================
Step = 263
Time = 26.3
Data = ux;uy;uz
File = parameter_sweeps/tmax5_disp.txt

Data Record #2
===========================================================================
Step = 263
Time = 26.3
Data = sz;J
File = parameter_sweeps/tmax5_stress.txt

===== beginning time step 264 : 26.4 =====


Reforming stiffness matrix: reformation #1

 1
 Nonlinear solution status: time= 26.4
	stiffness updates             = 0
	right hand side evaluations   = 2
	stiffness matrix reformations = 1
	step from line search         = 1.000000
	convergence norms :     INITIAL         CURRENT         REQUIRED
	   residual            2.722551e+01    3.632421e-07    0.000000e+00 
	   energy              1.960978e-01    7.028821e-06    1.960978e-03 
	   displacement        1.098967e-02    1.098967e-02    1.098967e-08 
 2
 Nonlinear solution status: time= 26.4
	stiffness updates             = 1
	right hand side evaluations   = 3
	stiffness matrix reformations = 1
	step from line search         = 1.000000
	convergence norms :     INITIAL         CURRENT         REQUIRED
	   residual            2.722551e+01    7.438789e-12    0.000000e+00 
	   energy              1.960978e-01    6.254666e-12    1.960978e-03 
	   displacement        1.098967e-02    2.150185e-10    1.098825e-08 

convergence summary
    number of iterations   : 2
    number of reformations : 1

------- converged at time : 26.4


Data Record #1
===========================================================================
Step = 264
Time = 26.4
Data = ux;uy;uz
File = parameter_sweeps/tmax5_disp.txt

Data Record #2
===========================================================================
Step = 264
Time = 26.4
Data = sz;J
File = parameter_sweeps/tmax5_stress.txt

===== beginning time step 265 : 26.5 =====


Reforming stiffness matrix: reformation #1

 1
 Nonlinear solution status: time= 26.5
	stiffness updates             = 0
	right hand side evaluations   = 2
	stiffness matrix reformations = 1
	step from line search         = 1.000000
	convergence norms :     INITIAL         CURRENT         REQUIRED
	   residual            2.866903e+01    3.875371e-07    0.000000e+00 
	   energy              2.164911e-01    7.456948e-06    2.164911e-03 
	   displacement        1.242028e-02    1.242028e-02    1.242028e-08 
 2
 Nonlinear solution status: time= 26.5
	stiffness updates             = 1
	right hand side evaluations   = 3
	stiffness matrix reformations = 1
	step from line search         = 1.000000
	convergence norms :     INITIAL         CURRENT         REQUIRED
	   residual            2.866903e+01    8.213215e-12    0.000000e+00 
	   energy              2.164911e-01    6.843868e-12    2.164911e-03 
	   displacement        1.242028e-02    2.438355e-10    1.241875e-08 

convergence summary
    number of iterations   : 2
    number of reformations : 1

------- converged at time : 26.5


Data Record #1
===========================================================================
Step = 265
Time = 26.5
Data = ux;uy;uz
File = parameter_sweeps/tmax5_disp.txt

Data Record #2
===========================================================================
Step = 265
Time = 26.5
Data = sz;J
File = parameter_sweeps/tmax5_stress.txt

===== beginning time step 266 : 26.6 =====


Reforming stiffness matrix: reformation #1

 1
 Nonlinear solution status: time= 26.6
	stiffness updates             = 0
	right hand side evaluations   = 2
	stiffness matrix reformations = 1
	step from line search         = 1.000000
	convergence norms :     INITIAL         CURRENT         REQUIRED
	   residual            3.014701e+01    3.750349e-07    0.000000e+00 
	   energy              2.366866e-01    7.394281e-06    2.366866e-03 
	   displacement        1.381093e-02    1.381093e-02    1.381093e-08 
 2
 Nonlinear solution status: time= 26.6
	stiffness updates             = 1
	right hand side evaluations   = 3
	stiffness matrix reformations = 1
	step from line search         = 1.000000
	convergence norms :     INITIAL         CURRENT         REQUIRED
	   residual            3.014701e+01    7.759516e-12    0.000000e+00 
	   energy              2.366866e-01    6.752276e-12    2.366866e-03 
	   displacement        1.381093e-02    2.495373e-10    1.380940e-08 

convergence summary
    number of iterations   : 2
    number of reformations : 1

------- converged at time : 26.6


Data Record #1
===========================================================================
Step = 266
Time = 26.6
Data = ux;uy;uz
File = parameter_sweeps/tmax5_disp.txt

Data Record #2
===========================================================================
Step = 266
Time = 26.6
Data = sz;J
File = parameter_sweeps/tmax5_stress.txt

===== beginning time step 267 : 26.7 =====


Reforming stiffness matrix: reformation #1

 1
 Nonlinear solution status: time= 26.7
	stiffness updates             = 0
	right hand side evaluations   = 2
	stiffness matrix reformations = 1
	step from line search         = 1.000000
	convergence norms :     INITIAL         CURRENT         REQUIRED
	   residual            3.201579e+01    3.069608e-07    0.000000e+00 
	   energy              2.559166e-01    6.887327e-06    2.559166e-03 
	   displacement        1.500356e-02    1.500356e-02    1.500356e-08 
 2
 Nonlinear solution status: time= 26.7
	stiffness updates             = 1
	right hand side evaluations   = 3
	stiffness matrix reformations = 1
	step from line search         = 1.000000
	convergence norms :     INITIAL         CURRENT         REQUIRED
	   residual            3.201579e+01    6.416561e-12    0.000000e+00 
	   energy              2.559166e-01    5.778207e-12    2.559166e-03 
	   displacement        1.500356e-02    2.430134e-10    1.500218e-08 

convergence summary
    number of iterations   : 2
    number of reformations : 1

------- converged at time : 26.7


Data Record #1
===========================================================================
Step = 267
Time = 26.7
Data = ux;uy;uz
File = parameter_sweeps/tmax5_disp.txt

Data Record #2
===========================================================================
Step = 267
Time = 26.7
Data = sz;J
File = parameter_sweeps/tmax5_stress.txt

===== beginning time step 268 : 26.8 =====


Reforming stiffness matrix: reformation #1

 1
 Nonlinear solution status: time= 26.8
	stiffness updates             = 0
	right hand side evaluations   = 2
	stiffness matrix reformations = 1
	step from line search         = 1.000000
	convergence norms :     INITIAL         CURRENT         REQUIRED
	   residual            3.476212e+01    2.461648e-07    0.000000e+00 
	   energy              2.747405e-01    6.285614e-06    2.747405e-03 
	   displacement        1.593269e-02    1.593269e-02    1.593269e-08 
 2
 Nonlinear solution status: time= 26.8
	stiffness updates             = 1
	right hand side evaluations   = 3
	stiffness matrix reformations = 1
	step from line search         = 1.000000
	convergence norms :     INITIAL         CURRENT         REQUIRED
	   residual            3.476212e+01    5.095867e-12    0.000000e+00 
	   energy              2.747405e-01    4.977541e-12    2.747405e-03 
	   displacement        1.593269e-02    2.420796e-10    1.593149e-08 

convergence summary
    number of iterations   : 2
    number of reformations : 1

------- converged at time : 26.8


Data Record #1
===========================================================================
Step = 268
Time = 26.8
Data = ux;uy;uz
File = parameter_sweeps/tmax5_disp.txt

Data Record #2
===========================================================================
Step = 268
Time = 26.8
Data = sz;J
File = parameter_sweeps/tmax5_stress.txt

===== beginning time step 269 : 26.9 =====


Reforming stiffness matrix: reformation #1

 1
 Nonlinear solution status: time= 26.9
	stiffness updates             = 0
	right hand side evaluations   = 2
	stiffness matrix reformations = 1
	step from line search         = 1.000000
	convergence norms :     INITIAL         CURRENT         REQUIRED
	   residual            3.884976e+01    1.628760e-07    0.000000e+00 
	   energy              2.948676e-01    5.703260e-06    2.948676e-03 
	   displacement        1.670399e-02    1.670399e-02    1.670399e-08 
 2
 Nonlinear solution status: time= 26.9
	stiffness updates             = 1
	right hand side evaluations   = 3
	stiffness matrix reformations = 1
	step from line search         = 1.000000
	convergence norms :     INITIAL         CURRENT         REQUIRED
	   residual            3.884976e+01    3.120421e-12    0.000000e+00 
	   energy              2.948676e-01    4.010794e-12    2.948676e-03 
	   displacement        1.670399e-02    2.276786e-10    1.670291e-08 

convergence summary
    number of iterations   : 2
    number of reformations : 1

------- converged at time : 26.9


Data Record #1
===========================================================================
Step = 269
Time = 26.9
Data = ux;uy;uz
File = parameter_sweeps/tmax5_disp.txt

Data Record #2
===========================================================================
Step = 269
Time = 26.9
Data = sz;J
File = parameter_sweeps/tmax5_stress.txt

===== beginning time step 270 : 27 =====


Reforming stiffness matrix: reformation #1

 1
 Nonlinear solution status: time= 27
	stiffness updates             = 0
	right hand side evaluations   = 2
	stiffness matrix reformations = 1
	step from line search         = 1.000000
	convergence norms :     INITIAL         CURRENT         REQUIRED
	   residual            4.432194e+01    9.031772e-08    0.000000e+00 
	   energy              3.182519e-01    5.193414e-06    3.182519e-03 
	   displacement        1.756072e-02    1.756072e-02    1.756072e-08 
 2
 Nonlinear solution status: time= 27
	stiffness updates             = 1
	right hand side evaluations   = 3
	stiffness matrix reformations = 1
	step from line search         = 1.000000
	convergence norms :     INITIAL         CURRENT         REQUIRED
	   residual            4.432194e+01    1.601795e-12    0.000000e+00 
	   energy              3.182519e-01    3.163202e-12    3.182519e-03 
	   displacement        1.756072e-02    2.185287e-10    1.755980e-08 

convergence summary
    number of iterations   : 2
    number of reformations : 1

------- converged at time : 27


Data Record #1
===========================================================================
Step = 270
Time = 27
Data = ux;uy;uz
File = parameter_sweeps/tmax5_disp.txt

Data Record #2
===========================================================================
Step = 270
Time = 27
Data = sz;J
File = parameter_sweeps/tmax5_stress.txt

===== beginning time step 271 : 27.1 =====


Reforming stiffness matrix: reformation #1

 1
 Nonlinear solution status: time= 27.1
	stiffness updates             = 0
	right hand side evaluations   = 2
	stiffness matrix reformations = 1
	step from line search         = 1.000000
	convergence norms :     INITIAL         CURRENT         REQUIRED
	   residual            5.093835e+01    7.882131e-08    0.000000e+00 
	   energy              3.464380e-01    4.755959e-06    3.464380e-03 
	   displacement        1.869581e-02    1.869581e-02    1.869581e-08 
 2
 Nonlinear solution status: time= 27.1
	stiffness updates             = 1
	right hand side evaluations   = 3
	stiffness matrix reformations = 1
	step from line search         = 1.000000
	convergence norms :     INITIAL         CURRENT         REQUIRED
	   residual            5.093835e+01    1.267903e-12    0.000000e+00 
	   energy              3.464380e-01    3.011511e-12    3.464380e-03 
	   displacement        1.869581e-02    2.129663e-10    1.869508e-08 

convergence summary
    number of iterations   : 2
    number of reformations : 1

------- converged at time : 27.1


Data Record #1
===========================================================================
Step = 271
Time = 27.1
Data = ux;uy;uz
File = parameter_sweeps/tmax5_disp.txt

Data Record #2
===========================================================================
Step = 271
Time = 27.1
Data = sz;J
File = parameter_sweeps/tmax5_stress.txt

===== beginning time step 272 : 27.2 =====


Reforming stiffness matrix: reformation #1

 1
 Nonlinear solution status: time= 27.2
	stiffness updates             = 0
	right hand side evaluations   = 2
	stiffness matrix reformations = 1
	step from line search         = 1.000000
	convergence norms :     INITIAL         CURRENT         REQUIRED
	   residual            5.878273e+01    8.021592e-08    0.000000e+00 
	   energy              3.808979e-01    4.313123e-06    3.808979e-03 
	   displacement        2.021728e-02    2.021728e-02    2.021728e-08 
 2
 Nonlinear solution status: time= 27.2
	stiffness updates             = 1
	right hand side evaluations   = 3
	stiffness matrix reformations = 1
	step from line search         = 1.000000
	convergence norms :     INITIAL         CURRENT         REQUIRED
	   residual            5.878273e+01    1.302213e-12    0.000000e+00 
	   energy              3.808979e-01    2.837011e-12    3.808979e-03 
	   displacement        2.021728e-02    1.966479e-10    2.021669e-08 

convergence summary
    number of iterations   : 2
    number of reformations : 1

------- converged at time : 27.2


Data Record #1
===========================================================================
Step = 272
Time = 27.2
Data = ux;uy;uz
File = parameter_sweeps/tmax5_disp.txt

Data Record #2
===========================================================================
Step = 272
Time = 27.2
Data = sz;J
File = parameter_sweeps/tmax5_stress.txt

===== beginning time step 273 : 27.3 =====


Reforming stiffness matrix: reformation #1

 1
 Nonlinear solution status: time= 27.3
	stiffness updates             = 0
	right hand side evaluations   = 2
	stiffness matrix reformations = 1
	step from line search         = 1.000000
	convergence norms :     INITIAL         CURRENT         REQUIRED
	   residual            6.824229e+01    1.183156e-07    0.000000e+00 
	   energy              4.231469e-01    3.917101e-06    4.231469e-03 
	   displacement        2.216278e-02    2.216278e-02    2.216278e-08 
 2
 Nonlinear solution status: time= 27.3
	stiffness updates             = 1
	right hand side evaluations   = 3
	stiffness matrix reformations = 1
	step from line search         = 1.000000
	convergence norms :     INITIAL         CURRENT         REQUIRED
	   residual            6.824229e+01    2.646486e-12    0.000000e+00 
	   energy              4.231469e-01    3.929550e-12    4.231469e-03 
	   displacement        2.216278e-02    1.982982e-10    2.216227e-08 

convergence summary
    number of iterations   : 2
    number of reformations : 1

------- converged at time : 27.3


Data Record #1
===========================================================================
Step = 273
Time = 27.3
Data = ux;uy;uz
File = parameter_sweeps/tmax5_disp.txt

Data Record #2
===========================================================================
Step = 273
Time = 27.3
Data = sz;J
File = parameter_sweeps/tmax5_stress.txt

===== beginning time step 274 : 27.4 =====


Reforming stiffness matrix: reformation #1

 1
 Nonlinear solution status: time= 27.4
	stiffness updates             = 0
	right hand side evaluations   = 2
	stiffness matrix reformations = 1
	step from line search         = 1.000000
	convergence norms :     INITIAL         CURRENT         REQUIRED
	   residual            7.941224e+01    1.966773e-07    0.000000e+00 
	   energy              4.739757e-01    3.589907e-06    4.739757e-03 
	   displacement        2.453633e-02    2.453633e-02    2.453633e-08 
 2
 Nonlinear solution status: time= 27.4
	stiffness updates             = 1
	right hand side evaluations   = 3
	stiffness matrix reformations = 1
	step from line search         = 1.000000
	convergence norms :     INITIAL         CURRENT         REQUIRED
	   residual            7.941224e+01    5.656807e-12    0.000000e+00 
	   energy              4.739757e-01    5.405530e-12    4.739757e-03 
	   displacement        2.453633e-02    1.948805e-10    2.453594e-08 

convergence summary
    number of iterations   : 2
    number of reformations : 1

------- converged at time : 27.4


Data Record #1
===========================================================================
Step = 274
Time = 27.4
Data = ux;uy;uz
File = parameter_sweeps/tmax5_disp.txt

Data Record #2
===========================================================================
Step = 274
Time = 27.4
Data = sz;J
File = parameter_sweeps/tmax5_stress.txt

===== beginning time step 275 : 27.5 =====


Reforming stiffness matrix: reformation #1

 1
 Nonlinear solution status: time= 27.5
	stiffness updates             = 0
	right hand side evaluations   = 2
	stiffness matrix reformations = 1
	step from line search         = 1.000000
	convergence norms :     INITIAL         CURRENT         REQUIRED
	   residual            9.163484e+01    2.439228e-07    0.000000e+00 
	   energy              5.322414e-01    3.473953e-06    5.322414e-03 
	   displacement        2.738073e-02    2.738073e-02    2.738073e-08 
 2
 Nonlinear solution status: time= 27.5
	stiffness updates             = 1
	right hand side evaluations   = 3
	stiffness matrix reformations = 1
	step from line search         = 1.000000
	convergence norms :     INITIAL         CURRENT         REQUIRED
	   residual            9.163484e+01    7.881550e-12    0.000000e+00 
	   energy              5.322414e-01    5.616443e-12    5.322414e-03 
	   displacement        2.738073e-02    1.711228e-10    2.738050e-08 

convergence summary
    number of iterations   : 2
    number of reformations : 1

------- converged at time : 27.5


Data Record #1
===========================================================================
Step = 275
Time = 27.5
Data = ux;uy;uz
File = parameter_sweeps/tmax5_disp.txt

Data Record #2
===========================================================================
Step = 275
Time = 27.5
Data = sz;J
File = parameter_sweeps/tmax5_stress.txt

===== beginning time step 276 : 27.6 =====


Reforming stiffness matrix: reformation #1

 1
 Nonlinear solution status: time= 27.6
	stiffness updates             = 0
	right hand side evaluations   = 2
	stiffness matrix reformations = 1
	step from line search         = 1.000000
	convergence norms :     INITIAL         CURRENT         REQUIRED
	   residual            1.039425e+02    3.342110e-07    0.000000e+00 
	   energy              5.947236e-01    3.657342e-06    5.947236e-03 
	   displacement        3.058647e-02    3.058647e-02    3.058647e-08 
 2
 Nonlinear solution status: time= 27.6
	stiffness updates             = 1
	right hand side evaluations   = 3
	stiffness matrix reformations = 1
	step from line search         = 1.000000
	convergence norms :     INITIAL         CURRENT         REQUIRED
	   residual            1.039425e+02    1.142392e-11    0.000000e+00 
	   energy              5.947236e-01    6.991589e-12    5.947236e-03 
	   displacement        3.058647e-02    1.585546e-10    3.058641e-08 

convergence summary
    number of iterations   : 2
    number of reformations : 1

------- converged at time : 27.6


Data Record #1
===========================================================================
Step = 276
Time = 27.6
Data = ux;uy;uz
File = parameter_sweeps/tmax5_disp.txt

Data Record #2
===========================================================================
Step = 276
Time = 27.6
Data = sz;J
File = parameter_sweeps/tmax5_stress.txt

===== beginning time step 277 : 27.7 =====


Reforming stiffness matrix: reformation #1

 1
 Nonlinear solution status: time= 27.7
	stiffness updates             = 0
	right hand side evaluations   = 2
	stiffness matrix reformations = 1
	step from line search         = 1.000000
	convergence norms :     INITIAL         CURRENT         REQUIRED
	   residual            1.160462e+02    4.540442e-07    0.000000e+00 
	   energy              6.572840e-01    3.926948e-06    6.572840e-03 
	   displacement        3.378722e-02    3.378722e-02    3.378722e-08 
 2
 Nonlinear solution status: time= 27.7
	stiffness updates             = 1
	right hand side evaluations   = 3
	stiffness matrix reformations = 1
	step from line search         = 1.000000
	convergence norms :     INITIAL         CURRENT         REQUIRED
	   residual            1.160462e+02    1.633042e-11    0.000000e+00 
	   energy              6.572840e-01    9.032037e-12    6.572840e-03 
	   displacement        3.378722e-02    1.531716e-10    3.378734e-08 

convergence summary
    number of iterations   : 2
    number of reformations : 1

------- converged at time : 27.7


Data Record #1
===========================================================================
Step = 277
Time = 27.7
Data = ux;uy;uz
File = parameter_sweeps/tmax5_disp.txt

Data Record #2
===========================================================================
Step = 277
Time = 27.7
Data = sz;J
File = parameter_sweeps/tmax5_stress.txt

===== beginning time step 278 : 27.8 =====


Reforming stiffness matrix: reformation #1

 1
 Nonlinear solution status: time= 27.8
	stiffness updates             = 0
	right hand side evaluations   = 2
	stiffness matrix reformations = 1
	step from line search         = 1.000000
	convergence norms :     INITIAL         CURRENT         REQUIRED
	   residual            1.281793e+02    5.457226e-07    0.000000e+00 
	   energy              7.169175e-01    4.156144e-06    7.169175e-03 
	   displacement        3.666243e-02    3.666243e-02    3.666243e-08 
 2
 Nonlinear solution status: time= 27.8
	stiffness updates             = 1
	right hand side evaluations   = 3
	stiffness matrix reformations = 1
	step from line search         = 1.000000
	convergence norms :     INITIAL         CURRENT         REQUIRED
	   residual            1.281793e+02    1.958891e-11    0.000000e+00 
	   energy              7.169175e-01    1.064459e-11    7.169175e-03 
	   displacement        3.666243e-02    1.535829e-10    3.666276e-08 

convergence summary
    number of iterations   : 2
    number of reformations : 1

------- converged at time : 27.8


Data Record #1
===========================================================================
Step = 278
Time = 27.8
Data = ux;uy;uz
File = parameter_sweeps/tmax5_disp.txt

Data Record #2
===========================================================================
Step = 278
Time = 27.8
Data = sz;J
File = parameter_sweeps/tmax5_stress.txt

===== beginning time step 279 : 27.9 =====


Reforming stiffness matrix: reformation #1

 1
 Nonlinear solution status: time= 27.9
	stiffness updates             = 0
	right hand side evaluations   = 2
	stiffness matrix reformations = 1
	step from line search         = 1.000000
	convergence norms :     INITIAL         CURRENT         REQUIRED
	   residual            1.399028e+02    6.336228e-07    0.000000e+00 
	   energy              7.730296e-01    4.382895e-06    7.730296e-03 
	   displacement        3.913962e-02    3.913962e-02    3.913962e-08 
 2
 Nonlinear solution status: time= 27.9
	stiffness updates             = 1
	right hand side evaluations   = 3
	stiffness matrix reformations = 1
	step from line search         = 1.000000
	convergence norms :     INITIAL         CURRENT         REQUIRED
	   residual            1.399028e+02    2.177526e-11    0.000000e+00 
	   energy              7.730296e-01    1.248955e-11    7.730296e-03 
	   displacement        3.913962e-02    1.669665e-10    3.914011e-08 

convergence summary
    number of iterations   : 2
    number of reformations : 1

------- converged at time : 27.9


Data Record #1
===========================================================================
Step = 279
Time = 27.9
Data = ux;uy;uz
File = parameter_sweeps/tmax5_disp.txt

Data Record #2
===========================================================================
Step = 279
Time = 27.9
Data = sz;J
File = parameter_sweeps/tmax5_stress.txt

===== beginning time step 280 : 28 =====


Reforming stiffness matrix: reformation #1

 1
 Nonlinear solution status: time= 28
	stiffness updates             = 0
	right hand side evaluations   = 2
	stiffness matrix reformations = 1
	step from line search         = 1.000000
	convergence norms :     INITIAL         CURRENT         REQUIRED
	   residual            1.505340e+02    6.489161e-07    0.000000e+00 
	   energy              8.268603e-01    4.636513e-06    8.268603e-03 
	   displacement        4.138649e-02    4.138649e-02    4.138649e-08 
 2
 Nonlinear solution status: time= 28
	stiffness updates             = 1
	right hand side evaluations   = 3
	stiffness matrix reformations = 1
	step from line search         = 1.000000
	convergence norms :     INITIAL         CURRENT         REQUIRED
	   residual            1.505340e+02    2.275693e-11    0.000000e+00 
	   energy              8.268603e-01    1.278955e-11    8.268603e-03 
	   displacement        4.138649e-02    1.772908e-10    4.138702e-08 

convergence summary
    number of iterations   : 2
    number of reformations : 1

------- converged at time : 28


Data Record #1
===========================================================================
Step = 280
Time = 28
Data = ux;uy;uz
File = parameter_sweeps/tmax5_disp.txt

Data Record #2
===========================================================================
Step = 280
Time = 28
Data = sz;J
File = parameter_sweeps/tmax5_stress.txt

===== beginning time step 281 : 28.1 =====


Reforming stiffness matrix: reformation #1

 1
 Nonlinear solution status: time= 28.1
	stiffness updates             = 0
	right hand side evaluations   = 2
	stiffness matrix reformations = 1
	step from line search         = 1.000000
	convergence norms :     INITIAL         CURRENT         REQUIRED
	   residual            1.602771e+02    6.244218e-07    0.000000e+00 
	   energy              8.802679e-01    5.078895e-06    8.802679e-03 
	   displacement        4.360281e-02    4.360281e-02    4.360281e-08 
 2
 Nonlinear solution status: time= 28.1
	stiffness updates             = 1
	right hand side evaluations   = 3
	stiffness matrix reformations = 1
	step from line search         = 1.000000
	convergence norms :     INITIAL         CURRENT         REQUIRED
	   residual            1.602771e+02    2.192014e-11    0.000000e+00 
	   energy              8.802679e-01    1.229604e-11    8.802679e-03 
	   displacement        4.360281e-02    1.887100e-10    4.360324e-08 

convergence summary
    number of iterations   : 2
    number of reformations : 1

------- converged at time : 28.1


Data Record #1
===========================================================================
Step = 281
Time = 28.1
Data = ux;uy;uz
File = parameter_sweeps/tmax5_disp.txt

Data Record #2
===========================================================================
Step = 281
Time = 28.1
Data = sz;J
File = parameter_sweeps/tmax5_stress.txt

===== beginning time step 282 : 28.2 =====


Reforming stiffness matrix: reformation #1

 1
 Nonlinear solution status: time= 28.2
	stiffness updates             = 0
	right hand side evaluations   = 2
	stiffness matrix reformations = 1
	step from line search         = 1.000000
	convergence norms :     INITIAL         CURRENT         REQUIRED
	   residual            1.693855e+02    6.151010e-07    0.000000e+00 
	   energy              9.349005e-01    5.809848e-06    9.349005e-03 
	   displacement        4.581583e-02    4.581583e-02    4.581583e-08 
 2
 Nonlinear solution status: time= 28.2
	stiffness updates             = 1
	right hand side evaluations   = 3
	stiffness matrix reformations = 1
	step from line search         = 1.000000
	convergence norms :     INITIAL         CURRENT         REQUIRED
	   residual            1.693855e+02    2.048891e-11    0.000000e+00 
	   energy              9.349005e-01    1.166934e-11    9.349005e-03 
	   displacement        4.581583e-02    2.073217e-10    4.581606e-08 

convergence summary
    number of iterations   : 2
    number of reformations : 1

------- converged at time : 28.2


Data Record #1
===========================================================================
Step = 282
Time = 28.2
Data = ux;uy;uz
File = parameter_sweeps/tmax5_disp.txt

Data Record #2
===========================================================================
Step = 282
Time = 28.2
Data = sz;J
File = parameter_sweeps/tmax5_stress.txt

===== beginning time step 283 : 28.3 =====


Reforming stiffness matrix: reformation #1

 1
 Nonlinear solution status: time= 28.3
	stiffness updates             = 0
	right hand side evaluations   = 2
	stiffness matrix reformations = 1
	step from line search         = 1.000000
	convergence norms :     INITIAL         CURRENT         REQUIRED
	   residual            1.776155e+02    5.927629e-07    0.000000e+00 
	   energy              9.916737e-01    6.658780e-06    9.916737e-03 
	   displacement        4.816226e-02    4.816226e-02    4.816226e-08 
 2
 Nonlinear solution status: time= 28.3
	stiffness updates             = 1
	right hand side evaluations   = 3
	stiffness matrix reformations = 1
	step from line search         = 1.000000
	convergence norms :     INITIAL         CURRENT         REQUIRED
	   residual            1.776155e+02    1.921659e-11    0.000000e+00 
	   energy              9.916737e-01    1.069993e-11    9.916737e-03 
	   displacement        4.816226e-02    2.355918e-10    4.816215e-08 

convergence summary
    number of iterations   : 2
    number of reformations : 1

------- converged at time : 28.3


Data Record #1
===========================================================================
Step = 283
Time = 28.3
Data = ux;uy;uz
File = parameter_sweeps/tmax5_disp.txt

Data Record #2
===========================================================================
Step = 283
Time = 28.3
Data = sz;J
File = parameter_sweeps/tmax5_stress.txt

===== beginning time step 284 : 28.4 =====


Reforming stiffness matrix: reformation #1

 1
 Nonlinear solution status: time= 28.4
	stiffness updates             = 0
	right hand side evaluations   = 2
	stiffness matrix reformations = 1
	step from line search         = 1.000000
	convergence norms :     INITIAL         CURRENT         REQUIRED
	   residual            1.849516e+02    5.156169e-07    0.000000e+00 
	   energy              1.050124e+00    7.463049e-06    1.050124e-02 
	   displacement        5.091149e-02    5.091149e-02    5.091149e-08 
 2
 Nonlinear solution status: time= 28.4
	stiffness updates             = 1
	right hand side evaluations   = 3
	stiffness matrix reformations = 1
	step from line search         = 1.000000
	convergence norms :     INITIAL         CURRENT         REQUIRED
	   residual            1.849516e+02    1.675061e-11    0.000000e+00 
	   energy              1.050124e+00    9.850177e-12    1.050124e-02 
	   displacement        5.091149e-02    2.830384e-10    5.091094e-08 

convergence summary
    number of iterations   : 2
    number of reformations : 1

------- converged at time : 28.4


Data Record #1
===========================================================================
Step = 284
Time = 28.4
Data = ux;uy;uz
File = parameter_sweeps/tmax5_disp.txt

Data Record #2
===========================================================================
Step = 284
Time = 28.4
Data = sz;J
File = parameter_sweeps/tmax5_stress.txt

===== beginning time step 285 : 28.5 =====


Reforming stiffness matrix: reformation #1

 1
 Nonlinear solution status: time= 28.5
	stiffness updates             = 0
	right hand side evaluations   = 2
	stiffness matrix reformations = 1
	step from line search         = 1.000000
	convergence norms :     INITIAL         CURRENT         REQUIRED
	   residual            1.915942e+02    4.094111e-07    0.000000e+00 
	   energy              1.108324e+00    8.296345e-06    1.108324e-02 
	   displacement        5.399265e-02    5.399265e-02    5.399265e-08 
 2
 Nonlinear solution status: time= 28.5
	stiffness updates             = 1
	right hand side evaluations   = 3
	stiffness matrix reformations = 1
	step from line search         = 1.000000
	convergence norms :     INITIAL         CURRENT         REQUIRED
	   residual            1.915942e+02    1.236891e-11    0.000000e+00 
	   energy              1.108324e+00    8.900553e-12    1.108324e-02 
	   displacement        5.399265e-02    3.299295e-10    5.399179e-08 

convergence summary
    number of iterations   : 2
    number of reformations : 1

------- converged at time : 28.5


Data Record #1
===========================================================================
Step = 285
Time = 28.5
Data = ux;uy;uz
File = parameter_sweeps/tmax5_disp.txt

Data Record #2
===========================================================================
Step = 285
Time = 28.5
Data = sz;J
File = parameter_sweeps/tmax5_stress.txt

===== beginning time step 286 : 28.6 =====


Reforming stiffness matrix: reformation #1

 1
 Nonlinear solution status: time= 28.6
	stiffness updates             = 0
	right hand side evaluations   = 2
	stiffness matrix reformations = 1
	step from line search         = 1.000000
	convergence norms :     INITIAL         CURRENT         REQUIRED
	   residual            1.977199e+02    3.167297e-07    0.000000e+00 
	   energy              1.163549e+00    9.205877e-06    1.163549e-02 
	   displacement        5.704555e-02    5.704555e-02    5.704555e-08 
 2
 Nonlinear solution status: time= 28.6
	stiffness updates             = 1
	right hand side evaluations   = 3
	stiffness matrix reformations = 1
	step from line search         = 1.000000
	convergence norms :     INITIAL         CURRENT         REQUIRED
	   residual            1.977199e+02    8.645766e-12    0.000000e+00 
	   energy              1.163549e+00    7.876030e-12    1.163549e-02 
	   displacement        5.704555e-02    3.583854e-10    5.704443e-08 

convergence summary
    number of iterations   : 2
    number of reformations : 1

------- converged at time : 28.6


Data Record #1
===========================================================================
Step = 286
Time = 28.6
Data = ux;uy;uz
File = parameter_sweeps/tmax5_disp.txt

Data Record #2
===========================================================================
Step = 286
Time = 28.6
Data = sz;J
File = parameter_sweeps/tmax5_stress.txt

===== beginning time step 287 : 28.7 =====


Reforming stiffness matrix: reformation #1

 1
 Nonlinear solution status: time= 28.7
	stiffness updates             = 0
	right hand side evaluations   = 2
	stiffness matrix reformations = 1
	step from line search         = 1.000000
	convergence norms :     INITIAL         CURRENT         REQUIRED
	   residual            2.034535e+02    2.346527e-07    0.000000e+00 
	   energy              1.212856e+00    1.034444e-05    1.212856e-02 
	   displacement        5.973082e-02    5.973082e-02    5.973082e-08 
 2
 Nonlinear solution status: time= 28.7
	stiffness updates             = 1
	right hand side evaluations   = 3
	stiffness matrix reformations = 1
	step from line search         = 1.000000
	convergence norms :     INITIAL         CURRENT         REQUIRED
	   residual            2.034535e+02    6.371326e-12    0.000000e+00 
	   energy              1.212856e+00    6.820495e-12    1.212856e-02 
	   displacement        5.973082e-02    3.781127e-10    5.972931e-08 

convergence summary
    number of iterations   : 2
    number of reformations : 1

------- converged at time : 28.7


Data Record #1
===========================================================================
Step = 287
Time = 28.7
Data = ux;uy;uz
File = parameter_sweeps/tmax5_disp.txt

Data Record #2
===========================================================================
Step = 287
Time = 28.7
Data = sz;J
File = parameter_sweeps/tmax5_stress.txt

===== beginning time step 288 : 28.8 =====


Reforming stiffness matrix: reformation #1

 1
 Nonlinear solution status: time= 28.8
	stiffness updates             = 0
	right hand side evaluations   = 2
	stiffness matrix reformations = 1
	step from line search         = 1.000000
	convergence norms :     INITIAL         CURRENT         REQUIRED
	   residual            2.088172e+02    1.868989e-07    0.000000e+00 
	   energy              1.253442e+00    1.140040e-05    1.253442e-02 
	   displacement        6.184034e-02    6.184034e-02    6.184034e-08 
 2
 Nonlinear solution status: time= 28.8
	stiffness updates             = 1
	right hand side evaluations   = 3
	stiffness matrix reformations = 1
	step from line search         = 1.000000
	convergence norms :     INITIAL         CURRENT         REQUIRED
	   residual            2.088172e+02    4.991218e-12    0.000000e+00 
	   energy              1.253442e+00    6.108167e-12    1.253442e-02 
	   displacement        6.184034e-02    3.773369e-10    6.183858e-08 

convergence summary
    number of iterations   : 2
    number of reformations : 1

------- converged at time : 28.8


Data Record #1
===========================================================================
Step = 288
Time = 28.8
Data = ux;uy;uz
File = parameter_sweeps/tmax5_disp.txt

Data Record #2
===========================================================================
Step = 288
Time = 28.8
Data = sz;J
File = parameter_sweeps/tmax5_stress.txt

===== beginning time step 289 : 28.9 =====


Reforming stiffness matrix: reformation #1

 1
 Nonlinear solution status: time= 28.9
	stiffness updates             = 0
	right hand side evaluations   = 2
	stiffness matrix reformations = 1
	step from line search         = 1.000000
	convergence norms :     INITIAL         CURRENT         REQUIRED
	   residual            2.139294e+02    1.740049e-07    0.000000e+00 
	   energy              1.283196e+00    1.170998e-05    1.283196e-02 
	   displacement        6.327404e-02    6.327404e-02    6.327404e-08 
 2
 Nonlinear solution status: time= 28.9
	stiffness updates             = 1
	right hand side evaluations   = 3
	stiffness matrix reformations = 1
	step from line search         = 1.000000
	convergence norms :     INITIAL         CURRENT         REQUIRED
	   residual            2.139294e+02    4.568139e-12    0.000000e+00 
	   energy              1.283196e+00    5.998376e-12    1.283196e-02 
	   displacement        6.327404e-02    3.501949e-10    6.327222e-08 

convergence summary
    number of iterations   : 2
    number of reformations : 1

------- converged at time : 28.9


Data Record #1
===========================================================================
Step = 289
Time = 28.9
Data = ux;uy;uz
File = parameter_sweeps/tmax5_disp.txt

Data Record #2
===========================================================================
Step = 289
Time = 28.9
Data = sz;J
File = parameter_sweeps/tmax5_stress.txt

===== beginning time step 290 : 29 =====


Reforming stiffness matrix: reformation #1

 1
 Nonlinear solution status: time= 29
	stiffness updates             = 0
	right hand side evaluations   = 2
	stiffness matrix reformations = 1
	step from line search         = 1.000000
	convergence norms :     INITIAL         CURRENT         REQUIRED
	   residual            2.187939e+02    2.005267e-07    0.000000e+00 
	   energy              1.301024e+00    1.134449e-05    1.301024e-02 
	   displacement        6.386342e-02    6.386342e-02    6.386342e-08 
 2
 Nonlinear solution status: time= 29
	stiffness updates             = 1
	right hand side evaluations   = 3
	stiffness matrix reformations = 1
	step from line search         = 1.000000
	convergence norms :     INITIAL         CURRENT         REQUIRED
	   residual            2.187939e+02    5.322006e-12    0.000000e+00 
	   energy              1.301024e+00    6.204874e-12    1.301024e-02 
	   displacement        6.386342e-02    3.091156e-10    6.386156e-08 

convergence summary
    number of iterations   : 2
    number of reformations : 1

------- converged at time : 29


Data Record #1
===========================================================================
Step = 290
Time = 29
Data = ux;uy;uz
File = parameter_sweeps/tmax5_disp.txt

Data Record #2
===========================================================================
Step = 290
Time = 29
Data = sz;J
File = parameter_sweeps/tmax5_stress.txt

===== beginning time step 291 : 29.1 =====


Reforming stiffness matrix: reformation #1

 1
 Nonlinear solution status: time= 29.1
	stiffness updates             = 0
	right hand side evaluations   = 2
	stiffness matrix reformations = 1
	step from line search         = 1.000000
	convergence norms :     INITIAL         CURRENT         REQUIRED
	   residual            2.229247e+02    2.132672e-07    0.000000e+00 
	   energy              1.306593e+00    1.088493e-05    1.306593e-02 
	   displacement        6.354202e-02    6.354202e-02    6.354202e-08 
 2
 Nonlinear solution status: time= 29.1
	stiffness updates             = 1
	right hand side evaluations   = 3
	stiffness matrix reformations = 1
	step from line search         = 1.000000
	convergence norms :     INITIAL         CURRENT         REQUIRED
	   residual            2.229247e+02    5.919096e-12    0.000000e+00 
	   energy              1.306593e+00    6.182861e-12    1.306593e-02 
	   displacement        6.354202e-02    2.763290e-10    6.354013e-08 

convergence summary
    number of iterations   : 2
    number of reformations : 1

------- converged at time : 29.1


Data Record #1
===========================================================================
Step = 291
Time = 29.1
Data = ux;uy;uz
File = parameter_sweeps/tmax5_disp.txt

Data Record #2
===========================================================================
Step = 291
Time = 29.1
Data = sz;J
File = parameter_sweeps/tmax5_stress.txt

===== beginning time step 292 : 29.2 =====


Reforming stiffness matrix: reformation #1

 1
 Nonlinear solution status: time= 29.2
	stiffness updates             = 0
	right hand side evaluations   = 2
	stiffness matrix reformations = 1
	step from line search         = 1.000000
	convergence norms :     INITIAL         CURRENT         REQUIRED
	   residual            2.253541e+02    1.962105e-07    0.000000e+00 
	   energy              1.300300e+00    1.070941e-05    1.300300e-02 
	   displacement        6.261023e-02    6.261023e-02    6.261023e-08 
 2
 Nonlinear solution status: time= 29.2
	stiffness updates             = 1
	right hand side evaluations   = 3
	stiffness matrix reformations = 1
	step from line search         = 1.000000
	convergence norms :     INITIAL         CURRENT         REQUIRED
	   residual            2.253541e+02    5.684651e-12    0.000000e+00 
	   energy              1.300300e+00    5.759744e-12    1.300300e-02 
	   displacement        6.261023e-02    2.647730e-10    6.260816e-08 

convergence summary
    number of iterations   : 2
    number of reformations : 1

------- converged at time : 29.2


Data Record #1
===========================================================================
Step = 292
Time = 29.2
Data = ux;uy;uz
File = parameter_sweeps/tmax5_disp.txt

Data Record #2
===========================================================================
Step = 292
Time = 29.2
Data = sz;J
File = parameter_sweeps/tmax5_stress.txt

===== beginning time step 293 : 29.3 =====


Reforming stiffness matrix: reformation #1

 1
 Nonlinear solution status: time= 29.3
	stiffness updates             = 0
	right hand side evaluations   = 2
	stiffness matrix reformations = 1
	step from line search         = 1.000000
	convergence norms :     INITIAL         CURRENT         REQUIRED
	   residual            2.254557e+02    2.172912e-07    0.000000e+00 
	   energy              1.283055e+00    1.070585e-05    1.283055e-02 
	   displacement        6.138474e-02    6.138474e-02    6.138474e-08 
 2
 Nonlinear solution status: time= 29.3
	stiffness updates             = 1
	right hand side evaluations   = 3
	stiffness matrix reformations = 1
	step from line search         = 1.000000
	convergence norms :     INITIAL         CURRENT         REQUIRED
	   residual            2.254557e+02    6.769223e-12    0.000000e+00 
	   energy              1.283055e+00    5.857028e-12    1.283055e-02 
	   displacement        6.138474e-02    2.634460e-10    6.138237e-08 

convergence summary
    number of iterations   : 2
    number of reformations : 1

------- converged at time : 29.3


Data Record #1
===========================================================================
Step = 293
Time = 29.3
Data = ux;uy;uz
File = parameter_sweeps/tmax5_disp.txt

Data Record #2
===========================================================================
Step = 293
Time = 29.3
Data = sz;J
File = parameter_sweeps/tmax5_stress.txt

===== beginning time step 294 : 29.4 =====


Reforming stiffness matrix: reformation #1

 1
 Nonlinear solution status: time= 29.4
	stiffness updates             = 0
	right hand side evaluations   = 2
	stiffness matrix reformations = 1
	step from line search         = 1.000000
	convergence norms :     INITIAL         CURRENT         REQUIRED
	   residual            2.239410e+02    2.688703e-07    0.000000e+00 
	   energy              1.256217e+00    1.059321e-05    1.256217e-02 
	   displacement        5.984280e-02    5.984280e-02    5.984280e-08 
 2
 Nonlinear solution status: time= 29.4
	stiffness updates             = 1
	right hand side evaluations   = 3
	stiffness matrix reformations = 1
	step from line search         = 1.000000
	convergence norms :     INITIAL         CURRENT         REQUIRED
	   residual            2.239410e+02    8.807884e-12    0.000000e+00 
	   energy              1.256217e+00    6.616407e-12    1.256217e-02 
	   displacement        5.984280e-02    2.625643e-10    5.984035e-08 

convergence summary
    number of iterations   : 2
    number of reformations : 1

------- converged at time : 29.4


Data Record #1
===========================================================================
Step = 294
Time = 29.4
Data = ux;uy;uz
File = parameter_sweeps/tmax5_disp.txt

Data Record #2
===========================================================================
Step = 294
Time = 29.4
Data = sz;J
File = parameter_sweeps/tmax5_stress.txt

===== beginning time step 295 : 29.5 =====


Reforming stiffness matrix: reformation #1

 1
 Nonlinear solution status: time= 29.5
	stiffness updates             = 0
	right hand side evaluations   = 2
	stiffness matrix reformations = 1
	step from line search         = 1.000000
	convergence norms :     INITIAL         CURRENT         REQUIRED
	   residual            2.219794e+02    3.728862e-07    0.000000e+00 
	   energy              1.221798e+00    1.008647e-05    1.221798e-02 
	   displacement        5.783683e-02    5.783683e-02    5.783683e-08 
 2
 Nonlinear solution status: time= 29.5
	stiffness updates             = 1
	right hand side evaluations   = 3
	stiffness matrix reformations = 1
	step from line search         = 1.000000
	convergence norms :     INITIAL         CURRENT         REQUIRED
	   residual            2.219794e+02    1.217997e-11    0.000000e+00 
	   energy              1.221798e+00    8.534073e-12    1.221798e-02 
	   displacement        5.783683e-02    2.590337e-10    5.783463e-08 

convergence summary
    number of iterations   : 2
    number of reformations : 1

------- converged at time : 29.5


Data Record #1
===========================================================================
Step = 295
Time = 29.5
Data = ux;uy;uz
File = parameter_sweeps/tmax5_disp.txt

Data Record #2
===========================================================================
Step = 295
Time = 29.5
Data = sz;J
File = parameter_sweeps/tmax5_stress.txt

===== beginning time step 296 : 29.6 =====


Reforming stiffness matrix: reformation #1

 1
 Nonlinear solution status: time= 29.6
	stiffness updates             = 0
	right hand side evaluations   = 2
	stiffness matrix reformations = 1
	step from line search         = 1.000000
	convergence norms :     INITIAL         CURRENT         REQUIRED
	   residual            2.196423e+02    5.284359e-07    0.000000e+00 
	   energy              1.182066e+00    9.092028e-06    1.182066e-02 
	   displacement        5.543330e-02    5.543330e-02    5.543330e-08 
 2
 Nonlinear solution status: time= 29.6
	stiffness updates             = 1
	right hand side evaluations   = 3
	stiffness matrix reformations = 1
	step from line search         = 1.000000
	convergence norms :     INITIAL         CURRENT         REQUIRED
	   residual            2.196423e+02    1.748090e-11    0.000000e+00 
	   energy              1.182066e+00    1.090941e-11    1.182066e-02 
	   displacement        5.543330e-02    2.366808e-10    5.543154e-08 

convergence summary
    number of iterations   : 2
    number of reformations : 1

------- converged at time : 29.6


Data Record #1
===========================================================================
Step = 296
Time = 29.6
Data = ux;uy;uz
File = parameter_sweeps/tmax5_disp.txt

Data Record #2
===========================================================================
Step = 296
Time = 29.6
Data = sz;J
File = parameter_sweeps/tmax5_stress.txt

===== beginning time step 297 : 29.7 =====


Reforming stiffness matrix: reformation #1

 1
 Nonlinear solution status: time= 29.7
	stiffness updates             = 0
	right hand side evaluations   = 2
	stiffness matrix reformations = 1
	step from line search         = 1.000000
	convergence norms :     INITIAL         CURRENT         REQUIRED
	   residual            2.164125e+02    7.651751e-07    0.000000e+00 
	   energy              1.139311e+00    8.133480e-06    1.139311e-02 
	   displacement        5.287631e-02    5.287631e-02    5.287631e-08 
 2
 Nonlinear solution status: time= 29.7
	stiffness updates             = 1
	right hand side evaluations   = 3
	stiffness matrix reformations = 1
	step from line search         = 1.000000
	convergence norms :     INITIAL         CURRENT         REQUIRED
	   residual            2.164125e+02    2.520030e-11    0.000000e+00 
	   energy              1.139311e+00    1.419951e-11    1.139311e-02 
	   displacement        5.287631e-02    2.112873e-10    5.287495e-08 

convergence summary
    number of iterations   : 2
    number of reformations : 1

------- converged at time : 29.7


Data Record #1
===========================================================================
Step = 297
Time = 29.7
Data = ux;uy;uz
File = parameter_sweeps/tmax5_disp.txt

Data Record #2
===========================================================================
Step = 297
Time = 29.7
Data = sz;J
File = parameter_sweeps/tmax5_stress.txt

===== beginning time step 298 : 29.8 =====


Reforming stiffness matrix: reformation #1

 1
 Nonlinear solution status: time= 29.8
	stiffness updates             = 0
	right hand side evaluations   = 2
	stiffness matrix reformations = 1
	step from line search         = 1.000000
	convergence norms :     INITIAL         CURRENT         REQUIRED
	   residual            2.125070e+02    1.124453e-06    0.000000e+00 
	   energy              1.095625e+00    7.615297e-06    1.095625e-02 
	   displacement        5.029229e-02    5.029229e-02    5.029229e-08 
 2
 Nonlinear solution status: time= 29.8
	stiffness updates             = 1
	right hand side evaluations   = 3
	stiffness matrix reformations = 1
	step from line search         = 1.000000
	convergence norms :     INITIAL         CURRENT         REQUIRED
	   residual            2.125070e+02    3.852598e-11    0.000000e+00 
	   energy              1.095625e+00    1.911903e-11    1.095625e-02 
	   displacement        5.029229e-02    1.924893e-10    5.029128e-08 

convergence summary
    number of iterations   : 2
    number of reformations : 1

------- converged at time : 29.8


Data Record #1
===========================================================================
Step = 298
Time = 29.8
Data = ux;uy;uz
File = parameter_sweeps/tmax5_disp.txt

Data Record #2
===========================================================================
Step = 298
Time = 29.8
Data = sz;J
File = parameter_sweeps/tmax5_stress.txt

===== beginning time step 299 : 29.9 =====


Reforming stiffness matrix: reformation #1

 1
 Nonlinear solution status: time= 29.9
	stiffness updates             = 0
	right hand side evaluations   = 2
	stiffness matrix reformations = 1
	step from line search         = 1.000000
	convergence norms :     INITIAL         CURRENT         REQUIRED
	   residual            2.085077e+02    1.363184e-06    0.000000e+00 
	   energy              1.052152e+00    7.409389e-06    1.052152e-02 
	   displacement        4.769154e-02    4.769154e-02    4.769154e-08 
 2
 Nonlinear solution status: time= 29.9
	stiffness updates             = 1
	right hand side evaluations   = 3
	stiffness matrix reformations = 1
	step from line search         = 1.000000
	convergence norms :     INITIAL         CURRENT         REQUIRED
	   residual            2.085077e+02    4.654754e-11    0.000000e+00 
	   energy              1.052152e+00    2.195489e-11    1.052152e-02 
	   displacement        4.769154e-02    1.762382e-10    4.769094e-08 

convergence summary
    number of iterations   : 2
    number of reformations : 1

------- converged at time : 29.9


Data Record #1
===========================================================================
Step = 299
Time = 29.9
Data = ux;uy;uz
File = parameter_sweeps/tmax5_disp.txt

Data Record #2
===========================================================================
Step = 299
Time = 29.9
Data = sz;J
File = parameter_sweeps/tmax5_stress.txt

===== beginning time step 300 : 30 =====


Reforming stiffness matrix: reformation #1

 1
 Nonlinear solution status: time= 30
	stiffness updates             = 0
	right hand side evaluations   = 2
	stiffness matrix reformations = 1
	step from line search         = 1.000000
	convergence norms :     INITIAL         CURRENT         REQUIRED
	   residual            2.042090e+02    1.482875e-06    0.000000e+00 
	   energy              1.008195e+00    7.412180e-06    1.008195e-02 
	   displacement        4.508059e-02    4.508059e-02    4.508059e-08 
 2
 Nonlinear solution status: time= 30
	stiffness updates             = 1
	right hand side evaluations   = 3
	stiffness matrix reformations = 1
	step from line search         = 1.000000
	convergence norms :     INITIAL         CURRENT         REQUIRED
	   residual            2.042090e+02    4.964541e-11    0.000000e+00 
	   energy              1.008195e+00    2.353775e-11    1.008195e-02 
	   displacement        4.508059e-02    1.685154e-10    4.508030e-08 

convergence summary
    number of iterations   : 2
    number of reformations : 1

------- converged at time : 30


Data Record #1
===========================================================================
Step = 300
Time = 30
Data = ux;uy;uz
File = parameter_sweeps/tmax5_disp.txt

Data Record #2
===========================================================================
Step = 300
Time = 30
Data = sz;J
File = parameter_sweeps/tmax5_stress.txt


 N O N L I N E A R   I T E R A T I O N   I N F O R M A T I O N

	Number of time steps completed .................... : 300

	Total number of equilibrium iterations ............ : 606

	Average number of equilibrium iterations .......... : 2.02

	Total number of right hand evaluations ............ : 906

	Total number of stiffness reformations ............ : 300


 L I N E A R   S O L V E R   S T A T S

	Total calls to linear solver ........ : 606

	Avg iterations per solve ............ : 1

	Time in linear solver: 0:00:17


 Elapsed time : 0:00:24

 T I M I N G   I N F O R M A T I O N

	Input time ...................... : 0:00:00 (0.0795334 sec)

	Initialization time ............. : 0:00:00 (0.0167199 sec)

	Solve time ...................... : 0:00:24 (23.6212 sec)

	   IO-time (plot, dmp, data) .... : 0:00:01 (0.51873 sec)

	   reforming stiffness .......... : 0:00:00 (0.0294498 sec)

	   evaluating stiffness ......... : 0:00:03 (3.14351 sec)

	   evaluating residual .......... : 0:00:02 (1.71974 sec)

	   model update ................. : 0:00:01 (0.95761 sec)

	   QN updates ................... : 0:00:00 (0.0196098 sec)

	   time in linear solver ........ : 0:00:17 (16.5252 sec)

	Total elapsed time .............. : 0:00:24 (23.7241 sec)


 N O R M A L   T E R M I N A T I O N

