===========================================================================
         ________    _________   _______       __     _________            
        |        |\ |        |\ |       \\    |  |\  /         \\          
        |    ____|| |    ____|| |    __  ||   |__|| |    ___    ||         
        |   |\___\| |   |\___\| |   |\_| ||    \_\| |   //  \   ||         
        |   ||__    |   ||__    |   ||_| ||   |  |\ |  ||    |  ||         
        |       |\  |       |\  |         \\  |  || |  ||    |  ||         
        |    ___||  |    ___||  |    ___   || |  || |  ||    |  ||         
        |   |\__\|  |   |\__\|  |   |\__|  || |  || |  ||    |  ||         
        |   ||      |   ||___   |   ||__|  || |  || |   \\__/   ||         
        |   ||      |        |\ |          || |  || |           ||         
        |___||      |________|| |_________//  |__||  \_________//          
                                                                           
      F I N I T E   E L E M E N T S   F O R   B I O M E C H A N I C S      
                                                                           
  version 4.12.0
  FEBio is a registered trademark.                                         
  copyright (c) 2006-2026 - All rights reserved                            
                                                                           
===========================================================================





 FILES USED
===========================================================================
	Input file : parameter_sweeps/biceps-tmax4.feb
	Plot file  : parameter_sweeps/biceps-tmax4.xplt
	Log file   : parameter_sweeps/biceps-tmax4.log


 MESH INFO
===========================================================================
	Number of materials ............................ : 1
	Number of domains .............................. : 1
	Number of nodes ................................ : 4671
	Number of solid elements ....................... : 15813


 MODULE
===========================================================================
	Module type ....................................... : solid


 CONTROL DATA
===========================================================================
	analysis .......................................... : DYNAMIC (1)
	time_steps ........................................ : 300
	step_size ......................................... : 0.1
	plot_zero_state ................................... : no (0)
	plot_range ........................................ : 0,-1
	plot_level ........................................ : PLOT_MAJOR_ITRS (1)
	output_level ...................................... : OUTPUT_MAJOR_ITRS (1)
	plot_stride ....................................... : 1
	output_stride ..................................... : 1
	adaptor_re_solve .................................. : yes (1)
	Auto time stepper activated ....................... : no
 SOLVER PARAMETERS
===========================================================================
	symmetric_stiffness ............................... : symmetric (1)
	equation_scheme ................................... : staggered (0)
	equation_order .................................... : default (0)
	optimize_bw ....................................... : no (0)
	lstol ............................................. : 0.9
	lsmin ............................................. : 0.01
	lsiter ............................................ : 5
	ls_check_jacobians ................................ : no (0)
	max_refs .......................................... : 15
	check_zero_diagonal ............................... : no (0)
	zero_diagonal_tol ................................. : 0
	force_partition ................................... : 0
	reform_each_time_step ............................. : yes (1)
	reform_augment .................................... : no (0)
	diverge_reform .................................... : yes (1)
	min_residual ...................................... : 1e-20
	max_residual ...................................... : 0
	dtol .............................................. : 0.001
	etol .............................................. : 0.01
	rtol .............................................. : 0
	rhoi .............................................. : -2
	alpha ............................................. : 1
	beta .............................................. : 0.25
	gamma ............................................. : 0.5
	logSolve .......................................... : no (0)
	arc_length ........................................ : 0
	arc_length_scale .................................. : 0






 MATERIAL DATA
===========================================================================
  1 - Material1 (type: trans iso Mooney-Rivlin)
	density ........................................... : 1
	k ................................................. : 100
	pressure_model .................................... : default (0)
	c1 ................................................ : 13.85
	c2 ................................................ : 0
	c3 ................................................ : 2.07
	c4 ................................................ : 61.44
	c5 ................................................ : 640.7
	lam_max ........................................... : 1.03
	fiber: (type: vector)
	  vector .......................................... : 0,0,1
	active_contraction: (type: active_contraction)
	  ascl ............................................ : 0
	  Tmax ............................................ : 4
	  ca0 ............................................. : 4.35
	  camax ........................................... : 4.35
	  beta ............................................ : 4.75
	  l0 .............................................. : 1.58
	  refl ............................................ : 2.04


 BOUNDARY CONDITION DATA
===========================================================================
  1 -  Type: zero displacement
	x_dof ............................................. : yes (1)
	y_dof ............................................. : yes (1)
	z_dof ............................................. : yes (1)


 LOAD CONTROLLER DATA
===========================================================================
load controller   1 - LC1 (type: math)
	var ............................................... : (can't display value)
	math .............................................. : t/20


 OUTPUT DATA
===========================================================================
 LINEAR SOLVER DATA
===========================================================================
	Default linear solver ............................. : pardiso


Data Record #1
===========================================================================
Step = 0
Time = 0
Data = ux;uy;uz
File = parameter_sweeps/tmax4_disp.txt

Data Record #2
===========================================================================
Step = 0
Time = 0
Data = sz;J
File = parameter_sweeps/tmax4_stress.txt

 *************************************************************************
 * Selecting linear solver pardiso                                       *
 *************************************************************************

===== beginning time step 1 : 0.1 =====


Reforming stiffness matrix: reformation #1

===== reforming stiffness matrix:
	Nr of equations ........................... : 13953
	Nr of nonzeroes in stiffness matrix ....... : 245850
 1
 Nonlinear solution status: time= 0.1
	stiffness updates             = 0
	right hand side evaluations   = 2
	stiffness matrix reformations = 1
	step from line search         = 1.000000
	convergence norms :     INITIAL         CURRENT         REQUIRED
	   residual            6.074747e-04    6.945516e-05    0.000000e+00 
	   energy              5.858750e-05    5.348460e-06    5.858750e-07 
	   displacement        7.154067e-06    7.154067e-06    7.154067e-12 
 2
 Nonlinear solution status: time= 0.1
	stiffness updates             = 1
	right hand side evaluations   = 3
	stiffness matrix reformations = 1
	step from line search         = 1.000000
	convergence norms :     INITIAL         CURRENT         REQUIRED
	   residual            6.074747e-04    5.031212e-06    0.000000e+00 
	   energy              5.858750e-05    2.279609e-07    5.858750e-07 
	   displacement        7.154067e-06    1.536145e-07    9.048630e-12 
 3
 Nonlinear solution status: time= 0.1
	stiffness updates             = 2
	right hand side evaluations   = 4
	stiffness matrix reformations = 1
	step from line search         = 1.000000
	convergence norms :     INITIAL         CURRENT         REQUIRED
	   residual            6.074747e-04    1.899326e-07    0.000000e+00 
	   energy              5.858750e-05    8.712573e-09    5.858750e-07 
	   displacement        7.154067e-06    5.268994e-09    9.219979e-12 
 4
 Nonlinear solution status: time= 0.1
	stiffness updates             = 3
	right hand side evaluations   = 5
	stiffness matrix reformations = 1
	step from line search         = 1.000000
	convergence norms :     INITIAL         CURRENT         REQUIRED
	   residual            6.074747e-04    1.086649e-08    0.000000e+00 
	   energy              5.858750e-05    4.025314e-10    5.858750e-07 
	   displacement        7.154067e-06    1.394055e-10    9.194542e-12 
 5
 Nonlinear solution status: time= 0.1
	stiffness updates             = 4
	right hand side evaluations   = 6
	stiffness matrix reformations = 1
	step from line search         = 1.000000
	convergence norms :     INITIAL         CURRENT         REQUIRED
	   residual            6.074747e-04    5.395875e-10    0.000000e+00 
	   energy              5.858750e-05    1.485016e-11    5.858750e-07 
	   displacement        7.154067e-06    6.595611e-12    9.187084e-12 

convergence summary
    number of iterations   : 5
    number of reformations : 1

------- converged at time : 0.1


Data Record #1
===========================================================================
Step = 1
Time = 0.1
Data = ux;uy;uz
File = parameter_sweeps/tmax4_disp.txt

Data Record #2
===========================================================================
Step = 1
Time = 0.1
Data = sz;J
File = parameter_sweeps/tmax4_stress.txt

===== beginning time step 2 : 0.2 =====


Reforming stiffness matrix: reformation #1

 1
 Nonlinear solution status: time= 0.2
	stiffness updates             = 0
	right hand side evaluations   = 2
	stiffness matrix reformations = 1
	step from line search         = 1.000000
	convergence norms :     INITIAL         CURRENT         REQUIRED
	   residual            1.446845e-02    1.741068e-05    0.000000e+00 
	   energy              8.342492e-04    4.749882e-07    8.342492e-06 
	   displacement        1.090649e-04    1.090649e-04    1.090649e-10 
 2
 Nonlinear solution status: time= 0.2
	stiffness updates             = 1
	right hand side evaluations   = 3
	stiffness matrix reformations = 1
	step from line search         = 1.000000
	convergence norms :     INITIAL         CURRENT         REQUIRED
	   residual            1.446845e-02    4.711621e-07    0.000000e+00 
	   energy              8.342492e-04    9.271972e-09    8.342492e-06 
	   displacement        1.090649e-04    6.335277e-10    1.090792e-10 
 3
 Nonlinear solution status: time= 0.2
	stiffness updates             = 2
	right hand side evaluations   = 4
	stiffness matrix reformations = 1
	step from line search         = 1.000000
	convergence norms :     INITIAL         CURRENT         REQUIRED
	   residual            1.446845e-02    1.751590e-09    0.000000e+00 
	   energy              8.342492e-04    3.120656e-11    8.342492e-06 
	   displacement        1.090649e-04    2.359003e-11    1.090641e-10 

convergence summary
    number of iterations   : 3
    number of reformations : 1

------- converged at time : 0.2


Data Record #1
===========================================================================
Step = 2
Time = 0.2
Data = ux;uy;uz
File = parameter_sweeps/tmax4_disp.txt

Data Record #2
===========================================================================
Step = 2
Time = 0.2
Data = sz;J
File = parameter_sweeps/tmax4_stress.txt

===== beginning time step 3 : 0.3 =====


Reforming stiffness matrix: reformation #1

 1
 Nonlinear solution status: time= 0.3
	stiffness updates             = 0
	right hand side evaluations   = 2
	stiffness matrix reformations = 1
	step from line search         = 1.000000
	convergence norms :     INITIAL         CURRENT         REQUIRED
	   residual            1.362810e-01    2.155830e-05    0.000000e+00 
	   energy              3.509583e-03    6.104741e-07    3.509583e-05 
	   displacement        3.608321e-04    3.608321e-04    3.608321e-10 
 2
 Nonlinear solution status: time= 0.3
	stiffness updates             = 1
	right hand side evaluations   = 3
	stiffness matrix reformations = 1
	step from line search         = 1.000000
	convergence norms :     INITIAL         CURRENT         REQUIRED
	   residual            1.362810e-01    4.205387e-07    0.000000e+00 
	   energy              3.509583e-03    7.204177e-09    3.509583e-05 
	   displacement        3.608321e-04    4.474600e-10    3.608055e-10 
 3
 Nonlinear solution status: time= 0.3
	stiffness updates             = 2
	right hand side evaluations   = 4
	stiffness matrix reformations = 1
	step from line search         = 1.000000
	convergence norms :     INITIAL         CURRENT         REQUIRED
	   residual            1.362810e-01    2.108351e-09    0.000000e+00 
	   energy              3.509583e-03    3.792381e-11    3.509583e-05 
	   displacement        3.608321e-04    1.268257e-11    3.607914e-10 

convergence summary
    number of iterations   : 3
    number of reformations : 1

------- converged at time : 0.3


Data Record #1
===========================================================================
Step = 3
Time = 0.3
Data = ux;uy;uz
File = parameter_sweeps/tmax4_disp.txt

Data Record #2
===========================================================================
Step = 3
Time = 0.3
Data = sz;J
File = parameter_sweeps/tmax4_stress.txt

===== beginning time step 4 : 0.4 =====


Reforming stiffness matrix: reformation #1

 1
 Nonlinear solution status: time= 0.4
	stiffness updates             = 0
	right hand side evaluations   = 2
	stiffness matrix reformations = 1
	step from line search         = 1.000000
	convergence norms :     INITIAL         CURRENT         REQUIRED
	   residual            5.793076e-01    8.537626e-05    0.000000e+00 
	   energy              9.171515e-03    1.475088e-06    9.171515e-05 
	   displacement        7.761703e-04    7.761703e-04    7.761703e-10 
 2
 Nonlinear solution status: time= 0.4
	stiffness updates             = 1
	right hand side evaluations   = 3
	stiffness matrix reformations = 1
	step from line search         = 1.000000
	convergence norms :     INITIAL         CURRENT         REQUIRED
	   residual            5.793076e-01    1.848129e-06    0.000000e+00 
	   energy              9.171515e-03    2.476643e-08    9.171515e-05 
	   displacement        7.761703e-04    9.606833e-10    7.761521e-10 
 3
 Nonlinear solution status: time= 0.4
	stiffness updates             = 2
	right hand side evaluations   = 4
	stiffness matrix reformations = 1
	step from line search         = 1.000000
	convergence norms :     INITIAL         CURRENT         REQUIRED
	   residual            5.793076e-01    4.368749e-09    0.000000e+00 
	   energy              9.171515e-03    6.962772e-11    9.171515e-05 
	   displacement        7.761703e-04    3.330848e-11    7.761196e-10 

convergence summary
    number of iterations   : 3
    number of reformations : 1

------- converged at time : 0.4


Data Record #1
===========================================================================
Step = 4
Time = 0.4
Data = ux;uy;uz
File = parameter_sweeps/tmax4_disp.txt

Data Record #2
===========================================================================
Step = 4
Time = 0.4
Data = sz;J
File = parameter_sweeps/tmax4_stress.txt

===== beginning time step 5 : 0.5 =====


Reforming stiffness matrix: reformation #1

 1
 Nonlinear solution status: time= 0.5
	stiffness updates             = 0
	right hand side evaluations   = 2
	stiffness matrix reformations = 1
	step from line search         = 1.000000
	convergence norms :     INITIAL         CURRENT         REQUIRED
	   residual            1.494942e+00    1.000140e-06    0.000000e+00 
	   energy              1.830103e-02    1.938614e-07    1.830103e-04 
	   displacement        1.368361e-03    1.368361e-03    1.368361e-09 
 2
 Nonlinear solution status: time= 0.5
	stiffness updates             = 1
	right hand side evaluations   = 3
	stiffness matrix reformations = 1
	step from line search         = 1.000000
	convergence norms :     INITIAL         CURRENT         REQUIRED
	   residual            1.494942e+00    3.769264e-08    0.000000e+00 
	   energy              1.830103e-02    1.290701e-09    1.830103e-04 
	   displacement        1.368361e-03    1.442726e-10    1.368334e-09 

convergence summary
    number of iterations   : 2
    number of reformations : 1

------- converged at time : 0.5


Data Record #1
===========================================================================
Step = 5
Time = 0.5
Data = ux;uy;uz
File = parameter_sweeps/tmax4_disp.txt

Data Record #2
===========================================================================
Step = 5
Time = 0.5
Data = sz;J
File = parameter_sweeps/tmax4_stress.txt

===== beginning time step 6 : 0.6 =====


Reforming stiffness matrix: reformation #1

 1
 Nonlinear solution status: time= 0.6
	stiffness updates             = 0
	right hand side evaluations   = 2
	stiffness matrix reformations = 1
	step from line search         = 1.000000
	convergence norms :     INITIAL         CURRENT         REQUIRED
	   residual            2.857952e+00    6.616558e-06    0.000000e+00 
	   energy              3.064272e-02    5.850306e-07    3.064272e-04 
	   displacement        2.110965e-03    2.110965e-03    2.110965e-09 
 2
 Nonlinear solution status: time= 0.6
	stiffness updates             = 1
	right hand side evaluations   = 3
	stiffness matrix reformations = 1
	step from line search         = 1.000000
	convergence norms :     INITIAL         CURRENT         REQUIRED
	   residual            2.857952e+00    9.422353e-08    0.000000e+00 
	   energy              3.064272e-02    2.675870e-09    3.064272e-04 
	   displacement        2.110965e-03    2.268762e-10    2.110937e-09 

convergence summary
    number of iterations   : 2
    number of reformations : 1

------- converged at time : 0.6


Data Record #1
===========================================================================
Step = 6
Time = 0.6
Data = ux;uy;uz
File = parameter_sweeps/tmax4_disp.txt

Data Record #2
===========================================================================
Step = 6
Time = 0.6
Data = sz;J
File = parameter_sweeps/tmax4_stress.txt

===== beginning time step 7 : 0.7 =====


Reforming stiffness matrix: reformation #1

 1
 Nonlinear solution status: time= 0.7
	stiffness updates             = 0
	right hand side evaluations   = 2
	stiffness matrix reformations = 1
	step from line search         = 1.000000
	convergence norms :     INITIAL         CURRENT         REQUIRED
	   residual            4.755381e+00    1.223409e-06    0.000000e+00 
	   energy              4.558890e-02    6.143666e-07    4.558890e-04 
	   displacement        2.970819e-03    2.970819e-03    2.970819e-09 
 2
 Nonlinear solution status: time= 0.7
	stiffness updates             = 1
	right hand side evaluations   = 3
	stiffness matrix reformations = 1
	step from line search         = 1.000000
	convergence norms :     INITIAL         CURRENT         REQUIRED
	   residual            4.755381e+00    1.058606e-08    0.000000e+00 
	   energy              4.558890e-02    3.452243e-10    4.558890e-04 
	   displacement        2.970819e-03    5.183457e-11    2.970735e-09 

convergence summary
    number of iterations   : 2
    number of reformations : 1

------- converged at time : 0.7


Data Record #1
===========================================================================
Step = 7
Time = 0.7
Data = ux;uy;uz
File = parameter_sweeps/tmax4_disp.txt

Data Record #2
===========================================================================
Step = 7
Time = 0.7
Data = sz;J
File = parameter_sweeps/tmax4_stress.txt

===== beginning time step 8 : 0.8 =====


Reforming stiffness matrix: reformation #1

 1
 Nonlinear solution status: time= 0.8
	stiffness updates             = 0
	right hand side evaluations   = 2
	stiffness matrix reformations = 1
	step from line search         = 1.000000
	convergence norms :     INITIAL         CURRENT         REQUIRED
	   residual            7.224026e+00    4.340719e-08    0.000000e+00 
	   energy              6.236398e-02    6.260120e-07    6.236398e-04 
	   displacement        3.848431e-03    3.848431e-03    3.848431e-09 
 2
 Nonlinear solution status: time= 0.8
	stiffness updates             = 1
	right hand side evaluations   = 3
	stiffness matrix reformations = 1
	step from line search         = 1.000000
	convergence norms :     INITIAL         CURRENT         REQUIRED
	   residual            7.224026e+00    3.765820e-12    0.000000e+00 
	   energy              6.236398e-02    4.699245e-13    6.236398e-04 
	   displacement        3.848431e-03    4.198364e-12    3.848310e-09 

convergence summary
    number of iterations   : 2
    number of reformations : 1

------- converged at time : 0.8


Data Record #1
===========================================================================
Step = 8
Time = 0.8
Data = ux;uy;uz
File = parameter_sweeps/tmax4_disp.txt

Data Record #2
===========================================================================
Step = 8
Time = 0.8
Data = sz;J
File = parameter_sweeps/tmax4_stress.txt

===== beginning time step 9 : 0.9 =====


Reforming stiffness matrix: reformation #1

 1
 Nonlinear solution status: time= 0.9
	stiffness updates             = 0
	right hand side evaluations   = 2
	stiffness matrix reformations = 1
	step from line search         = 1.000000
	convergence norms :     INITIAL         CURRENT         REQUIRED
	   residual            1.004119e+01    6.477194e-05    0.000000e+00 
	   energy              8.027329e-02    2.279020e-06    8.027329e-04 
	   displacement        4.737894e-03    4.737894e-03    4.737894e-09 
 2
 Nonlinear solution status: time= 0.9
	stiffness updates             = 1
	right hand side evaluations   = 3
	stiffness matrix reformations = 1
	step from line search         = 1.000000
	convergence norms :     INITIAL         CURRENT         REQUIRED
	   residual            1.004119e+01    2.831728e-06    0.000000e+00 
	   energy              8.027329e-02    2.235829e-08    8.027329e-04 
	   displacement        4.737894e-03    6.998259e-10    4.737750e-09 

convergence summary
    number of iterations   : 2
    number of reformations : 1

------- converged at time : 0.9


Data Record #1
===========================================================================
Step = 9
Time = 0.9
Data = ux;uy;uz
File = parameter_sweeps/tmax4_disp.txt

Data Record #2
===========================================================================
Step = 9
Time = 0.9
Data = sz;J
File = parameter_sweeps/tmax4_stress.txt

===== beginning time step 10 : 1 =====


Reforming stiffness matrix: reformation #1

 1
 Nonlinear solution status: time= 1
	stiffness updates             = 0
	right hand side evaluations   = 2
	stiffness matrix reformations = 1
	step from line search         = 1.000000
	convergence norms :     INITIAL         CURRENT         REQUIRED
	   residual            1.281473e+01    4.095875e-05    0.000000e+00 
	   energy              9.855589e-02    1.602103e-06    9.855589e-04 
	   displacement        5.678077e-03    5.678077e-03    5.678077e-09 
 2
 Nonlinear solution status: time= 1
	stiffness updates             = 1
	right hand side evaluations   = 3
	stiffness matrix reformations = 1
	step from line search         = 1.000000
	convergence norms :     INITIAL         CURRENT         REQUIRED
	   residual            1.281473e+01    1.212569e-06    0.000000e+00 
	   energy              9.855589e-02    1.109983e-08    9.855589e-04 
	   displacement        5.678077e-03    2.879118e-10    5.677896e-09 

convergence summary
    number of iterations   : 2
    number of reformations : 1

------- converged at time : 1


Data Record #1
===========================================================================
Step = 10
Time = 1
Data = ux;uy;uz
File = parameter_sweeps/tmax4_disp.txt

Data Record #2
===========================================================================
Step = 10
Time = 1
Data = sz;J
File = parameter_sweeps/tmax4_stress.txt

===== beginning time step 11 : 1.1 =====


Reforming stiffness matrix: reformation #1

 1
 Nonlinear solution status: time= 1.1
	stiffness updates             = 0
	right hand side evaluations   = 2
	stiffness matrix reformations = 1
	step from line search         = 1.000000
	convergence norms :     INITIAL         CURRENT         REQUIRED
	   residual            1.522266e+01    4.715396e-06    0.000000e+00 
	   energy              1.163325e-01    1.235405e-06    1.163325e-03 
	   displacement        6.650396e-03    6.650396e-03    6.650396e-09 
 2
 Nonlinear solution status: time= 1.1
	stiffness updates             = 1
	right hand side evaluations   = 3
	stiffness matrix reformations = 1
	step from line search         = 1.000000
	convergence norms :     INITIAL         CURRENT         REQUIRED
	   residual            1.522266e+01    1.593689e-08    0.000000e+00 
	   energy              1.163325e-01    5.365191e-10    1.163325e-03 
	   displacement        6.650396e-03    4.282652e-11    6.650168e-09 

convergence summary
    number of iterations   : 2
    number of reformations : 1

------- converged at time : 1.1


Data Record #1
===========================================================================
Step = 11
Time = 1.1
Data = ux;uy;uz
File = parameter_sweeps/tmax4_disp.txt

Data Record #2
===========================================================================
Step = 11
Time = 1.1
Data = sz;J
File = parameter_sweeps/tmax4_stress.txt

===== beginning time step 12 : 1.2 =====


Reforming stiffness matrix: reformation #1

 1
 Nonlinear solution status: time= 1.2
	stiffness updates             = 0
	right hand side evaluations   = 2
	stiffness matrix reformations = 1
	step from line search         = 1.000000
	convergence norms :     INITIAL         CURRENT         REQUIRED
	   residual            1.734130e+01    2.317163e-07    0.000000e+00 
	   energy              1.326822e-01    1.106010e-06    1.326822e-03 
	   displacement        7.562842e-03    7.562842e-03    7.562842e-09 
 2
 Nonlinear solution status: time= 1.2
	stiffness updates             = 1
	right hand side evaluations   = 3
	stiffness matrix reformations = 1
	step from line search         = 1.000000
	convergence norms :     INITIAL         CURRENT         REQUIRED
	   residual            1.734130e+01    7.611789e-09    0.000000e+00 
	   energy              1.326822e-01    8.281479e-11    1.326822e-03 
	   displacement        7.562842e-03    9.123740e-12    7.562598e-09 

convergence summary
    number of iterations   : 2
    number of reformations : 1

------- converged at time : 1.2


Data Record #1
===========================================================================
Step = 12
Time = 1.2
Data = ux;uy;uz
File = parameter_sweeps/tmax4_disp.txt

Data Record #2
===========================================================================
Step = 12
Time = 1.2
Data = sz;J
File = parameter_sweeps/tmax4_stress.txt

===== beginning time step 13 : 1.3 =====


Reforming stiffness matrix: reformation #1

 1
 Nonlinear solution status: time= 1.3
	stiffness updates             = 0
	right hand side evaluations   = 2
	stiffness matrix reformations = 1
	step from line search         = 1.000000
	convergence norms :     INITIAL         CURRENT         REQUIRED
	   residual            1.936022e+01    1.045754e-07    0.000000e+00 
	   energy              1.470650e-01    1.203919e-06    1.470650e-03 
	   displacement        8.317323e-03    8.317323e-03    8.317323e-09 
 2
 Nonlinear solution status: time= 1.3
	stiffness updates             = 1
	right hand side evaluations   = 3
	stiffness matrix reformations = 1
	step from line search         = 1.000000
	convergence norms :     INITIAL         CURRENT         REQUIRED
	   residual            1.936022e+01    8.328992e-11    0.000000e+00 
	   energy              1.470650e-01    4.728228e-12    1.470650e-03 
	   displacement        8.317323e-03    8.553448e-12    8.317055e-09 

convergence summary
    number of iterations   : 2
    number of reformations : 1

------- converged at time : 1.3


Data Record #1
===========================================================================
Step = 13
Time = 1.3
Data = ux;uy;uz
File = parameter_sweeps/tmax4_disp.txt

Data Record #2
===========================================================================
Step = 13
Time = 1.3
Data = sz;J
File = parameter_sweeps/tmax4_stress.txt

===== beginning time step 14 : 1.4 =====


Reforming stiffness matrix: reformation #1

 1
 Nonlinear solution status: time= 1.4
	stiffness updates             = 0
	right hand side evaluations   = 2
	stiffness matrix reformations = 1
	step from line search         = 1.000000
	convergence norms :     INITIAL         CURRENT         REQUIRED
	   residual            2.122649e+01    4.334646e-08    0.000000e+00 
	   energy              1.598014e-01    1.243378e-06    1.598014e-03 
	   displacement        8.955155e-03    8.955155e-03    8.955155e-09 
 2
 Nonlinear solution status: time= 1.4
	stiffness updates             = 1
	right hand side evaluations   = 3
	stiffness matrix reformations = 1
	step from line search         = 1.000000
	convergence norms :     INITIAL         CURRENT         REQUIRED
	   residual            2.122649e+01    2.148773e-10    0.000000e+00 
	   energy              1.598014e-01    2.098406e-12    1.598014e-03 
	   displacement        8.955155e-03    8.533208e-12    8.954874e-09 

convergence summary
    number of iterations   : 2
    number of reformations : 1

------- converged at time : 1.4


Data Record #1
===========================================================================
Step = 14
Time = 1.4
Data = ux;uy;uz
File = parameter_sweeps/tmax4_disp.txt

Data Record #2
===========================================================================
Step = 14
Time = 1.4
Data = sz;J
File = parameter_sweeps/tmax4_stress.txt

===== beginning time step 15 : 1.5 =====


Reforming stiffness matrix: reformation #1

 1
 Nonlinear solution status: time= 1.5
	stiffness updates             = 0
	right hand side evaluations   = 2
	stiffness matrix reformations = 1
	step from line search         = 1.000000
	convergence norms :     INITIAL         CURRENT         REQUIRED
	   residual            2.309696e+01    2.858048e-08    0.000000e+00 
	   energy              1.718334e-01    1.214199e-06    1.718334e-03 
	   displacement        9.551838e-03    9.551838e-03    9.551838e-09 
 2
 Nonlinear solution status: time= 1.5
	stiffness updates             = 1
	right hand side evaluations   = 3
	stiffness matrix reformations = 1
	step from line search         = 1.000000
	convergence norms :     INITIAL         CURRENT         REQUIRED
	   residual            2.309696e+01    8.427771e-13    0.000000e+00 
	   energy              1.718334e-01    3.274655e-13    1.718334e-03 
	   displacement        9.551838e-03    8.423105e-12    9.551547e-09 

convergence summary
    number of iterations   : 2
    number of reformations : 1

------- converged at time : 1.5


Data Record #1
===========================================================================
Step = 15
Time = 1.5
Data = ux;uy;uz
File = parameter_sweeps/tmax4_disp.txt

Data Record #2
===========================================================================
Step = 15
Time = 1.5
Data = sz;J
File = parameter_sweeps/tmax4_stress.txt

===== beginning time step 16 : 1.6 =====


Reforming stiffness matrix: reformation #1

 1
 Nonlinear solution status: time= 1.6
	stiffness updates             = 0
	right hand side evaluations   = 2
	stiffness matrix reformations = 1
	step from line search         = 1.000000
	convergence norms :     INITIAL         CURRENT         REQUIRED
	   residual            2.546943e+01    8.954839e-08    0.000000e+00 
	   energy              1.843378e-01    1.136847e-06    1.843378e-03 
	   displacement        1.009666e-02    1.009666e-02    1.009666e-08 
 2
 Nonlinear solution status: time= 1.6
	stiffness updates             = 1
	right hand side evaluations   = 3
	stiffness matrix reformations = 1
	step from line search         = 1.000000
	convergence norms :     INITIAL         CURRENT         REQUIRED
	   residual            2.546943e+01    4.220267e-10    0.000000e+00 
	   energy              1.843378e-01    2.668239e-11    1.843378e-03 
	   displacement        1.009666e-02    1.281888e-11    1.009636e-08 

convergence summary
    number of iterations   : 2
    number of reformations : 1

------- converged at time : 1.6


Data Record #1
===========================================================================
Step = 16
Time = 1.6
Data = ux;uy;uz
File = parameter_sweeps/tmax4_disp.txt

Data Record #2
===========================================================================
Step = 16
Time = 1.6
Data = sz;J
File = parameter_sweeps/tmax4_stress.txt

===== beginning time step 17 : 1.7 =====


Reforming stiffness matrix: reformation #1

 1
 Nonlinear solution status: time= 1.7
	stiffness updates             = 0
	right hand side evaluations   = 2
	stiffness matrix reformations = 1
	step from line search         = 1.000000
	convergence norms :     INITIAL         CURRENT         REQUIRED
	   residual            2.884714e+01    7.988546e-09    0.000000e+00 
	   energy              1.985998e-01    1.066429e-06    1.985998e-03 
	   displacement        1.059773e-02    1.059773e-02    1.059773e-08 
 2
 Nonlinear solution status: time= 1.7
	stiffness updates             = 1
	right hand side evaluations   = 3
	stiffness matrix reformations = 1
	step from line search         = 1.000000
	convergence norms :     INITIAL         CURRENT         REQUIRED
	   residual            2.884714e+01    1.285310e-14    0.000000e+00 
	   energy              1.985998e-01    4.970795e-14    1.985998e-03 
	   displacement        1.059773e-02    7.422103e-12    1.059743e-08 

convergence summary
    number of iterations   : 2
    number of reformations : 1

------- converged at time : 1.7


Data Record #1
===========================================================================
Step = 17
Time = 1.7
Data = ux;uy;uz
File = parameter_sweeps/tmax4_disp.txt

Data Record #2
===========================================================================
Step = 17
Time = 1.7
Data = sz;J
File = parameter_sweeps/tmax4_stress.txt

===== beginning time step 18 : 1.8 =====


Reforming stiffness matrix: reformation #1

 1
 Nonlinear solution status: time= 1.8
	stiffness updates             = 0
	right hand side evaluations   = 2
	stiffness matrix reformations = 1
	step from line search         = 1.000000
	convergence norms :     INITIAL         CURRENT         REQUIRED
	   residual            3.343611e+01    7.787286e-06    0.000000e+00 
	   energy              2.158380e-01    7.178597e-07    2.158380e-03 
	   displacement        1.113165e-02    1.113165e-02    1.113165e-08 
 2
 Nonlinear solution status: time= 1.8
	stiffness updates             = 1
	right hand side evaluations   = 3
	stiffness matrix reformations = 1
	step from line search         = 1.000000
	convergence norms :     INITIAL         CURRENT         REQUIRED
	   residual            3.343611e+01    4.562961e-08    0.000000e+00 
	   energy              2.158380e-01    1.245657e-09    2.158380e-03 
	   displacement        1.113165e-02    7.754950e-11    1.113137e-08 

convergence summary
    number of iterations   : 2
    number of reformations : 1

------- converged at time : 1.8


Data Record #1
===========================================================================
Step = 18
Time = 1.8
Data = ux;uy;uz
File = parameter_sweeps/tmax4_disp.txt

Data Record #2
===========================================================================
Step = 18
Time = 1.8
Data = sz;J
File = parameter_sweeps/tmax4_stress.txt

===== beginning time step 19 : 1.9 =====


Reforming stiffness matrix: reformation #1

 1
 Nonlinear solution status: time= 1.9
	stiffness updates             = 0
	right hand side evaluations   = 2
	stiffness matrix reformations = 1
	step from line search         = 1.000000
	convergence norms :     INITIAL         CURRENT         REQUIRED
	   residual            3.912584e+01    1.675248e-05    0.000000e+00 
	   energy              2.370242e-01    7.104112e-08    2.370242e-03 
	   displacement        1.183305e-02    1.183305e-02    1.183305e-08 
 2
 Nonlinear solution status: time= 1.9
	stiffness updates             = 1
	right hand side evaluations   = 3
	stiffness matrix reformations = 1
	step from line search         = 1.000000
	convergence norms :     INITIAL         CURRENT         REQUIRED
	   residual            3.912584e+01    6.573608e-08    0.000000e+00 
	   energy              2.370242e-01    2.463672e-09    2.370242e-03 
	   displacement        1.183305e-02    2.141153e-10    1.183279e-08 

convergence summary
    number of iterations   : 2
    number of reformations : 1

------- converged at time : 1.9


Data Record #1
===========================================================================
Step = 19
Time = 1.9
Data = ux;uy;uz
File = parameter_sweeps/tmax4_disp.txt

Data Record #2
===========================================================================
Step = 19
Time = 1.9
Data = sz;J
File = parameter_sweeps/tmax4_stress.txt

===== beginning time step 20 : 2 =====


Reforming stiffness matrix: reformation #1

 1
 Nonlinear solution status: time= 2
	stiffness updates             = 0
	right hand side evaluations   = 2
	stiffness matrix reformations = 1
	step from line search         = 1.000000
	convergence norms :     INITIAL         CURRENT         REQUIRED
	   residual            4.580998e+01    1.133453e-04    0.000000e+00 
	   energy              2.627017e-01    2.509907e-06    2.627017e-03 
	   displacement        1.277859e-02    1.277859e-02    1.277859e-08 
 2
 Nonlinear solution status: time= 2
	stiffness updates             = 1
	right hand side evaluations   = 3
	stiffness matrix reformations = 1
	step from line search         = 1.000000
	convergence norms :     INITIAL         CURRENT         REQUIRED
	   residual            4.580998e+01    1.568713e-06    0.000000e+00 
	   energy              2.627017e-01    2.061890e-08    2.627017e-03 
	   displacement        1.277859e-02    7.388101e-10    1.277841e-08 

convergence summary
    number of iterations   : 2
    number of reformations : 1

------- converged at time : 2


Data Record #1
===========================================================================
Step = 20
Time = 2
Data = ux;uy;uz
File = parameter_sweeps/tmax4_disp.txt

Data Record #2
===========================================================================
Step = 20
Time = 2
Data = sz;J
File = parameter_sweeps/tmax4_stress.txt

===== beginning time step 21 : 2.1 =====


Reforming stiffness matrix: reformation #1

 1
 Nonlinear solution status: time= 2.1
	stiffness updates             = 0
	right hand side evaluations   = 2
	stiffness matrix reformations = 1
	step from line search         = 1.000000
	convergence norms :     INITIAL         CURRENT         REQUIRED
	   residual            5.344253e+01    4.504020e-05    0.000000e+00 
	   energy              2.933369e-01    8.485280e-07    2.933369e-03 
	   displacement        1.395901e-02    1.395901e-02    1.395901e-08 
 2
 Nonlinear solution status: time= 2.1
	stiffness updates             = 1
	right hand side evaluations   = 3
	stiffness matrix reformations = 1
	step from line search         = 1.000000
	convergence norms :     INITIAL         CURRENT         REQUIRED
	   residual            5.344253e+01    8.004057e-07    0.000000e+00 
	   energy              2.933369e-01    8.429551e-09    2.933369e-03 
	   displacement        1.395901e-02    2.205489e-10    1.395880e-08 

convergence summary
    number of iterations   : 2
    number of reformations : 1

------- converged at time : 2.1


Data Record #1
===========================================================================
Step = 21
Time = 2.1
Data = ux;uy;uz
File = parameter_sweeps/tmax4_disp.txt

Data Record #2
===========================================================================
Step = 21
Time = 2.1
Data = sz;J
File = parameter_sweeps/tmax4_stress.txt

===== beginning time step 22 : 2.2 =====


Reforming stiffness matrix: reformation #1

 1
 Nonlinear solution status: time= 2.2
	stiffness updates             = 0
	right hand side evaluations   = 2
	stiffness matrix reformations = 1
	step from line search         = 1.000000
	convergence norms :     INITIAL         CURRENT         REQUIRED
	   residual            6.210105e+01    3.766175e-07    0.000000e+00 
	   energy              3.295209e-01    6.014172e-07    3.295209e-03 
	   displacement        1.540834e-02    1.540834e-02    1.540834e-08 
 2
 Nonlinear solution status: time= 2.2
	stiffness updates             = 1
	right hand side evaluations   = 3
	stiffness matrix reformations = 1
	step from line search         = 1.000000
	convergence norms :     INITIAL         CURRENT         REQUIRED
	   residual            6.210105e+01    6.253034e-10    0.000000e+00 
	   energy              3.295209e-01    6.490785e-11    3.295209e-03 
	   displacement        1.540834e-02    2.540773e-11    1.540815e-08 

convergence summary
    number of iterations   : 2
    number of reformations : 1

------- converged at time : 2.2


Data Record #1
===========================================================================
Step = 22
Time = 2.2
Data = ux;uy;uz
File = parameter_sweeps/tmax4_disp.txt

Data Record #2
===========================================================================
Step = 22
Time = 2.2
Data = sz;J
File = parameter_sweeps/tmax4_stress.txt

===== beginning time step 23 : 2.3 =====


Reforming stiffness matrix: reformation #1

 1
 Nonlinear solution status: time= 2.3
	stiffness updates             = 0
	right hand side evaluations   = 2
	stiffness matrix reformations = 1
	step from line search         = 1.000000
	convergence norms :     INITIAL         CURRENT         REQUIRED
	   residual            7.177689e+01    2.747668e-07    0.000000e+00 
	   energy              3.714514e-01    5.132036e-07    3.714514e-03 
	   displacement        1.716130e-02    1.716130e-02    1.716130e-08 
 2
 Nonlinear solution status: time= 2.3
	stiffness updates             = 1
	right hand side evaluations   = 3
	stiffness matrix reformations = 1
	step from line search         = 1.000000
	convergence norms :     INITIAL         CURRENT         REQUIRED
	   residual            7.177689e+01    1.890582e-09    0.000000e+00 
	   energy              3.714514e-01    7.059696e-11    3.714514e-03 
	   displacement        1.716130e-02    1.621973e-11    1.716112e-08 

convergence summary
    number of iterations   : 2
    number of reformations : 1

------- converged at time : 2.3


Data Record #1
===========================================================================
Step = 23
Time = 2.3
Data = ux;uy;uz
File = parameter_sweeps/tmax4_disp.txt

Data Record #2
===========================================================================
Step = 23
Time = 2.3
Data = sz;J
File = parameter_sweeps/tmax4_stress.txt

===== beginning time step 24 : 2.4 =====


Reforming stiffness matrix: reformation #1

 1
 Nonlinear solution status: time= 2.4
	stiffness updates             = 0
	right hand side evaluations   = 2
	stiffness matrix reformations = 1
	step from line search         = 1.000000
	convergence norms :     INITIAL         CURRENT         REQUIRED
	   residual            8.206402e+01    6.100308e-06    0.000000e+00 
	   energy              4.185334e-01    4.364231e-07    4.185334e-03 
	   displacement        1.922209e-02    1.922209e-02    1.922209e-08 
 2
 Nonlinear solution status: time= 2.4
	stiffness updates             = 1
	right hand side evaluations   = 3
	stiffness matrix reformations = 1
	step from line search         = 1.000000
	convergence norms :     INITIAL         CURRENT         REQUIRED
	   residual            8.206402e+01    3.176368e-08    0.000000e+00 
	   energy              4.185334e-01    2.413620e-09    4.185334e-03 
	   displacement        1.922209e-02    3.985988e-10    1.922194e-08 

convergence summary
    number of iterations   : 2
    number of reformations : 1

------- converged at time : 2.4


Data Record #1
===========================================================================
Step = 24
Time = 2.4
Data = ux;uy;uz
File = parameter_sweeps/tmax4_disp.txt

Data Record #2
===========================================================================
Step = 24
Time = 2.4
Data = sz;J
File = parameter_sweeps/tmax4_stress.txt

===== beginning time step 25 : 2.5 =====


Reforming stiffness matrix: reformation #1

 1
 Nonlinear solution status: time= 2.5
	stiffness updates             = 0
	right hand side evaluations   = 2
	stiffness matrix reformations = 1
	step from line search         = 1.000000
	convergence norms :     INITIAL         CURRENT         REQUIRED
	   residual            9.262121e+01    2.076232e-04    0.000000e+00 
	   energy              4.692828e-01    6.764007e-06    4.692828e-03 
	   displacement        2.155675e-02    2.155675e-02    2.155675e-08 
 2
 Nonlinear solution status: time= 2.5
	stiffness updates             = 1
	right hand side evaluations   = 3
	stiffness matrix reformations = 1
	step from line search         = 1.000000
	convergence norms :     INITIAL         CURRENT         REQUIRED
	   residual            9.262121e+01    2.643123e-06    0.000000e+00 
	   energy              4.692828e-01    4.221615e-08    4.692828e-03 
	   displacement        2.155675e-02    1.823168e-09    2.155674e-08 

convergence summary
    number of iterations   : 2
    number of reformations : 1

------- converged at time : 2.5


Data Record #1
===========================================================================
Step = 25
Time = 2.5
Data = ux;uy;uz
File = parameter_sweeps/tmax4_disp.txt

Data Record #2
===========================================================================
Step = 25
Time = 2.5
Data = sz;J
File = parameter_sweeps/tmax4_stress.txt

===== beginning time step 26 : 2.6 =====


Reforming stiffness matrix: reformation #1

 1
 Nonlinear solution status: time= 2.6
	stiffness updates             = 0
	right hand side evaluations   = 2
	stiffness matrix reformations = 1
	step from line search         = 1.000000
	convergence norms :     INITIAL         CURRENT         REQUIRED
	   residual            1.033107e+02    1.128210e-04    0.000000e+00 
	   energy              5.219449e-01    4.425793e-06    5.219449e-03 
	   displacement        2.399635e-02    2.399635e-02    2.399635e-08 
 2
 Nonlinear solution status: time= 2.6
	stiffness updates             = 1
	right hand side evaluations   = 3
	stiffness matrix reformations = 1
	step from line search         = 1.000000
	convergence norms :     INITIAL         CURRENT         REQUIRED
	   residual            1.033107e+02    1.333762e-06    0.000000e+00 
	   energy              5.219449e-01    3.236359e-08    5.219449e-03 
	   displacement        2.399635e-02    2.154533e-09    2.399614e-08 

convergence summary
    number of iterations   : 2
    number of reformations : 1

------- converged at time : 2.6


Data Record #1
===========================================================================
Step = 26
Time = 2.6
Data = ux;uy;uz
File = parameter_sweeps/tmax4_disp.txt

Data Record #2
===========================================================================
Step = 26
Time = 2.6
Data = sz;J
File = parameter_sweeps/tmax4_stress.txt

===== beginning time step 27 : 2.7 =====


Reforming stiffness matrix: reformation #1

 1
 Nonlinear solution status: time= 2.7
	stiffness updates             = 0
	right hand side evaluations   = 2
	stiffness matrix reformations = 1
	step from line search         = 1.000000
	convergence norms :     INITIAL         CURRENT         REQUIRED
	   residual            1.139550e+02    1.854369e-05    0.000000e+00 
	   energy              5.749679e-01    8.921266e-07    5.749679e-03 
	   displacement        2.635423e-02    2.635423e-02    2.635423e-08 
 2
 Nonlinear solution status: time= 2.7
	stiffness updates             = 1
	right hand side evaluations   = 3
	stiffness matrix reformations = 1
	step from line search         = 1.000000
	convergence norms :     INITIAL         CURRENT         REQUIRED
	   residual            1.139550e+02    6.854221e-08    0.000000e+00 
	   energy              5.749679e-01    3.241462e-09    5.749679e-03 
	   displacement        2.635423e-02    2.840284e-10    2.635398e-08 

convergence summary
    number of iterations   : 2
    number of reformations : 1

------- converged at time : 2.7


Data Record #1
===========================================================================
Step = 27
Time = 2.7
Data = ux;uy;uz
File = parameter_sweeps/tmax4_disp.txt

Data Record #2
===========================================================================
Step = 27
Time = 2.7
Data = sz;J
File = parameter_sweeps/tmax4_stress.txt

===== beginning time step 28 : 2.8 =====


Reforming stiffness matrix: reformation #1

 1
 Nonlinear solution status: time= 2.8
	stiffness updates             = 0
	right hand side evaluations   = 2
	stiffness matrix reformations = 1
	step from line search         = 1.000000
	convergence norms :     INITIAL         CURRENT         REQUIRED
	   residual            1.242617e+02    1.743045e-05    0.000000e+00 
	   energy              6.273261e-01    1.560241e-06    6.273261e-03 
	   displacement        2.864883e-02    2.864883e-02    2.864883e-08 
 2
 Nonlinear solution status: time= 2.8
	stiffness updates             = 1
	right hand side evaluations   = 3
	stiffness matrix reformations = 1
	step from line search         = 1.000000
	convergence norms :     INITIAL         CURRENT         REQUIRED
	   residual            1.242617e+02    3.875419e-08    0.000000e+00 
	   energy              6.273261e-01    3.643711e-09    6.273261e-03 
	   displacement        2.864883e-02    9.838120e-10    2.864860e-08 

convergence summary
    number of iterations   : 2
    number of reformations : 1

------- converged at time : 2.8


Data Record #1
===========================================================================
Step = 28
Time = 2.8
Data = ux;uy;uz
File = parameter_sweeps/tmax4_disp.txt

Data Record #2
===========================================================================
Step = 28
Time = 2.8
Data = sz;J
File = parameter_sweeps/tmax4_stress.txt

===== beginning time step 29 : 2.9 =====


Reforming stiffness matrix: reformation #1

 1
 Nonlinear solution status: time= 2.9
	stiffness updates             = 0
	right hand side evaluations   = 2
	stiffness matrix reformations = 1
	step from line search         = 1.000000
	convergence norms :     INITIAL         CURRENT         REQUIRED
	   residual            1.337514e+02    1.183506e-04    0.000000e+00 
	   energy              6.786821e-01    7.215828e-06    6.786821e-03 
	   displacement        3.099881e-02    3.099881e-02    3.099881e-08 
 2
 Nonlinear solution status: time= 2.9
	stiffness updates             = 1
	right hand side evaluations   = 3
	stiffness matrix reformations = 1
	step from line search         = 1.000000
	convergence norms :     INITIAL         CURRENT         REQUIRED
	   residual            1.337514e+02    4.360146e-07    0.000000e+00 
	   energy              6.786821e-01    1.768081e-08    6.786821e-03 
	   displacement        3.099881e-02    1.637673e-09    3.099864e-08 

convergence summary
    number of iterations   : 2
    number of reformations : 1

------- converged at time : 2.9


Data Record #1
===========================================================================
Step = 29
Time = 2.9
Data = ux;uy;uz
File = parameter_sweeps/tmax4_disp.txt

Data Record #2
===========================================================================
Step = 29
Time = 2.9
Data = sz;J
File = parameter_sweeps/tmax4_stress.txt

===== beginning time step 30 : 3 =====


Reforming stiffness matrix: reformation #1

 1
 Nonlinear solution status: time= 3
	stiffness updates             = 0
	right hand side evaluations   = 2
	stiffness matrix reformations = 1
	step from line search         = 1.000000
	convergence norms :     INITIAL         CURRENT         REQUIRED
	   residual            1.421700e+02    8.330046e-06    0.000000e+00 
	   energy              7.294133e-01    5.139423e-09    7.294133e-03 
	   displacement        3.345229e-02    3.345229e-02    3.345229e-08 
 2
 Nonlinear solution status: time= 3
	stiffness updates             = 1
	right hand side evaluations   = 3
	stiffness matrix reformations = 1
	step from line search         = 1.000000
	convergence norms :     INITIAL         CURRENT         REQUIRED
	   residual            1.421700e+02    1.197755e-08    0.000000e+00 
	   energy              7.294133e-01    1.344528e-09    7.294133e-03 
	   displacement        3.345229e-02    4.054888e-10    3.345192e-08 

convergence summary
    number of iterations   : 2
    number of reformations : 1

------- converged at time : 3


Data Record #1
===========================================================================
Step = 30
Time = 3
Data = ux;uy;uz
File = parameter_sweeps/tmax4_disp.txt

Data Record #2
===========================================================================
Step = 30
Time = 3
Data = sz;J
File = parameter_sweeps/tmax4_stress.txt

===== beginning time step 31 : 3.1 =====


Reforming stiffness matrix: reformation #1

 1
 Nonlinear solution status: time= 3.1
	stiffness updates             = 0
	right hand side evaluations   = 2
	stiffness matrix reformations = 1
	step from line search         = 1.000000
	convergence norms :     INITIAL         CURRENT         REQUIRED
	   residual            1.495910e+02    3.980232e-06    0.000000e+00 
	   energy              7.800729e-01    1.547110e-06    7.800729e-03 
	   displacement        3.601588e-02    3.601588e-02    3.601588e-08 
 2
 Nonlinear solution status: time= 3.1
	stiffness updates             = 1
	right hand side evaluations   = 3
	stiffness matrix reformations = 1
	step from line search         = 1.000000
	convergence norms :     INITIAL         CURRENT         REQUIRED
	   residual            1.495910e+02    5.731377e-09    0.000000e+00 
	   energy              7.800729e-01    5.330709e-10    7.800729e-03 
	   displacement        3.601588e-02    1.687241e-10    3.601547e-08 

convergence summary
    number of iterations   : 2
    number of reformations : 1

------- converged at time : 3.1


Data Record #1
===========================================================================
Step = 31
Time = 3.1
Data = ux;uy;uz
File = parameter_sweeps/tmax4_disp.txt

Data Record #2
===========================================================================
Step = 31
Time = 3.1
Data = sz;J
File = parameter_sweeps/tmax4_stress.txt

===== beginning time step 32 : 3.2 =====


Reforming stiffness matrix: reformation #1

 1
 Nonlinear solution status: time= 3.2
	stiffness updates             = 0
	right hand side evaluations   = 2
	stiffness matrix reformations = 1
	step from line search         = 1.000000
	convergence norms :     INITIAL         CURRENT         REQUIRED
	   residual            1.562376e+02    6.126555e-07    0.000000e+00 
	   energy              8.309102e-01    2.082821e-06    8.309102e-03 
	   displacement        3.872042e-02    3.872042e-02    3.872042e-08 
 2
 Nonlinear solution status: time= 3.2
	stiffness updates             = 1
	right hand side evaluations   = 3
	stiffness matrix reformations = 1
	step from line search         = 1.000000
	convergence norms :     INITIAL         CURRENT         REQUIRED
	   residual            1.562376e+02    1.758659e-10    0.000000e+00 
	   energy              8.309102e-01    5.224466e-11    8.309102e-03 
	   displacement        3.872042e-02    7.910520e-11    3.871990e-08 

convergence summary
    number of iterations   : 2
    number of reformations : 1

------- converged at time : 3.2


Data Record #1
===========================================================================
Step = 32
Time = 3.2
Data = ux;uy;uz
File = parameter_sweeps/tmax4_disp.txt

Data Record #2
===========================================================================
Step = 32
Time = 3.2
Data = sz;J
File = parameter_sweeps/tmax4_stress.txt

===== beginning time step 33 : 3.3 =====


Reforming stiffness matrix: reformation #1

 1
 Nonlinear solution status: time= 3.3
	stiffness updates             = 0
	right hand side evaluations   = 2
	stiffness matrix reformations = 1
	step from line search         = 1.000000
	convergence norms :     INITIAL         CURRENT         REQUIRED
	   residual            1.623519e+02    1.596592e-06    0.000000e+00 
	   energy              8.818342e-01    2.207220e-06    8.818342e-03 
	   displacement        4.155969e-02    4.155969e-02    4.155969e-08 
 2
 Nonlinear solution status: time= 3.3
	stiffness updates             = 1
	right hand side evaluations   = 3
	stiffness matrix reformations = 1
	step from line search         = 1.000000
	convergence norms :     INITIAL         CURRENT         REQUIRED
	   residual            1.623519e+02    2.478242e-10    0.000000e+00 
	   energy              8.818342e-01    8.275547e-11    8.818342e-03 
	   displacement        4.155969e-02    1.202177e-10    4.155904e-08 

convergence summary
    number of iterations   : 2
    number of reformations : 1

------- converged at time : 3.3


Data Record #1
===========================================================================
Step = 33
Time = 3.3
Data = ux;uy;uz
File = parameter_sweeps/tmax4_disp.txt

Data Record #2
===========================================================================
Step = 33
Time = 3.3
Data = sz;J
File = parameter_sweeps/tmax4_stress.txt

===== beginning time step 34 : 3.4 =====


Reforming stiffness matrix: reformation #1

 1
 Nonlinear solution status: time= 3.4
	stiffness updates             = 0
	right hand side evaluations   = 2
	stiffness matrix reformations = 1
	step from line search         = 1.000000
	convergence norms :     INITIAL         CURRENT         REQUIRED
	   residual            1.681366e+02    1.766335e-08    0.000000e+00 
	   energy              9.320123e-01    3.195602e-06    9.320123e-03 
	   displacement        4.437284e-02    4.437284e-02    4.437284e-08 
 2
 Nonlinear solution status: time= 3.4
	stiffness updates             = 1
	right hand side evaluations   = 3
	stiffness matrix reformations = 1
	step from line search         = 1.000000
	convergence norms :     INITIAL         CURRENT         REQUIRED
	   residual            1.681366e+02    4.342871e-14    0.000000e+00 
	   energy              9.320123e-01    2.270500e-13    9.320123e-03 
	   displacement        4.437284e-02    3.462769e-11    4.437209e-08 

convergence summary
    number of iterations   : 2
    number of reformations : 1

------- converged at time : 3.4


Data Record #1
===========================================================================
Step = 34
Time = 3.4
Data = ux;uy;uz
File = parameter_sweeps/tmax4_disp.txt

Data Record #2
===========================================================================
Step = 34
Time = 3.4
Data = sz;J
File = parameter_sweeps/tmax4_stress.txt

===== beginning time step 35 : 3.5 =====


Reforming stiffness matrix: reformation #1

 1
 Nonlinear solution status: time= 3.5
	stiffness updates             = 0
	right hand side evaluations   = 2
	stiffness matrix reformations = 1
	step from line search         = 1.000000
	convergence norms :     INITIAL         CURRENT         REQUIRED
	   residual            1.739941e+02    2.898868e-07    0.000000e+00 
	   energy              9.797563e-01    3.559608e-06    9.797563e-03 
	   displacement        4.693106e-02    4.693106e-02    4.693106e-08 
 2
 Nonlinear solution status: time= 3.5
	stiffness updates             = 1
	right hand side evaluations   = 3
	stiffness matrix reformations = 1
	step from line search         = 1.000000
	convergence norms :     INITIAL         CURRENT         REQUIRED
	   residual            1.739941e+02    2.675798e-10    0.000000e+00 
	   energy              9.797563e-01    3.080858e-11    9.797563e-03 
	   displacement        4.693106e-02    4.618523e-11    4.693025e-08 

convergence summary
    number of iterations   : 2
    number of reformations : 1

------- converged at time : 3.5


Data Record #1
===========================================================================
Step = 35
Time = 3.5
Data = ux;uy;uz
File = parameter_sweeps/tmax4_disp.txt

Data Record #2
===========================================================================
Step = 35
Time = 3.5
Data = sz;J
File = parameter_sweeps/tmax4_stress.txt

===== beginning time step 36 : 3.6 =====


Reforming stiffness matrix: reformation #1

 1
 Nonlinear solution status: time= 3.6
	stiffness updates             = 0
	right hand side evaluations   = 2
	stiffness matrix reformations = 1
	step from line search         = 1.000000
	convergence norms :     INITIAL         CURRENT         REQUIRED
	   residual            1.800980e+02    1.918901e-08    0.000000e+00 
	   energy              1.022953e+00    4.081952e-06    1.022953e-02 
	   displacement        4.904851e-02    4.904851e-02    4.904851e-08 
 2
 Nonlinear solution status: time= 3.6
	stiffness updates             = 1
	right hand side evaluations   = 3
	stiffness matrix reformations = 1
	step from line search         = 1.000000
	convergence norms :     INITIAL         CURRENT         REQUIRED
	   residual            1.800980e+02    4.735437e-14    0.000000e+00 
	   energy              1.022953e+00    2.657902e-13    1.022953e-02 
	   displacement        4.904851e-02    4.177357e-11    4.904761e-08 

convergence summary
    number of iterations   : 2
    number of reformations : 1

------- converged at time : 3.6


Data Record #1
===========================================================================
Step = 36
Time = 3.6
Data = ux;uy;uz
File = parameter_sweeps/tmax4_disp.txt

Data Record #2
===========================================================================
Step = 36
Time = 3.6
Data = sz;J
File = parameter_sweeps/tmax4_stress.txt

===== beginning time step 37 : 3.7 =====


Reforming stiffness matrix: reformation #1

 1
 Nonlinear solution status: time= 3.7
	stiffness updates             = 0
	right hand side evaluations   = 2
	stiffness matrix reformations = 1
	step from line search         = 1.000000
	convergence norms :     INITIAL         CURRENT         REQUIRED
	   residual            1.861491e+02    5.320918e-08    0.000000e+00 
	   energy              1.059764e+00    4.306342e-06    1.059764e-02 
	   displacement        5.064155e-02    5.064155e-02    5.064155e-08 
 2
 Nonlinear solution status: time= 3.7
	stiffness updates             = 1
	right hand side evaluations   = 3
	stiffness matrix reformations = 1
	step from line search         = 1.000000
	convergence norms :     INITIAL         CURRENT         REQUIRED
	   residual            1.861491e+02    4.654420e-12    0.000000e+00 
	   energy              1.059764e+00    2.133588e-12    1.059764e-02 
	   displacement        5.064155e-02    5.156539e-11    5.064059e-08 

convergence summary
    number of iterations   : 2
    number of reformations : 1

------- converged at time : 3.7


Data Record #1
===========================================================================
Step = 37
Time = 3.7
Data = ux;uy;uz
File = parameter_sweeps/tmax4_disp.txt

Data Record #2
===========================================================================
Step = 37
Time = 3.7
Data = sz;J
File = parameter_sweeps/tmax4_stress.txt

===== beginning time step 38 : 3.8 =====


Reforming stiffness matrix: reformation #1

 1
 Nonlinear solution status: time= 3.8
	stiffness updates             = 0
	right hand side evaluations   = 2
	stiffness matrix reformations = 1
	step from line search         = 1.000000
	convergence norms :     INITIAL         CURRENT         REQUIRED
	   residual            1.915143e+02    1.839093e-08    0.000000e+00 
	   energy              1.088874e+00    4.390652e-06    1.088874e-02 
	   displacement        5.178676e-02    5.178676e-02    5.178676e-08 
 2
 Nonlinear solution status: time= 3.8
	stiffness updates             = 1
	right hand side evaluations   = 3
	stiffness matrix reformations = 1
	step from line search         = 1.000000
	convergence norms :     INITIAL         CURRENT         REQUIRED
	   residual            1.915143e+02    4.750492e-14    0.000000e+00 
	   energy              1.088874e+00    3.280354e-13    1.088874e-02 
	   displacement        5.178676e-02    5.105511e-11    5.178579e-08 

convergence summary
    number of iterations   : 2
    number of reformations : 1

------- converged at time : 3.8


Data Record #1
===========================================================================
Step = 38
Time = 3.8
Data = ux;uy;uz
File = parameter_sweeps/tmax4_disp.txt

Data Record #2
===========================================================================
Step = 38
Time = 3.8
Data = sz;J
File = parameter_sweeps/tmax4_stress.txt

===== beginning time step 39 : 3.9 =====


Reforming stiffness matrix: reformation #1

 1
 Nonlinear solution status: time= 3.9
	stiffness updates             = 0
	right hand side evaluations   = 2
	stiffness matrix reformations = 1
	step from line search         = 1.000000
	convergence norms :     INITIAL         CURRENT         REQUIRED
	   residual            1.954772e+02    1.660759e-08    0.000000e+00 
	   energy              1.109515e+00    4.276399e-06    1.109515e-02 
	   displacement        5.264192e-02    5.264192e-02    5.264192e-08 
 2
 Nonlinear solution status: time= 3.9
	stiffness updates             = 1
	right hand side evaluations   = 3
	stiffness matrix reformations = 1
	step from line search         = 1.000000
	convergence norms :     INITIAL         CURRENT         REQUIRED
	   residual            1.954772e+02    5.201624e-14    0.000000e+00 
	   energy              1.109515e+00    3.407579e-13    1.109515e-02 
	   displacement        5.264192e-02    5.225987e-11    5.264097e-08 

convergence summary
    number of iterations   : 2
    number of reformations : 1

------- converged at time : 3.9


Data Record #1
===========================================================================
Step = 39
Time = 3.9
Data = ux;uy;uz
File = parameter_sweeps/tmax4_disp.txt

Data Record #2
===========================================================================
Step = 39
Time = 3.9
Data = sz;J
File = parameter_sweeps/tmax4_stress.txt

===== beginning time step 40 : 4 =====


Reforming stiffness matrix: reformation #1

 1
 Nonlinear solution status: time= 4
	stiffness updates             = 0
	right hand side evaluations   = 2
	stiffness matrix reformations = 1
	step from line search         = 1.000000
	convergence norms :     INITIAL         CURRENT         REQUIRED
	   residual            1.979760e+02    1.444421e-08    0.000000e+00 
	   energy              1.121446e+00    4.253894e-06    1.121446e-02 
	   displacement        5.324080e-02    5.324080e-02    5.324080e-08 
 2
 Nonlinear solution status: time= 4
	stiffness updates             = 1
	right hand side evaluations   = 3
	stiffness matrix reformations = 1
	step from line search         = 1.000000
	convergence norms :     INITIAL         CURRENT         REQUIRED
	   residual            1.979760e+02    5.091114e-14    0.000000e+00 
	   energy              1.121446e+00    3.535271e-13    1.121446e-02 
	   displacement        5.324080e-02    5.222521e-11    5.323983e-08 

convergence summary
    number of iterations   : 2
    number of reformations : 1

------- converged at time : 4


Data Record #1
===========================================================================
Step = 40
Time = 4
Data = ux;uy;uz
File = parameter_sweeps/tmax4_disp.txt

Data Record #2
===========================================================================
Step = 40
Time = 4
Data = sz;J
File = parameter_sweeps/tmax4_stress.txt

===== beginning time step 41 : 4.1 =====


Reforming stiffness matrix: reformation #1

 1
 Nonlinear solution status: time= 4.1
	stiffness updates             = 0
	right hand side evaluations   = 2
	stiffness matrix reformations = 1
	step from line search         = 1.000000
	convergence norms :     INITIAL         CURRENT         REQUIRED
	   residual            1.994574e+02    1.509627e-08    0.000000e+00 
	   energy              1.124948e+00    4.351759e-06    1.124948e-02 
	   displacement        5.344324e-02    5.344324e-02    5.344324e-08 
 2
 Nonlinear solution status: time= 4.1
	stiffness updates             = 1
	right hand side evaluations   = 3
	stiffness matrix reformations = 1
	step from line search         = 1.000000
	convergence norms :     INITIAL         CURRENT         REQUIRED
	   residual            1.994574e+02    5.276271e-14    0.000000e+00 
	   energy              1.124948e+00    3.783316e-13    1.124948e-02 
	   displacement        5.344324e-02    5.163749e-11    5.344225e-08 

convergence summary
    number of iterations   : 2
    number of reformations : 1

------- converged at time : 4.1


Data Record #1
===========================================================================
Step = 41
Time = 4.1
Data = ux;uy;uz
File = parameter_sweeps/tmax4_disp.txt

Data Record #2
===========================================================================
Step = 41
Time = 4.1
Data = sz;J
File = parameter_sweeps/tmax4_stress.txt

===== beginning time step 42 : 4.2 =====


Reforming stiffness matrix: reformation #1

 1
 Nonlinear solution status: time= 4.2
	stiffness updates             = 0
	right hand side evaluations   = 2
	stiffness matrix reformations = 1
	step from line search         = 1.000000
	convergence norms :     INITIAL         CURRENT         REQUIRED
	   residual            2.002306e+02    1.551612e-08    0.000000e+00 
	   energy              1.120650e+00    4.452473e-06    1.120650e-02 
	   displacement        5.316536e-02    5.316536e-02    5.316536e-08 
 2
 Nonlinear solution status: time= 4.2
	stiffness updates             = 1
	right hand side evaluations   = 3
	stiffness matrix reformations = 1
	step from line search         = 1.000000
	convergence norms :     INITIAL         CURRENT         REQUIRED
	   residual            2.002306e+02    5.310611e-14    0.000000e+00 
	   energy              1.120650e+00    3.830559e-13    1.120650e-02 
	   displacement        5.316536e-02    5.013825e-11    5.316433e-08 

convergence summary
    number of iterations   : 2
    number of reformations : 1

------- converged at time : 4.2


Data Record #1
===========================================================================
Step = 42
Time = 4.2
Data = ux;uy;uz
File = parameter_sweeps/tmax4_disp.txt

Data Record #2
===========================================================================
Step = 42
Time = 4.2
Data = sz;J
File = parameter_sweeps/tmax4_stress.txt

===== beginning time step 43 : 4.3 =====


Reforming stiffness matrix: reformation #1

 1
 Nonlinear solution status: time= 4.3
	stiffness updates             = 0
	right hand side evaluations   = 2
	stiffness matrix reformations = 1
	step from line search         = 1.000000
	convergence norms :     INITIAL         CURRENT         REQUIRED
	   residual            2.002224e+02    1.652157e-08    0.000000e+00 
	   energy              1.109260e+00    4.517980e-06    1.109260e-02 
	   displacement        5.250112e-02    5.250112e-02    5.250112e-08 
 2
 Nonlinear solution status: time= 4.3
	stiffness updates             = 1
	right hand side evaluations   = 3
	stiffness matrix reformations = 1
	step from line search         = 1.000000
	convergence norms :     INITIAL         CURRENT         REQUIRED
	   residual            2.002224e+02    5.543519e-14    0.000000e+00 
	   energy              1.109260e+00    3.863410e-13    1.109260e-02 
	   displacement        5.250112e-02    5.014497e-11    5.250006e-08 

convergence summary
    number of iterations   : 2
    number of reformations : 1

------- converged at time : 4.3


Data Record #1
===========================================================================
Step = 43
Time = 4.3
Data = ux;uy;uz
File = parameter_sweeps/tmax4_disp.txt

Data Record #2
===========================================================================
Step = 43
Time = 4.3
Data = sz;J
File = parameter_sweeps/tmax4_stress.txt

===== beginning time step 44 : 4.4 =====


Reforming stiffness matrix: reformation #1

 1
 Nonlinear solution status: time= 4.4
	stiffness updates             = 0
	right hand side evaluations   = 2
	stiffness matrix reformations = 1
	step from line search         = 1.000000
	convergence norms :     INITIAL         CURRENT         REQUIRED
	   residual            1.992065e+02    2.125021e-08    0.000000e+00 
	   energy              1.091515e+00    4.470215e-06    1.091515e-02 
	   displacement        5.152829e-02    5.152829e-02    5.152829e-08 
 2
 Nonlinear solution status: time= 4.4
	stiffness updates             = 1
	right hand side evaluations   = 3
	stiffness matrix reformations = 1
	step from line search         = 1.000000
	convergence norms :     INITIAL         CURRENT         REQUIRED
	   residual            1.992065e+02    7.492802e-14    0.000000e+00 
	   energy              1.091515e+00    3.976542e-13    1.091515e-02 
	   displacement        5.152829e-02    4.877237e-11    5.152723e-08 

convergence summary
    number of iterations   : 2
    number of reformations : 1

------- converged at time : 4.4


Data Record #1
===========================================================================
Step = 44
Time = 4.4
Data = ux;uy;uz
File = parameter_sweeps/tmax4_disp.txt

Data Record #2
===========================================================================
Step = 44
Time = 4.4
Data = sz;J
File = parameter_sweeps/tmax4_stress.txt

===== beginning time step 45 : 4.5 =====


Reforming stiffness matrix: reformation #1

 1
 Nonlinear solution status: time= 4.5
	stiffness updates             = 0
	right hand side evaluations   = 2
	stiffness matrix reformations = 1
	step from line search         = 1.000000
	convergence norms :     INITIAL         CURRENT         REQUIRED
	   residual            1.972697e+02    2.827952e-08    0.000000e+00 
	   energy              1.068102e+00    4.269185e-06    1.068102e-02 
	   displacement        5.022042e-02    5.022042e-02    5.022042e-08 
 2
 Nonlinear solution status: time= 4.5
	stiffness updates             = 1
	right hand side evaluations   = 3
	stiffness matrix reformations = 1
	step from line search         = 1.000000
	convergence norms :     INITIAL         CURRENT         REQUIRED
	   residual            1.972697e+02    1.098654e-13    0.000000e+00 
	   energy              1.068102e+00    4.323856e-13    1.068102e-02 
	   displacement        5.022042e-02    4.577009e-11    5.021946e-08 

convergence summary
    number of iterations   : 2
    number of reformations : 1

------- converged at time : 4.5


Data Record #1
===========================================================================
Step = 45
Time = 4.5
Data = ux;uy;uz
File = parameter_sweeps/tmax4_disp.txt

Data Record #2
===========================================================================
Step = 45
Time = 4.5
Data = sz;J
File = parameter_sweeps/tmax4_stress.txt

===== beginning time step 46 : 4.6 =====


Reforming stiffness matrix: reformation #1

 1
 Nonlinear solution status: time= 4.6
	stiffness updates             = 0
	right hand side evaluations   = 2
	stiffness matrix reformations = 1
	step from line search         = 1.000000
	convergence norms :     INITIAL         CURRENT         REQUIRED
	   residual            1.947059e+02    3.683979e-08    0.000000e+00 
	   energy              1.039581e+00    4.049813e-06    1.039581e-02 
	   displacement        4.856572e-02    4.856572e-02    4.856572e-08 
 2
 Nonlinear solution status: time= 4.6
	stiffness updates             = 1
	right hand side evaluations   = 3
	stiffness matrix reformations = 1
	step from line search         = 1.000000
	convergence norms :     INITIAL         CURRENT         REQUIRED
	   residual            1.947059e+02    1.553891e-13    0.000000e+00 
	   energy              1.039581e+00    4.815553e-13    1.039581e-02 
	   displacement        4.856572e-02    4.624900e-11    4.856484e-08 

convergence summary
    number of iterations   : 2
    number of reformations : 1

------- converged at time : 4.6


Data Record #1
===========================================================================
Step = 46
Time = 4.6
Data = ux;uy;uz
File = parameter_sweeps/tmax4_disp.txt

Data Record #2
===========================================================================
Step = 46
Time = 4.6
Data = sz;J
File = parameter_sweeps/tmax4_stress.txt

===== beginning time step 47 : 4.7 =====


Reforming stiffness matrix: reformation #1

 1
 Nonlinear solution status: time= 4.7
	stiffness updates             = 0
	right hand side evaluations   = 2
	stiffness matrix reformations = 1
	step from line search         = 1.000000
	convergence norms :     INITIAL         CURRENT         REQUIRED
	   residual            1.918108e+02    4.941356e-08    0.000000e+00 
	   energy              1.006522e+00    3.852068e-06    1.006522e-02 
	   displacement        4.658608e-02    4.658608e-02    4.658608e-08 
 2
 Nonlinear solution status: time= 4.7
	stiffness updates             = 1
	right hand side evaluations   = 3
	stiffness matrix reformations = 1
	step from line search         = 1.000000
	convergence norms :     INITIAL         CURRENT         REQUIRED
	   residual            1.918108e+02    2.119765e-13    0.000000e+00 
	   energy              1.006522e+00    5.266302e-13    1.006522e-02 
	   displacement        4.658608e-02    4.921890e-11    4.658524e-08 

convergence summary
    number of iterations   : 2
    number of reformations : 1

------- converged at time : 4.7


Data Record #1
===========================================================================
Step = 47
Time = 4.7
Data = ux;uy;uz
File = parameter_sweeps/tmax4_disp.txt

Data Record #2
===========================================================================
Step = 47
Time = 4.7
Data = sz;J
File = parameter_sweeps/tmax4_stress.txt

===== beginning time step 48 : 4.8 =====


Reforming stiffness matrix: reformation #1

 1
 Nonlinear solution status: time= 4.8
	stiffness updates             = 0
	right hand side evaluations   = 2
	stiffness matrix reformations = 1
	step from line search         = 1.000000
	convergence norms :     INITIAL         CURRENT         REQUIRED
	   residual            1.885344e+02    6.303609e-08    0.000000e+00 
	   energy              9.697983e-01    3.626365e-06    9.697983e-03 
	   displacement        4.437703e-02    4.437703e-02    4.437703e-08 
 2
 Nonlinear solution status: time= 4.8
	stiffness updates             = 1
	right hand side evaluations   = 3
	stiffness matrix reformations = 1
	step from line search         = 1.000000
	convergence norms :     INITIAL         CURRENT         REQUIRED
	   residual            1.885344e+02    2.693644e-13    0.000000e+00 
	   energy              9.697983e-01    5.594194e-13    9.697983e-03 
	   displacement        4.437703e-02    5.120746e-11    4.437631e-08 

convergence summary
    number of iterations   : 2
    number of reformations : 1

------- converged at time : 4.8


Data Record #1
===========================================================================
Step = 48
Time = 4.8
Data = ux;uy;uz
File = parameter_sweeps/tmax4_disp.txt

Data Record #2
===========================================================================
Step = 48
Time = 4.8
Data = sz;J
File = parameter_sweeps/tmax4_stress.txt

===== beginning time step 49 : 4.9 =====


Reforming stiffness matrix: reformation #1

 1
 Nonlinear solution status: time= 4.9
	stiffness updates             = 0
	right hand side evaluations   = 2
	stiffness matrix reformations = 1
	step from line search         = 1.000000
	convergence norms :     INITIAL         CURRENT         REQUIRED
	   residual            1.843297e+02    7.764740e-08    0.000000e+00 
	   energy              9.302819e-01    3.384190e-06    9.302819e-03 
	   displacement        4.211550e-02    4.211550e-02    4.211550e-08 
 2
 Nonlinear solution status: time= 4.9
	stiffness updates             = 1
	right hand side evaluations   = 3
	stiffness matrix reformations = 1
	step from line search         = 1.000000
	convergence norms :     INITIAL         CURRENT         REQUIRED
	   residual            1.843297e+02    3.467915e-13    0.000000e+00 
	   energy              9.302819e-01    6.058109e-13    9.302819e-03 
	   displacement        4.211550e-02    5.083787e-11    4.211494e-08 

convergence summary
    number of iterations   : 2
    number of reformations : 1

------- converged at time : 4.9


Data Record #1
===========================================================================
Step = 49
Time = 4.9
Data = ux;uy;uz
File = parameter_sweeps/tmax4_disp.txt

Data Record #2
===========================================================================
Step = 49
Time = 4.9
Data = sz;J
File = parameter_sweeps/tmax4_stress.txt

===== beginning time step 50 : 5 =====


Reforming stiffness matrix: reformation #1

 1
 Nonlinear solution status: time= 5
	stiffness updates             = 0
	right hand side evaluations   = 2
	stiffness matrix reformations = 1
	step from line search         = 1.000000
	convergence norms :     INITIAL         CURRENT         REQUIRED
	   residual            1.784906e+02    9.232437e-08    0.000000e+00 
	   energy              8.885643e-01    3.113760e-06    8.885643e-03 
	   displacement        3.991990e-02    3.991990e-02    3.991990e-08 
 2
 Nonlinear solution status: time= 5
	stiffness updates             = 1
	right hand side evaluations   = 3
	stiffness matrix reformations = 1
	step from line search         = 1.000000
	convergence norms :     INITIAL         CURRENT         REQUIRED
	   residual            1.784906e+02    3.958439e-13    0.000000e+00 
	   energy              8.885643e-01    6.974539e-13    8.885643e-03 
	   displacement        3.991990e-02    5.003838e-11    3.991948e-08 

convergence summary
    number of iterations   : 2
    number of reformations : 1

------- converged at time : 5


Data Record #1
===========================================================================
Step = 50
Time = 5
Data = ux;uy;uz
File = parameter_sweeps/tmax4_disp.txt

Data Record #2
===========================================================================
Step = 50
Time = 5
Data = sz;J
File = parameter_sweeps/tmax4_stress.txt

===== beginning time step 51 : 5.1 =====


Reforming stiffness matrix: reformation #1

 1
 Nonlinear solution status: time= 5.1
	stiffness updates             = 0
	right hand side evaluations   = 2
	stiffness matrix reformations = 1
	step from line search         = 1.000000
	convergence norms :     INITIAL         CURRENT         REQUIRED
	   residual            1.706079e+02    9.747267e-08    0.000000e+00 
	   energy              8.451778e-01    2.865350e-06    8.451778e-03 
	   displacement        3.783024e-02    3.783024e-02    3.783024e-08 
 2
 Nonlinear solution status: time= 5.1
	stiffness updates             = 1
	right hand side evaluations   = 3
	stiffness matrix reformations = 1
	step from line search         = 1.000000
	convergence norms :     INITIAL         CURRENT         REQUIRED
	   residual            1.706079e+02    4.506048e-13    0.000000e+00 
	   energy              8.451778e-01    7.638046e-13    8.451778e-03 
	   displacement        3.783024e-02    4.750430e-11    3.782995e-08 

convergence summary
    number of iterations   : 2
    number of reformations : 1

------- converged at time : 5.1


Data Record #1
===========================================================================
Step = 51
Time = 5.1
Data = ux;uy;uz
File = parameter_sweeps/tmax4_disp.txt

Data Record #2
===========================================================================
Step = 51
Time = 5.1
Data = sz;J
File = parameter_sweeps/tmax4_stress.txt

===== beginning time step 52 : 5.2 =====


Reforming stiffness matrix: reformation #1

 1
 Nonlinear solution status: time= 5.2
	stiffness updates             = 0
	right hand side evaluations   = 2
	stiffness matrix reformations = 1
	step from line search         = 1.000000
	convergence norms :     INITIAL         CURRENT         REQUIRED
	   residual            1.611657e+02    9.770593e-08    0.000000e+00 
	   energy              8.006323e-01    2.726483e-06    8.006323e-03 
	   displacement        3.586722e-02    3.586722e-02    3.586722e-08 
 2
 Nonlinear solution status: time= 5.2
	stiffness updates             = 1
	right hand side evaluations   = 3
	stiffness matrix reformations = 1
	step from line search         = 1.000000
	convergence norms :     INITIAL         CURRENT         REQUIRED
	   residual            1.611657e+02    4.879787e-13    0.000000e+00 
	   energy              8.006323e-01    8.067338e-13    8.006323e-03 
	   displacement        3.586722e-02    4.555292e-11    3.586701e-08 

convergence summary
    number of iterations   : 2
    number of reformations : 1

------- converged at time : 5.2


Data Record #1
===========================================================================
Step = 52
Time = 5.2
Data = ux;uy;uz
File = parameter_sweeps/tmax4_disp.txt

Data Record #2
===========================================================================
Step = 52
Time = 5.2
Data = sz;J
File = parameter_sweeps/tmax4_stress.txt

===== beginning time step 53 : 5.3 =====


Reforming stiffness matrix: reformation #1

 1
 Nonlinear solution status: time= 5.3
	stiffness updates             = 0
	right hand side evaluations   = 2
	stiffness matrix reformations = 1
	step from line search         = 1.000000
	convergence norms :     INITIAL         CURRENT         REQUIRED
	   residual            1.510135e+02    8.771887e-08    0.000000e+00 
	   energy              7.552575e-01    2.662040e-06    7.552575e-03 
	   displacement        3.400201e-02    3.400201e-02    3.400201e-08 
 2
 Nonlinear solution status: time= 5.3
	stiffness updates             = 1
	right hand side evaluations   = 3
	stiffness matrix reformations = 1
	step from line search         = 1.000000
	convergence norms :     INITIAL         CURRENT         REQUIRED
	   residual            1.510135e+02    4.085382e-13    0.000000e+00 
	   energy              7.552575e-01    8.292398e-13    7.552575e-03 
	   displacement        3.400201e-02    4.527588e-11    3.400184e-08 

convergence summary
    number of iterations   : 2
    number of reformations : 1

------- converged at time : 5.3


Data Record #1
===========================================================================
Step = 53
Time = 5.3
Data = ux;uy;uz
File = parameter_sweeps/tmax4_disp.txt

Data Record #2
===========================================================================
Step = 53
Time = 5.3
Data = sz;J
File = parameter_sweeps/tmax4_stress.txt

===== beginning time step 54 : 5.4 =====


Reforming stiffness matrix: reformation #1

 1
 Nonlinear solution status: time= 5.4
	stiffness updates             = 0
	right hand side evaluations   = 2
	stiffness matrix reformations = 1
	step from line search         = 1.000000
	convergence norms :     INITIAL         CURRENT         REQUIRED
	   residual            1.404877e+02    7.283170e-08    0.000000e+00 
	   energy              7.092630e-01    2.561137e-06    7.092630e-03 
	   displacement        3.213465e-02    3.213465e-02    3.213465e-08 
 2
 Nonlinear solution status: time= 5.4
	stiffness updates             = 1
	right hand side evaluations   = 3
	stiffness matrix reformations = 1
	step from line search         = 1.000000
	convergence norms :     INITIAL         CURRENT         REQUIRED
	   residual            1.404877e+02    3.313508e-13    0.000000e+00 
	   energy              7.092630e-01    8.084750e-13    7.092630e-03 
	   displacement        3.213465e-02    4.425362e-11    3.213447e-08 

convergence summary
    number of iterations   : 2
    number of reformations : 1

------- converged at time : 5.4


Data Record #1
===========================================================================
Step = 54
Time = 5.4
Data = ux;uy;uz
File = parameter_sweeps/tmax4_disp.txt

Data Record #2
===========================================================================
Step = 54
Time = 5.4
Data = sz;J
File = parameter_sweeps/tmax4_stress.txt

===== beginning time step 55 : 5.5 =====


Reforming stiffness matrix: reformation #1

 1
 Nonlinear solution status: time= 5.5
	stiffness updates             = 0
	right hand side evaluations   = 2
	stiffness matrix reformations = 1
	step from line search         = 1.000000
	convergence norms :     INITIAL         CURRENT         REQUIRED
	   residual            1.297438e+02    5.101839e-08    0.000000e+00 
	   energy              6.631273e-01    2.348604e-06    6.631273e-03 
	   displacement        3.023263e-02    3.023263e-02    3.023263e-08 
 2
 Nonlinear solution status: time= 5.5
	stiffness updates             = 1
	right hand side evaluations   = 3
	stiffness matrix reformations = 1
	step from line search         = 1.000000
	convergence norms :     INITIAL         CURRENT         REQUIRED
	   residual            1.297438e+02    2.513806e-13    0.000000e+00 
	   energy              6.631273e-01    7.015890e-13    6.631273e-03 
	   displacement        3.023263e-02    4.187995e-11    3.023238e-08 

convergence summary
    number of iterations   : 2
    number of reformations : 1

------- converged at time : 5.5


Data Record #1
===========================================================================
Step = 55
Time = 5.5
Data = ux;uy;uz
File = parameter_sweeps/tmax4_disp.txt

Data Record #2
===========================================================================
Step = 55
Time = 5.5
Data = sz;J
File = parameter_sweeps/tmax4_stress.txt

===== beginning time step 56 : 5.6 =====


Reforming stiffness matrix: reformation #1

 1
 Nonlinear solution status: time= 5.6
	stiffness updates             = 0
	right hand side evaluations   = 2
	stiffness matrix reformations = 1
	step from line search         = 1.000000
	convergence norms :     INITIAL         CURRENT         REQUIRED
	   residual            1.189337e+02    3.248936e-08    0.000000e+00 
	   energy              6.176134e-01    2.139902e-06    6.176134e-03 
	   displacement        2.838379e-02    2.838379e-02    2.838379e-08 
 2
 Nonlinear solution status: time= 5.6
	stiffness updates             = 1
	right hand side evaluations   = 3
	stiffness matrix reformations = 1
	step from line search         = 1.000000
	convergence norms :     INITIAL         CURRENT         REQUIRED
	   residual            1.189337e+02    1.657027e-13    0.000000e+00 
	   energy              6.176134e-01    5.666810e-13    6.176134e-03 
	   displacement        2.838379e-02    3.948156e-11    2.838343e-08 

convergence summary
    number of iterations   : 2
    number of reformations : 1

------- converged at time : 5.6


Data Record #1
===========================================================================
Step = 56
Time = 5.6
Data = ux;uy;uz
File = parameter_sweeps/tmax4_disp.txt

Data Record #2
===========================================================================
Step = 56
Time = 5.6
Data = sz;J
File = parameter_sweeps/tmax4_stress.txt

===== beginning time step 57 : 5.7 =====


Reforming stiffness matrix: reformation #1

 1
 Nonlinear solution status: time= 5.7
	stiffness updates             = 0
	right hand side evaluations   = 2
	stiffness matrix reformations = 1
	step from line search         = 1.000000
	convergence norms :     INITIAL         CURRENT         REQUIRED
	   residual            1.082756e+02    2.206875e-08    0.000000e+00 
	   energy              5.735752e-01    2.184170e-06    5.735752e-03 
	   displacement        2.663622e-02    2.663622e-02    2.663622e-08 
 2
 Nonlinear solution status: time= 5.7
	stiffness updates             = 1
	right hand side evaluations   = 3
	stiffness matrix reformations = 1
	step from line search         = 1.000000
	convergence norms :     INITIAL         CURRENT         REQUIRED
	   residual            1.082756e+02    1.084842e-13    0.000000e+00 
	   energy              5.735752e-01    5.293139e-13    5.735752e-03 
	   displacement        2.663622e-02    4.295215e-11    2.663574e-08 

convergence summary
    number of iterations   : 2
    number of reformations : 1

------- converged at time : 5.7


Data Record #1
===========================================================================
Step = 57
Time = 5.7
Data = ux;uy;uz
File = parameter_sweeps/tmax4_disp.txt

Data Record #2
===========================================================================
Step = 57
Time = 5.7
Data = sz;J
File = parameter_sweeps/tmax4_stress.txt

===== beginning time step 58 : 5.8 =====


Reforming stiffness matrix: reformation #1

 1
 Nonlinear solution status: time= 5.8
	stiffness updates             = 0
	right hand side evaluations   = 2
	stiffness matrix reformations = 1
	step from line search         = 1.000000
	convergence norms :     INITIAL         CURRENT         REQUIRED
	   residual            9.828841e+01    1.565746e-08    0.000000e+00 
	   energy              5.319724e-01    2.515949e-06    5.319724e-03 
	   displacement        2.497907e-02    2.497907e-02    2.497907e-08 
 2
 Nonlinear solution status: time= 5.8
	stiffness updates             = 1
	right hand side evaluations   = 3
	stiffness matrix reformations = 1
	step from line search         = 1.000000
	convergence norms :     INITIAL         CURRENT         REQUIRED
	   residual            9.828841e+01    8.426454e-14    0.000000e+00 
	   energy              5.319724e-01    4.923134e-13    5.319724e-03 
	   displacement        2.497907e-02    4.695267e-11    2.497845e-08 

convergence summary
    number of iterations   : 2
    number of reformations : 1

------- converged at time : 5.8


Data Record #1
===========================================================================
Step = 58
Time = 5.8
Data = ux;uy;uz
File = parameter_sweeps/tmax4_disp.txt

Data Record #2
===========================================================================
Step = 58
Time = 5.8
Data = sz;J
File = parameter_sweeps/tmax4_stress.txt

===== beginning time step 59 : 5.9 =====


Reforming stiffness matrix: reformation #1

 1
 Nonlinear solution status: time= 5.9
	stiffness updates             = 0
	right hand side evaluations   = 2
	stiffness matrix reformations = 1
	step from line search         = 1.000000
	convergence norms :     INITIAL         CURRENT         REQUIRED
	   residual            8.929705e+01    1.000537e-08    0.000000e+00 
	   energy              4.937119e-01    2.991949e-06    4.937119e-03 
	   displacement        2.343018e-02    2.343018e-02    2.343018e-08 
 2
 Nonlinear solution status: time= 5.9
	stiffness updates             = 1
	right hand side evaluations   = 3
	stiffness matrix reformations = 1
	step from line search         = 1.000000
	convergence norms :     INITIAL         CURRENT         REQUIRED
	   residual            8.929705e+01    6.769078e-14    0.000000e+00 
	   energy              4.937119e-01    4.595002e-13    4.937119e-03 
	   displacement        2.343018e-02    4.969294e-11    2.342941e-08 

convergence summary
    number of iterations   : 2
    number of reformations : 1

------- converged at time : 5.9


Data Record #1
===========================================================================
Step = 59
Time = 5.9
Data = ux;uy;uz
File = parameter_sweeps/tmax4_disp.txt

Data Record #2
===========================================================================
Step = 59
Time = 5.9
Data = sz;J
File = parameter_sweeps/tmax4_stress.txt

===== beginning time step 60 : 6 =====


Reforming stiffness matrix: reformation #1

 1
 Nonlinear solution status: time= 6
	stiffness updates             = 0
	right hand side evaluations   = 2
	stiffness matrix reformations = 1
	step from line search         = 1.000000
	convergence norms :     INITIAL         CURRENT         REQUIRED
	   residual            8.114650e+01    9.583959e-09    0.000000e+00 
	   energy              4.592354e-01    3.472613e-06    4.592354e-03 
	   displacement        2.203197e-02    2.203197e-02    2.203197e-08 
 2
 Nonlinear solution status: time= 6
	stiffness updates             = 1
	right hand side evaluations   = 3
	stiffness matrix reformations = 1
	step from line search         = 1.000000
	convergence norms :     INITIAL         CURRENT         REQUIRED
	   residual            8.114650e+01    5.487647e-14    0.000000e+00 
	   energy              4.592354e-01    4.119440e-13    4.592354e-03 
	   displacement        2.203197e-02    5.274918e-11    2.203105e-08 

convergence summary
    number of iterations   : 2
    number of reformations : 1

------- converged at time : 6


Data Record #1
===========================================================================
Step = 60
Time = 6
Data = ux;uy;uz
File = parameter_sweeps/tmax4_disp.txt

Data Record #2
===========================================================================
Step = 60
Time = 6
Data = sz;J
File = parameter_sweeps/tmax4_stress.txt

===== beginning time step 61 : 6.1 =====


Reforming stiffness matrix: reformation #1

 1
 Nonlinear solution status: time= 6.1
	stiffness updates             = 0
	right hand side evaluations   = 2
	stiffness matrix reformations = 1
	step from line search         = 1.000000
	convergence norms :     INITIAL         CURRENT         REQUIRED
	   residual            7.338235e+01    1.106908e-08    0.000000e+00 
	   energy              4.282509e-01    3.818712e-06    4.282509e-03 
	   displacement        2.088245e-02    2.088245e-02    2.088245e-08 
 2
 Nonlinear solution status: time= 6.1
	stiffness updates             = 1
	right hand side evaluations   = 3
	stiffness matrix reformations = 1
	step from line search         = 1.000000
	convergence norms :     INITIAL         CURRENT         REQUIRED
	   residual            7.338235e+01    4.839337e-14    0.000000e+00 
	   energy              4.282509e-01    3.847365e-13    4.282509e-03 
	   displacement        2.088245e-02    5.683232e-11    2.088141e-08 

convergence summary
    number of iterations   : 2
    number of reformations : 1

------- converged at time : 6.1


Data Record #1
===========================================================================
Step = 61
Time = 6.1
Data = ux;uy;uz
File = parameter_sweeps/tmax4_disp.txt

Data Record #2
===========================================================================
Step = 61
Time = 6.1
Data = sz;J
File = parameter_sweeps/tmax4_stress.txt

===== beginning time step 62 : 6.2 =====


Reforming stiffness matrix: reformation #1

 1
 Nonlinear solution status: time= 6.2
	stiffness updates             = 0
	right hand side evaluations   = 2
	stiffness matrix reformations = 1
	step from line search         = 1.000000
	convergence norms :     INITIAL         CURRENT         REQUIRED
	   residual            6.573496e+01    1.185965e-08    0.000000e+00 
	   energy              3.996549e-01    3.944421e-06    3.996549e-03 
	   displacement        1.996597e-02    1.996597e-02    1.996597e-08 
 2
 Nonlinear solution status: time= 6.2
	stiffness updates             = 1
	right hand side evaluations   = 3
	stiffness matrix reformations = 1
	step from line search         = 1.000000
	convergence norms :     INITIAL         CURRENT         REQUIRED
	   residual            6.573496e+01    4.332187e-14    0.000000e+00 
	   energy              3.996549e-01    3.762696e-13    3.996549e-03 
	   displacement        1.996597e-02    5.929716e-11    1.996487e-08 

convergence summary
    number of iterations   : 2
    number of reformations : 1

------- converged at time : 6.2


Data Record #1
===========================================================================
Step = 62
Time = 6.2
Data = ux;uy;uz
File = parameter_sweeps/tmax4_disp.txt

Data Record #2
===========================================================================
Step = 62
Time = 6.2
Data = sz;J
File = parameter_sweeps/tmax4_stress.txt

===== beginning time step 63 : 6.3 =====


Reforming stiffness matrix: reformation #1

 1
 Nonlinear solution status: time= 6.3
	stiffness updates             = 0
	right hand side evaluations   = 2
	stiffness matrix reformations = 1
	step from line search         = 1.000000
	convergence norms :     INITIAL         CURRENT         REQUIRED
	   residual            5.845274e+01    1.912238e-08    0.000000e+00 
	   energy              3.717638e-01    4.022066e-06    3.717638e-03 
	   displacement        1.905701e-02    1.905701e-02    1.905701e-08 
 2
 Nonlinear solution status: time= 6.3
	stiffness updates             = 1
	right hand side evaluations   = 3
	stiffness matrix reformations = 1
	step from line search         = 1.000000
	convergence norms :     INITIAL         CURRENT         REQUIRED
	   residual            5.845274e+01    6.369041e-14    0.000000e+00 
	   energy              3.717638e-01    4.115773e-13    3.717638e-03 
	   displacement        1.905701e-02    6.016162e-11    1.905593e-08 

convergence summary
    number of iterations   : 2
    number of reformations : 1

------- converged at time : 6.3


Data Record #1
===========================================================================
Step = 63
Time = 6.3
Data = ux;uy;uz
File = parameter_sweeps/tmax4_disp.txt

Data Record #2
===========================================================================
Step = 63
Time = 6.3
Data = sz;J
File = parameter_sweeps/tmax4_stress.txt

===== beginning time step 64 : 6.4 =====


Reforming stiffness matrix: reformation #1

 1
 Nonlinear solution status: time= 6.4
	stiffness updates             = 0
	right hand side evaluations   = 2
	stiffness matrix reformations = 1
	step from line search         = 1.000000
	convergence norms :     INITIAL         CURRENT         REQUIRED
	   residual            5.183916e+01    2.444712e-08    0.000000e+00 
	   energy              3.426607e-01    4.138177e-06    3.426607e-03 
	   displacement        1.794552e-02    1.794552e-02    1.794552e-08 
 2
 Nonlinear solution status: time= 6.4
	stiffness updates             = 1
	right hand side evaluations   = 3
	stiffness matrix reformations = 1
	step from line search         = 1.000000
	convergence norms :     INITIAL         CURRENT         REQUIRED
	   residual            5.183916e+01    8.160091e-14    0.000000e+00 
	   energy              3.426607e-01    4.191885e-13    3.426607e-03 
	   displacement        1.794552e-02    6.108305e-11    1.794449e-08 

convergence summary
    number of iterations   : 2
    number of reformations : 1

------- converged at time : 6.4


Data Record #1
===========================================================================
Step = 64
Time = 6.4
Data = ux;uy;uz
File = parameter_sweeps/tmax4_disp.txt

Data Record #2
===========================================================================
Step = 64
Time = 6.4
Data = sz;J
File = parameter_sweeps/tmax4_stress.txt

===== beginning time step 65 : 6.5 =====


Reforming stiffness matrix: reformation #1

 1
 Nonlinear solution status: time= 6.5
	stiffness updates             = 0
	right hand side evaluations   = 2
	stiffness matrix reformations = 1
	step from line search         = 1.000000
	convergence norms :     INITIAL         CURRENT         REQUIRED
	   residual            4.578833e+01    2.655664e-08    0.000000e+00 
	   energy              3.109142e-01    4.194296e-06    3.109142e-03 
	   displacement        1.654319e-02    1.654319e-02    1.654319e-08 
 2
 Nonlinear solution status: time= 6.5
	stiffness updates             = 1
	right hand side evaluations   = 3
	stiffness matrix reformations = 1
	step from line search         = 1.000000
	convergence norms :     INITIAL         CURRENT         REQUIRED
	   residual            4.578833e+01    8.865188e-14    0.000000e+00 
	   energy              3.109142e-01    4.241468e-13    3.109142e-03 
	   displacement        1.654319e-02    6.422057e-11    1.654215e-08 

convergence summary
    number of iterations   : 2
    number of reformations : 1

------- converged at time : 6.5


Data Record #1
===========================================================================
Step = 65
Time = 6.5
Data = ux;uy;uz
File = parameter_sweeps/tmax4_disp.txt

Data Record #2
===========================================================================
Step = 65
Time = 6.5
Data = sz;J
File = parameter_sweeps/tmax4_stress.txt

===== beginning time step 66 : 6.6 =====


Reforming stiffness matrix: reformation #1

 1
 Nonlinear solution status: time= 6.6
	stiffness updates             = 0
	right hand side evaluations   = 2
	stiffness matrix reformations = 1
	step from line search         = 1.000000
	convergence norms :     INITIAL         CURRENT         REQUIRED
	   residual            3.994363e+01    2.876944e-08    0.000000e+00 
	   energy              2.761133e-01    4.004315e-06    2.761133e-03 
	   displacement        1.485374e-02    1.485374e-02    1.485374e-08 
 2
 Nonlinear solution status: time= 6.6
	stiffness updates             = 1
	right hand side evaluations   = 3
	stiffness matrix reformations = 1
	step from line search         = 1.000000
	convergence norms :     INITIAL         CURRENT         REQUIRED
	   residual            3.994363e+01    8.500170e-14    0.000000e+00 
	   energy              2.761133e-01    4.215972e-13    2.761133e-03 
	   displacement        1.485374e-02    6.249138e-11    1.485276e-08 

convergence summary
    number of iterations   : 2
    number of reformations : 1

------- converged at time : 6.6


Data Record #1
===========================================================================
Step = 66
Time = 6.6
Data = ux;uy;uz
File = parameter_sweeps/tmax4_disp.txt

Data Record #2
===========================================================================
Step = 66
Time = 6.6
Data = sz;J
File = parameter_sweeps/tmax4_stress.txt

===== beginning time step 67 : 6.7 =====


Reforming stiffness matrix: reformation #1

 1
 Nonlinear solution status: time= 6.7
	stiffness updates             = 0
	right hand side evaluations   = 2
	stiffness matrix reformations = 1
	step from line search         = 1.000000
	convergence norms :     INITIAL         CURRENT         REQUIRED
	   residual            3.419349e+01    2.440225e-08    0.000000e+00 
	   energy              2.389509e-01    3.486995e-06    2.389509e-03 
	   displacement        1.295561e-02    1.295561e-02    1.295561e-08 
 2
 Nonlinear solution status: time= 6.7
	stiffness updates             = 1
	right hand side evaluations   = 3
	stiffness matrix reformations = 1
	step from line search         = 1.000000
	convergence norms :     INITIAL         CURRENT         REQUIRED
	   residual            3.419349e+01    8.349509e-14    0.000000e+00 
	   energy              2.389509e-01    3.672207e-13    2.389509e-03 
	   displacement        1.295561e-02    5.038186e-11    1.295479e-08 

convergence summary
    number of iterations   : 2
    number of reformations : 1

------- converged at time : 6.7


Data Record #1
===========================================================================
Step = 67
Time = 6.7
Data = ux;uy;uz
File = parameter_sweeps/tmax4_disp.txt

Data Record #2
===========================================================================
Step = 67
Time = 6.7
Data = sz;J
File = parameter_sweeps/tmax4_stress.txt

===== beginning time step 68 : 6.8 =====


Reforming stiffness matrix: reformation #1

 1
 Nonlinear solution status: time= 6.8
	stiffness updates             = 0
	right hand side evaluations   = 2
	stiffness matrix reformations = 1
	step from line search         = 1.000000
	convergence norms :     INITIAL         CURRENT         REQUIRED
	   residual            2.867429e+01    2.175995e-08    0.000000e+00 
	   energy              2.008837e-01    2.852936e-06    2.008837e-03 
	   displacement        1.092522e-02    1.092522e-02    1.092522e-08 
 2
 Nonlinear solution status: time= 6.8
	stiffness updates             = 1
	right hand side evaluations   = 3
	stiffness matrix reformations = 1
	step from line search         = 1.000000
	convergence norms :     INITIAL         CURRENT         REQUIRED
	   residual            2.867429e+01    8.623555e-14    0.000000e+00 
	   energy              2.008837e-01    3.689445e-13    2.008837e-03 
	   displacement        1.092522e-02    4.291362e-11    1.092454e-08 

convergence summary
    number of iterations   : 2
    number of reformations : 1

------- converged at time : 6.8


Data Record #1
===========================================================================
Step = 68
Time = 6.8
Data = ux;uy;uz
File = parameter_sweeps/tmax4_disp.txt

Data Record #2
===========================================================================
Step = 68
Time = 6.8
Data = sz;J
File = parameter_sweeps/tmax4_stress.txt

===== beginning time step 69 : 6.9 =====


Reforming stiffness matrix: reformation #1

 1
 Nonlinear solution status: time= 6.9
	stiffness updates             = 0
	right hand side evaluations   = 2
	stiffness matrix reformations = 1
	step from line search         = 1.000000
	convergence norms :     INITIAL         CURRENT         REQUIRED
	   residual            2.351495e+01    1.885903e-08    0.000000e+00 
	   energy              1.637339e-01    2.330924e-06    1.637339e-03 
	   displacement        8.873680e-03    8.873680e-03    8.873680e-09 
 2
 Nonlinear solution status: time= 6.9
	stiffness updates             = 1
	right hand side evaluations   = 3
	stiffness matrix reformations = 1
	step from line search         = 1.000000
	convergence norms :     INITIAL         CURRENT         REQUIRED
	   residual            2.351495e+01    8.003143e-14    0.000000e+00 
	   energy              1.637339e-01    3.819602e-13    1.637339e-03 
	   displacement        8.873680e-03    4.020266e-11    8.873052e-09 

convergence summary
    number of iterations   : 2
    number of reformations : 1

------- converged at time : 6.9


Data Record #1
===========================================================================
Step = 69
Time = 6.9
Data = ux;uy;uz
File = parameter_sweeps/tmax4_disp.txt

Data Record #2
===========================================================================
Step = 69
Time = 6.9
Data = sz;J
File = parameter_sweeps/tmax4_stress.txt

===== beginning time step 70 : 7 =====


Reforming stiffness matrix: reformation #1

 1
 Nonlinear solution status: time= 7
	stiffness updates             = 0
	right hand side evaluations   = 2
	stiffness matrix reformations = 1
	step from line search         = 1.000000
	convergence norms :     INITIAL         CURRENT         REQUIRED
	   residual            1.885677e+01    2.007087e-08    0.000000e+00 
	   energy              1.294055e-01    1.996513e-06    1.294055e-03 
	   displacement        6.973718e-03    6.973718e-03    6.973718e-09 
 2
 Nonlinear solution status: time= 7
	stiffness updates             = 1
	right hand side evaluations   = 3
	stiffness matrix reformations = 1
	step from line search         = 1.000000
	convergence norms :     INITIAL         CURRENT         REQUIRED
	   residual            1.885677e+01    8.469920e-14    0.000000e+00 
	   energy              1.294055e-01    3.991883e-13    1.294055e-03 
	   displacement        6.973718e-03    3.881552e-11    6.973131e-09 

convergence summary
    number of iterations   : 2
    number of reformations : 1

------- converged at time : 7


Data Record #1
===========================================================================
Step = 70
Time = 7
Data = ux;uy;uz
File = parameter_sweeps/tmax4_disp.txt

Data Record #2
===========================================================================
Step = 70
Time = 7
Data = sz;J
File = parameter_sweeps/tmax4_stress.txt

===== beginning time step 71 : 7.1 =====


Reforming stiffness matrix: reformation #1

 1
 Nonlinear solution status: time= 7.1
	stiffness updates             = 0
	right hand side evaluations   = 2
	stiffness matrix reformations = 1
	step from line search         = 1.000000
	convergence norms :     INITIAL         CURRENT         REQUIRED
	   residual            1.476537e+01    2.066076e-08    0.000000e+00 
	   energy              9.949990e-02    1.798916e-06    9.949990e-04 
	   displacement        5.355826e-03    5.355826e-03    5.355826e-09 
 2
 Nonlinear solution status: time= 7.1
	stiffness updates             = 1
	right hand side evaluations   = 3
	stiffness matrix reformations = 1
	step from line search         = 1.000000
	convergence norms :     INITIAL         CURRENT         REQUIRED
	   residual            1.476537e+01    7.984961e-14    0.000000e+00 
	   energy              9.949990e-02    4.070911e-13    9.949990e-04 
	   displacement        5.355826e-03    3.965575e-11    5.355304e-09 

convergence summary
    number of iterations   : 2
    number of reformations : 1

------- converged at time : 7.1


Data Record #1
===========================================================================
Step = 71
Time = 7.1
Data = ux;uy;uz
File = parameter_sweeps/tmax4_disp.txt

Data Record #2
===========================================================================
Step = 71
Time = 7.1
Data = sz;J
File = parameter_sweeps/tmax4_stress.txt

===== beginning time step 72 : 7.2 =====


Reforming stiffness matrix: reformation #1

 1
 Nonlinear solution status: time= 7.2
	stiffness updates             = 0
	right hand side evaluations   = 2
	stiffness matrix reformations = 1
	step from line search         = 1.000000
	convergence norms :     INITIAL         CURRENT         REQUIRED
	   residual            1.124876e+01    2.014239e-08    0.000000e+00 
	   energy              7.492823e-02    1.595808e-06    7.492823e-04 
	   displacement        4.063974e-03    4.063974e-03    4.063974e-09 
 2
 Nonlinear solution status: time= 7.2
	stiffness updates             = 1
	right hand side evaluations   = 3
	stiffness matrix reformations = 1
	step from line search         = 1.000000
	convergence norms :     INITIAL         CURRENT         REQUIRED
	   residual            1.124876e+01    8.880835e-14    0.000000e+00 
	   energy              7.492823e-02    4.168366e-13    7.492823e-04 
	   displacement        4.063974e-03    4.002104e-11    4.063521e-09 

convergence summary
    number of iterations   : 2
    number of reformations : 1

------- converged at time : 7.2


Data Record #1
===========================================================================
Step = 72
Time = 7.2
Data = ux;uy;uz
File = parameter_sweeps/tmax4_disp.txt

Data Record #2
===========================================================================
Step = 72
Time = 7.2
Data = sz;J
File = parameter_sweeps/tmax4_stress.txt

===== beginning time step 73 : 7.3 =====


Reforming stiffness matrix: reformation #1

 1
 Nonlinear solution status: time= 7.3
	stiffness updates             = 0
	right hand side evaluations   = 2
	stiffness matrix reformations = 1
	step from line search         = 1.000000
	convergence norms :     INITIAL         CURRENT         REQUIRED
	   residual            8.320160e+00    1.618207e-08    0.000000e+00 
	   energy              5.550825e-02    1.322091e-06    5.550825e-04 
	   displacement        3.054900e-03    3.054900e-03    3.054900e-09 
 2
 Nonlinear solution status: time= 7.3
	stiffness updates             = 1
	right hand side evaluations   = 3
	stiffness matrix reformations = 1
	step from line search         = 1.000000
	convergence norms :     INITIAL         CURRENT         REQUIRED
	   residual            8.320160e+00    8.273362e-14    0.000000e+00 
	   energy              5.550825e-02    4.105140e-13    5.550825e-04 
	   displacement        3.054900e-03    3.854136e-11    3.054502e-09 

convergence summary
    number of iterations   : 2
    number of reformations : 1

------- converged at time : 7.3


Data Record #1
===========================================================================
Step = 73
Time = 7.3
Data = ux;uy;uz
File = parameter_sweeps/tmax4_disp.txt

Data Record #2
===========================================================================
Step = 73
Time = 7.3
Data = sz;J
File = parameter_sweeps/tmax4_stress.txt

===== beginning time step 74 : 7.4 =====


Reforming stiffness matrix: reformation #1

 1
 Nonlinear solution status: time= 7.4
	stiffness updates             = 0
	right hand side evaluations   = 2
	stiffness matrix reformations = 1
	step from line search         = 1.000000
	convergence norms :     INITIAL         CURRENT         REQUIRED
	   residual            5.999702e+00    1.425447e-08    0.000000e+00 
	   energy              4.060478e-02    1.052433e-06    4.060478e-04 
	   displacement        2.268621e-03    2.268621e-03    2.268621e-09 
 2
 Nonlinear solution status: time= 7.4
	stiffness updates             = 1
	right hand side evaluations   = 3
	stiffness matrix reformations = 1
	step from line search         = 1.000000
	convergence norms :     INITIAL         CURRENT         REQUIRED
	   residual            5.999702e+00    8.045028e-14    0.000000e+00 
	   energy              4.060478e-02    3.995528e-13    4.060478e-04 
	   displacement        2.268621e-03    3.666093e-11    2.268282e-09 

convergence summary
    number of iterations   : 2
    number of reformations : 1

------- converged at time : 7.4


Data Record #1
===========================================================================
Step = 74
Time = 7.4
Data = ux;uy;uz
File = parameter_sweeps/tmax4_disp.txt

Data Record #2
===========================================================================
Step = 74
Time = 7.4
Data = sz;J
File = parameter_sweeps/tmax4_stress.txt

===== beginning time step 75 : 7.5 =====


Reforming stiffness matrix: reformation #1

 1
 Nonlinear solution status: time= 7.5
	stiffness updates             = 0
	right hand side evaluations   = 2
	stiffness matrix reformations = 1
	step from line search         = 1.000000
	convergence norms :     INITIAL         CURRENT         REQUIRED
	   residual            4.315029e+00    1.194529e-08    0.000000e+00 
	   energy              2.972101e-02    8.291226e-07    2.972101e-04 
	   displacement        1.697626e-03    1.697626e-03    1.697626e-09 
 2
 Nonlinear solution status: time= 7.5
	stiffness updates             = 1
	right hand side evaluations   = 3
	stiffness matrix reformations = 1
	step from line search         = 1.000000
	convergence norms :     INITIAL         CURRENT         REQUIRED
	   residual            4.315029e+00    7.769048e-14    0.000000e+00 
	   energy              2.972101e-02    3.515044e-13    2.972101e-04 
	   displacement        1.697626e-03    3.098117e-11    1.697366e-09 

convergence summary
    number of iterations   : 2
    number of reformations : 1

------- converged at time : 7.5


Data Record #1
===========================================================================
Step = 75
Time = 7.5
Data = ux;uy;uz
File = parameter_sweeps/tmax4_disp.txt

Data Record #2
===========================================================================
Step = 75
Time = 7.5
Data = sz;J
File = parameter_sweeps/tmax4_stress.txt

===== beginning time step 76 : 7.6 =====


Reforming stiffness matrix: reformation #1

 1
 Nonlinear solution status: time= 7.6
	stiffness updates             = 0
	right hand side evaluations   = 2
	stiffness matrix reformations = 1
	step from line search         = 1.000000
	convergence norms :     INITIAL         CURRENT         REQUIRED
	   residual            3.207853e+00    1.032979e-08    0.000000e+00 
	   energy              2.250512e-02    6.581492e-07    2.250512e-04 
	   displacement        1.335753e-03    1.335753e-03    1.335753e-09 
 2
 Nonlinear solution status: time= 7.6
	stiffness updates             = 1
	right hand side evaluations   = 3
	stiffness matrix reformations = 1
	step from line search         = 1.000000
	convergence norms :     INITIAL         CURRENT         REQUIRED
	   residual            3.207853e+00    6.983829e-14    0.000000e+00 
	   energy              2.250512e-02    3.519238e-13    2.250512e-04 
	   displacement        1.335753e-03    2.690813e-11    1.335572e-09 

convergence summary
    number of iterations   : 2
    number of reformations : 1

------- converged at time : 7.6


Data Record #1
===========================================================================
Step = 76
Time = 7.6
Data = ux;uy;uz
File = parameter_sweeps/tmax4_disp.txt

Data Record #2
===========================================================================
Step = 76
Time = 7.6
Data = sz;J
File = parameter_sweeps/tmax4_stress.txt

===== beginning time step 77 : 7.7 =====


Reforming stiffness matrix: reformation #1

 1
 Nonlinear solution status: time= 7.7
	stiffness updates             = 0
	right hand side evaluations   = 2
	stiffness matrix reformations = 1
	step from line search         = 1.000000
	convergence norms :     INITIAL         CURRENT         REQUIRED
	   residual            2.548900e+00    1.126903e-08    0.000000e+00 
	   energy              1.860319e-02    5.718793e-07    1.860319e-04 
	   displacement        1.139977e-03    1.139977e-03    1.139977e-09 
 2
 Nonlinear solution status: time= 7.7
	stiffness updates             = 1
	right hand side evaluations   = 3
	stiffness matrix reformations = 1
	step from line search         = 1.000000
	convergence norms :     INITIAL         CURRENT         REQUIRED
	   residual            2.548900e+00    7.347699e-14    0.000000e+00 
	   energy              1.860319e-02    3.443676e-13    1.860319e-04 
	   displacement        1.139977e-03    2.538809e-11    1.139830e-09 

convergence summary
    number of iterations   : 2
    number of reformations : 1

------- converged at time : 7.7


Data Record #1
===========================================================================
Step = 77
Time = 7.7
Data = ux;uy;uz
File = parameter_sweeps/tmax4_disp.txt

Data Record #2
===========================================================================
Step = 77
Time = 7.7
Data = sz;J
File = parameter_sweeps/tmax4_stress.txt

===== beginning time step 78 : 7.8 =====


Reforming stiffness matrix: reformation #1

 1
 Nonlinear solution status: time= 7.8
	stiffness updates             = 0
	right hand side evaluations   = 2
	stiffness matrix reformations = 1
	step from line search         = 1.000000
	convergence norms :     INITIAL         CURRENT         REQUIRED
	   residual            2.231853e+00    1.116635e-08    0.000000e+00 
	   energy              1.745145e-02    5.373713e-07    1.745145e-04 
	   displacement        1.082920e-03    1.082920e-03    1.082920e-09 
 2
 Nonlinear solution status: time= 7.8
	stiffness updates             = 1
	right hand side evaluations   = 3
	stiffness matrix reformations = 1
	step from line search         = 1.000000
	convergence norms :     INITIAL         CURRENT         REQUIRED
	   residual            2.231853e+00    8.098461e-14    0.000000e+00 
	   energy              1.745145e-02    3.342460e-13    1.745145e-04 
	   displacement        1.082920e-03    2.382968e-11    1.082775e-09 

convergence summary
    number of iterations   : 2
    number of reformations : 1

------- converged at time : 7.8


Data Record #1
===========================================================================
Step = 78
Time = 7.8
Data = ux;uy;uz
File = parameter_sweeps/tmax4_disp.txt

Data Record #2
===========================================================================
Step = 78
Time = 7.8
Data = sz;J
File = parameter_sweeps/tmax4_stress.txt

===== beginning time step 79 : 7.9 =====


Reforming stiffness matrix: reformation #1

 1
 Nonlinear solution status: time= 7.9
	stiffness updates             = 0
	right hand side evaluations   = 2
	stiffness matrix reformations = 1
	step from line search         = 1.000000
	convergence norms :     INITIAL         CURRENT         REQUIRED
	   residual            2.157958e+00    1.148892e-08    0.000000e+00 
	   energy              1.829737e-02    5.151767e-07    1.829737e-04 
	   displacement        1.149259e-03    1.149259e-03    1.149259e-09 
 2
 Nonlinear solution status: time= 7.9
	stiffness updates             = 1
	right hand side evaluations   = 3
	stiffness matrix reformations = 1
	step from line search         = 1.000000
	convergence norms :     INITIAL         CURRENT         REQUIRED
	   residual            2.157958e+00    1.049627e-13    0.000000e+00 
	   energy              1.829737e-02    4.027136e-13    1.829737e-04 
	   displacement        1.149259e-03    2.310214e-11    1.149110e-09 

convergence summary
    number of iterations   : 2
    number of reformations : 1

------- converged at time : 7.9


Data Record #1
===========================================================================
Step = 79
Time = 7.9
Data = ux;uy;uz
File = parameter_sweeps/tmax4_disp.txt

Data Record #2
===========================================================================
Step = 79
Time = 7.9
Data = sz;J
File = parameter_sweeps/tmax4_stress.txt

===== beginning time step 80 : 8 =====


Reforming stiffness matrix: reformation #1

 1
 Nonlinear solution status: time= 8
	stiffness updates             = 0
	right hand side evaluations   = 2
	stiffness matrix reformations = 1
	step from line search         = 1.000000
	convergence norms :     INITIAL         CURRENT         REQUIRED
	   residual            2.224813e+00    1.316176e-08    0.000000e+00 
	   energy              2.038379e-02    5.134037e-07    2.038379e-04 
	   displacement        1.307002e-03    1.307002e-03    1.307002e-09 
 2
 Nonlinear solution status: time= 8
	stiffness updates             = 1
	right hand side evaluations   = 3
	stiffness matrix reformations = 1
	step from line search         = 1.000000
	convergence norms :     INITIAL         CURRENT         REQUIRED
	   residual            2.224813e+00    1.222484e-13    0.000000e+00 
	   energy              2.038379e-02    4.421035e-13    2.038379e-04 
	   displacement        1.307002e-03    2.284904e-11    1.306849e-09 

convergence summary
    number of iterations   : 2
    number of reformations : 1

------- converged at time : 8


Data Record #1
===========================================================================
Step = 80
Time = 8
Data = ux;uy;uz
File = parameter_sweeps/tmax4_disp.txt

Data Record #2
===========================================================================
Step = 80
Time = 8
Data = sz;J
File = parameter_sweeps/tmax4_stress.txt

===== beginning time step 81 : 8.1 =====


Reforming stiffness matrix: reformation #1

 1
 Nonlinear solution status: time= 8.1
	stiffness updates             = 0
	right hand side evaluations   = 2
	stiffness matrix reformations = 1
	step from line search         = 1.000000
	convergence norms :     INITIAL         CURRENT         REQUIRED
	   residual            2.436404e+00    1.849366e-08    0.000000e+00 
	   energy              2.331619e-02    6.257514e-07    2.331619e-04 
	   displacement        1.517222e-03    1.517222e-03    1.517222e-09 
 2
 Nonlinear solution status: time= 8.1
	stiffness updates             = 1
	right hand side evaluations   = 3
	stiffness matrix reformations = 1
	step from line search         = 1.000000
	convergence norms :     INITIAL         CURRENT         REQUIRED
	   residual            2.436404e+00    1.414479e-13    0.000000e+00 
	   energy              2.331619e-02    4.684009e-13    2.331619e-04 
	   displacement        1.517222e-03    2.495238e-11    1.517044e-09 

convergence summary
    number of iterations   : 2
    number of reformations : 1

------- converged at time : 8.1


Data Record #1
===========================================================================
Step = 81
Time = 8.1
Data = ux;uy;uz
File = parameter_sweeps/tmax4_disp.txt

Data Record #2
===========================================================================
Step = 81
Time = 8.1
Data = sz;J
File = parameter_sweeps/tmax4_stress.txt

===== beginning time step 82 : 8.2 =====


Reforming stiffness matrix: reformation #1

 1
 Nonlinear solution status: time= 8.2
	stiffness updates             = 0
	right hand side evaluations   = 2
	stiffness matrix reformations = 1
	step from line search         = 1.000000
	convergence norms :     INITIAL         CURRENT         REQUIRED
	   residual            2.904419e+00    2.418222e-08    0.000000e+00 
	   energy              2.719437e-02    9.057959e-07    2.719437e-04 
	   displacement        1.750798e-03    1.750798e-03    1.750798e-09 
 2
 Nonlinear solution status: time= 8.2
	stiffness updates             = 1
	right hand side evaluations   = 3
	stiffness matrix reformations = 1
	step from line search         = 1.000000
	convergence norms :     INITIAL         CURRENT         REQUIRED
	   residual            2.904419e+00    1.778961e-13    0.000000e+00 
	   energy              2.719437e-02    5.572597e-13    2.719437e-04 
	   displacement        1.750798e-03    3.146055e-11    1.750545e-09 

convergence summary
    number of iterations   : 2
    number of reformations : 1

------- converged at time : 8.2


Data Record #1
===========================================================================
Step = 82
Time = 8.2
Data = ux;uy;uz
File = parameter_sweeps/tmax4_disp.txt

Data Record #2
===========================================================================
Step = 82
Time = 8.2
Data = sz;J
File = parameter_sweeps/tmax4_stress.txt

===== beginning time step 83 : 8.3 =====


Reforming stiffness matrix: reformation #1

 1
 Nonlinear solution status: time= 8.3
	stiffness updates             = 0
	right hand side evaluations   = 2
	stiffness matrix reformations = 1
	step from line search         = 1.000000
	convergence norms :     INITIAL         CURRENT         REQUIRED
	   residual            3.743043e+00    3.363569e-08    0.000000e+00 
	   energy              3.238400e-02    1.305078e-06    3.238400e-04 
	   displacement        2.024560e-03    2.024560e-03    2.024560e-09 
 2
 Nonlinear solution status: time= 8.3
	stiffness updates             = 1
	right hand side evaluations   = 3
	stiffness matrix reformations = 1
	step from line search         = 1.000000
	convergence norms :     INITIAL         CURRENT         REQUIRED
	   residual            3.743043e+00    2.253203e-13    0.000000e+00 
	   energy              3.238400e-02    6.360490e-13    3.238400e-04 
	   displacement        2.024560e-03    3.961988e-11    2.024222e-09 

convergence summary
    number of iterations   : 2
    number of reformations : 1

------- converged at time : 8.3


Data Record #1
===========================================================================
Step = 83
Time = 8.3
Data = ux;uy;uz
File = parameter_sweeps/tmax4_disp.txt

Data Record #2
===========================================================================
Step = 83
Time = 8.3
Data = sz;J
File = parameter_sweeps/tmax4_stress.txt

===== beginning time step 84 : 8.4 =====


Reforming stiffness matrix: reformation #1

 1
 Nonlinear solution status: time= 8.4
	stiffness updates             = 0
	right hand side evaluations   = 2
	stiffness matrix reformations = 1
	step from line search         = 1.000000
	convergence norms :     INITIAL         CURRENT         REQUIRED
	   residual            4.959440e+00    4.470287e-08    0.000000e+00 
	   energy              3.896656e-02    1.772542e-06    3.896656e-04 
	   displacement        2.374169e-03    2.374169e-03    2.374169e-09 
 2
 Nonlinear solution status: time= 8.4
	stiffness updates             = 1
	right hand side evaluations   = 3
	stiffness matrix reformations = 1
	step from line search         = 1.000000
	convergence norms :     INITIAL         CURRENT         REQUIRED
	   residual            4.959440e+00    2.406134e-13    0.000000e+00 
	   energy              3.896656e-02    6.440995e-13    3.896656e-04 
	   displacement        2.374169e-03    4.450220e-11    2.373763e-09 

convergence summary
    number of iterations   : 2
    number of reformations : 1

------- converged at time : 8.4


Data Record #1
===========================================================================
Step = 84
Time = 8.4
Data = ux;uy;uz
File = parameter_sweeps/tmax4_disp.txt

Data Record #2
===========================================================================
Step = 84
Time = 8.4
Data = sz;J
File = parameter_sweeps/tmax4_stress.txt

===== beginning time step 85 : 8.5 =====


Reforming stiffness matrix: reformation #1

 1
 Nonlinear solution status: time= 8.5
	stiffness updates             = 0
	right hand side evaluations   = 2
	stiffness matrix reformations = 1
	step from line search         = 1.000000
	convergence norms :     INITIAL         CURRENT         REQUIRED
	   residual            6.521977e+00    5.349006e-08    0.000000e+00 
	   energy              4.692258e-02    2.218374e-06    4.692258e-04 
	   displacement        2.804257e-03    2.804257e-03    2.804257e-09 
 2
 Nonlinear solution status: time= 8.5
	stiffness updates             = 1
	right hand side evaluations   = 3
	stiffness matrix reformations = 1
	step from line search         = 1.000000
	convergence norms :     INITIAL         CURRENT         REQUIRED
	   residual            6.521977e+00    2.649169e-13    0.000000e+00 
	   energy              4.692258e-02    6.908963e-13    4.692258e-04 
	   displacement        2.804257e-03    4.944494e-11    2.803781e-09 

convergence summary
    number of iterations   : 2
    number of reformations : 1

------- converged at time : 8.5


Data Record #1
===========================================================================
Step = 85
Time = 8.5
Data = ux;uy;uz
File = parameter_sweeps/tmax4_disp.txt

Data Record #2
===========================================================================
Step = 85
Time = 8.5
Data = sz;J
File = parameter_sweeps/tmax4_stress.txt

===== beginning time step 86 : 8.6 =====


Reforming stiffness matrix: reformation #1

 1
 Nonlinear solution status: time= 8.6
	stiffness updates             = 0
	right hand side evaluations   = 2
	stiffness matrix reformations = 1
	step from line search         = 1.000000
	convergence norms :     INITIAL         CURRENT         REQUIRED
	   residual            8.478912e+00    5.927414e-08    0.000000e+00 
	   energy              5.654522e-02    2.557247e-06    5.654522e-04 
	   displacement        3.291772e-03    3.291772e-03    3.291772e-09 
 2
 Nonlinear solution status: time= 8.6
	stiffness updates             = 1
	right hand side evaluations   = 3
	stiffness matrix reformations = 1
	step from line search         = 1.000000
	convergence norms :     INITIAL         CURRENT         REQUIRED
	   residual            8.478912e+00    3.491370e-13    0.000000e+00 
	   energy              5.654522e-02    8.299440e-13    5.654522e-04 
	   displacement        3.291772e-03    5.533422e-11    3.291229e-09 

convergence summary
    number of iterations   : 2
    number of reformations : 1

------- converged at time : 8.6


Data Record #1
===========================================================================
Step = 86
Time = 8.6
Data = ux;uy;uz
File = parameter_sweeps/tmax4_disp.txt

Data Record #2
===========================================================================
Step = 86
Time = 8.6
Data = sz;J
File = parameter_sweeps/tmax4_stress.txt

===== beginning time step 87 : 8.7 =====


Reforming stiffness matrix: reformation #1

 1
 Nonlinear solution status: time= 8.7
	stiffness updates             = 0
	right hand side evaluations   = 2
	stiffness matrix reformations = 1
	step from line search         = 1.000000
	convergence norms :     INITIAL         CURRENT         REQUIRED
	   residual            1.077726e+01    6.855281e-08    0.000000e+00 
	   energy              6.797994e-02    2.778832e-06    6.797994e-04 
	   displacement        3.853314e-03    3.853314e-03    3.853314e-09 
 2
 Nonlinear solution status: time= 8.7
	stiffness updates             = 1
	right hand side evaluations   = 3
	stiffness matrix reformations = 1
	step from line search         = 1.000000
	convergence norms :     INITIAL         CURRENT         REQUIRED
	   residual            1.077726e+01    4.880012e-13    0.000000e+00 
	   energy              6.797994e-02    1.036217e-12    6.797994e-04 
	   displacement        3.853314e-03    6.247974e-11    3.852709e-09 

convergence summary
    number of iterations   : 2
    number of reformations : 1

------- converged at time : 8.7


Data Record #1
===========================================================================
Step = 87
Time = 8.7
Data = ux;uy;uz
File = parameter_sweeps/tmax4_disp.txt

Data Record #2
===========================================================================
Step = 87
Time = 8.7
Data = sz;J
File = parameter_sweeps/tmax4_stress.txt

===== beginning time step 88 : 8.8 =====


Reforming stiffness matrix: reformation #1

 1
 Nonlinear solution status: time= 8.8
	stiffness updates             = 0
	right hand side evaluations   = 2
	stiffness matrix reformations = 1
	step from line search         = 1.000000
	convergence norms :     INITIAL         CURRENT         REQUIRED
	   residual            1.317526e+01    8.562823e-08    0.000000e+00 
	   energy              8.064902e-02    2.998019e-06    8.064902e-04 
	   displacement        4.516066e-03    4.516066e-03    4.516066e-09 
 2
 Nonlinear solution status: time= 8.8
	stiffness updates             = 1
	right hand side evaluations   = 3
	stiffness matrix reformations = 1
	step from line search         = 1.000000
	convergence norms :     INITIAL         CURRENT         REQUIRED
	   residual            1.317526e+01    5.849738e-13    0.000000e+00 
	   energy              8.064902e-02    1.188395e-12    8.064902e-04 
	   displacement        4.516066e-03    6.865072e-11    4.515412e-09 

convergence summary
    number of iterations   : 2
    number of reformations : 1

------- converged at time : 8.8


Data Record #1
===========================================================================
Step = 88
Time = 8.8
Data = ux;uy;uz
File = parameter_sweeps/tmax4_disp.txt

Data Record #2
===========================================================================
Step = 88
Time = 8.8
Data = sz;J
File = parameter_sweeps/tmax4_stress.txt

===== beginning time step 89 : 8.9 =====


Reforming stiffness matrix: reformation #1

 1
 Nonlinear solution status: time= 8.9
	stiffness updates             = 0
	right hand side evaluations   = 2
	stiffness matrix reformations = 1
	step from line search         = 1.000000
	convergence norms :     INITIAL         CURRENT         REQUIRED
	   residual            1.549429e+01    9.225860e-08    0.000000e+00 
	   energy              9.334879e-02    3.223815e-06    9.334879e-04 
	   displacement        5.202766e-03    5.202766e-03    5.202766e-09 
 2
 Nonlinear solution status: time= 8.9
	stiffness updates             = 1
	right hand side evaluations   = 3
	stiffness matrix reformations = 1
	step from line search         = 1.000000
	convergence norms :     INITIAL         CURRENT         REQUIRED
	   residual            1.549429e+01    6.344663e-13    0.000000e+00 
	   energy              9.334879e-02    1.193413e-12    9.334879e-04 
	   displacement        5.202766e-03    6.969521e-11    5.202087e-09 

convergence summary
    number of iterations   : 2
    number of reformations : 1

------- converged at time : 8.9


Data Record #1
===========================================================================
Step = 89
Time = 8.9
Data = ux;uy;uz
File = parameter_sweeps/tmax4_disp.txt

Data Record #2
===========================================================================
Step = 89
Time = 8.9
Data = sz;J
File = parameter_sweeps/tmax4_stress.txt

===== beginning time step 90 : 9 =====


Reforming stiffness matrix: reformation #1

 1
 Nonlinear solution status: time= 9
	stiffness updates             = 0
	right hand side evaluations   = 2
	stiffness matrix reformations = 1
	step from line search         = 1.000000
	convergence norms :     INITIAL         CURRENT         REQUIRED
	   residual            1.755118e+01    9.112504e-08    0.000000e+00 
	   energy              1.046231e-01    3.397437e-06    1.046231e-03 
	   displacement        5.769141e-03    5.769141e-03    5.769141e-09 
 2
 Nonlinear solution status: time= 9
	stiffness updates             = 1
	right hand side evaluations   = 3
	stiffness matrix reformations = 1
	step from line search         = 1.000000
	convergence norms :     INITIAL         CURRENT         REQUIRED
	   residual            1.755118e+01    7.122845e-13    0.000000e+00 
	   energy              1.046231e-01    1.204289e-12    1.046231e-03 
	   displacement        5.769141e-03    6.658213e-11    5.768470e-09 

convergence summary
    number of iterations   : 2
    number of reformations : 1

------- converged at time : 9


Data Record #1
===========================================================================
Step = 90
Time = 9
Data = ux;uy;uz
File = parameter_sweeps/tmax4_disp.txt

Data Record #2
===========================================================================
Step = 90
Time = 9
Data = sz;J
File = parameter_sweeps/tmax4_stress.txt

===== beginning time step 91 : 9.1 =====


Reforming stiffness matrix: reformation #1

 1
 Nonlinear solution status: time= 9.1
	stiffness updates             = 0
	right hand side evaluations   = 2
	stiffness matrix reformations = 1
	step from line search         = 1.000000
	convergence norms :     INITIAL         CURRENT         REQUIRED
	   residual            1.895877e+01    9.159715e-08    0.000000e+00 
	   energy              1.131358e-01    3.475243e-06    1.131358e-03 
	   displacement        6.174213e-03    6.174213e-03    6.174213e-09 
 2
 Nonlinear solution status: time= 9.1
	stiffness updates             = 1
	right hand side evaluations   = 3
	stiffness matrix reformations = 1
	step from line search         = 1.000000
	convergence norms :     INITIAL         CURRENT         REQUIRED
	   residual            1.895877e+01    6.915857e-13    0.000000e+00 
	   energy              1.131358e-01    1.216333e-12    1.131358e-03 
	   displacement        6.174213e-03    6.734493e-11    6.173547e-09 

convergence summary
    number of iterations   : 2
    number of reformations : 1

------- converged at time : 9.1


Data Record #1
===========================================================================
Step = 91
Time = 9.1
Data = ux;uy;uz
File = parameter_sweeps/tmax4_disp.txt

Data Record #2
===========================================================================
Step = 91
Time = 9.1
Data = sz;J
File = parameter_sweeps/tmax4_stress.txt

===== beginning time step 92 : 9.2 =====


Reforming stiffness matrix: reformation #1

 1
 Nonlinear solution status: time= 9.2
	stiffness updates             = 0
	right hand side evaluations   = 2
	stiffness matrix reformations = 1
	step from line search         = 1.000000
	convergence norms :     INITIAL         CURRENT         REQUIRED
	   residual            1.944725e+01    8.579074e-08    0.000000e+00 
	   energy              1.180701e-01    3.364621e-06    1.180701e-03 
	   displacement        6.439522e-03    6.439522e-03    6.439522e-09 
 2
 Nonlinear solution status: time= 9.2
	stiffness updates             = 1
	right hand side evaluations   = 3
	stiffness matrix reformations = 1
	step from line search         = 1.000000
	convergence norms :     INITIAL         CURRENT         REQUIRED
	   residual            1.944725e+01    5.767517e-13    0.000000e+00 
	   energy              1.180701e-01    1.111716e-12    1.180701e-03 
	   displacement        6.439522e-03    6.852054e-11    6.438840e-09 

convergence summary
    number of iterations   : 2
    number of reformations : 1

------- converged at time : 9.2


Data Record #1
===========================================================================
Step = 92
Time = 9.2
Data = ux;uy;uz
File = parameter_sweeps/tmax4_disp.txt

Data Record #2
===========================================================================
Step = 92
Time = 9.2
Data = sz;J
File = parameter_sweeps/tmax4_stress.txt

===== beginning time step 93 : 9.3 =====


Reforming stiffness matrix: reformation #1

 1
 Nonlinear solution status: time= 9.3
	stiffness updates             = 0
	right hand side evaluations   = 2
	stiffness matrix reformations = 1
	step from line search         = 1.000000
	convergence norms :     INITIAL         CURRENT         REQUIRED
	   residual            1.918815e+01    8.194206e-08    0.000000e+00 
	   energy              1.195977e-01    3.133877e-06    1.195977e-03 
	   displacement        6.565660e-03    6.565660e-03    6.565660e-09 
 2
 Nonlinear solution status: time= 9.3
	stiffness updates             = 1
	right hand side evaluations   = 3
	stiffness matrix reformations = 1
	step from line search         = 1.000000
	convergence norms :     INITIAL         CURRENT         REQUIRED
	   residual            1.918815e+01    5.969194e-13    0.000000e+00 
	   energy              1.195977e-01    1.094362e-12    1.195977e-03 
	   displacement        6.565660e-03    6.948654e-11    6.564944e-09 

convergence summary
    number of iterations   : 2
    number of reformations : 1

------- converged at time : 9.3


Data Record #1
===========================================================================
Step = 93
Time = 9.3
Data = ux;uy;uz
File = parameter_sweeps/tmax4_disp.txt

Data Record #2
===========================================================================
Step = 93
Time = 9.3
Data = sz;J
File = parameter_sweeps/tmax4_stress.txt

===== beginning time step 94 : 9.4 =====


Reforming stiffness matrix: reformation #1

 1
 Nonlinear solution status: time= 9.4
	stiffness updates             = 0
	right hand side evaluations   = 2
	stiffness matrix reformations = 1
	step from line search         = 1.000000
	convergence norms :     INITIAL         CURRENT         REQUIRED
	   residual            1.859078e+01    7.110715e-08    0.000000e+00 
	   energy              1.189173e-01    2.985108e-06    1.189173e-03 
	   displacement        6.571880e-03    6.571880e-03    6.571880e-09 
 2
 Nonlinear solution status: time= 9.4
	stiffness updates             = 1
	right hand side evaluations   = 3
	stiffness matrix reformations = 1
	step from line search         = 1.000000
	convergence norms :     INITIAL         CURRENT         REQUIRED
	   residual            1.859078e+01    5.655646e-13    0.000000e+00 
	   energy              1.189173e-01    1.079549e-12    1.189173e-03 
	   displacement        6.571880e-03    7.413216e-11    6.571104e-09 

convergence summary
    number of iterations   : 2
    number of reformations : 1

------- converged at time : 9.4


Data Record #1
===========================================================================
Step = 94
Time = 9.4
Data = ux;uy;uz
File = parameter_sweeps/tmax4_disp.txt

Data Record #2
===========================================================================
Step = 94
Time = 9.4
Data = sz;J
File = parameter_sweeps/tmax4_stress.txt

===== beginning time step 95 : 9.5 =====


Reforming stiffness matrix: reformation #1

 1
 Nonlinear solution status: time= 9.5
	stiffness updates             = 0
	right hand side evaluations   = 2
	stiffness matrix reformations = 1
	step from line search         = 1.000000
	convergence norms :     INITIAL         CURRENT         REQUIRED
	   residual            1.802197e+01    5.644252e-08    0.000000e+00 
	   energy              1.177808e-01    2.930795e-06    1.177808e-03 
	   displacement        6.525957e-03    6.525957e-03    6.525957e-09 
 2
 Nonlinear solution status: time= 9.5
	stiffness updates             = 1
	right hand side evaluations   = 3
	stiffness matrix reformations = 1
	step from line search         = 1.000000
	convergence norms :     INITIAL         CURRENT         REQUIRED
	   residual            1.802197e+01    4.721437e-13    0.000000e+00 
	   energy              1.177808e-01    1.028548e-12    1.177808e-03 
	   displacement        6.525957e-03    7.836512e-11    6.525143e-09 

convergence summary
    number of iterations   : 2
    number of reformations : 1

------- converged at time : 9.5


Data Record #1
===========================================================================
Step = 95
Time = 9.5
Data = ux;uy;uz
File = parameter_sweeps/tmax4_disp.txt

Data Record #2
===========================================================================
Step = 95
Time = 9.5
Data = sz;J
File = parameter_sweeps/tmax4_stress.txt

===== beginning time step 96 : 9.6 =====


Reforming stiffness matrix: reformation #1

 1
 Nonlinear solution status: time= 9.6
	stiffness updates             = 0
	right hand side evaluations   = 2
	stiffness matrix reformations = 1
	step from line search         = 1.000000
	convergence norms :     INITIAL         CURRENT         REQUIRED
	   residual            1.783553e+01    9.536316e-08    0.000000e+00 
	   energy              1.180718e-01    2.872944e-06    1.180718e-03 
	   displacement        6.547632e-03    6.547632e-03    6.547632e-09 
 2
 Nonlinear solution status: time= 9.6
	stiffness updates             = 1
	right hand side evaluations   = 3
	stiffness matrix reformations = 1
	step from line search         = 1.000000
	convergence norms :     INITIAL         CURRENT         REQUIRED
	   residual            1.783553e+01    1.425285e-11    0.000000e+00 
	   energy              1.180718e-01    5.656721e-12    1.180718e-03 
	   displacement        6.547632e-03    8.226474e-11    6.546827e-09 

convergence summary
    number of iterations   : 2
    number of reformations : 1

------- converged at time : 9.6


Data Record #1
===========================================================================
Step = 96
Time = 9.6
Data = ux;uy;uz
File = parameter_sweeps/tmax4_disp.txt

Data Record #2
===========================================================================
Step = 96
Time = 9.6
Data = sz;J
File = parameter_sweeps/tmax4_stress.txt

===== beginning time step 97 : 9.7 =====


Reforming stiffness matrix: reformation #1

 1
 Nonlinear solution status: time= 9.7
	stiffness updates             = 0
	right hand side evaluations   = 2
	stiffness matrix reformations = 1
	step from line search         = 1.000000
	convergence norms :     INITIAL         CURRENT         REQUIRED
	   residual            1.840959e+01    3.390278e-08    0.000000e+00 
	   energy              1.214286e-01    2.594730e-06    1.214286e-03 
	   displacement        6.724743e-03    6.724743e-03    6.724743e-09 
 2
 Nonlinear solution status: time= 9.7
	stiffness updates             = 1
	right hand side evaluations   = 3
	stiffness matrix reformations = 1
	step from line search         = 1.000000
	convergence norms :     INITIAL         CURRENT         REQUIRED
	   residual            1.840959e+01    2.122234e-13    0.000000e+00 
	   energy              1.214286e-01    7.672310e-13    1.214286e-03 
	   displacement        6.724743e-03    7.059841e-11    6.723986e-09 

convergence summary
    number of iterations   : 2
    number of reformations : 1

------- converged at time : 9.7


Data Record #1
===========================================================================
Step = 97
Time = 9.7
Data = ux;uy;uz
File = parameter_sweeps/tmax4_disp.txt

Data Record #2
===========================================================================
Step = 97
Time = 9.7
Data = sz;J
File = parameter_sweeps/tmax4_stress.txt

===== beginning time step 98 : 9.8 =====


Reforming stiffness matrix: reformation #1

 1
 Nonlinear solution status: time= 9.8
	stiffness updates             = 0
	right hand side evaluations   = 2
	stiffness matrix reformations = 1
	step from line search         = 1.000000
	convergence norms :     INITIAL         CURRENT         REQUIRED
	   residual            2.002421e+01    2.310487e-08    0.000000e+00 
	   energy              1.287822e-01    2.267095e-06    1.287822e-03 
	   displacement        7.073442e-03    7.073442e-03    7.073442e-09 
 2
 Nonlinear solution status: time= 9.8
	stiffness updates             = 1
	right hand side evaluations   = 3
	stiffness matrix reformations = 1
	step from line search         = 1.000000
	convergence norms :     INITIAL         CURRENT         REQUIRED
	   residual            2.002421e+01    2.457709e-13    0.000000e+00 
	   energy              1.287822e-01    8.063254e-13    1.287822e-03 
	   displacement        7.073442e-03    6.479049e-11    7.072767e-09 

convergence summary
    number of iterations   : 2
    number of reformations : 1

------- converged at time : 9.8


Data Record #1
===========================================================================
Step = 98
Time = 9.8
Data = ux;uy;uz
File = parameter_sweeps/tmax4_disp.txt

Data Record #2
===========================================================================
Step = 98
Time = 9.8
Data = sz;J
File = parameter_sweeps/tmax4_stress.txt

===== beginning time step 99 : 9.9 =====


Reforming stiffness matrix: reformation #1

 1
 Nonlinear solution status: time= 9.9
	stiffness updates             = 0
	right hand side evaluations   = 2
	stiffness matrix reformations = 1
	step from line search         = 1.000000
	convergence norms :     INITIAL         CURRENT         REQUIRED
	   residual            2.272287e+01    2.617988e-08    0.000000e+00 
	   energy              1.401070e-01    2.015881e-06    1.401070e-03 
	   displacement        7.573047e-03    7.573047e-03    7.573047e-09 
 2
 Nonlinear solution status: time= 9.9
	stiffness updates             = 1
	right hand side evaluations   = 3
	stiffness matrix reformations = 1
	step from line search         = 1.000000
	convergence norms :     INITIAL         CURRENT         REQUIRED
	   residual            2.272287e+01    3.178880e-13    0.000000e+00 
	   energy              1.401070e-01    9.533106e-13    1.401070e-03 
	   displacement        7.573047e-03    6.613888e-11    7.572429e-09 

convergence summary
    number of iterations   : 2
    number of reformations : 1

------- converged at time : 9.9


Data Record #1
===========================================================================
Step = 99
Time = 9.9
Data = ux;uy;uz
File = parameter_sweeps/tmax4_disp.txt

Data Record #2
===========================================================================
Step = 99
Time = 9.9
Data = sz;J
File = parameter_sweeps/tmax4_stress.txt

===== beginning time step 100 : 10 =====


Reforming stiffness matrix: reformation #1

 1
 Nonlinear solution status: time= 10
	stiffness updates             = 0
	right hand side evaluations   = 2
	stiffness matrix reformations = 1
	step from line search         = 1.000000
	convergence norms :     INITIAL         CURRENT         REQUIRED
	   residual            2.627346e+01    2.217271e-08    0.000000e+00 
	   energy              1.548459e-01    1.861008e-06    1.548459e-03 
	   displacement        8.199299e-03    8.199299e-03    8.199299e-09 
 2
 Nonlinear solution status: time= 10
	stiffness updates             = 1
	right hand side evaluations   = 3
	stiffness matrix reformations = 1
	step from line search         = 1.000000
	convergence norms :     INITIAL         CURRENT         REQUIRED
	   residual            2.627346e+01    3.209977e-13    0.000000e+00 
	   energy              1.548459e-01    8.873552e-13    1.548459e-03 
	   displacement        8.199299e-03    6.304807e-11    8.198733e-09 

convergence summary
    number of iterations   : 2
    number of reformations : 1

------- converged at time : 10


Data Record #1
===========================================================================
Step = 100
Time = 10
Data = ux;uy;uz
File = parameter_sweeps/tmax4_disp.txt

Data Record #2
===========================================================================
Step = 100
Time = 10
Data = sz;J
File = parameter_sweeps/tmax4_stress.txt

===== beginning time step 101 : 10.1 =====


Reforming stiffness matrix: reformation #1

 1
 Nonlinear solution status: time= 10.1
	stiffness updates             = 0
	right hand side evaluations   = 2
	stiffness matrix reformations = 1
	step from line search         = 1.000000
	convergence norms :     INITIAL         CURRENT         REQUIRED
	   residual            3.040160e+01    1.976189e-08    0.000000e+00 
	   energy              1.724220e-01    1.827491e-06    1.724220e-03 
	   displacement        8.931262e-03    8.931262e-03    8.931262e-09 
 2
 Nonlinear solution status: time= 10.1
	stiffness updates             = 1
	right hand side evaluations   = 3
	stiffness matrix reformations = 1
	step from line search         = 1.000000
	convergence norms :     INITIAL         CURRENT         REQUIRED
	   residual            3.040160e+01    2.916594e-13    0.000000e+00 
	   energy              1.724220e-01    7.758693e-13    1.724220e-03 
	   displacement        8.931262e-03    5.619058e-11    8.930767e-09 

convergence summary
    number of iterations   : 2
    number of reformations : 1

------- converged at time : 10.1


Data Record #1
===========================================================================
Step = 101
Time = 10.1
Data = ux;uy;uz
File = parameter_sweeps/tmax4_disp.txt

Data Record #2
===========================================================================
Step = 101
Time = 10.1
Data = sz;J
File = parameter_sweeps/tmax4_stress.txt

===== beginning time step 102 : 10.2 =====


Reforming stiffness matrix: reformation #1

 1
 Nonlinear solution status: time= 10.2
	stiffness updates             = 0
	right hand side evaluations   = 2
	stiffness matrix reformations = 1
	step from line search         = 1.000000
	convergence norms :     INITIAL         CURRENT         REQUIRED
	   residual            3.503447e+01    2.304514e-08    0.000000e+00 
	   energy              1.921733e-01    1.933502e-06    1.921733e-03 
	   displacement        9.730944e-03    9.730944e-03    9.730944e-09 
 2
 Nonlinear solution status: time= 10.2
	stiffness updates             = 1
	right hand side evaluations   = 3
	stiffness matrix reformations = 1
	step from line search         = 1.000000
	convergence norms :     INITIAL         CURRENT         REQUIRED
	   residual            3.503447e+01    2.973434e-13    0.000000e+00 
	   energy              1.921733e-01    8.360014e-13    1.921733e-03 
	   displacement        9.730944e-03    5.606239e-11    9.730477e-09 

convergence summary
    number of iterations   : 2
    number of reformations : 1

------- converged at time : 10.2


Data Record #1
===========================================================================
Step = 102
Time = 10.2
Data = ux;uy;uz
File = parameter_sweeps/tmax4_disp.txt

Data Record #2
===========================================================================
Step = 102
Time = 10.2
Data = sz;J
File = parameter_sweeps/tmax4_stress.txt

===== beginning time step 103 : 10.3 =====


Reforming stiffness matrix: reformation #1

 1
 Nonlinear solution status: time= 10.3
	stiffness updates             = 0
	right hand side evaluations   = 2
	stiffness matrix reformations = 1
	step from line search         = 1.000000
	convergence norms :     INITIAL         CURRENT         REQUIRED
	   residual            4.019843e+01    3.822396e-08    0.000000e+00 
	   energy              2.134632e-01    2.060685e-06    2.134632e-03 
	   displacement        1.054639e-02    1.054639e-02    1.054639e-08 
 2
 Nonlinear solution status: time= 10.3
	stiffness updates             = 1
	right hand side evaluations   = 3
	stiffness matrix reformations = 1
	step from line search         = 1.000000
	convergence norms :     INITIAL         CURRENT         REQUIRED
	   residual            4.019843e+01    4.574315e-13    0.000000e+00 
	   energy              2.134632e-01    1.125808e-12    2.134632e-03 
	   displacement        1.054639e-02    6.226672e-11    1.054596e-08 

convergence summary
    number of iterations   : 2
    number of reformations : 1

------- converged at time : 10.3


Data Record #1
===========================================================================
Step = 103
Time = 10.3
Data = ux;uy;uz
File = parameter_sweeps/tmax4_disp.txt

Data Record #2
===========================================================================
Step = 103
Time = 10.3
Data = sz;J
File = parameter_sweeps/tmax4_stress.txt

===== beginning time step 104 : 10.4 =====


Reforming stiffness matrix: reformation #1

 1
 Nonlinear solution status: time= 10.4
	stiffness updates             = 0
	right hand side evaluations   = 2
	stiffness matrix reformations = 1
	step from line search         = 1.000000
	convergence norms :     INITIAL         CURRENT         REQUIRED
	   residual            4.574202e+01    5.871940e-08    0.000000e+00 
	   energy              2.361862e-01    2.087326e-06    2.361862e-03 
	   displacement        1.137601e-02    1.137601e-02    1.137601e-08 
 2
 Nonlinear solution status: time= 10.4
	stiffness updates             = 1
	right hand side evaluations   = 3
	stiffness matrix reformations = 1
	step from line search         = 1.000000
	convergence norms :     INITIAL         CURRENT         REQUIRED
	   residual            4.574202e+01    1.147001e-12    0.000000e+00 
	   energy              2.361862e-01    1.233937e-12    2.361862e-03 
	   displacement        1.137601e-02    6.863860e-11    1.137564e-08 

convergence summary
    number of iterations   : 2
    number of reformations : 1

------- converged at time : 10.4


Data Record #1
===========================================================================
Step = 104
Time = 10.4
Data = ux;uy;uz
File = parameter_sweeps/tmax4_disp.txt

Data Record #2
===========================================================================
Step = 104
Time = 10.4
Data = sz;J
File = parameter_sweeps/tmax4_stress.txt

===== beginning time step 105 : 10.5 =====


Reforming stiffness matrix: reformation #1

 1
 Nonlinear solution status: time= 10.5
	stiffness updates             = 0
	right hand side evaluations   = 2
	stiffness matrix reformations = 1
	step from line search         = 1.000000
	convergence norms :     INITIAL         CURRENT         REQUIRED
	   residual            5.144683e+01    5.789489e-08    0.000000e+00 
	   energy              2.610007e-01    2.065918e-06    2.610007e-03 
	   displacement        1.231016e-02    1.231016e-02    1.231016e-08 
 2
 Nonlinear solution status: time= 10.5
	stiffness updates             = 1
	right hand side evaluations   = 3
	stiffness matrix reformations = 1
	step from line search         = 1.000000
	convergence norms :     INITIAL         CURRENT         REQUIRED
	   residual            5.144683e+01    7.655789e-13    0.000000e+00 
	   energy              2.610007e-01    1.768029e-12    2.610007e-03 
	   displacement        1.231016e-02    7.163028e-11    1.230981e-08 

convergence summary
    number of iterations   : 2
    number of reformations : 1

------- converged at time : 10.5


Data Record #1
===========================================================================
Step = 105
Time = 10.5
Data = ux;uy;uz
File = parameter_sweeps/tmax4_disp.txt

Data Record #2
===========================================================================
Step = 105
Time = 10.5
Data = sz;J
File = parameter_sweeps/tmax4_stress.txt

===== beginning time step 106 : 10.6 =====


Reforming stiffness matrix: reformation #1

 1
 Nonlinear solution status: time= 10.6
	stiffness updates             = 0
	right hand side evaluations   = 2
	stiffness matrix reformations = 1
	step from line search         = 1.000000
	convergence norms :     INITIAL         CURRENT         REQUIRED
	   residual            5.726196e+01    5.808156e-08    0.000000e+00 
	   energy              2.888916e-01    2.118516e-06    2.888916e-03 
	   displacement        1.344422e-02    1.344422e-02    1.344422e-08 
 2
 Nonlinear solution status: time= 10.6
	stiffness updates             = 1
	right hand side evaluations   = 3
	stiffness matrix reformations = 1
	step from line search         = 1.000000
	convergence norms :     INITIAL         CURRENT         REQUIRED
	   residual            5.726196e+01    8.481329e-13    0.000000e+00 
	   energy              2.888916e-01    1.895988e-12    2.888916e-03 
	   displacement        1.344422e-02    7.552841e-11    1.344385e-08 

convergence summary
    number of iterations   : 2
    number of reformations : 1

------- converged at time : 10.6


Data Record #1
===========================================================================
Step = 106
Time = 10.6
Data = ux;uy;uz
File = parameter_sweeps/tmax4_disp.txt

Data Record #2
===========================================================================
Step = 106
Time = 10.6
Data = sz;J
File = parameter_sweeps/tmax4_stress.txt

===== beginning time step 107 : 10.7 =====


Reforming stiffness matrix: reformation #1

 1
 Nonlinear solution status: time= 10.7
	stiffness updates             = 0
	right hand side evaluations   = 2
	stiffness matrix reformations = 1
	step from line search         = 1.000000
	convergence norms :     INITIAL         CURRENT         REQUIRED
	   residual            6.330497e+01    5.641547e-08    0.000000e+00 
	   energy              3.204971e-01    2.346861e-06    3.204971e-03 
	   displacement        1.482448e-02    1.482448e-02    1.482448e-08 
 2
 Nonlinear solution status: time= 10.7
	stiffness updates             = 1
	right hand side evaluations   = 3
	stiffness matrix reformations = 1
	step from line search         = 1.000000
	convergence norms :     INITIAL         CURRENT         REQUIRED
	   residual            6.330497e+01    8.222642e-13    0.000000e+00 
	   energy              3.204971e-01    1.829678e-12    3.204971e-03 
	   displacement        1.482448e-02    8.073475e-11    1.482400e-08 

convergence summary
    number of iterations   : 2
    number of reformations : 1

------- converged at time : 10.7


Data Record #1
===========================================================================
Step = 107
Time = 10.7
Data = ux;uy;uz
File = parameter_sweeps/tmax4_disp.txt

Data Record #2
===========================================================================
Step = 107
Time = 10.7
Data = sz;J
File = parameter_sweeps/tmax4_stress.txt

===== beginning time step 108 : 10.8 =====


Reforming stiffness matrix: reformation #1

 1
 Nonlinear solution status: time= 10.8
	stiffness updates             = 0
	right hand side evaluations   = 2
	stiffness matrix reformations = 1
	step from line search         = 1.000000
	convergence norms :     INITIAL         CURRENT         REQUIRED
	   residual            6.952795e+01    6.090309e-08    0.000000e+00 
	   energy              3.559023e-01    2.794153e-06    3.559023e-03 
	   displacement        1.648230e-02    1.648230e-02    1.648230e-08 
 2
 Nonlinear solution status: time= 10.8
	stiffness updates             = 1
	right hand side evaluations   = 3
	stiffness matrix reformations = 1
	step from line search         = 1.000000
	convergence norms :     INITIAL         CURRENT         REQUIRED
	   residual            6.952795e+01    9.002922e-13    0.000000e+00 
	   energy              3.559023e-01    1.928653e-12    3.559023e-03 
	   displacement        1.648230e-02    9.250125e-11    1.648166e-08 

convergence summary
    number of iterations   : 2
    number of reformations : 1

------- converged at time : 10.8


Data Record #1
===========================================================================
Step = 108
Time = 10.8
Data = ux;uy;uz
File = parameter_sweeps/tmax4_disp.txt

Data Record #2
===========================================================================
Step = 108
Time = 10.8
Data = sz;J
File = parameter_sweeps/tmax4_stress.txt

===== beginning time step 109 : 10.9 =====


Reforming stiffness matrix: reformation #1

 1
 Nonlinear solution status: time= 10.9
	stiffness updates             = 0
	right hand side evaluations   = 2
	stiffness matrix reformations = 1
	step from line search         = 1.000000
	convergence norms :     INITIAL         CURRENT         REQUIRED
	   residual            7.560864e+01    5.778899e-08    0.000000e+00 
	   energy              3.949082e-01    3.295942e-06    3.949082e-03 
	   displacement        1.843586e-02    1.843586e-02    1.843586e-08 
 2
 Nonlinear solution status: time= 10.9
	stiffness updates             = 1
	right hand side evaluations   = 3
	stiffness matrix reformations = 1
	step from line search         = 1.000000
	convergence norms :     INITIAL         CURRENT         REQUIRED
	   residual            7.560864e+01    9.154520e-13    0.000000e+00 
	   energy              3.949082e-01    1.892365e-12    3.949082e-03 
	   displacement        1.843586e-02    1.016488e-10    1.843506e-08 

convergence summary
    number of iterations   : 2
    number of reformations : 1

------- converged at time : 10.9


Data Record #1
===========================================================================
Step = 109
Time = 10.9
Data = ux;uy;uz
File = parameter_sweeps/tmax4_disp.txt

Data Record #2
===========================================================================
Step = 109
Time = 10.9
Data = sz;J
File = parameter_sweeps/tmax4_stress.txt

===== beginning time step 110 : 11 =====


Reforming stiffness matrix: reformation #1

 1
 Nonlinear solution status: time= 11
	stiffness updates             = 0
	right hand side evaluations   = 2
	stiffness matrix reformations = 1
	step from line search         = 1.000000
	convergence norms :     INITIAL         CURRENT         REQUIRED
	   residual            8.135941e+01    4.342701e-08    0.000000e+00 
	   energy              4.373942e-01    3.757724e-06    4.373942e-03 
	   displacement        2.070135e-02    2.070135e-02    2.070135e-08 
 2
 Nonlinear solution status: time= 11
	stiffness updates             = 1
	right hand side evaluations   = 3
	stiffness matrix reformations = 1
	step from line search         = 1.000000
	convergence norms :     INITIAL         CURRENT         REQUIRED
	   residual            8.135941e+01    7.181165e-13    0.000000e+00 
	   energy              4.373942e-01    1.728847e-12    4.373942e-03 
	   displacement        2.070135e-02    1.100655e-10    2.070038e-08 

convergence summary
    number of iterations   : 2
    number of reformations : 1

------- converged at time : 11


Data Record #1
===========================================================================
Step = 110
Time = 11
Data = ux;uy;uz
File = parameter_sweeps/tmax4_disp.txt

Data Record #2
===========================================================================
Step = 110
Time = 11
Data = sz;J
File = parameter_sweeps/tmax4_stress.txt

===== beginning time step 111 : 11.1 =====


Reforming stiffness matrix: reformation #1

 1
 Nonlinear solution status: time= 11.1
	stiffness updates             = 0
	right hand side evaluations   = 2
	stiffness matrix reformations = 1
	step from line search         = 1.000000
	convergence norms :     INITIAL         CURRENT         REQUIRED
	   residual            8.698537e+01    3.877228e-08    0.000000e+00 
	   energy              4.833454e-01    4.297081e-06    4.833454e-03 
	   displacement        2.323370e-02    2.323370e-02    2.323370e-08 
 2
 Nonlinear solution status: time= 11.1
	stiffness updates             = 1
	right hand side evaluations   = 3
	stiffness matrix reformations = 1
	step from line search         = 1.000000
	convergence norms :     INITIAL         CURRENT         REQUIRED
	   residual            8.698537e+01    6.537668e-13    0.000000e+00 
	   energy              4.833454e-01    1.897430e-12    4.833454e-03 
	   displacement        2.323370e-02    1.256158e-10    2.323252e-08 

convergence summary
    number of iterations   : 2
    number of reformations : 1

------- converged at time : 11.1


Data Record #1
===========================================================================
Step = 111
Time = 11.1
Data = ux;uy;uz
File = parameter_sweeps/tmax4_disp.txt

Data Record #2
===========================================================================
Step = 111
Time = 11.1
Data = sz;J
File = parameter_sweeps/tmax4_stress.txt

===== beginning time step 112 : 11.2 =====


Reforming stiffness matrix: reformation #1

 1
 Nonlinear solution status: time= 11.2
	stiffness updates             = 0
	right hand side evaluations   = 2
	stiffness matrix reformations = 1
	step from line search         = 1.000000
	convergence norms :     INITIAL         CURRENT         REQUIRED
	   residual            9.306315e+01    4.416659e-08    0.000000e+00 
	   energy              5.324697e-01    4.976247e-06    5.324697e-03 
	   displacement        2.587733e-02    2.587733e-02    2.587733e-08 
 2
 Nonlinear solution status: time= 11.2
	stiffness updates             = 1
	right hand side evaluations   = 3
	stiffness matrix reformations = 1
	step from line search         = 1.000000
	convergence norms :     INITIAL         CURRENT         REQUIRED
	   residual            9.306315e+01    7.070220e-13    0.000000e+00 
	   energy              5.324697e-01    2.277011e-12    5.324697e-03 
	   displacement        2.587733e-02    1.448337e-10    2.587591e-08 

convergence summary
    number of iterations   : 2
    number of reformations : 1

------- converged at time : 11.2


Data Record #1
===========================================================================
Step = 112
Time = 11.2
Data = ux;uy;uz
File = parameter_sweeps/tmax4_disp.txt

Data Record #2
===========================================================================
Step = 112
Time = 11.2
Data = sz;J
File = parameter_sweeps/tmax4_stress.txt

===== beginning time step 113 : 11.3 =====


Reforming stiffness matrix: reformation #1

 1
 Nonlinear solution status: time= 11.3
	stiffness updates             = 0
	right hand side evaluations   = 2
	stiffness matrix reformations = 1
	step from line search         = 1.000000
	convergence norms :     INITIAL         CURRENT         REQUIRED
	   residual            1.000573e+02    4.156538e-08    0.000000e+00 
	   energy              5.838846e-01    5.781883e-06    5.838846e-03 
	   displacement        2.852267e-02    2.852267e-02    2.852267e-08 
 2
 Nonlinear solution status: time= 11.3
	stiffness updates             = 1
	right hand side evaluations   = 3
	stiffness matrix reformations = 1
	step from line search         = 1.000000
	convergence norms :     INITIAL         CURRENT         REQUIRED
	   residual            1.000573e+02    7.495466e-13    0.000000e+00 
	   energy              5.838846e-01    2.402519e-12    5.838846e-03 
	   displacement        2.852267e-02    1.615448e-10    2.852109e-08 

convergence summary
    number of iterations   : 2
    number of reformations : 1

------- converged at time : 11.3


Data Record #1
===========================================================================
Step = 113
Time = 11.3
Data = ux;uy;uz
File = parameter_sweeps/tmax4_disp.txt

Data Record #2
===========================================================================
Step = 113
Time = 11.3
Data = sz;J
File = parameter_sweeps/tmax4_stress.txt

===== beginning time step 114 : 11.4 =====


Reforming stiffness matrix: reformation #1

 1
 Nonlinear solution status: time= 11.4
	stiffness updates             = 0
	right hand side evaluations   = 2
	stiffness matrix reformations = 1
	step from line search         = 1.000000
	convergence norms :     INITIAL         CURRENT         REQUIRED
	   residual            1.078346e+02    3.703904e-08    0.000000e+00 
	   energy              6.359657e-01    6.696720e-06    6.359657e-03 
	   displacement        3.112446e-02    3.112446e-02    3.112446e-08 
 2
 Nonlinear solution status: time= 11.4
	stiffness updates             = 1
	right hand side evaluations   = 3
	stiffness matrix reformations = 1
	step from line search         = 1.000000
	convergence norms :     INITIAL         CURRENT         REQUIRED
	   residual            1.078346e+02    6.361477e-13    0.000000e+00 
	   energy              6.359657e-01    2.382454e-12    6.359657e-03 
	   displacement        3.112446e-02    1.754454e-10    3.112270e-08 

convergence summary
    number of iterations   : 2
    number of reformations : 1

------- converged at time : 11.4


Data Record #1
===========================================================================
Step = 114
Time = 11.4
Data = ux;uy;uz
File = parameter_sweeps/tmax4_disp.txt

Data Record #2
===========================================================================
Step = 114
Time = 11.4
Data = sz;J
File = parameter_sweeps/tmax4_stress.txt

===== beginning time step 115 : 11.5 =====


Reforming stiffness matrix: reformation #1

 1
 Nonlinear solution status: time= 11.5
	stiffness updates             = 0
	right hand side evaluations   = 2
	stiffness matrix reformations = 1
	step from line search         = 1.000000
	convergence norms :     INITIAL         CURRENT         REQUIRED
	   residual            1.159546e+02    3.945906e-08    0.000000e+00 
	   energy              6.866096e-01    7.621744e-06    6.866096e-03 
	   displacement        3.358922e-02    3.358922e-02    3.358922e-08 
 2
 Nonlinear solution status: time= 11.5
	stiffness updates             = 1
	right hand side evaluations   = 3
	stiffness matrix reformations = 1
	step from line search         = 1.000000
	convergence norms :     INITIAL         CURRENT         REQUIRED
	   residual            1.159546e+02    5.583556e-13    0.000000e+00 
	   energy              6.866096e-01    2.420731e-12    6.866096e-03 
	   displacement        3.358922e-02    1.859524e-10    3.358727e-08 

convergence summary
    number of iterations   : 2
    number of reformations : 1

------- converged at time : 11.5


Data Record #1
===========================================================================
Step = 115
Time = 11.5
Data = ux;uy;uz
File = parameter_sweeps/tmax4_disp.txt

Data Record #2
===========================================================================
Step = 115
Time = 11.5
Data = sz;J
File = parameter_sweeps/tmax4_stress.txt

===== beginning time step 116 : 11.6 =====


Reforming stiffness matrix: reformation #1

 1
 Nonlinear solution status: time= 11.6
	stiffness updates             = 0
	right hand side evaluations   = 2
	stiffness matrix reformations = 1
	step from line search         = 1.000000
	convergence norms :     INITIAL         CURRENT         REQUIRED
	   residual            1.242276e+02    4.298183e-08    0.000000e+00 
	   energy              7.338945e-01    8.411784e-06    7.338945e-03 
	   displacement        3.580592e-02    3.580592e-02    3.580592e-08 
 2
 Nonlinear solution status: time= 11.6
	stiffness updates             = 1
	right hand side evaluations   = 3
	stiffness matrix reformations = 1
	step from line search         = 1.000000
	convergence norms :     INITIAL         CURRENT         REQUIRED
	   residual            1.242276e+02    5.299014e-13    0.000000e+00 
	   energy              7.338945e-01    2.324661e-12    7.338945e-03 
	   displacement        3.580592e-02    1.888267e-10    3.580384e-08 

convergence summary
    number of iterations   : 2
    number of reformations : 1

------- converged at time : 11.6


Data Record #1
===========================================================================
Step = 116
Time = 11.6
Data = ux;uy;uz
File = parameter_sweeps/tmax4_disp.txt

Data Record #2
===========================================================================
Step = 116
Time = 11.6
Data = sz;J
File = parameter_sweeps/tmax4_stress.txt

===== beginning time step 117 : 11.7 =====


Reforming stiffness matrix: reformation #1

 1
 Nonlinear solution status: time= 11.7
	stiffness updates             = 0
	right hand side evaluations   = 2
	stiffness matrix reformations = 1
	step from line search         = 1.000000
	convergence norms :     INITIAL         CURRENT         REQUIRED
	   residual            1.325281e+02    4.059053e-08    0.000000e+00 
	   energy              7.763109e-01    8.951584e-06    7.763109e-03 
	   displacement        3.768224e-02    3.768224e-02    3.768224e-08 
 2
 Nonlinear solution status: time= 11.7
	stiffness updates             = 1
	right hand side evaluations   = 3
	stiffness matrix reformations = 1
	step from line search         = 1.000000
	convergence norms :     INITIAL         CURRENT         REQUIRED
	   residual            1.325281e+02    5.175328e-13    0.000000e+00 
	   energy              7.763109e-01    2.230403e-12    7.763109e-03 
	   displacement        3.768224e-02    1.898162e-10    3.768008e-08 

convergence summary
    number of iterations   : 2
    number of reformations : 1

------- converged at time : 11.7


Data Record #1
===========================================================================
Step = 117
Time = 11.7
Data = ux;uy;uz
File = parameter_sweeps/tmax4_disp.txt

Data Record #2
===========================================================================
Step = 117
Time = 11.7
Data = sz;J
File = parameter_sweeps/tmax4_stress.txt

===== beginning time step 118 : 11.8 =====


Reforming stiffness matrix: reformation #1

 1
 Nonlinear solution status: time= 11.8
	stiffness updates             = 0
	right hand side evaluations   = 2
	stiffness matrix reformations = 1
	step from line search         = 1.000000
	convergence norms :     INITIAL         CURRENT         REQUIRED
	   residual            1.404987e+02    3.710560e-08    0.000000e+00 
	   energy              8.125498e-01    9.137673e-06    8.125498e-03 
	   displacement        3.916835e-02    3.916835e-02    3.916835e-08 
 2
 Nonlinear solution status: time= 11.8
	stiffness updates             = 1
	right hand side evaluations   = 3
	stiffness matrix reformations = 1
	step from line search         = 1.000000
	convergence norms :     INITIAL         CURRENT         REQUIRED
	   residual            1.404987e+02    6.031551e-13    0.000000e+00 
	   energy              8.125498e-01    2.424531e-12    8.125498e-03 
	   displacement        3.916835e-02    2.004544e-10    3.916614e-08 

convergence summary
    number of iterations   : 2
    number of reformations : 1

------- converged at time : 11.8


Data Record #1
===========================================================================
Step = 118
Time = 11.8
Data = ux;uy;uz
File = parameter_sweeps/tmax4_disp.txt

Data Record #2
===========================================================================
Step = 118
Time = 11.8
Data = sz;J
File = parameter_sweeps/tmax4_stress.txt

===== beginning time step 119 : 11.9 =====


Reforming stiffness matrix: reformation #1

 1
 Nonlinear solution status: time= 11.9
	stiffness updates             = 0
	right hand side evaluations   = 2
	stiffness matrix reformations = 1
	step from line search         = 1.000000
	convergence norms :     INITIAL         CURRENT         REQUIRED
	   residual            1.476437e+02    3.851804e-08    0.000000e+00 
	   energy              8.415687e-01    8.863696e-06    8.415687e-03 
	   displacement        4.028159e-02    4.028159e-02    4.028159e-08 
 2
 Nonlinear solution status: time= 11.9
	stiffness updates             = 1
	right hand side evaluations   = 3
	stiffness matrix reformations = 1
	step from line search         = 1.000000
	convergence norms :     INITIAL         CURRENT         REQUIRED
	   residual            1.476437e+02    6.446793e-13    0.000000e+00 
	   energy              8.415687e-01    2.653877e-12    8.415687e-03 
	   displacement        4.028159e-02    2.066877e-10    4.027941e-08 

convergence summary
    number of iterations   : 2
    number of reformations : 1

------- converged at time : 11.9


Data Record #1
===========================================================================
Step = 119
Time = 11.9
Data = ux;uy;uz
File = parameter_sweeps/tmax4_disp.txt

Data Record #2
===========================================================================
Step = 119
Time = 11.9
Data = sz;J
File = parameter_sweeps/tmax4_stress.txt

===== beginning time step 120 : 12 =====


Reforming stiffness matrix: reformation #1

 1
 Nonlinear solution status: time= 12
	stiffness updates             = 0
	right hand side evaluations   = 2
	stiffness matrix reformations = 1
	step from line search         = 1.000000
	convergence norms :     INITIAL         CURRENT         REQUIRED
	   residual            1.534765e+02    4.894894e-08    0.000000e+00 
	   energy              8.632207e-01    8.341482e-06    8.632207e-03 
	   displacement        4.108580e-02    4.108580e-02    4.108580e-08 
 2
 Nonlinear solution status: time= 12
	stiffness updates             = 1
	right hand side evaluations   = 3
	stiffness matrix reformations = 1
	step from line search         = 1.000000
	convergence norms :     INITIAL         CURRENT         REQUIRED
	   residual            1.534765e+02    8.536561e-13    0.000000e+00 
	   energy              8.632207e-01    2.840107e-12    8.632207e-03 
	   displacement        4.108580e-02    2.013198e-10    4.108378e-08 

convergence summary
    number of iterations   : 2
    number of reformations : 1

------- converged at time : 12


Data Record #1
===========================================================================
Step = 120
Time = 12
Data = ux;uy;uz
File = parameter_sweeps/tmax4_disp.txt

Data Record #2
===========================================================================
Step = 120
Time = 12
Data = sz;J
File = parameter_sweeps/tmax4_stress.txt

===== beginning time step 121 : 12.1 =====


Reforming stiffness matrix: reformation #1

 1
 Nonlinear solution status: time= 12.1
	stiffness updates             = 0
	right hand side evaluations   = 2
	stiffness matrix reformations = 1
	step from line search         = 1.000000
	convergence norms :     INITIAL         CURRENT         REQUIRED
	   residual            1.579240e+02    6.647562e-08    0.000000e+00 
	   energy              8.783626e-01    8.003778e-06    8.783626e-03 
	   displacement        4.163305e-02    4.163305e-02    4.163305e-08 
 2
 Nonlinear solution status: time= 12.1
	stiffness updates             = 1
	right hand side evaluations   = 3
	stiffness matrix reformations = 1
	step from line search         = 1.000000
	convergence norms :     INITIAL         CURRENT         REQUIRED
	   residual            1.579240e+02    1.106120e-12    0.000000e+00 
	   energy              8.783626e-01    3.105091e-12    8.783626e-03 
	   displacement        4.163305e-02    1.993494e-10    4.163113e-08 

convergence summary
    number of iterations   : 2
    number of reformations : 1

------- converged at time : 12.1


Data Record #1
===========================================================================
Step = 121
Time = 12.1
Data = ux;uy;uz
File = parameter_sweeps/tmax4_disp.txt

Data Record #2
===========================================================================
Step = 121
Time = 12.1
Data = sz;J
File = parameter_sweeps/tmax4_stress.txt

===== beginning time step 122 : 12.2 =====


Reforming stiffness matrix: reformation #1

 1
 Nonlinear solution status: time= 12.2
	stiffness updates             = 0
	right hand side evaluations   = 2
	stiffness matrix reformations = 1
	step from line search         = 1.000000
	convergence norms :     INITIAL         CURRENT         REQUIRED
	   residual            1.615167e+02    8.467445e-08    0.000000e+00 
	   energy              8.885093e-01    7.794570e-06    8.885093e-03 
	   displacement        4.195788e-02    4.195788e-02    4.195788e-08 
 2
 Nonlinear solution status: time= 12.2
	stiffness updates             = 1
	right hand side evaluations   = 3
	stiffness matrix reformations = 1
	step from line search         = 1.000000
	convergence norms :     INITIAL         CURRENT         REQUIRED
	   residual            1.615167e+02    1.519645e-12    0.000000e+00 
	   energy              8.885093e-01    3.377487e-12    8.885093e-03 
	   displacement        4.195788e-02    1.998802e-10    4.195604e-08 

convergence summary
    number of iterations   : 2
    number of reformations : 1

------- converged at time : 12.2


Data Record #1
===========================================================================
Step = 122
Time = 12.2
Data = ux;uy;uz
File = parameter_sweeps/tmax4_disp.txt

Data Record #2
===========================================================================
Step = 122
Time = 12.2
Data = sz;J
File = parameter_sweeps/tmax4_stress.txt

===== beginning time step 123 : 12.3 =====


Reforming stiffness matrix: reformation #1

 1
 Nonlinear solution status: time= 12.3
	stiffness updates             = 0
	right hand side evaluations   = 2
	stiffness matrix reformations = 1
	step from line search         = 1.000000
	convergence norms :     INITIAL         CURRENT         REQUIRED
	   residual            1.651086e+02    9.983004e-08    0.000000e+00 
	   energy              8.953460e-01    7.438911e-06    8.953460e-03 
	   displacement        4.206416e-02    4.206416e-02    4.206416e-08 
 2
 Nonlinear solution status: time= 12.3
	stiffness updates             = 1
	right hand side evaluations   = 3
	stiffness matrix reformations = 1
	step from line search         = 1.000000
	convergence norms :     INITIAL         CURRENT         REQUIRED
	   residual            1.651086e+02    1.782280e-12    0.000000e+00 
	   energy              8.953460e-01    3.524414e-12    8.953460e-03 
	   displacement        4.206416e-02    1.947542e-10    4.206252e-08 

convergence summary
    number of iterations   : 2
    number of reformations : 1

------- converged at time : 12.3


Data Record #1
===========================================================================
Step = 123
Time = 12.3
Data = ux;uy;uz
File = parameter_sweeps/tmax4_disp.txt

Data Record #2
===========================================================================
Step = 123
Time = 12.3
Data = sz;J
File = parameter_sweeps/tmax4_stress.txt

===== beginning time step 124 : 12.4 =====


Reforming stiffness matrix: reformation #1

 1
 Nonlinear solution status: time= 12.4
	stiffness updates             = 0
	right hand side evaluations   = 2
	stiffness matrix reformations = 1
	step from line search         = 1.000000
	convergence norms :     INITIAL         CURRENT         REQUIRED
	   residual            1.692428e+02    1.382628e-07    0.000000e+00 
	   energy              9.004383e-01    6.906137e-06    9.004383e-03 
	   displacement        4.192447e-02    4.192447e-02    4.192447e-08 
 2
 Nonlinear solution status: time= 12.4
	stiffness updates             = 1
	right hand side evaluations   = 3
	stiffness matrix reformations = 1
	step from line search         = 1.000000
	convergence norms :     INITIAL         CURRENT         REQUIRED
	   residual            1.692428e+02    2.198407e-12    0.000000e+00 
	   energy              9.004383e-01    4.002453e-12    9.004383e-03 
	   displacement        4.192447e-02    1.918493e-10    4.192313e-08 

convergence summary
    number of iterations   : 2
    number of reformations : 1

------- converged at time : 12.4


Data Record #1
===========================================================================
Step = 124
Time = 12.4
Data = ux;uy;uz
File = parameter_sweeps/tmax4_disp.txt

Data Record #2
===========================================================================
Step = 124
Time = 12.4
Data = sz;J
File = parameter_sweeps/tmax4_stress.txt

===== beginning time step 125 : 12.5 =====


Reforming stiffness matrix: reformation #1

 1
 Nonlinear solution status: time= 12.5
	stiffness updates             = 0
	right hand side evaluations   = 2
	stiffness matrix reformations = 1
	step from line search         = 1.000000
	convergence norms :     INITIAL         CURRENT         REQUIRED
	   residual            1.735656e+02    1.867424e-07    0.000000e+00 
	   energy              9.048424e-01    6.191794e-06    9.048424e-03 
	   displacement        4.162638e-02    4.162638e-02    4.162638e-08 
 2
 Nonlinear solution status: time= 12.5
	stiffness updates             = 1
	right hand side evaluations   = 3
	stiffness matrix reformations = 1
	step from line search         = 1.000000
	convergence norms :     INITIAL         CURRENT         REQUIRED
	   residual            1.735656e+02    3.012927e-12    0.000000e+00 
	   energy              9.048424e-01    4.625393e-12    9.048424e-03 
	   displacement        4.162638e-02    1.790007e-10    4.162541e-08 

convergence summary
    number of iterations   : 2
    number of reformations : 1

------- converged at time : 12.5


Data Record #1
===========================================================================
Step = 125
Time = 12.5
Data = ux;uy;uz
File = parameter_sweeps/tmax4_disp.txt

Data Record #2
===========================================================================
Step = 125
Time = 12.5
Data = sz;J
File = parameter_sweeps/tmax4_stress.txt

===== beginning time step 126 : 12.6 =====


Reforming stiffness matrix: reformation #1

 1
 Nonlinear solution status: time= 12.6
	stiffness updates             = 0
	right hand side evaluations   = 2
	stiffness matrix reformations = 1
	step from line search         = 1.000000
	convergence norms :     INITIAL         CURRENT         REQUIRED
	   residual            1.771555e+02    2.374799e-07    0.000000e+00 
	   energy              9.085897e-01    5.572883e-06    9.085897e-03 
	   displacement        4.138082e-02    4.138082e-02    4.138082e-08 
 2
 Nonlinear solution status: time= 12.6
	stiffness updates             = 1
	right hand side evaluations   = 3
	stiffness matrix reformations = 1
	step from line search         = 1.000000
	convergence norms :     INITIAL         CURRENT         REQUIRED
	   residual            1.771555e+02    4.072285e-12    0.000000e+00 
	   energy              9.085897e-01    5.124418e-12    9.085897e-03 
	   displacement        4.138082e-02    1.564572e-10    4.138014e-08 

convergence summary
    number of iterations   : 2
    number of reformations : 1

------- converged at time : 12.6


Data Record #1
===========================================================================
Step = 126
Time = 12.6
Data = ux;uy;uz
File = parameter_sweeps/tmax4_disp.txt

Data Record #2
===========================================================================
Step = 126
Time = 12.6
Data = sz;J
File = parameter_sweeps/tmax4_stress.txt

===== beginning time step 127 : 12.7 =====


Reforming stiffness matrix: reformation #1

 1
 Nonlinear solution status: time= 12.7
	stiffness updates             = 0
	right hand side evaluations   = 2
	stiffness matrix reformations = 1
	step from line search         = 1.000000
	convergence norms :     INITIAL         CURRENT         REQUIRED
	   residual            1.794870e+02    2.954328e-07    0.000000e+00 
	   energy              9.107771e-01    5.422958e-06    9.107771e-03 
	   displacement        4.123620e-02    4.123620e-02    4.123620e-08 
 2
 Nonlinear solution status: time= 12.7
	stiffness updates             = 1
	right hand side evaluations   = 3
	stiffness matrix reformations = 1
	step from line search         = 1.000000
	convergence norms :     INITIAL         CURRENT         REQUIRED
	   residual            1.794870e+02    5.483291e-12    0.000000e+00 
	   energy              9.107771e-01    6.109583e-12    9.107771e-03 
	   displacement        4.123620e-02    1.563963e-10    4.123572e-08 

convergence summary
    number of iterations   : 2
    number of reformations : 1

------- converged at time : 12.7


Data Record #1
===========================================================================
Step = 127
Time = 12.7
Data = ux;uy;uz
File = parameter_sweeps/tmax4_disp.txt

Data Record #2
===========================================================================
Step = 127
Time = 12.7
Data = sz;J
File = parameter_sweeps/tmax4_stress.txt

===== beginning time step 128 : 12.8 =====


Reforming stiffness matrix: reformation #1

 1
 Nonlinear solution status: time= 12.8
	stiffness updates             = 0
	right hand side evaluations   = 2
	stiffness matrix reformations = 1
	step from line search         = 1.000000
	convergence norms :     INITIAL         CURRENT         REQUIRED
	   residual            1.807358e+02    3.178665e-07    0.000000e+00 
	   energy              9.101417e-01    5.606392e-06    9.101417e-03 
	   displacement        4.104089e-02    4.104089e-02    4.104089e-08 
 2
 Nonlinear solution status: time= 12.8
	stiffness updates             = 1
	right hand side evaluations   = 3
	stiffness matrix reformations = 1
	step from line search         = 1.000000
	convergence norms :     INITIAL         CURRENT         REQUIRED
	   residual            1.807358e+02    5.908085e-12    0.000000e+00 
	   energy              9.101417e-01    6.860491e-12    9.101417e-03 
	   displacement        4.104089e-02    1.679858e-10    4.104054e-08 

convergence summary
    number of iterations   : 2
    number of reformations : 1

------- converged at time : 12.8


Data Record #1
===========================================================================
Step = 128
Time = 12.8
Data = ux;uy;uz
File = parameter_sweeps/tmax4_disp.txt

Data Record #2
===========================================================================
Step = 128
Time = 12.8
Data = sz;J
File = parameter_sweeps/tmax4_stress.txt

===== beginning time step 129 : 12.9 =====


Reforming stiffness matrix: reformation #1

 1
 Nonlinear solution status: time= 12.9
	stiffness updates             = 0
	right hand side evaluations   = 2
	stiffness matrix reformations = 1
	step from line search         = 1.000000
	convergence norms :     INITIAL         CURRENT         REQUIRED
	   residual            1.810510e+02    3.069935e-07    0.000000e+00 
	   energy              9.056637e-01    5.750185e-06    9.056637e-03 
	   displacement        4.070710e-02    4.070710e-02    4.070710e-08 
 2
 Nonlinear solution status: time= 12.9
	stiffness updates             = 1
	right hand side evaluations   = 3
	stiffness matrix reformations = 1
	step from line search         = 1.000000
	convergence norms :     INITIAL         CURRENT         REQUIRED
	   residual            1.810510e+02    5.483837e-12    0.000000e+00 
	   energy              9.056637e-01    6.975532e-12    9.056637e-03 
	   displacement        4.070710e-02    1.735277e-10    4.070682e-08 

convergence summary
    number of iterations   : 2
    number of reformations : 1

------- converged at time : 12.9


Data Record #1
===========================================================================
Step = 129
Time = 12.9
Data = ux;uy;uz
File = parameter_sweeps/tmax4_disp.txt

Data Record #2
===========================================================================
Step = 129
Time = 12.9
Data = sz;J
File = parameter_sweeps/tmax4_stress.txt

===== beginning time step 130 : 13 =====


Reforming stiffness matrix: reformation #1

 1
 Nonlinear solution status: time= 13
	stiffness updates             = 0
	right hand side evaluations   = 2
	stiffness matrix reformations = 1
	step from line search         = 1.000000
	convergence norms :     INITIAL         CURRENT         REQUIRED
	   residual            1.800454e+02    3.245318e-07    0.000000e+00 
	   energy              8.970216e-01    5.665656e-06    8.970216e-03 
	   displacement        4.028634e-02    4.028634e-02    4.028634e-08 
 2
 Nonlinear solution status: time= 13
	stiffness updates             = 1
	right hand side evaluations   = 3
	stiffness matrix reformations = 1
	step from line search         = 1.000000
	convergence norms :     INITIAL         CURRENT         REQUIRED
	   residual            1.800454e+02    5.888994e-12    0.000000e+00 
	   energy              8.970216e-01    7.594762e-12    8.970216e-03 
	   displacement        4.028634e-02    1.838373e-10    4.028612e-08 

convergence summary
    number of iterations   : 2
    number of reformations : 1

------- converged at time : 13


Data Record #1
===========================================================================
Step = 130
Time = 13
Data = ux;uy;uz
File = parameter_sweeps/tmax4_disp.txt

Data Record #2
===========================================================================
Step = 130
Time = 13
Data = sz;J
File = parameter_sweeps/tmax4_stress.txt

===== beginning time step 131 : 13.1 =====


Reforming stiffness matrix: reformation #1

 1
 Nonlinear solution status: time= 13.1
	stiffness updates             = 0
	right hand side evaluations   = 2
	stiffness matrix reformations = 1
	step from line search         = 1.000000
	convergence norms :     INITIAL         CURRENT         REQUIRED
	   residual            1.772626e+02    3.203986e-07    0.000000e+00 
	   energy              8.846137e-01    5.363469e-06    8.846137e-03 
	   displacement        3.985735e-02    3.985735e-02    3.985735e-08 
 2
 Nonlinear solution status: time= 13.1
	stiffness updates             = 1
	right hand side evaluations   = 3
	stiffness matrix reformations = 1
	step from line search         = 1.000000
	convergence norms :     INITIAL         CURRENT         REQUIRED
	   residual            1.772626e+02    5.599241e-12    0.000000e+00 
	   energy              8.846137e-01    7.241203e-12    8.846137e-03 
	   displacement        3.985735e-02    1.737521e-10    3.985704e-08 

convergence summary
    number of iterations   : 2
    number of reformations : 1

------- converged at time : 13.1


Data Record #1
===========================================================================
Step = 131
Time = 13.1
Data = ux;uy;uz
File = parameter_sweeps/tmax4_disp.txt

Data Record #2
===========================================================================
Step = 131
Time = 13.1
Data = sz;J
File = parameter_sweeps/tmax4_stress.txt

===== beginning time step 132 : 13.2 =====


Reforming stiffness matrix: reformation #1

 1
 Nonlinear solution status: time= 13.2
	stiffness updates             = 0
	right hand side evaluations   = 2
	stiffness matrix reformations = 1
	step from line search         = 1.000000
	convergence norms :     INITIAL         CURRENT         REQUIRED
	   residual            1.727438e+02    2.758022e-07    0.000000e+00 
	   energy              8.692579e-01    5.052074e-06    8.692579e-03 
	   displacement        3.944565e-02    3.944565e-02    3.944565e-08 
 2
 Nonlinear solution status: time= 13.2
	stiffness updates             = 1
	right hand side evaluations   = 3
	stiffness matrix reformations = 1
	step from line search         = 1.000000
	convergence norms :     INITIAL         CURRENT         REQUIRED
	   residual            1.727438e+02    4.588146e-12    0.000000e+00 
	   energy              8.692579e-01    5.942998e-12    8.692579e-03 
	   displacement        3.944565e-02    1.549059e-10    3.944514e-08 

convergence summary
    number of iterations   : 2
    number of reformations : 1

------- converged at time : 13.2


Data Record #1
===========================================================================
Step = 132
Time = 13.2
Data = ux;uy;uz
File = parameter_sweeps/tmax4_disp.txt

Data Record #2
===========================================================================
Step = 132
Time = 13.2
Data = sz;J
File = parameter_sweeps/tmax4_stress.txt

===== beginning time step 133 : 13.3 =====


Reforming stiffness matrix: reformation #1

 1
 Nonlinear solution status: time= 13.3
	stiffness updates             = 0
	right hand side evaluations   = 2
	stiffness matrix reformations = 1
	step from line search         = 1.000000
	convergence norms :     INITIAL         CURRENT         REQUIRED
	   residual            1.669411e+02    2.231530e-07    0.000000e+00 
	   energy              8.515336e-01    5.030849e-06    8.515336e-03 
	   displacement        3.901267e-02    3.901267e-02    3.901267e-08 
 2
 Nonlinear solution status: time= 13.3
	stiffness updates             = 1
	right hand side evaluations   = 3
	stiffness matrix reformations = 1
	step from line search         = 1.000000
	convergence norms :     INITIAL         CURRENT         REQUIRED
	   residual            1.669411e+02    3.782970e-12    0.000000e+00 
	   energy              8.515336e-01    5.020371e-12    8.515336e-03 
	   displacement        3.901267e-02    1.504553e-10    3.901202e-08 

convergence summary
    number of iterations   : 2
    number of reformations : 1

------- converged at time : 13.3


Data Record #1
===========================================================================
Step = 133
Time = 13.3
Data = ux;uy;uz
File = parameter_sweeps/tmax4_disp.txt

Data Record #2
===========================================================================
Step = 133
Time = 13.3
Data = sz;J
File = parameter_sweeps/tmax4_stress.txt

===== beginning time step 134 : 13.4 =====


Reforming stiffness matrix: reformation #1

 1
 Nonlinear solution status: time= 13.4
	stiffness updates             = 0
	right hand side evaluations   = 2
	stiffness matrix reformations = 1
	step from line search         = 1.000000
	convergence norms :     INITIAL         CURRENT         REQUIRED
	   residual            1.603278e+02    1.793552e-07    0.000000e+00 
	   energy              8.317283e-01    5.395694e-06    8.317283e-03 
	   displacement        3.852380e-02    3.852380e-02    3.852380e-08 
 2
 Nonlinear solution status: time= 13.4
	stiffness updates             = 1
	right hand side evaluations   = 3
	stiffness matrix reformations = 1
	step from line search         = 1.000000
	convergence norms :     INITIAL         CURRENT         REQUIRED
	   residual            1.603278e+02    3.110415e-12    0.000000e+00 
	   energy              8.317283e-01    4.542554e-12    8.317283e-03 
	   displacement        3.852380e-02    1.585235e-10    3.852307e-08 

convergence summary
    number of iterations   : 2
    number of reformations : 1

------- converged at time : 13.4


Data Record #1
===========================================================================
Step = 134
Time = 13.4
Data = ux;uy;uz
File = parameter_sweeps/tmax4_disp.txt

Data Record #2
===========================================================================
Step = 134
Time = 13.4
Data = sz;J
File = parameter_sweeps/tmax4_stress.txt

===== beginning time step 135 : 13.5 =====


Reforming stiffness matrix: reformation #1

 1
 Nonlinear solution status: time= 13.5
	stiffness updates             = 0
	right hand side evaluations   = 2
	stiffness matrix reformations = 1
	step from line search         = 1.000000
	convergence norms :     INITIAL         CURRENT         REQUIRED
	   residual            1.533660e+02    1.386254e-07    0.000000e+00 
	   energy              8.101832e-01    5.952758e-06    8.101832e-03 
	   displacement        3.795361e-02    3.795361e-02    3.795361e-08 
 2
 Nonlinear solution status: time= 13.5
	stiffness updates             = 1
	right hand side evaluations   = 3
	stiffness matrix reformations = 1
	step from line search         = 1.000000
	convergence norms :     INITIAL         CURRENT         REQUIRED
	   residual            1.533660e+02    2.456274e-12    0.000000e+00 
	   energy              8.101832e-01    3.968828e-12    8.101832e-03 
	   displacement        3.795361e-02    1.689935e-10    3.795274e-08 

convergence summary
    number of iterations   : 2
    number of reformations : 1

------- converged at time : 13.5


Data Record #1
===========================================================================
Step = 135
Time = 13.5
Data = ux;uy;uz
File = parameter_sweeps/tmax4_disp.txt

Data Record #2
===========================================================================
Step = 135
Time = 13.5
Data = sz;J
File = parameter_sweeps/tmax4_stress.txt

===== beginning time step 136 : 13.6 =====


Reforming stiffness matrix: reformation #1

 1
 Nonlinear solution status: time= 13.6
	stiffness updates             = 0
	right hand side evaluations   = 2
	stiffness matrix reformations = 1
	step from line search         = 1.000000
	convergence norms :     INITIAL         CURRENT         REQUIRED
	   residual            1.464254e+02    9.896086e-08    0.000000e+00 
	   energy              7.871457e-01    6.330783e-06    7.871457e-03 
	   displacement        3.723069e-02    3.723069e-02    3.723069e-08 
 2
 Nonlinear solution status: time= 13.6
	stiffness updates             = 1
	right hand side evaluations   = 3
	stiffness matrix reformations = 1
	step from line search         = 1.000000
	convergence norms :     INITIAL         CURRENT         REQUIRED
	   residual            1.464254e+02    1.817104e-12    0.000000e+00 
	   energy              7.871457e-01    3.289401e-12    7.871457e-03 
	   displacement        3.723069e-02    1.694158e-10    3.722963e-08 

convergence summary
    number of iterations   : 2
    number of reformations : 1

------- converged at time : 13.6


Data Record #1
===========================================================================
Step = 136
Time = 13.6
Data = ux;uy;uz
File = parameter_sweeps/tmax4_disp.txt

Data Record #2
===========================================================================
Step = 136
Time = 13.6
Data = sz;J
File = parameter_sweeps/tmax4_stress.txt

===== beginning time step 137 : 13.7 =====


Reforming stiffness matrix: reformation #1

 1
 Nonlinear solution status: time= 13.7
	stiffness updates             = 0
	right hand side evaluations   = 2
	stiffness matrix reformations = 1
	step from line search         = 1.000000
	convergence norms :     INITIAL         CURRENT         REQUIRED
	   residual            1.394618e+02    6.501765e-08    0.000000e+00 
	   energy              7.625261e-01    6.447332e-06    7.625261e-03 
	   displacement        3.630162e-02    3.630162e-02    3.630162e-08 
 2
 Nonlinear solution status: time= 13.7
	stiffness updates             = 1
	right hand side evaluations   = 3
	stiffness matrix reformations = 1
	step from line search         = 1.000000
	convergence norms :     INITIAL         CURRENT         REQUIRED
	   residual            1.394618e+02    1.244788e-12    0.000000e+00 
	   energy              7.625261e-01    2.729409e-12    7.625261e-03 
	   displacement        3.630162e-02    1.648420e-10    3.630036e-08 

convergence summary
    number of iterations   : 2
    number of reformations : 1

------- converged at time : 13.7


Data Record #1
===========================================================================
Step = 137
Time = 13.7
Data = ux;uy;uz
File = parameter_sweeps/tmax4_disp.txt

Data Record #2
===========================================================================
Step = 137
Time = 13.7
Data = sz;J
File = parameter_sweeps/tmax4_stress.txt

===== beginning time step 138 : 13.8 =====


Reforming stiffness matrix: reformation #1

 1
 Nonlinear solution status: time= 13.8
	stiffness updates             = 0
	right hand side evaluations   = 2
	stiffness matrix reformations = 1
	step from line search         = 1.000000
	convergence norms :     INITIAL         CURRENT         REQUIRED
	   residual            1.320855e+02    4.595340e-08    0.000000e+00 
	   energy              7.359506e-01    6.603392e-06    7.359506e-03 
	   displacement        3.524148e-02    3.524148e-02    3.524148e-08 
 2
 Nonlinear solution status: time= 13.8
	stiffness updates             = 1
	right hand side evaluations   = 3
	stiffness matrix reformations = 1
	step from line search         = 1.000000
	convergence norms :     INITIAL         CURRENT         REQUIRED
	   residual            1.320855e+02    8.868980e-13    0.000000e+00 
	   energy              7.359506e-01    2.482046e-12    7.359506e-03 
	   displacement        3.524148e-02    1.688078e-10    3.523997e-08 

convergence summary
    number of iterations   : 2
    number of reformations : 1

------- converged at time : 13.8


Data Record #1
===========================================================================
Step = 138
Time = 13.8
Data = ux;uy;uz
File = parameter_sweeps/tmax4_disp.txt

Data Record #2
===========================================================================
Step = 138
Time = 13.8
Data = sz;J
File = parameter_sweeps/tmax4_stress.txt

===== beginning time step 139 : 13.9 =====


Reforming stiffness matrix: reformation #1

 1
 Nonlinear solution status: time= 13.9
	stiffness updates             = 0
	right hand side evaluations   = 2
	stiffness matrix reformations = 1
	step from line search         = 1.000000
	convergence norms :     INITIAL         CURRENT         REQUIRED
	   residual            1.240323e+02    4.151899e-08    0.000000e+00 
	   energy              7.068249e-01    7.082737e-06    7.068249e-03 
	   displacement        3.416665e-02    3.416665e-02    3.416665e-08 
 2
 Nonlinear solution status: time= 13.9
	stiffness updates             = 1
	right hand side evaluations   = 3
	stiffness matrix reformations = 1
	step from line search         = 1.000000
	convergence norms :     INITIAL         CURRENT         REQUIRED
	   residual            1.240323e+02    6.422901e-13    0.000000e+00 
	   energy              7.068249e-01    2.341297e-12    7.068249e-03 
	   displacement        3.416665e-02    1.816178e-10    3.416498e-08 

convergence summary
    number of iterations   : 2
    number of reformations : 1

------- converged at time : 13.9


Data Record #1
===========================================================================
Step = 139
Time = 13.9
Data = ux;uy;uz
File = parameter_sweeps/tmax4_disp.txt

Data Record #2
===========================================================================
Step = 139
Time = 13.9
Data = sz;J
File = parameter_sweeps/tmax4_stress.txt

===== beginning time step 140 : 14 =====


Reforming stiffness matrix: reformation #1

 1
 Nonlinear solution status: time= 14
	stiffness updates             = 0
	right hand side evaluations   = 2
	stiffness matrix reformations = 1
	step from line search         = 1.000000
	convergence norms :     INITIAL         CURRENT         REQUIRED
	   residual            1.154600e+02    4.643458e-08    0.000000e+00 
	   energy              6.744439e-01    7.870979e-06    6.744439e-03 
	   displacement        3.303541e-02    3.303541e-02    3.303541e-08 
 2
 Nonlinear solution status: time= 14
	stiffness updates             = 1
	right hand side evaluations   = 3
	stiffness matrix reformations = 1
	step from line search         = 1.000000
	convergence norms :     INITIAL         CURRENT         REQUIRED
	   residual            1.154600e+02    4.823272e-13    0.000000e+00 
	   energy              6.744439e-01    2.072839e-12    6.744439e-03 
	   displacement        3.303541e-02    1.976909e-10    3.303365e-08 

convergence summary
    number of iterations   : 2
    number of reformations : 1

------- converged at time : 14


Data Record #1
===========================================================================
Step = 140
Time = 14
Data = ux;uy;uz
File = parameter_sweeps/tmax4_disp.txt

Data Record #2
===========================================================================
Step = 140
Time = 14
Data = sz;J
File = parameter_sweeps/tmax4_stress.txt

===== beginning time step 141 : 14.1 =====


Reforming stiffness matrix: reformation #1

 1
 Nonlinear solution status: time= 14.1
	stiffness updates             = 0
	right hand side evaluations   = 2
	stiffness matrix reformations = 1
	step from line search         = 1.000000
	convergence norms :     INITIAL         CURRENT         REQUIRED
	   residual            1.067842e+02    5.553843e-08    0.000000e+00 
	   energy              6.382709e-01    8.515276e-06    6.382709e-03 
	   displacement        3.165333e-02    3.165333e-02    3.165333e-08 
 2
 Nonlinear solution status: time= 14.1
	stiffness updates             = 1
	right hand side evaluations   = 3
	stiffness matrix reformations = 1
	step from line search         = 1.000000
	convergence norms :     INITIAL         CURRENT         REQUIRED
	   residual            1.067842e+02    5.029169e-13    0.000000e+00 
	   energy              6.382709e-01    2.186053e-12    6.382709e-03 
	   displacement        3.165333e-02    2.237747e-10    3.165142e-08 

convergence summary
    number of iterations   : 2
    number of reformations : 1

------- converged at time : 14.1


Data Record #1
===========================================================================
Step = 141
Time = 14.1
Data = ux;uy;uz
File = parameter_sweeps/tmax4_disp.txt

Data Record #2
===========================================================================
Step = 141
Time = 14.1
Data = sz;J
File = parameter_sweeps/tmax4_stress.txt

===== beginning time step 142 : 14.2 =====


Reforming stiffness matrix: reformation #1

 1
 Nonlinear solution status: time= 14.2
	stiffness updates             = 0
	right hand side evaluations   = 2
	stiffness matrix reformations = 1
	step from line search         = 1.000000
	convergence norms :     INITIAL         CURRENT         REQUIRED
	   residual            9.832937e+01    5.186455e-08    0.000000e+00 
	   energy              5.979978e-01    8.402963e-06    5.979978e-03 
	   displacement        2.988767e-02    2.988767e-02    2.988767e-08 
 2
 Nonlinear solution status: time= 14.2
	stiffness updates             = 1
	right hand side evaluations   = 3
	stiffness matrix reformations = 1
	step from line search         = 1.000000
	convergence norms :     INITIAL         CURRENT         REQUIRED
	   residual            9.832937e+01    4.693867e-13    0.000000e+00 
	   energy              5.979978e-01    2.331969e-12    5.979978e-03 
	   displacement        2.988767e-02    2.362443e-10    2.988568e-08 

convergence summary
    number of iterations   : 2
    number of reformations : 1

------- converged at time : 14.2


Data Record #1
===========================================================================
Step = 142
Time = 14.2
Data = ux;uy;uz
File = parameter_sweeps/tmax4_disp.txt

Data Record #2
===========================================================================
Step = 142
Time = 14.2
Data = sz;J
File = parameter_sweeps/tmax4_stress.txt

===== beginning time step 143 : 14.3 =====


Reforming stiffness matrix: reformation #1

 1
 Nonlinear solution status: time= 14.3
	stiffness updates             = 0
	right hand side evaluations   = 2
	stiffness matrix reformations = 1
	step from line search         = 1.000000
	convergence norms :     INITIAL         CURRENT         REQUIRED
	   residual            9.009001e+01    5.135474e-08    0.000000e+00 
	   energy              5.537650e-01    7.550764e-06    5.537650e-03 
	   displacement        2.778715e-02    2.778715e-02    2.778715e-08 
 2
 Nonlinear solution status: time= 14.3
	stiffness updates             = 1
	right hand side evaluations   = 3
	stiffness matrix reformations = 1
	step from line search         = 1.000000
	convergence norms :     INITIAL         CURRENT         REQUIRED
	   residual            9.009001e+01    6.028143e-13    0.000000e+00 
	   energy              5.537650e-01    2.392637e-12    5.537650e-03 
	   displacement        2.778715e-02    2.303183e-10    2.778527e-08 

convergence summary
    number of iterations   : 2
    number of reformations : 1

------- converged at time : 14.3


Data Record #1
===========================================================================
Step = 143
Time = 14.3
Data = ux;uy;uz
File = parameter_sweeps/tmax4_disp.txt

Data Record #2
===========================================================================
Step = 143
Time = 14.3
Data = sz;J
File = parameter_sweeps/tmax4_stress.txt

===== beginning time step 144 : 14.4 =====


Reforming stiffness matrix: reformation #1

 1
 Nonlinear solution status: time= 14.4
	stiffness updates             = 0
	right hand side evaluations   = 2
	stiffness matrix reformations = 1
	step from line search         = 1.000000
	convergence norms :     INITIAL         CURRENT         REQUIRED
	   residual            8.198789e+01    4.626904e-08    0.000000e+00 
	   energy              5.061820e-01    6.422251e-06    5.061820e-03 
	   displacement        2.544395e-02    2.544395e-02    2.544395e-08 
 2
 Nonlinear solution status: time= 14.4
	stiffness updates             = 1
	right hand side evaluations   = 3
	stiffness matrix reformations = 1
	step from line search         = 1.000000
	convergence norms :     INITIAL         CURRENT         REQUIRED
	   residual            8.198789e+01    7.253199e-13    0.000000e+00 
	   energy              5.061820e-01    2.433418e-12    5.061820e-03 
	   displacement        2.544395e-02    2.166531e-10    2.544227e-08 

convergence summary
    number of iterations   : 2
    number of reformations : 1

------- converged at time : 14.4


Data Record #1
===========================================================================
Step = 144
Time = 14.4
Data = ux;uy;uz
File = parameter_sweeps/tmax4_disp.txt

Data Record #2
===========================================================================
Step = 144
Time = 14.4
Data = sz;J
File = parameter_sweeps/tmax4_stress.txt

===== beginning time step 145 : 14.5 =====


Reforming stiffness matrix: reformation #1

 1
 Nonlinear solution status: time= 14.5
	stiffness updates             = 0
	right hand side evaluations   = 2
	stiffness matrix reformations = 1
	step from line search         = 1.000000
	convergence norms :     INITIAL         CURRENT         REQUIRED
	   residual            7.411994e+01    3.770695e-08    0.000000e+00 
	   energy              4.561094e-01    5.460637e-06    4.561094e-03 
	   displacement        2.288884e-02    2.288884e-02    2.288884e-08 
 2
 Nonlinear solution status: time= 14.5
	stiffness updates             = 1
	right hand side evaluations   = 3
	stiffness matrix reformations = 1
	step from line search         = 1.000000
	convergence norms :     INITIAL         CURRENT         REQUIRED
	   residual            7.411994e+01    6.809503e-13    0.000000e+00 
	   energy              4.561094e-01    2.363324e-12    4.561094e-03 
	   displacement        2.288884e-02    1.962045e-10    2.288738e-08 

convergence summary
    number of iterations   : 2
    number of reformations : 1

------- converged at time : 14.5


Data Record #1
===========================================================================
Step = 145
Time = 14.5
Data = ux;uy;uz
File = parameter_sweeps/tmax4_disp.txt

Data Record #2
===========================================================================
Step = 145
Time = 14.5
Data = sz;J
File = parameter_sweeps/tmax4_stress.txt

===== beginning time step 146 : 14.6 =====


Reforming stiffness matrix: reformation #1

 1
 Nonlinear solution status: time= 14.6
	stiffness updates             = 0
	right hand side evaluations   = 2
	stiffness matrix reformations = 1
	step from line search         = 1.000000
	convergence norms :     INITIAL         CURRENT         REQUIRED
	   residual            6.645916e+01    3.443995e-08    0.000000e+00 
	   energy              4.047446e-01    4.879375e-06    4.047446e-03 
	   displacement        2.017734e-02    2.017734e-02    2.017734e-08 
 2
 Nonlinear solution status: time= 14.6
	stiffness updates             = 1
	right hand side evaluations   = 3
	stiffness matrix reformations = 1
	step from line search         = 1.000000
	convergence norms :     INITIAL         CURRENT         REQUIRED
	   residual            6.645916e+01    6.452641e-13    0.000000e+00 
	   energy              4.047446e-01    2.307771e-12    4.047446e-03 
	   displacement        2.017734e-02    1.813018e-10    2.017607e-08 

convergence summary
    number of iterations   : 2
    number of reformations : 1

------- converged at time : 14.6


Data Record #1
===========================================================================
Step = 146
Time = 14.6
Data = ux;uy;uz
File = parameter_sweeps/tmax4_disp.txt

Data Record #2
===========================================================================
Step = 146
Time = 14.6
Data = sz;J
File = parameter_sweeps/tmax4_stress.txt

===== beginning time step 147 : 14.7 =====


Reforming stiffness matrix: reformation #1

 1
 Nonlinear solution status: time= 14.7
	stiffness updates             = 0
	right hand side evaluations   = 2
	stiffness matrix reformations = 1
	step from line search         = 1.000000
	convergence norms :     INITIAL         CURRENT         REQUIRED
	   residual            5.881321e+01    3.468028e-08    0.000000e+00 
	   energy              3.535786e-01    4.417511e-06    3.535786e-03 
	   displacement        1.747874e-02    1.747874e-02    1.747874e-08 
 2
 Nonlinear solution status: time= 14.7
	stiffness updates             = 1
	right hand side evaluations   = 3
	stiffness matrix reformations = 1
	step from line search         = 1.000000
	convergence norms :     INITIAL         CURRENT         REQUIRED
	   residual            5.881321e+01    7.062079e-13    0.000000e+00 
	   energy              3.535786e-01    2.192557e-12    3.535786e-03 
	   displacement        1.747874e-02    1.581655e-10    1.747764e-08 

convergence summary
    number of iterations   : 2
    number of reformations : 1

------- converged at time : 14.7


Data Record #1
===========================================================================
Step = 147
Time = 14.7
Data = ux;uy;uz
File = parameter_sweeps/tmax4_disp.txt

Data Record #2
===========================================================================
Step = 147
Time = 14.7
Data = sz;J
File = parameter_sweeps/tmax4_stress.txt

===== beginning time step 148 : 14.8 =====


Reforming stiffness matrix: reformation #1

 1
 Nonlinear solution status: time= 14.8
	stiffness updates             = 0
	right hand side evaluations   = 2
	stiffness matrix reformations = 1
	step from line search         = 1.000000
	convergence norms :     INITIAL         CURRENT         REQUIRED
	   residual            5.125120e+01    2.996094e-08    0.000000e+00 
	   energy              3.043743e-01    3.840771e-06    3.043743e-03 
	   displacement        1.497675e-02    1.497675e-02    1.497675e-08 
 2
 Nonlinear solution status: time= 14.8
	stiffness updates             = 1
	right hand side evaluations   = 3
	stiffness matrix reformations = 1
	step from line search         = 1.000000
	convergence norms :     INITIAL         CURRENT         REQUIRED
	   residual            5.125120e+01    6.843733e-13    0.000000e+00 
	   energy              3.043743e-01    1.960651e-12    3.043743e-03 
	   displacement        1.497675e-02    1.293879e-10    1.497582e-08 

convergence summary
    number of iterations   : 2
    number of reformations : 1

------- converged at time : 14.8


Data Record #1
===========================================================================
Step = 148
Time = 14.8
Data = ux;uy;uz
File = parameter_sweeps/tmax4_disp.txt

Data Record #2
===========================================================================
Step = 148
Time = 14.8
Data = sz;J
File = parameter_sweeps/tmax4_stress.txt

===== beginning time step 149 : 14.9 =====


Reforming stiffness matrix: reformation #1

 1
 Nonlinear solution status: time= 14.9
	stiffness updates             = 0
	right hand side evaluations   = 2
	stiffness matrix reformations = 1
	step from line search         = 1.000000
	convergence norms :     INITIAL         CURRENT         REQUIRED
	   residual            4.422266e+01    2.611313e-08    0.000000e+00 
	   energy              2.590962e-01    3.201952e-06    2.590962e-03 
	   displacement        1.274103e-02    1.274103e-02    1.274103e-08 
 2
 Nonlinear solution status: time= 14.9
	stiffness updates             = 1
	right hand side evaluations   = 3
	stiffness matrix reformations = 1
	step from line search         = 1.000000
	convergence norms :     INITIAL         CURRENT         REQUIRED
	   residual            4.422266e+01    6.235067e-13    0.000000e+00 
	   energy              2.590962e-01    1.670748e-12    2.590962e-03 
	   displacement        1.274103e-02    1.064642e-10    1.274022e-08 

convergence summary
    number of iterations   : 2
    number of reformations : 1

------- converged at time : 14.9


Data Record #1
===========================================================================
Step = 149
Time = 14.9
Data = ux;uy;uz
File = parameter_sweeps/tmax4_disp.txt

Data Record #2
===========================================================================
Step = 149
Time = 14.9
Data = sz;J
File = parameter_sweeps/tmax4_stress.txt

===== beginning time step 150 : 15 =====


Reforming stiffness matrix: reformation #1

 1
 Nonlinear solution status: time= 15
	stiffness updates             = 0
	right hand side evaluations   = 2
	stiffness matrix reformations = 1
	step from line search         = 1.000000
	convergence norms :     INITIAL         CURRENT         REQUIRED
	   residual            3.818889e+01    2.240060e-08    0.000000e+00 
	   energy              2.194442e-01    2.654451e-06    2.194442e-03 
	   displacement        1.079299e-02    1.079299e-02    1.079299e-08 
 2
 Nonlinear solution status: time= 15
	stiffness updates             = 1
	right hand side evaluations   = 3
	stiffness matrix reformations = 1
	step from line search         = 1.000000
	convergence norms :     INITIAL         CURRENT         REQUIRED
	   residual            3.818889e+01    5.611426e-13    0.000000e+00 
	   energy              2.194442e-01    1.409721e-12    2.194442e-03 
	   displacement        1.079299e-02    8.698756e-11    1.079231e-08 

convergence summary
    number of iterations   : 2
    number of reformations : 1

------- converged at time : 15


Data Record #1
===========================================================================
Step = 150
Time = 15
Data = ux;uy;uz
File = parameter_sweeps/tmax4_disp.txt

Data Record #2
===========================================================================
Step = 150
Time = 15
Data = sz;J
File = parameter_sweeps/tmax4_stress.txt

===== beginning time step 151 : 15.1 =====


Reforming stiffness matrix: reformation #1

 1
 Nonlinear solution status: time= 15.1
	stiffness updates             = 0
	right hand side evaluations   = 2
	stiffness matrix reformations = 1
	step from line search         = 1.000000
	convergence norms :     INITIAL         CURRENT         REQUIRED
	   residual            3.320021e+01    2.302897e-08    0.000000e+00 
	   energy              1.862199e-01    2.332436e-06    1.862199e-03 
	   displacement        9.161091e-03    9.161091e-03    9.161091e-09 
 2
 Nonlinear solution status: time= 15.1
	stiffness updates             = 1
	right hand side evaluations   = 3
	stiffness matrix reformations = 1
	step from line search         = 1.000000
	convergence norms :     INITIAL         CURRENT         REQUIRED
	   residual            3.320021e+01    5.560546e-13    0.000000e+00 
	   energy              1.862199e-01    1.435827e-12    1.862199e-03 
	   displacement        9.161091e-03    8.142680e-11    9.160472e-09 

convergence summary
    number of iterations   : 2
    number of reformations : 1

------- converged at time : 15.1


Data Record #1
===========================================================================
Step = 151
Time = 15.1
Data = ux;uy;uz
File = parameter_sweeps/tmax4_disp.txt

Data Record #2
===========================================================================
Step = 151
Time = 15.1
Data = sz;J
File = parameter_sweeps/tmax4_stress.txt

===== beginning time step 152 : 15.2 =====


Reforming stiffness matrix: reformation #1

 1
 Nonlinear solution status: time= 15.2
	stiffness updates             = 0
	right hand side evaluations   = 2
	stiffness matrix reformations = 1
	step from line search         = 1.000000
	convergence norms :     INITIAL         CURRENT         REQUIRED
	   residual            2.904042e+01    2.218886e-08    0.000000e+00 
	   energy              1.591105e-01    2.263457e-06    1.591105e-03 
	   displacement        7.817945e-03    7.817945e-03    7.817945e-09 
 2
 Nonlinear solution status: time= 15.2
	stiffness updates             = 1
	right hand side evaluations   = 3
	stiffness matrix reformations = 1
	step from line search         = 1.000000
	convergence norms :     INITIAL         CURRENT         REQUIRED
	   residual            2.904042e+01    4.879650e-13    0.000000e+00 
	   energy              1.591105e-01    1.631857e-12    1.591105e-03 
	   displacement        7.817945e-03    8.683117e-11    7.817326e-09 

convergence summary
    number of iterations   : 2
    number of reformations : 1

------- converged at time : 15.2


Data Record #1
===========================================================================
Step = 152
Time = 15.2
Data = ux;uy;uz
File = parameter_sweeps/tmax4_disp.txt

Data Record #2
===========================================================================
Step = 152
Time = 15.2
Data = sz;J
File = parameter_sweeps/tmax4_stress.txt

===== beginning time step 153 : 15.3 =====


Reforming stiffness matrix: reformation #1

 1
 Nonlinear solution status: time= 15.3
	stiffness updates             = 0
	right hand side evaluations   = 2
	stiffness matrix reformations = 1
	step from line search         = 1.000000
	convergence norms :     INITIAL         CURRENT         REQUIRED
	   residual            2.552516e+01    2.641045e-08    0.000000e+00 
	   energy              1.369819e-01    2.261089e-06    1.369819e-03 
	   displacement        6.709261e-03    6.709261e-03    6.709261e-09 
 2
 Nonlinear solution status: time= 15.3
	stiffness updates             = 1
	right hand side evaluations   = 3
	stiffness matrix reformations = 1
	step from line search         = 1.000000
	convergence norms :     INITIAL         CURRENT         REQUIRED
	   residual            2.552516e+01    5.908123e-13    0.000000e+00 
	   energy              1.369819e-01    1.827107e-12    1.369819e-03 
	   displacement        6.709261e-03    9.124593e-11    6.708628e-09 

convergence summary
    number of iterations   : 2
    number of reformations : 1

------- converged at time : 15.3


Data Record #1
===========================================================================
Step = 153
Time = 15.3
Data = ux;uy;uz
File = parameter_sweeps/tmax4_disp.txt

Data Record #2
===========================================================================
Step = 153
Time = 15.3
Data = sz;J
File = parameter_sweeps/tmax4_stress.txt

===== beginning time step 154 : 15.4 =====


Reforming stiffness matrix: reformation #1

 1
 Nonlinear solution status: time= 15.4
	stiffness updates             = 0
	right hand side evaluations   = 2
	stiffness matrix reformations = 1
	step from line search         = 1.000000
	convergence norms :     INITIAL         CURRENT         REQUIRED
	   residual            2.242133e+01    2.600689e-08    0.000000e+00 
	   energy              1.182868e-01    2.110023e-06    1.182868e-03 
	   displacement        5.785129e-03    5.785129e-03    5.785129e-09 
 2
 Nonlinear solution status: time= 15.4
	stiffness updates             = 1
	right hand side evaluations   = 3
	stiffness matrix reformations = 1
	step from line search         = 1.000000
	convergence norms :     INITIAL         CURRENT         REQUIRED
	   residual            2.242133e+01    6.661939e-13    0.000000e+00 
	   energy              1.182868e-01    2.010966e-12    1.182868e-03 
	   displacement        5.785129e-03    9.191740e-11    5.784528e-09 

convergence summary
    number of iterations   : 2
    number of reformations : 1

------- converged at time : 15.4


Data Record #1
===========================================================================
Step = 154
Time = 15.4
Data = ux;uy;uz
File = parameter_sweeps/tmax4_disp.txt

Data Record #2
===========================================================================
Step = 154
Time = 15.4
Data = sz;J
File = parameter_sweeps/tmax4_stress.txt

===== beginning time step 155 : 15.5 =====


Reforming stiffness matrix: reformation #1

 1
 Nonlinear solution status: time= 15.5
	stiffness updates             = 0
	right hand side evaluations   = 2
	stiffness matrix reformations = 1
	step from line search         = 1.000000
	convergence norms :     INITIAL         CURRENT         REQUIRED
	   residual            1.947113e+01    2.854661e-08    0.000000e+00 
	   energy              1.017743e-01    1.823355e-06    1.017743e-03 
	   displacement        4.987744e-03    4.987744e-03    4.987744e-09 
 2
 Nonlinear solution status: time= 15.5
	stiffness updates             = 1
	right hand side evaluations   = 3
	stiffness matrix reformations = 1
	step from line search         = 1.000000
	convergence norms :     INITIAL         CURRENT         REQUIRED
	   residual            1.947113e+01    6.636596e-13    0.000000e+00 
	   energy              1.017743e-01    1.875357e-12    1.017743e-03 
	   displacement        4.987744e-03    8.187121e-11    4.987221e-09 

convergence summary
    number of iterations   : 2
    number of reformations : 1

------- converged at time : 15.5


Data Record #1
===========================================================================
Step = 155
Time = 15.5
Data = ux;uy;uz
File = parameter_sweeps/tmax4_disp.txt

Data Record #2
===========================================================================
Step = 155
Time = 15.5
Data = sz;J
File = parameter_sweeps/tmax4_stress.txt

===== beginning time step 156 : 15.6 =====


Reforming stiffness matrix: reformation #1

 1
 Nonlinear solution status: time= 15.6
	stiffness updates             = 0
	right hand side evaluations   = 2
	stiffness matrix reformations = 1
	step from line search         = 1.000000
	convergence norms :     INITIAL         CURRENT         REQUIRED
	   residual            1.661359e+01    3.330389e-08    0.000000e+00 
	   energy              8.690180e-02    1.581606e-06    8.690180e-04 
	   displacement        4.278508e-03    4.278508e-03    4.278508e-09 
 2
 Nonlinear solution status: time= 15.6
	stiffness updates             = 1
	right hand side evaluations   = 3
	stiffness matrix reformations = 1
	step from line search         = 1.000000
	convergence norms :     INITIAL         CURRENT         REQUIRED
	   residual            1.661359e+01    7.610450e-13    0.000000e+00 
	   energy              8.690180e-02    1.929489e-12    8.690180e-04 
	   displacement        4.278508e-03    8.265378e-11    4.278032e-09 

convergence summary
    number of iterations   : 2
    number of reformations : 1

------- converged at time : 15.6


Data Record #1
===========================================================================
Step = 156
Time = 15.6
Data = ux;uy;uz
File = parameter_sweeps/tmax4_disp.txt

Data Record #2
===========================================================================
Step = 156
Time = 15.6
Data = sz;J
File = parameter_sweeps/tmax4_stress.txt

===== beginning time step 157 : 15.7 =====


Reforming stiffness matrix: reformation #1

 1
 Nonlinear solution status: time= 15.7
	stiffness updates             = 0
	right hand side evaluations   = 2
	stiffness matrix reformations = 1
	step from line search         = 1.000000
	convergence norms :     INITIAL         CURRENT         REQUIRED
	   residual            1.401688e+01    3.399976e-08    0.000000e+00 
	   energy              7.392399e-02    1.406995e-06    7.392399e-04 
	   displacement        3.652830e-03    3.652830e-03    3.652830e-09 
 2
 Nonlinear solution status: time= 15.7
	stiffness updates             = 1
	right hand side evaluations   = 3
	stiffness matrix reformations = 1
	step from line search         = 1.000000
	convergence norms :     INITIAL         CURRENT         REQUIRED
	   residual            1.401688e+01    6.897088e-13    0.000000e+00 
	   energy              7.392399e-02    1.926411e-12    7.392399e-04 
	   displacement        3.652830e-03    8.588451e-11    3.652394e-09 

convergence summary
    number of iterations   : 2
    number of reformations : 1

------- converged at time : 15.7


Data Record #1
===========================================================================
Step = 157
Time = 15.7
Data = ux;uy;uz
File = parameter_sweeps/tmax4_disp.txt

Data Record #2
===========================================================================
Step = 157
Time = 15.7
Data = sz;J
File = parameter_sweeps/tmax4_stress.txt

===== beginning time step 158 : 15.8 =====


Reforming stiffness matrix: reformation #1

 1
 Nonlinear solution status: time= 15.8
	stiffness updates             = 0
	right hand side evaluations   = 2
	stiffness matrix reformations = 1
	step from line search         = 1.000000
	convergence norms :     INITIAL         CURRENT         REQUIRED
	   residual            1.185300e+01    3.043669e-08    0.000000e+00 
	   energy              6.378622e-02    1.302040e-06    6.378622e-04 
	   displacement        3.171697e-03    3.171697e-03    3.171697e-09 
 2
 Nonlinear solution status: time= 15.8
	stiffness updates             = 1
	right hand side evaluations   = 3
	stiffness matrix reformations = 1
	step from line search         = 1.000000
	convergence norms :     INITIAL         CURRENT         REQUIRED
	   residual            1.185300e+01    6.239765e-13    0.000000e+00 
	   energy              6.378622e-02    1.918983e-12    6.378622e-04 
	   displacement        3.171697e-03    8.154859e-11    3.171296e-09 

convergence summary
    number of iterations   : 2
    number of reformations : 1

------- converged at time : 15.8


Data Record #1
===========================================================================
Step = 158
Time = 15.8
Data = ux;uy;uz
File = parameter_sweeps/tmax4_disp.txt

Data Record #2
===========================================================================
Step = 158
Time = 15.8
Data = sz;J
File = parameter_sweeps/tmax4_stress.txt

===== beginning time step 159 : 15.9 =====


Reforming stiffness matrix: reformation #1

 1
 Nonlinear solution status: time= 15.9
	stiffness updates             = 0
	right hand side evaluations   = 2
	stiffness matrix reformations = 1
	step from line search         = 1.000000
	convergence norms :     INITIAL         CURRENT         REQUIRED
	   residual            1.031441e+01    2.293047e-08    0.000000e+00 
	   energy              5.786477e-02    1.291748e-06    5.786477e-04 
	   displacement        2.944327e-03    2.944327e-03    2.944327e-09 
 2
 Nonlinear solution status: time= 15.9
	stiffness updates             = 1
	right hand side evaluations   = 3
	stiffness matrix reformations = 1
	step from line search         = 1.000000
	convergence norms :     INITIAL         CURRENT         REQUIRED
	   residual            1.031441e+01    5.622127e-13    0.000000e+00 
	   energy              5.786477e-02    1.589194e-12    5.786477e-04 
	   displacement        2.944327e-03    6.951178e-11    2.943910e-09 

convergence summary
    number of iterations   : 2
    number of reformations : 1

------- converged at time : 15.9


Data Record #1
===========================================================================
Step = 159
Time = 15.9
Data = ux;uy;uz
File = parameter_sweeps/tmax4_disp.txt

Data Record #2
===========================================================================
Step = 159
Time = 15.9
Data = sz;J
File = parameter_sweeps/tmax4_stress.txt

===== beginning time step 160 : 16 =====


Reforming stiffness matrix: reformation #1

 1
 Nonlinear solution status: time= 16
	stiffness updates             = 0
	right hand side evaluations   = 2
	stiffness matrix reformations = 1
	step from line search         = 1.000000
	convergence norms :     INITIAL         CURRENT         REQUIRED
	   residual            9.656236e+00    2.656401e-08    0.000000e+00 
	   energy              5.741958e-02    1.383878e-06    5.741958e-04 
	   displacement        3.045964e-03    3.045964e-03    3.045964e-09 
 2
 Nonlinear solution status: time= 16
	stiffness updates             = 1
	right hand side evaluations   = 3
	stiffness matrix reformations = 1
	step from line search         = 1.000000
	convergence norms :     INITIAL         CURRENT         REQUIRED
	   residual            9.656236e+00    4.760140e-13    0.000000e+00 
	   energy              5.741958e-02    1.238158e-12    5.741958e-04 
	   displacement        3.045964e-03    6.548406e-11    3.045483e-09 

convergence summary
    number of iterations   : 2
    number of reformations : 1

------- converged at time : 16


Data Record #1
===========================================================================
Step = 160
Time = 16
Data = ux;uy;uz
File = parameter_sweeps/tmax4_disp.txt

Data Record #2
===========================================================================
Step = 160
Time = 16
Data = sz;J
File = parameter_sweeps/tmax4_stress.txt

===== beginning time step 161 : 16.1 =====


Reforming stiffness matrix: reformation #1

 1
 Nonlinear solution status: time= 16.1
	stiffness updates             = 0
	right hand side evaluations   = 2
	stiffness matrix reformations = 1
	step from line search         = 1.000000
	convergence norms :     INITIAL         CURRENT         REQUIRED
	   residual            1.008484e+01    3.826915e-08    0.000000e+00 
	   energy              6.287282e-02    1.577184e-06    6.287282e-04 
	   displacement        3.468688e-03    3.468688e-03    3.468688e-09 
 2
 Nonlinear solution status: time= 16.1
	stiffness updates             = 1
	right hand side evaluations   = 3
	stiffness matrix reformations = 1
	step from line search         = 1.000000
	convergence norms :     INITIAL         CURRENT         REQUIRED
	   residual            1.008484e+01    5.778581e-13    0.000000e+00 
	   energy              6.287282e-02    1.131013e-12    6.287282e-04 
	   displacement        3.468688e-03    6.927673e-11    3.468146e-09 

convergence summary
    number of iterations   : 2
    number of reformations : 1

------- converged at time : 16.1


Data Record #1
===========================================================================
Step = 161
Time = 16.1
Data = ux;uy;uz
File = parameter_sweeps/tmax4_disp.txt

Data Record #2
===========================================================================
Step = 161
Time = 16.1
Data = sz;J
File = parameter_sweeps/tmax4_stress.txt

===== beginning time step 162 : 16.2 =====


Reforming stiffness matrix: reformation #1

 1
 Nonlinear solution status: time= 16.2
	stiffness updates             = 0
	right hand side evaluations   = 2
	stiffness matrix reformations = 1
	step from line search         = 1.000000
	convergence norms :     INITIAL         CURRENT         REQUIRED
	   residual            1.168137e+01    5.540092e-08    0.000000e+00 
	   energy              7.359237e-02    1.984654e-06    7.359237e-04 
	   displacement        4.131570e-03    4.131570e-03    4.131570e-09 
 2
 Nonlinear solution status: time= 16.2
	stiffness updates             = 1
	right hand side evaluations   = 3
	stiffness matrix reformations = 1
	step from line search         = 1.000000
	convergence norms :     INITIAL         CURRENT         REQUIRED
	   residual            1.168137e+01    9.063144e-13    0.000000e+00 
	   energy              7.359237e-02    1.463230e-12    7.359237e-04 
	   displacement        4.131570e-03    8.446771e-11    4.130959e-09 

convergence summary
    number of iterations   : 2
    number of reformations : 1

------- converged at time : 16.2


Data Record #1
===========================================================================
Step = 162
Time = 16.2
Data = ux;uy;uz
File = parameter_sweeps/tmax4_disp.txt

Data Record #2
===========================================================================
Step = 162
Time = 16.2
Data = sz;J
File = parameter_sweeps/tmax4_stress.txt

===== beginning time step 163 : 16.3 =====


Reforming stiffness matrix: reformation #1

 1
 Nonlinear solution status: time= 16.3
	stiffness updates             = 0
	right hand side evaluations   = 2
	stiffness matrix reformations = 1
	step from line search         = 1.000000
	convergence norms :     INITIAL         CURRENT         REQUIRED
	   residual            1.431819e+01    8.937100e-08    0.000000e+00 
	   energy              8.799095e-02    2.627238e-06    8.799095e-04 
	   displacement        4.918144e-03    4.918144e-03    4.918144e-09 
 2
 Nonlinear solution status: time= 16.3
	stiffness updates             = 1
	right hand side evaluations   = 3
	stiffness matrix reformations = 1
	step from line search         = 1.000000
	convergence norms :     INITIAL         CURRENT         REQUIRED
	   residual            1.431819e+01    1.354626e-12    0.000000e+00 
	   energy              8.799095e-02    2.147713e-12    8.799095e-04 
	   displacement        4.918144e-03    1.117245e-10    4.917424e-09 

convergence summary
    number of iterations   : 2
    number of reformations : 1

------- converged at time : 16.3


Data Record #1
===========================================================================
Step = 163
Time = 16.3
Data = ux;uy;uz
File = parameter_sweeps/tmax4_disp.txt

Data Record #2
===========================================================================
Step = 163
Time = 16.3
Data = sz;J
File = parameter_sweeps/tmax4_stress.txt

===== beginning time step 164 : 16.4 =====


Reforming stiffness matrix: reformation #1

 1
 Nonlinear solution status: time= 16.4
	stiffness updates             = 0
	right hand side evaluations   = 2
	stiffness matrix reformations = 1
	step from line search         = 1.000000
	convergence norms :     INITIAL         CURRENT         REQUIRED
	   residual            1.766052e+01    1.290067e-07    0.000000e+00 
	   energy              1.041291e-01    3.405882e-06    1.041291e-03 
	   displacement        5.718129e-03    5.718129e-03    5.718129e-09 
 2
 Nonlinear solution status: time= 16.4
	stiffness updates             = 1
	right hand side evaluations   = 3
	stiffness matrix reformations = 1
	step from line search         = 1.000000
	convergence norms :     INITIAL         CURRENT         REQUIRED
	   residual            1.766052e+01    1.759278e-12    0.000000e+00 
	   energy              1.041291e-01    2.735075e-12    1.041291e-03 
	   displacement        5.718129e-03    1.394486e-10    5.717286e-09 

convergence summary
    number of iterations   : 2
    number of reformations : 1

------- converged at time : 16.4


Data Record #1
===========================================================================
Step = 164
Time = 16.4
Data = ux;uy;uz
File = parameter_sweeps/tmax4_disp.txt

Data Record #2
===========================================================================
Step = 164
Time = 16.4
Data = sz;J
File = parameter_sweeps/tmax4_stress.txt

===== beginning time step 165 : 16.5 =====


Reforming stiffness matrix: reformation #1

 1
 Nonlinear solution status: time= 16.5
	stiffness updates             = 0
	right hand side evaluations   = 2
	stiffness matrix reformations = 1
	step from line search         = 1.000000
	convergence norms :     INITIAL         CURRENT         REQUIRED
	   residual            2.117804e+01    1.461302e-07    0.000000e+00 
	   energy              1.203550e-01    4.126231e-06    1.203550e-03 
	   displacement        6.471099e-03    6.471099e-03    6.471099e-09 
 2
 Nonlinear solution status: time= 16.5
	stiffness updates             = 1
	right hand side evaluations   = 3
	stiffness matrix reformations = 1
	step from line search         = 1.000000
	convergence norms :     INITIAL         CURRENT         REQUIRED
	   residual            2.117804e+01    1.991074e-12    0.000000e+00 
	   energy              1.203550e-01    2.766353e-12    1.203550e-03 
	   displacement        6.471099e-03    1.549123e-10    6.470136e-09 

convergence summary
    number of iterations   : 2
    number of reformations : 1

------- converged at time : 16.5


Data Record #1
===========================================================================
Step = 165
Time = 16.5
Data = ux;uy;uz
File = parameter_sweeps/tmax4_disp.txt

Data Record #2
===========================================================================
Step = 165
Time = 16.5
Data = sz;J
File = parameter_sweeps/tmax4_stress.txt

===== beginning time step 166 : 16.6 =====


Reforming stiffness matrix: reformation #1

 1
 Nonlinear solution status: time= 16.6
	stiffness updates             = 0
	right hand side evaluations   = 2
	stiffness matrix reformations = 1
	step from line search         = 1.000000
	convergence norms :     INITIAL         CURRENT         REQUIRED
	   residual            2.430014e+01    1.610423e-07    0.000000e+00 
	   energy              1.353599e-01    4.600035e-06    1.353599e-03 
	   displacement        7.153245e-03    7.153245e-03    7.153245e-09 
 2
 Nonlinear solution status: time= 16.6
	stiffness updates             = 1
	right hand side evaluations   = 3
	stiffness matrix reformations = 1
	step from line search         = 1.000000
	convergence norms :     INITIAL         CURRENT         REQUIRED
	   residual            2.430014e+01    2.280882e-12    0.000000e+00 
	   energy              1.353599e-01    2.846257e-12    1.353599e-03 
	   displacement        7.153245e-03    1.601246e-10    7.152216e-09 

convergence summary
    number of iterations   : 2
    number of reformations : 1

------- converged at time : 16.6


Data Record #1
===========================================================================
Step = 166
Time = 16.6
Data = ux;uy;uz
File = parameter_sweeps/tmax4_disp.txt

Data Record #2
===========================================================================
Step = 166
Time = 16.6
Data = sz;J
File = parameter_sweeps/tmax4_stress.txt

===== beginning time step 167 : 16.7 =====


Reforming stiffness matrix: reformation #1

 1
 Nonlinear solution status: time= 16.7
	stiffness updates             = 0
	right hand side evaluations   = 2
	stiffness matrix reformations = 1
	step from line search         = 1.000000
	convergence norms :     INITIAL         CURRENT         REQUIRED
	   residual            2.672354e+01    1.723299e-07    0.000000e+00 
	   energy              1.480161e-01    4.853654e-06    1.480161e-03 
	   displacement        7.747740e-03    7.747740e-03    7.747740e-09 
 2
 Nonlinear solution status: time= 16.7
	stiffness updates             = 1
	right hand side evaluations   = 3
	stiffness matrix reformations = 1
	step from line search         = 1.000000
	convergence norms :     INITIAL         CURRENT         REQUIRED
	   residual            2.672354e+01    2.445482e-12    0.000000e+00 
	   energy              1.480161e-01    3.120807e-12    1.480161e-03 
	   displacement        7.747740e-03    1.651976e-10    7.746684e-09 

convergence summary
    number of iterations   : 2
    number of reformations : 1

------- converged at time : 16.7


Data Record #1
===========================================================================
Step = 167
Time = 16.7
Data = ux;uy;uz
File = parameter_sweeps/tmax4_disp.txt

Data Record #2
===========================================================================
Step = 167
Time = 16.7
Data = sz;J
File = parameter_sweeps/tmax4_stress.txt

===== beginning time step 168 : 16.8 =====


Reforming stiffness matrix: reformation #1

 1
 Nonlinear solution status: time= 16.8
	stiffness updates             = 0
	right hand side evaluations   = 2
	stiffness matrix reformations = 1
	step from line search         = 1.000000
	convergence norms :     INITIAL         CURRENT         REQUIRED
	   residual            2.841538e+01    1.902564e-07    0.000000e+00 
	   energy              1.574886e-01    5.063393e-06    1.574886e-03 
	   displacement        8.214769e-03    8.214769e-03    8.214769e-09 
 2
 Nonlinear solution status: time= 16.8
	stiffness updates             = 1
	right hand side evaluations   = 3
	stiffness matrix reformations = 1
	step from line search         = 1.000000
	convergence norms :     INITIAL         CURRENT         REQUIRED
	   residual            2.841538e+01    2.598033e-12    0.000000e+00 
	   energy              1.574886e-01    3.483920e-12    1.574886e-03 
	   displacement        8.214769e-03    1.684369e-10    8.213690e-09 

convergence summary
    number of iterations   : 2
    number of reformations : 1

------- converged at time : 16.8


Data Record #1
===========================================================================
Step = 168
Time = 16.8
Data = ux;uy;uz
File = parameter_sweeps/tmax4_disp.txt

Data Record #2
===========================================================================
Step = 168
Time = 16.8
Data = sz;J
File = parameter_sweeps/tmax4_stress.txt

===== beginning time step 169 : 16.9 =====


Reforming stiffness matrix: reformation #1

 1
 Nonlinear solution status: time= 16.9
	stiffness updates             = 0
	right hand side evaluations   = 2
	stiffness matrix reformations = 1
	step from line search         = 1.000000
	convergence norms :     INITIAL         CURRENT         REQUIRED
	   residual            2.940269e+01    2.209219e-07    0.000000e+00 
	   energy              1.633344e-01    5.288374e-06    1.633344e-03 
	   displacement        8.493742e-03    8.493742e-03    8.493742e-09 
 2
 Nonlinear solution status: time= 16.9
	stiffness updates             = 1
	right hand side evaluations   = 3
	stiffness matrix reformations = 1
	step from line search         = 1.000000
	convergence norms :     INITIAL         CURRENT         REQUIRED
	   residual            2.940269e+01    3.127890e-12    0.000000e+00 
	   energy              1.633344e-01    3.856535e-12    1.633344e-03 
	   displacement        8.493742e-03    1.678041e-10    8.492655e-09 

convergence summary
    number of iterations   : 2
    number of reformations : 1

------- converged at time : 16.9


Data Record #1
===========================================================================
Step = 169
Time = 16.9
Data = ux;uy;uz
File = parameter_sweeps/tmax4_disp.txt

Data Record #2
===========================================================================
Step = 169
Time = 16.9
Data = sz;J
File = parameter_sweeps/tmax4_stress.txt

===== beginning time step 170 : 17 =====


Reforming stiffness matrix: reformation #1

 1
 Nonlinear solution status: time= 17
	stiffness updates             = 0
	right hand side evaluations   = 2
	stiffness matrix reformations = 1
	step from line search         = 1.000000
	convergence norms :     INITIAL         CURRENT         REQUIRED
	   residual            2.971281e+01    2.409615e-07    0.000000e+00 
	   energy              1.653151e-01    5.429240e-06    1.653151e-03 
	   displacement        8.560624e-03    8.560624e-03    8.560624e-09 
 2
 Nonlinear solution status: time= 17
	stiffness updates             = 1
	right hand side evaluations   = 3
	stiffness matrix reformations = 1
	step from line search         = 1.000000
	convergence norms :     INITIAL         CURRENT         REQUIRED
	   residual            2.971281e+01    3.448386e-12    0.000000e+00 
	   energy              1.653151e-01    4.018880e-12    1.653151e-03 
	   displacement        8.560624e-03    1.770247e-10    8.559508e-09 

convergence summary
    number of iterations   : 2
    number of reformations : 1

------- converged at time : 17


Data Record #1
===========================================================================
Step = 170
Time = 17
Data = ux;uy;uz
File = parameter_sweeps/tmax4_disp.txt

Data Record #2
===========================================================================
Step = 170
Time = 17
Data = sz;J
File = parameter_sweeps/tmax4_stress.txt

===== beginning time step 171 : 17.1 =====


Reforming stiffness matrix: reformation #1

 1
 Nonlinear solution status: time= 17.1
	stiffness updates             = 0
	right hand side evaluations   = 2
	stiffness matrix reformations = 1
	step from line search         = 1.000000
	convergence norms :     INITIAL         CURRENT         REQUIRED
	   residual            2.938149e+01    2.442642e-07    0.000000e+00 
	   energy              1.633743e-01    5.207517e-06    1.633743e-03 
	   displacement        8.412430e-03    8.412430e-03    8.412430e-09 
 2
 Nonlinear solution status: time= 17.1
	stiffness updates             = 1
	right hand side evaluations   = 3
	stiffness matrix reformations = 1
	step from line search         = 1.000000
	convergence norms :     INITIAL         CURRENT         REQUIRED
	   residual            2.938149e+01    3.319196e-12    0.000000e+00 
	   energy              1.633743e-01    4.014472e-12    1.633743e-03 
	   displacement        8.412430e-03    1.728652e-10    8.411355e-09 

convergence summary
    number of iterations   : 2
    number of reformations : 1

------- converged at time : 17.1


Data Record #1
===========================================================================
Step = 171
Time = 17.1
Data = ux;uy;uz
File = parameter_sweeps/tmax4_disp.txt

Data Record #2
===========================================================================
Step = 171
Time = 17.1
Data = sz;J
File = parameter_sweeps/tmax4_stress.txt

===== beginning time step 172 : 17.2 =====


Reforming stiffness matrix: reformation #1

 1
 Nonlinear solution status: time= 17.2
	stiffness updates             = 0
	right hand side evaluations   = 2
	stiffness matrix reformations = 1
	step from line search         = 1.000000
	convergence norms :     INITIAL         CURRENT         REQUIRED
	   residual            2.852916e+01    2.111905e-07    0.000000e+00 
	   energy              1.579653e-01    4.510689e-06    1.579653e-03 
	   displacement        8.080202e-03    8.080202e-03    8.080202e-09 
 2
 Nonlinear solution status: time= 17.2
	stiffness updates             = 1
	right hand side evaluations   = 3
	stiffness matrix reformations = 1
	step from line search         = 1.000000
	convergence norms :     INITIAL         CURRENT         REQUIRED
	   residual            2.852916e+01    2.874111e-12    0.000000e+00 
	   energy              1.579653e-01    3.462595e-12    1.579653e-03 
	   displacement        8.080202e-03    1.437520e-10    8.079269e-09 

convergence summary
    number of iterations   : 2
    number of reformations : 1

------- converged at time : 17.2


Data Record #1
===========================================================================
Step = 172
Time = 17.2
Data = ux;uy;uz
File = parameter_sweeps/tmax4_disp.txt

Data Record #2
===========================================================================
Step = 172
Time = 17.2
Data = sz;J
File = parameter_sweeps/tmax4_stress.txt

===== beginning time step 173 : 17.3 =====


Reforming stiffness matrix: reformation #1

 1
 Nonlinear solution status: time= 17.3
	stiffness updates             = 0
	right hand side evaluations   = 2
	stiffness matrix reformations = 1
	step from line search         = 1.000000
	convergence norms :     INITIAL         CURRENT         REQUIRED
	   residual            2.736818e+01    1.511779e-07    0.000000e+00 
	   energy              1.501533e-01    3.627722e-06    1.501533e-03 
	   displacement        7.612793e-03    7.612793e-03    7.612793e-09 
 2
 Nonlinear solution status: time= 17.3
	stiffness updates             = 1
	right hand side evaluations   = 3
	stiffness matrix reformations = 1
	step from line search         = 1.000000
	convergence norms :     INITIAL         CURRENT         REQUIRED
	   residual            2.736818e+01    2.352738e-12    0.000000e+00 
	   energy              1.501533e-01    2.736719e-12    1.501533e-03 
	   displacement        7.612793e-03    1.179159e-10    7.612007e-09 

convergence summary
    number of iterations   : 2
    number of reformations : 1

------- converged at time : 17.3


Data Record #1
===========================================================================
Step = 173
Time = 17.3
Data = ux;uy;uz
File = parameter_sweeps/tmax4_disp.txt

Data Record #2
===========================================================================
Step = 173
Time = 17.3
Data = sz;J
File = parameter_sweeps/tmax4_stress.txt

===== beginning time step 174 : 17.4 =====


Reforming stiffness matrix: reformation #1

 1
 Nonlinear solution status: time= 17.4
	stiffness updates             = 0
	right hand side evaluations   = 2
	stiffness matrix reformations = 1
	step from line search         = 1.000000
	convergence norms :     INITIAL         CURRENT         REQUIRED
	   residual            2.611709e+01    1.045148e-07    0.000000e+00 
	   energy              1.412717e-01    2.833313e-06    1.412717e-03 
	   displacement        7.069137e-03    7.069137e-03    7.069137e-09 
 2
 Nonlinear solution status: time= 17.4
	stiffness updates             = 1
	right hand side evaluations   = 3
	stiffness matrix reformations = 1
	step from line search         = 1.000000
	convergence norms :     INITIAL         CURRENT         REQUIRED
	   residual            2.611709e+01    1.669953e-12    0.000000e+00 
	   energy              1.412717e-01    2.192684e-12    1.412717e-03 
	   displacement        7.069137e-03    1.039360e-10    7.068473e-09 

convergence summary
    number of iterations   : 2
    number of reformations : 1

------- converged at time : 17.4


Data Record #1
===========================================================================
Step = 174
Time = 17.4
Data = ux;uy;uz
File = parameter_sweeps/tmax4_disp.txt

Data Record #2
===========================================================================
Step = 174
Time = 17.4
Data = sz;J
File = parameter_sweeps/tmax4_stress.txt

===== beginning time step 175 : 17.5 =====


Reforming stiffness matrix: reformation #1

 1
 Nonlinear solution status: time= 17.5
	stiffness updates             = 0
	right hand side evaluations   = 2
	stiffness matrix reformations = 1
	step from line search         = 1.000000
	convergence norms :     INITIAL         CURRENT         REQUIRED
	   residual            2.504335e+01    7.304845e-08    0.000000e+00 
	   energy              1.325325e-01    2.297568e-06    1.325325e-03 
	   displacement        6.543472e-03    6.543472e-03    6.543472e-09 
 2
 Nonlinear solution status: time= 17.5
	stiffness updates             = 1
	right hand side evaluations   = 3
	stiffness matrix reformations = 1
	step from line search         = 1.000000
	convergence norms :     INITIAL         CURRENT         REQUIRED
	   residual            2.504335e+01    1.236390e-12    0.000000e+00 
	   energy              1.325325e-01    2.136489e-12    1.325325e-03 
	   displacement        6.543472e-03    1.037821e-10    6.542880e-09 

convergence summary
    number of iterations   : 2
    number of reformations : 1

------- converged at time : 17.5


Data Record #1
===========================================================================
Step = 175
Time = 17.5
Data = ux;uy;uz
File = parameter_sweeps/tmax4_disp.txt

Data Record #2
===========================================================================
Step = 175
Time = 17.5
Data = sz;J
File = parameter_sweeps/tmax4_stress.txt

===== beginning time step 176 : 17.6 =====


Reforming stiffness matrix: reformation #1

 1
 Nonlinear solution status: time= 17.6
	stiffness updates             = 0
	right hand side evaluations   = 2
	stiffness matrix reformations = 1
	step from line search         = 1.000000
	convergence norms :     INITIAL         CURRENT         REQUIRED
	   residual            2.430790e+01    4.728328e-08    0.000000e+00 
	   energy              1.248877e-01    1.896441e-06    1.248877e-03 
	   displacement        6.101224e-03    6.101224e-03    6.101224e-09 
 2
 Nonlinear solution status: time= 17.6
	stiffness updates             = 1
	right hand side evaluations   = 3
	stiffness matrix reformations = 1
	step from line search         = 1.000000
	convergence norms :     INITIAL         CURRENT         REQUIRED
	   residual            2.430790e+01    9.617751e-13    0.000000e+00 
	   energy              1.248877e-01    2.160210e-12    1.248877e-03 
	   displacement        6.101224e-03    1.080432e-10    6.100706e-09 

convergence summary
    number of iterations   : 2
    number of reformations : 1

------- converged at time : 17.6


Data Record #1
===========================================================================
Step = 176
Time = 17.6
Data = ux;uy;uz
File = parameter_sweeps/tmax4_disp.txt

Data Record #2
===========================================================================
Step = 176
Time = 17.6
Data = sz;J
File = parameter_sweeps/tmax4_stress.txt

===== beginning time step 177 : 17.7 =====


Reforming stiffness matrix: reformation #1

 1
 Nonlinear solution status: time= 17.7
	stiffness updates             = 0
	right hand side evaluations   = 2
	stiffness matrix reformations = 1
	step from line search         = 1.000000
	convergence norms :     INITIAL         CURRENT         REQUIRED
	   residual            2.388043e+01    3.736105e-08    0.000000e+00 
	   energy              1.191248e-01    1.587602e-06    1.191248e-03 
	   displacement        5.773356e-03    5.773356e-03    5.773356e-09 
 2
 Nonlinear solution status: time= 17.7
	stiffness updates             = 1
	right hand side evaluations   = 3
	stiffness matrix reformations = 1
	step from line search         = 1.000000
	convergence norms :     INITIAL         CURRENT         REQUIRED
	   residual            2.388043e+01    9.195013e-13    0.000000e+00 
	   energy              1.191248e-01    2.119388e-12    1.191248e-03 
	   displacement        5.773356e-03    1.045464e-10    5.772912e-09 

convergence summary
    number of iterations   : 2
    number of reformations : 1

------- converged at time : 17.7


Data Record #1
===========================================================================
Step = 177
Time = 17.7
Data = ux;uy;uz
File = parameter_sweeps/tmax4_disp.txt

Data Record #2
===========================================================================
Step = 177
Time = 17.7
Data = sz;J
File = parameter_sweeps/tmax4_stress.txt

===== beginning time step 178 : 17.8 =====


Reforming stiffness matrix: reformation #1

 1
 Nonlinear solution status: time= 17.8
	stiffness updates             = 0
	right hand side evaluations   = 2
	stiffness matrix reformations = 1
	step from line search         = 1.000000
	convergence norms :     INITIAL         CURRENT         REQUIRED
	   residual            2.364863e+01    3.617442e-08    0.000000e+00 
	   energy              1.156315e-01    1.465972e-06    1.156315e-03 
	   displacement        5.593455e-03    5.593455e-03    5.593455e-09 
 2
 Nonlinear solution status: time= 17.8
	stiffness updates             = 1
	right hand side evaluations   = 3
	stiffness matrix reformations = 1
	step from line search         = 1.000000
	convergence norms :     INITIAL         CURRENT         REQUIRED
	   residual            2.364863e+01    8.862867e-13    0.000000e+00 
	   energy              1.156315e-01    2.183376e-12    1.156315e-03 
	   displacement        5.593455e-03    1.054484e-10    5.593043e-09 

convergence summary
    number of iterations   : 2
    number of reformations : 1

------- converged at time : 17.8


Data Record #1
===========================================================================
Step = 178
Time = 17.8
Data = ux;uy;uz
File = parameter_sweeps/tmax4_disp.txt

Data Record #2
===========================================================================
Step = 178
Time = 17.8
Data = sz;J
File = parameter_sweeps/tmax4_stress.txt

===== beginning time step 179 : 17.9 =====


Reforming stiffness matrix: reformation #1

 1
 Nonlinear solution status: time= 17.9
	stiffness updates             = 0
	right hand side evaluations   = 2
	stiffness matrix reformations = 1
	step from line search         = 1.000000
	convergence norms :     INITIAL         CURRENT         REQUIRED
	   residual            2.352092e+01    3.978087e-08    0.000000e+00 
	   energy              1.144150e-01    1.439009e-06    1.144150e-03 
	   displacement        5.567490e-03    5.567490e-03    5.567490e-09 
 2
 Nonlinear solution status: time= 17.9
	stiffness updates             = 1
	right hand side evaluations   = 3
	stiffness matrix reformations = 1
	step from line search         = 1.000000
	convergence norms :     INITIAL         CURRENT         REQUIRED
	   residual            2.352092e+01    9.746087e-13    0.000000e+00 
	   energy              1.144150e-01    2.154216e-12    1.144150e-03 
	   displacement        5.567490e-03    1.051376e-10    5.567111e-09 

convergence summary
    number of iterations   : 2
    number of reformations : 1

------- converged at time : 17.9


Data Record #1
===========================================================================
Step = 179
Time = 17.9
Data = ux;uy;uz
File = parameter_sweeps/tmax4_disp.txt

Data Record #2
===========================================================================
Step = 179
Time = 17.9
Data = sz;J
File = parameter_sweeps/tmax4_stress.txt

===== beginning time step 180 : 18 =====


Reforming stiffness matrix: reformation #1

 1
 Nonlinear solution status: time= 18
	stiffness updates             = 0
	right hand side evaluations   = 2
	stiffness matrix reformations = 1
	step from line search         = 1.000000
	convergence norms :     INITIAL         CURRENT         REQUIRED
	   residual            2.354883e+01    3.899905e-08    0.000000e+00 
	   energy              1.152740e-01    1.331528e-06    1.152740e-03 
	   displacement        5.670903e-03    5.670903e-03    5.670903e-09 
 2
 Nonlinear solution status: time= 18
	stiffness updates             = 1
	right hand side evaluations   = 3
	stiffness matrix reformations = 1
	step from line search         = 1.000000
	convergence norms :     INITIAL         CURRENT         REQUIRED
	   residual            2.354883e+01    1.047056e-12    0.000000e+00 
	   energy              1.152740e-01    1.747284e-12    1.152740e-03 
	   displacement        5.670903e-03    8.828083e-11    5.670575e-09 

convergence summary
    number of iterations   : 2
    number of reformations : 1

------- converged at time : 18


Data Record #1
===========================================================================
Step = 180
Time = 18
Data = ux;uy;uz
File = parameter_sweeps/tmax4_disp.txt

Data Record #2
===========================================================================
Step = 180
Time = 18
Data = sz;J
File = parameter_sweeps/tmax4_stress.txt

===== beginning time step 181 : 18.1 =====


Reforming stiffness matrix: reformation #1

 1
 Nonlinear solution status: time= 18.1
	stiffness updates             = 0
	right hand side evaluations   = 2
	stiffness matrix reformations = 1
	step from line search         = 1.000000
	convergence norms :     INITIAL         CURRENT         REQUIRED
	   residual            2.377042e+01    4.080837e-08    0.000000e+00 
	   energy              1.177967e-01    1.243681e-06    1.177967e-03 
	   displacement        5.869149e-03    5.869149e-03    5.869149e-09 
 2
 Nonlinear solution status: time= 18.1
	stiffness updates             = 1
	right hand side evaluations   = 3
	stiffness matrix reformations = 1
	step from line search         = 1.000000
	convergence norms :     INITIAL         CURRENT         REQUIRED
	   residual            2.377042e+01    1.137929e-12    0.000000e+00 
	   energy              1.177967e-01    1.521834e-12    1.177967e-03 
	   displacement        5.869149e-03    7.790370e-11    5.868833e-09 

convergence summary
    number of iterations   : 2
    number of reformations : 1

------- converged at time : 18.1


Data Record #1
===========================================================================
Step = 181
Time = 18.1
Data = ux;uy;uz
File = parameter_sweeps/tmax4_disp.txt

Data Record #2
===========================================================================
Step = 181
Time = 18.1
Data = sz;J
File = parameter_sweeps/tmax4_stress.txt

===== beginning time step 182 : 18.2 =====


Reforming stiffness matrix: reformation #1

 1
 Nonlinear solution status: time= 18.2
	stiffness updates             = 0
	right hand side evaluations   = 2
	stiffness matrix reformations = 1
	step from line search         = 1.000000
	convergence norms :     INITIAL         CURRENT         REQUIRED
	   residual            2.410805e+01    4.718109e-08    0.000000e+00 
	   energy              1.215499e-01    1.333616e-06    1.215499e-03 
	   displacement        6.114592e-03    6.114592e-03    6.114592e-09 
 2
 Nonlinear solution status: time= 18.2
	stiffness updates             = 1
	right hand side evaluations   = 3
	stiffness matrix reformations = 1
	step from line search         = 1.000000
	convergence norms :     INITIAL         CURRENT         REQUIRED
	   residual            2.410805e+01    1.307525e-12    0.000000e+00 
	   energy              1.215499e-01    1.667447e-12    1.215499e-03 
	   displacement        6.114592e-03    8.389746e-11    6.114235e-09 

convergence summary
    number of iterations   : 2
    number of reformations : 1

------- converged at time : 18.2


Data Record #1
===========================================================================
Step = 182
Time = 18.2
Data = ux;uy;uz
File = parameter_sweeps/tmax4_disp.txt

Data Record #2
===========================================================================
Step = 182
Time = 18.2
Data = sz;J
File = parameter_sweeps/tmax4_stress.txt

===== beginning time step 183 : 18.3 =====


Reforming stiffness matrix: reformation #1

 1
 Nonlinear solution status: time= 18.3
	stiffness updates             = 0
	right hand side evaluations   = 2
	stiffness matrix reformations = 1
	step from line search         = 1.000000
	convergence norms :     INITIAL         CURRENT         REQUIRED
	   residual            2.468348e+01    4.817206e-08    0.000000e+00 
	   energy              1.268734e-01    1.525809e-06    1.268734e-03 
	   displacement        6.402136e-03    6.402136e-03    6.402136e-09 
 2
 Nonlinear solution status: time= 18.3
	stiffness updates             = 1
	right hand side evaluations   = 3
	stiffness matrix reformations = 1
	step from line search         = 1.000000
	convergence norms :     INITIAL         CURRENT         REQUIRED
	   residual            2.468348e+01    1.359484e-12    0.000000e+00 
	   energy              1.268734e-01    1.771662e-12    1.268734e-03 
	   displacement        6.402136e-03    9.252665e-11    6.401712e-09 

convergence summary
    number of iterations   : 2
    number of reformations : 1

------- converged at time : 18.3


Data Record #1
===========================================================================
Step = 183
Time = 18.3
Data = ux;uy;uz
File = parameter_sweeps/tmax4_disp.txt

Data Record #2
===========================================================================
Step = 183
Time = 18.3
Data = sz;J
File = parameter_sweeps/tmax4_stress.txt

===== beginning time step 184 : 18.4 =====


Reforming stiffness matrix: reformation #1

 1
 Nonlinear solution status: time= 18.4
	stiffness updates             = 0
	right hand side evaluations   = 2
	stiffness matrix reformations = 1
	step from line search         = 1.000000
	convergence norms :     INITIAL         CURRENT         REQUIRED
	   residual            2.573774e+01    4.008313e-08    0.000000e+00 
	   energy              1.349810e-01    1.740044e-06    1.349810e-03 
	   displacement        6.800553e-03    6.800553e-03    6.800553e-09 
 2
 Nonlinear solution status: time= 18.4
	stiffness updates             = 1
	right hand side evaluations   = 3
	stiffness matrix reformations = 1
	step from line search         = 1.000000
	convergence norms :     INITIAL         CURRENT         REQUIRED
	   residual            2.573774e+01    1.162406e-12    0.000000e+00 
	   energy              1.349810e-01    1.869869e-12    1.349810e-03 
	   displacement        6.800553e-03    9.941628e-11    6.800052e-09 

convergence summary
    number of iterations   : 2
    number of reformations : 1

------- converged at time : 18.4


Data Record #1
===========================================================================
Step = 184
Time = 18.4
Data = ux;uy;uz
File = parameter_sweeps/tmax4_disp.txt

Data Record #2
===========================================================================
Step = 184
Time = 18.4
Data = sz;J
File = parameter_sweeps/tmax4_stress.txt

===== beginning time step 185 : 18.5 =====


Reforming stiffness matrix: reformation #1

 1
 Nonlinear solution status: time= 18.5
	stiffness updates             = 0
	right hand side evaluations   = 2
	stiffness matrix reformations = 1
	step from line search         = 1.000000
	convergence norms :     INITIAL         CURRENT         REQUIRED
	   residual            2.730095e+01    3.216183e-08    0.000000e+00 
	   energy              1.472210e-01    2.088331e-06    1.472210e-03 
	   displacement        7.413055e-03    7.413055e-03    7.413055e-09 
 2
 Nonlinear solution status: time= 18.5
	stiffness updates             = 1
	right hand side evaluations   = 3
	stiffness matrix reformations = 1
	step from line search         = 1.000000
	convergence norms :     INITIAL         CURRENT         REQUIRED
	   residual            2.730095e+01    9.718316e-13    0.000000e+00 
	   energy              1.472210e-01    2.001722e-12    1.472210e-03 
	   displacement        7.413055e-03    1.083249e-10    7.412428e-09 

convergence summary
    number of iterations   : 2
    number of reformations : 1

------- converged at time : 18.5


Data Record #1
===========================================================================
Step = 185
Time = 18.5
Data = ux;uy;uz
File = parameter_sweeps/tmax4_disp.txt

Data Record #2
===========================================================================
Step = 185
Time = 18.5
Data = sz;J
File = parameter_sweeps/tmax4_stress.txt

===== beginning time step 186 : 18.6 =====


Reforming stiffness matrix: reformation #1

 1
 Nonlinear solution status: time= 18.6
	stiffness updates             = 0
	right hand side evaluations   = 2
	stiffness matrix reformations = 1
	step from line search         = 1.000000
	convergence norms :     INITIAL         CURRENT         REQUIRED
	   residual            2.933175e+01    2.974202e-08    0.000000e+00 
	   energy              1.644894e-01    2.631322e-06    1.644894e-03 
	   displacement        8.316451e-03    8.316451e-03    8.316451e-09 
 2
 Nonlinear solution status: time= 18.6
	stiffness updates             = 1
	right hand side evaluations   = 3
	stiffness matrix reformations = 1
	step from line search         = 1.000000
	convergence norms :     INITIAL         CURRENT         REQUIRED
	   residual            2.933175e+01    9.555034e-13    0.000000e+00 
	   energy              1.644894e-01    2.157233e-12    1.644894e-03 
	   displacement        8.316451e-03    1.215329e-10    8.315636e-09 

convergence summary
    number of iterations   : 2
    number of reformations : 1

------- converged at time : 18.6


Data Record #1
===========================================================================
Step = 186
Time = 18.6
Data = ux;uy;uz
File = parameter_sweeps/tmax4_disp.txt

Data Record #2
===========================================================================
Step = 186
Time = 18.6
Data = sz;J
File = parameter_sweeps/tmax4_stress.txt

===== beginning time step 187 : 18.7 =====


Reforming stiffness matrix: reformation #1

 1
 Nonlinear solution status: time= 18.7
	stiffness updates             = 0
	right hand side evaluations   = 2
	stiffness matrix reformations = 1
	step from line search         = 1.000000
	convergence norms :     INITIAL         CURRENT         REQUIRED
	   residual            3.183971e+01    3.143674e-08    0.000000e+00 
	   energy              1.871333e-01    3.390555e-06    1.871333e-03 
	   displacement        9.538659e-03    9.538659e-03    9.538659e-09 
 2
 Nonlinear solution status: time= 18.7
	stiffness updates             = 1
	right hand side evaluations   = 3
	stiffness matrix reformations = 1
	step from line search         = 1.000000
	convergence norms :     INITIAL         CURRENT         REQUIRED
	   residual            3.183971e+01    9.926971e-13    0.000000e+00 
	   energy              1.871333e-01    2.434453e-12    1.871333e-03 
	   displacement        9.538659e-03    1.401006e-10    9.537650e-09 

convergence summary
    number of iterations   : 2
    number of reformations : 1

------- converged at time : 18.7


Data Record #1
===========================================================================
Step = 187
Time = 18.7
Data = ux;uy;uz
File = parameter_sweeps/tmax4_disp.txt

Data Record #2
===========================================================================
Step = 187
Time = 18.7
Data = sz;J
File = parameter_sweeps/tmax4_stress.txt

===== beginning time step 188 : 18.8 =====


Reforming stiffness matrix: reformation #1

 1
 Nonlinear solution status: time= 18.8
	stiffness updates             = 0
	right hand side evaluations   = 2
	stiffness matrix reformations = 1
	step from line search         = 1.000000
	convergence norms :     INITIAL         CURRENT         REQUIRED
	   residual            3.486351e+01    3.487273e-08    0.000000e+00 
	   energy              2.149149e-01    4.272776e-06    2.149149e-03 
	   displacement        1.107080e-02    1.107080e-02    1.107080e-08 
 2
 Nonlinear solution status: time= 18.8
	stiffness updates             = 1
	right hand side evaluations   = 3
	stiffness matrix reformations = 1
	step from line search         = 1.000000
	convergence norms :     INITIAL         CURRENT         REQUIRED
	   residual            3.486351e+01    1.015835e-12    0.000000e+00 
	   energy              2.149149e-01    2.649859e-12    2.149149e-03 
	   displacement        1.107080e-02    1.554194e-10    1.106959e-08 

convergence summary
    number of iterations   : 2
    number of reformations : 1

------- converged at time : 18.8


Data Record #1
===========================================================================
Step = 188
Time = 18.8
Data = ux;uy;uz
File = parameter_sweeps/tmax4_disp.txt

Data Record #2
===========================================================================
Step = 188
Time = 18.8
Data = sz;J
File = parameter_sweeps/tmax4_stress.txt

===== beginning time step 189 : 18.9 =====


Reforming stiffness matrix: reformation #1

 1
 Nonlinear solution status: time= 18.9
	stiffness updates             = 0
	right hand side evaluations   = 2
	stiffness matrix reformations = 1
	step from line search         = 1.000000
	convergence norms :     INITIAL         CURRENT         REQUIRED
	   residual            3.850002e+01    4.328371e-08    0.000000e+00 
	   energy              2.466955e-01    5.349961e-06    2.466955e-03 
	   displacement        1.283856e-02    1.283856e-02    1.283856e-08 
 2
 Nonlinear solution status: time= 18.9
	stiffness updates             = 1
	right hand side evaluations   = 3
	stiffness matrix reformations = 1
	step from line search         = 1.000000
	convergence norms :     INITIAL         CURRENT         REQUIRED
	   residual            3.850002e+01    1.078093e-12    0.000000e+00 
	   energy              2.466955e-01    2.921541e-12    2.466955e-03 
	   displacement        1.283856e-02    1.790685e-10    1.283706e-08 

convergence summary
    number of iterations   : 2
    number of reformations : 1

------- converged at time : 18.9


Data Record #1
===========================================================================
Step = 189
Time = 18.9
Data = ux;uy;uz
File = parameter_sweeps/tmax4_disp.txt

Data Record #2
===========================================================================
Step = 189
Time = 18.9
Data = sz;J
File = parameter_sweeps/tmax4_stress.txt

===== beginning time step 190 : 19 =====


Reforming stiffness matrix: reformation #1

 1
 Nonlinear solution status: time= 19
	stiffness updates             = 0
	right hand side evaluations   = 2
	stiffness matrix reformations = 1
	step from line search         = 1.000000
	convergence norms :     INITIAL         CURRENT         REQUIRED
	   residual            4.273001e+01    5.479434e-08    0.000000e+00 
	   energy              2.805050e-01    6.818783e-06    2.805050e-03 
	   displacement        1.468564e-02    1.468564e-02    1.468564e-08 
 2
 Nonlinear solution status: time= 19
	stiffness updates             = 1
	right hand side evaluations   = 3
	stiffness matrix reformations = 1
	step from line search         = 1.000000
	convergence norms :     INITIAL         CURRENT         REQUIRED
	   residual            4.273001e+01    1.298213e-12    0.000000e+00 
	   energy              2.805050e-01    3.458676e-12    2.805050e-03 
	   displacement        1.468564e-02    2.239015e-10    1.468377e-08 

convergence summary
    number of iterations   : 2
    number of reformations : 1

------- converged at time : 19


Data Record #1
===========================================================================
Step = 190
Time = 19
Data = ux;uy;uz
File = parameter_sweeps/tmax4_disp.txt

Data Record #2
===========================================================================
Step = 190
Time = 19
Data = sz;J
File = parameter_sweeps/tmax4_stress.txt

===== beginning time step 191 : 19.1 =====


Reforming stiffness matrix: reformation #1

 1
 Nonlinear solution status: time= 19.1
	stiffness updates             = 0
	right hand side evaluations   = 2
	stiffness matrix reformations = 1
	step from line search         = 1.000000
	convergence norms :     INITIAL         CURRENT         REQUIRED
	   residual            4.739099e+01    6.328718e-08    0.000000e+00 
	   energy              3.142426e-01    8.248552e-06    3.142426e-03 
	   displacement        1.646167e-02    1.646167e-02    1.646167e-08 
 2
 Nonlinear solution status: time= 19.1
	stiffness updates             = 1
	right hand side evaluations   = 3
	stiffness matrix reformations = 1
	step from line search         = 1.000000
	convergence norms :     INITIAL         CURRENT         REQUIRED
	   residual            4.739099e+01    1.299498e-12    0.000000e+00 
	   energy              3.142426e-01    3.576282e-12    3.142426e-03 
	   displacement        1.646167e-02    2.559161e-10    1.645954e-08 

convergence summary
    number of iterations   : 2
    number of reformations : 1

------- converged at time : 19.1


Data Record #1
===========================================================================
Step = 191
Time = 19.1
Data = ux;uy;uz
File = parameter_sweeps/tmax4_disp.txt

Data Record #2
===========================================================================
Step = 191
Time = 19.1
Data = sz;J
File = parameter_sweeps/tmax4_stress.txt

===== beginning time step 192 : 19.2 =====


Reforming stiffness matrix: reformation #1

 1
 Nonlinear solution status: time= 19.2
	stiffness updates             = 0
	right hand side evaluations   = 2
	stiffness matrix reformations = 1
	step from line search         = 1.000000
	convergence norms :     INITIAL         CURRENT         REQUIRED
	   residual            5.242329e+01    7.968558e-08    0.000000e+00 
	   energy              3.463561e-01    8.960921e-06    3.463561e-03 
	   displacement        1.807032e-02    1.807032e-02    1.807032e-08 
 2
 Nonlinear solution status: time= 19.2
	stiffness updates             = 1
	right hand side evaluations   = 3
	stiffness matrix reformations = 1
	step from line search         = 1.000000
	convergence norms :     INITIAL         CURRENT         REQUIRED
	   residual            5.242329e+01    1.345302e-12    0.000000e+00 
	   energy              3.463561e-01    3.553472e-12    3.463561e-03 
	   displacement        1.807032e-02    2.674845e-10    1.806807e-08 

convergence summary
    number of iterations   : 2
    number of reformations : 1

------- converged at time : 19.2


Data Record #1
===========================================================================
Step = 192
Time = 19.2
Data = ux;uy;uz
File = parameter_sweeps/tmax4_disp.txt

Data Record #2
===========================================================================
Step = 192
Time = 19.2
Data = sz;J
File = parameter_sweeps/tmax4_stress.txt

===== beginning time step 193 : 19.3 =====


Reforming stiffness matrix: reformation #1

 1
 Nonlinear solution status: time= 19.3
	stiffness updates             = 0
	right hand side evaluations   = 2
	stiffness matrix reformations = 1
	step from line search         = 1.000000
	convergence norms :     INITIAL         CURRENT         REQUIRED
	   residual            5.779070e+01    6.993185e-08    0.000000e+00 
	   energy              3.760175e-01    8.884144e-06    3.760175e-03 
	   displacement        1.942902e-02    1.942902e-02    1.942902e-08 
 2
 Nonlinear solution status: time= 19.3
	stiffness updates             = 1
	right hand side evaluations   = 3
	stiffness matrix reformations = 1
	step from line search         = 1.000000
	convergence norms :     INITIAL         CURRENT         REQUIRED
	   residual            5.779070e+01    1.105156e-12    0.000000e+00 
	   energy              3.760175e-01    3.469472e-12    3.760175e-03 
	   displacement        1.942902e-02    2.742970e-10    1.942676e-08 

convergence summary
    number of iterations   : 2
    number of reformations : 1

------- converged at time : 19.3


Data Record #1
===========================================================================
Step = 193
Time = 19.3
Data = ux;uy;uz
File = parameter_sweeps/tmax4_disp.txt

Data Record #2
===========================================================================
Step = 193
Time = 19.3
Data = sz;J
File = parameter_sweeps/tmax4_stress.txt

===== beginning time step 194 : 19.4 =====


Reforming stiffness matrix: reformation #1

 1
 Nonlinear solution status: time= 19.4
	stiffness updates             = 0
	right hand side evaluations   = 2
	stiffness matrix reformations = 1
	step from line search         = 1.000000
	convergence norms :     INITIAL         CURRENT         REQUIRED
	   residual            6.339673e+01    5.352704e-08    0.000000e+00 
	   energy              4.032671e-01    8.314146e-06    4.032671e-03 
	   displacement        2.052282e-02    2.052282e-02    2.052282e-08 
 2
 Nonlinear solution status: time= 19.4
	stiffness updates             = 1
	right hand side evaluations   = 3
	stiffness matrix reformations = 1
	step from line search         = 1.000000
	convergence norms :     INITIAL         CURRENT         REQUIRED
	   residual            6.339673e+01    9.243162e-13    0.000000e+00 
	   energy              4.032671e-01    3.471659e-12    4.032671e-03 
	   displacement        2.052282e-02    2.672486e-10    2.052074e-08 

convergence summary
    number of iterations   : 2
    number of reformations : 1

------- converged at time : 19.4


Data Record #1
===========================================================================
Step = 194
Time = 19.4
Data = ux;uy;uz
File = parameter_sweeps/tmax4_disp.txt

Data Record #2
===========================================================================
Step = 194
Time = 19.4
Data = sz;J
File = parameter_sweeps/tmax4_stress.txt

===== beginning time step 195 : 19.5 =====


Reforming stiffness matrix: reformation #1

 1
 Nonlinear solution status: time= 19.5
	stiffness updates             = 0
	right hand side evaluations   = 2
	stiffness matrix reformations = 1
	step from line search         = 1.000000
	convergence norms :     INITIAL         CURRENT         REQUIRED
	   residual            6.914525e+01    4.807897e-08    0.000000e+00 
	   energy              4.288303e-01    7.590646e-06    4.288303e-03 
	   displacement        2.147214e-02    2.147214e-02    2.147214e-08 
 2
 Nonlinear solution status: time= 19.5
	stiffness updates             = 1
	right hand side evaluations   = 3
	stiffness matrix reformations = 1
	step from line search         = 1.000000
	convergence norms :     INITIAL         CURRENT         REQUIRED
	   residual            6.914525e+01    1.022592e-12    0.000000e+00 
	   energy              4.288303e-01    3.702255e-12    4.288303e-03 
	   displacement        2.147214e-02    2.545408e-10    2.147034e-08 

convergence summary
    number of iterations   : 2
    number of reformations : 1

------- converged at time : 19.5


Data Record #1
===========================================================================
Step = 195
Time = 19.5
Data = ux;uy;uz
File = parameter_sweeps/tmax4_disp.txt

Data Record #2
===========================================================================
Step = 195
Time = 19.5
Data = sz;J
File = parameter_sweeps/tmax4_stress.txt

===== beginning time step 196 : 19.6 =====


Reforming stiffness matrix: reformation #1

 1
 Nonlinear solution status: time= 19.6
	stiffness updates             = 0
	right hand side evaluations   = 2
	stiffness matrix reformations = 1
	step from line search         = 1.000000
	convergence norms :     INITIAL         CURRENT         REQUIRED
	   residual            7.494787e+01    4.947212e-08    0.000000e+00 
	   energy              4.537824e-01    6.977040e-06    4.537824e-03 
	   displacement        2.243666e-02    2.243666e-02    2.243666e-08 
 2
 Nonlinear solution status: time= 19.6
	stiffness updates             = 1
	right hand side evaluations   = 3
	stiffness matrix reformations = 1
	step from line search         = 1.000000
	convergence norms :     INITIAL         CURRENT         REQUIRED
	   residual            7.494787e+01    1.190184e-12    0.000000e+00 
	   energy              4.537824e-01    3.970801e-12    4.537824e-03 
	   displacement        2.243666e-02    2.496590e-10    2.243512e-08 

convergence summary
    number of iterations   : 2
    number of reformations : 1

------- converged at time : 19.6


Data Record #1
===========================================================================
Step = 196
Time = 19.6
Data = ux;uy;uz
File = parameter_sweeps/tmax4_disp.txt

Data Record #2
===========================================================================
Step = 196
Time = 19.6
Data = sz;J
File = parameter_sweeps/tmax4_stress.txt

===== beginning time step 197 : 19.7 =====


Reforming stiffness matrix: reformation #1

 1
 Nonlinear solution status: time= 19.7
	stiffness updates             = 0
	right hand side evaluations   = 2
	stiffness matrix reformations = 1
	step from line search         = 1.000000
	convergence norms :     INITIAL         CURRENT         REQUIRED
	   residual            8.079810e+01    4.610608e-08    0.000000e+00 
	   energy              4.791970e-01    6.403083e-06    4.791970e-03 
	   displacement        2.347064e-02    2.347064e-02    2.347064e-08 
 2
 Nonlinear solution status: time= 19.7
	stiffness updates             = 1
	right hand side evaluations   = 3
	stiffness matrix reformations = 1
	step from line search         = 1.000000
	convergence norms :     INITIAL         CURRENT         REQUIRED
	   residual            8.079810e+01    1.343335e-12    0.000000e+00 
	   energy              4.791970e-01    4.198116e-12    4.791970e-03 
	   displacement        2.347064e-02    2.468199e-10    2.346928e-08 

convergence summary
    number of iterations   : 2
    number of reformations : 1

------- converged at time : 19.7


Data Record #1
===========================================================================
Step = 197
Time = 19.7
Data = ux;uy;uz
File = parameter_sweeps/tmax4_disp.txt

Data Record #2
===========================================================================
Step = 197
Time = 19.7
Data = sz;J
File = parameter_sweeps/tmax4_stress.txt

===== beginning time step 198 : 19.8 =====


Reforming stiffness matrix: reformation #1

 1
 Nonlinear solution status: time= 19.8
	stiffness updates             = 0
	right hand side evaluations   = 2
	stiffness matrix reformations = 1
	step from line search         = 1.000000
	convergence norms :     INITIAL         CURRENT         REQUIRED
	   residual            8.690241e+01    4.842025e-08    0.000000e+00 
	   energy              5.060264e-01    5.805476e-06    5.060264e-03 
	   displacement        2.460052e-02    2.460052e-02    2.460052e-08 
 2
 Nonlinear solution status: time= 19.8
	stiffness updates             = 1
	right hand side evaluations   = 3
	stiffness matrix reformations = 1
	step from line search         = 1.000000
	convergence norms :     INITIAL         CURRENT         REQUIRED
	   residual            8.690241e+01    1.458912e-12    0.000000e+00 
	   energy              5.060264e-01    4.404675e-12    5.060264e-03 
	   displacement        2.460052e-02    2.412665e-10    2.459927e-08 

convergence summary
    number of iterations   : 2
    number of reformations : 1

------- converged at time : 19.8


Data Record #1
===========================================================================
Step = 198
Time = 19.8
Data = ux;uy;uz
File = parameter_sweeps/tmax4_disp.txt

Data Record #2
===========================================================================
Step = 198
Time = 19.8
Data = sz;J
File = parameter_sweeps/tmax4_stress.txt

===== beginning time step 199 : 19.9 =====


Reforming stiffness matrix: reformation #1

 1
 Nonlinear solution status: time= 19.9
	stiffness updates             = 0
	right hand side evaluations   = 2
	stiffness matrix reformations = 1
	step from line search         = 1.000000
	convergence norms :     INITIAL         CURRENT         REQUIRED
	   residual            9.353576e+01    8.927041e-08    0.000000e+00 
	   energy              5.347963e-01    5.306677e-06    5.347963e-03 
	   displacement        2.585777e-02    2.585777e-02    2.585777e-08 
 2
 Nonlinear solution status: time= 19.9
	stiffness updates             = 1
	right hand side evaluations   = 3
	stiffness matrix reformations = 1
	step from line search         = 1.000000
	convergence norms :     INITIAL         CURRENT         REQUIRED
	   residual            9.353576e+01    2.023484e-12    0.000000e+00 
	   energy              5.347963e-01    4.694513e-12    5.347963e-03 
	   displacement        2.585777e-02    2.315972e-10    2.585667e-08 

convergence summary
    number of iterations   : 2
    number of reformations : 1

------- converged at time : 19.9


Data Record #1
===========================================================================
Step = 199
Time = 19.9
Data = ux;uy;uz
File = parameter_sweeps/tmax4_disp.txt

Data Record #2
===========================================================================
Step = 199
Time = 19.9
Data = sz;J
File = parameter_sweeps/tmax4_stress.txt

===== beginning time step 200 : 20 =====


Reforming stiffness matrix: reformation #1

 1
 Nonlinear solution status: time= 20
	stiffness updates             = 0
	right hand side evaluations   = 2
	stiffness matrix reformations = 1
	step from line search         = 1.000000
	convergence norms :     INITIAL         CURRENT         REQUIRED
	   residual            1.008062e+02    1.528247e-07    0.000000e+00 
	   energy              5.655222e-01    4.910172e-06    5.655222e-03 
	   displacement        2.719308e-02    2.719308e-02    2.719308e-08 
 2
 Nonlinear solution status: time= 20
	stiffness updates             = 1
	right hand side evaluations   = 3
	stiffness matrix reformations = 1
	step from line search         = 1.000000
	convergence norms :     INITIAL         CURRENT         REQUIRED
	   residual            1.008062e+02    3.767764e-12    0.000000e+00 
	   energy              5.655222e-01    5.674520e-12    5.655222e-03 
	   displacement        2.719308e-02    2.183824e-10    2.719224e-08 

convergence summary
    number of iterations   : 2
    number of reformations : 1

------- converged at time : 20


Data Record #1
===========================================================================
Step = 200
Time = 20
Data = ux;uy;uz
File = parameter_sweeps/tmax4_disp.txt

Data Record #2
===========================================================================
Step = 200
Time = 20
Data = sz;J
File = parameter_sweeps/tmax4_stress.txt

===== beginning time step 201 : 20.1 =====


Reforming stiffness matrix: reformation #1

 1
 Nonlinear solution status: time= 20.1
	stiffness updates             = 0
	right hand side evaluations   = 2
	stiffness matrix reformations = 1
	step from line search         = 1.000000
	convergence norms :     INITIAL         CURRENT         REQUIRED
	   residual            1.089098e+02    2.242005e-07    0.000000e+00 
	   energy              5.979611e-01    4.776386e-06    5.979611e-03 
	   displacement        2.852835e-02    2.852835e-02    2.852835e-08 
 2
 Nonlinear solution status: time= 20.1
	stiffness updates             = 1
	right hand side evaluations   = 3
	stiffness matrix reformations = 1
	step from line search         = 1.000000
	convergence norms :     INITIAL         CURRENT         REQUIRED
	   residual            1.089098e+02    6.054598e-12    0.000000e+00 
	   energy              5.979611e-01    7.506664e-12    5.979611e-03 
	   displacement        2.852835e-02    2.137319e-10    2.852782e-08 

convergence summary
    number of iterations   : 2
    number of reformations : 1

------- converged at time : 20.1


Data Record #1
===========================================================================
Step = 201
Time = 20.1
Data = ux;uy;uz
File = parameter_sweeps/tmax4_disp.txt

Data Record #2
===========================================================================
Step = 201
Time = 20.1
Data = sz;J
File = parameter_sweeps/tmax4_stress.txt

===== beginning time step 202 : 20.2 =====


Reforming stiffness matrix: reformation #1

 1
 Nonlinear solution status: time= 20.2
	stiffness updates             = 0
	right hand side evaluations   = 2
	stiffness matrix reformations = 1
	step from line search         = 1.000000
	convergence norms :     INITIAL         CURRENT         REQUIRED
	   residual            1.180240e+02    3.145876e-07    0.000000e+00 
	   energy              6.318941e-01    4.963586e-06    6.318941e-03 
	   displacement        2.984452e-02    2.984452e-02    2.984452e-08 
 2
 Nonlinear solution status: time= 20.2
	stiffness updates             = 1
	right hand side evaluations   = 3
	stiffness matrix reformations = 1
	step from line search         = 1.000000
	convergence norms :     INITIAL         CURRENT         REQUIRED
	   residual            1.180240e+02    8.453164e-12    0.000000e+00 
	   energy              6.318941e-01    9.280764e-12    6.318941e-03 
	   displacement        2.984452e-02    2.167431e-10    2.984424e-08 

convergence summary
    number of iterations   : 2
    number of reformations : 1

------- converged at time : 20.2


Data Record #1
===========================================================================
Step = 202
Time = 20.2
Data = ux;uy;uz
File = parameter_sweeps/tmax4_disp.txt

Data Record #2
===========================================================================
Step = 202
Time = 20.2
Data = sz;J
File = parameter_sweeps/tmax4_stress.txt

===== beginning time step 203 : 20.3 =====


Reforming stiffness matrix: reformation #1

 1
 Nonlinear solution status: time= 20.3
	stiffness updates             = 0
	right hand side evaluations   = 2
	stiffness matrix reformations = 1
	step from line search         = 1.000000
	convergence norms :     INITIAL         CURRENT         REQUIRED
	   residual            1.277813e+02    3.885910e-07    0.000000e+00 
	   energy              6.671735e-01    5.267658e-06    6.671735e-03 
	   displacement        3.117340e-02    3.117340e-02    3.117340e-08 
 2
 Nonlinear solution status: time= 20.3
	stiffness updates             = 1
	right hand side evaluations   = 3
	stiffness matrix reformations = 1
	step from line search         = 1.000000
	convergence norms :     INITIAL         CURRENT         REQUIRED
	   residual            1.277813e+02    1.063298e-11    0.000000e+00 
	   energy              6.671735e-01    1.032041e-11    6.671735e-03 
	   displacement        3.117340e-02    2.125442e-10    3.117328e-08 

convergence summary
    number of iterations   : 2
    number of reformations : 1

------- converged at time : 20.3


Data Record #1
===========================================================================
Step = 203
Time = 20.3
Data = ux;uy;uz
File = parameter_sweeps/tmax4_disp.txt

Data Record #2
===========================================================================
Step = 203
Time = 20.3
Data = sz;J
File = parameter_sweeps/tmax4_stress.txt

===== beginning time step 204 : 20.4 =====


Reforming stiffness matrix: reformation #1

 1
 Nonlinear solution status: time= 20.4
	stiffness updates             = 0
	right hand side evaluations   = 2
	stiffness matrix reformations = 1
	step from line search         = 1.000000
	convergence norms :     INITIAL         CURRENT         REQUIRED
	   residual            1.374648e+02    4.691359e-07    0.000000e+00 
	   energy              7.030989e-01    5.609275e-06    7.030989e-03 
	   displacement        3.257845e-02    3.257845e-02    3.257845e-08 
 2
 Nonlinear solution status: time= 20.4
	stiffness updates             = 1
	right hand side evaluations   = 3
	stiffness matrix reformations = 1
	step from line search         = 1.000000
	convergence norms :     INITIAL         CURRENT         REQUIRED
	   residual            1.374648e+02    1.306938e-11    0.000000e+00 
	   energy              7.030989e-01    1.143915e-11    7.030989e-03 
	   displacement        3.257845e-02    2.084917e-10    3.257844e-08 

convergence summary
    number of iterations   : 2
    number of reformations : 1

------- converged at time : 20.4


Data Record #1
===========================================================================
Step = 204
Time = 20.4
Data = ux;uy;uz
File = parameter_sweeps/tmax4_disp.txt

Data Record #2
===========================================================================
Step = 204
Time = 20.4
Data = sz;J
File = parameter_sweeps/tmax4_stress.txt

===== beginning time step 205 : 20.5 =====


Reforming stiffness matrix: reformation #1

 1
 Nonlinear solution status: time= 20.5
	stiffness updates             = 0
	right hand side evaluations   = 2
	stiffness matrix reformations = 1
	step from line search         = 1.000000
	convergence norms :     INITIAL         CURRENT         REQUIRED
	   residual            1.461497e+02    5.104186e-07    0.000000e+00 
	   energy              7.381837e-01    5.890439e-06    7.381837e-03 
	   displacement        3.408664e-02    3.408664e-02    3.408664e-08 
 2
 Nonlinear solution status: time= 20.5
	stiffness updates             = 1
	right hand side evaluations   = 3
	stiffness matrix reformations = 1
	step from line search         = 1.000000
	convergence norms :     INITIAL         CURRENT         REQUIRED
	   residual            1.461497e+02    1.432708e-11    0.000000e+00 
	   energy              7.381837e-01    1.163091e-11    7.381837e-03 
	   displacement        3.408664e-02    2.092618e-10    3.408663e-08 

convergence summary
    number of iterations   : 2
    number of reformations : 1

------- converged at time : 20.5


Data Record #1
===========================================================================
Step = 205
Time = 20.5
Data = ux;uy;uz
File = parameter_sweeps/tmax4_disp.txt

Data Record #2
===========================================================================
Step = 205
Time = 20.5
Data = sz;J
File = parameter_sweeps/tmax4_stress.txt

===== beginning time step 206 : 20.6 =====


Reforming stiffness matrix: reformation #1

 1
 Nonlinear solution status: time= 20.6
	stiffness updates             = 0
	right hand side evaluations   = 2
	stiffness matrix reformations = 1
	step from line search         = 1.000000
	convergence norms :     INITIAL         CURRENT         REQUIRED
	   residual            1.528181e+02    4.876941e-07    0.000000e+00 
	   energy              7.705679e-01    6.125401e-06    7.705679e-03 
	   displacement        3.562254e-02    3.562254e-02    3.562254e-08 
 2
 Nonlinear solution status: time= 20.6
	stiffness updates             = 1
	right hand side evaluations   = 3
	stiffness matrix reformations = 1
	step from line search         = 1.000000
	convergence norms :     INITIAL         CURRENT         REQUIRED
	   residual            1.528181e+02    1.396483e-11    0.000000e+00 
	   energy              7.705679e-01    1.086438e-11    7.705679e-03 
	   displacement        3.562254e-02    2.138019e-10    3.562234e-08 

convergence summary
    number of iterations   : 2
    number of reformations : 1

------- converged at time : 20.6


Data Record #1
===========================================================================
Step = 206
Time = 20.6
Data = ux;uy;uz
File = parameter_sweeps/tmax4_disp.txt

Data Record #2
===========================================================================
Step = 206
Time = 20.6
Data = sz;J
File = parameter_sweeps/tmax4_stress.txt

===== beginning time step 207 : 20.7 =====


Reforming stiffness matrix: reformation #1

 1
 Nonlinear solution status: time= 20.7
	stiffness updates             = 0
	right hand side evaluations   = 2
	stiffness matrix reformations = 1
	step from line search         = 1.000000
	convergence norms :     INITIAL         CURRENT         REQUIRED
	   residual            1.571665e+02    4.149175e-07    0.000000e+00 
	   energy              7.988752e-01    6.420975e-06    7.988752e-03 
	   displacement        3.713672e-02    3.713672e-02    3.713672e-08 
 2
 Nonlinear solution status: time= 20.7
	stiffness updates             = 1
	right hand side evaluations   = 3
	stiffness matrix reformations = 1
	step from line search         = 1.000000
	convergence norms :     INITIAL         CURRENT         REQUIRED
	   residual            1.571665e+02    1.246332e-11    0.000000e+00 
	   energy              7.988752e-01    1.009388e-11    7.988752e-03 
	   displacement        3.713672e-02    2.271486e-10    3.713623e-08 

convergence summary
    number of iterations   : 2
    number of reformations : 1

------- converged at time : 20.7


Data Record #1
===========================================================================
Step = 207
Time = 20.7
Data = ux;uy;uz
File = parameter_sweeps/tmax4_disp.txt

Data Record #2
===========================================================================
Step = 207
Time = 20.7
Data = sz;J
File = parameter_sweeps/tmax4_stress.txt

===== beginning time step 208 : 20.8 =====


Reforming stiffness matrix: reformation #1

 1
 Nonlinear solution status: time= 20.8
	stiffness updates             = 0
	right hand side evaluations   = 2
	stiffness matrix reformations = 1
	step from line search         = 1.000000
	convergence norms :     INITIAL         CURRENT         REQUIRED
	   residual            1.596943e+02    3.451142e-07    0.000000e+00 
	   energy              8.223818e-01    6.721830e-06    8.223818e-03 
	   displacement        3.857276e-02    3.857276e-02    3.857276e-08 
 2
 Nonlinear solution status: time= 20.8
	stiffness updates             = 1
	right hand side evaluations   = 3
	stiffness matrix reformations = 1
	step from line search         = 1.000000
	convergence norms :     INITIAL         CURRENT         REQUIRED
	   residual            1.596943e+02    1.045117e-11    0.000000e+00 
	   energy              8.223818e-01    9.024296e-12    8.223818e-03 
	   displacement        3.857276e-02    2.409100e-10    3.857209e-08 

convergence summary
    number of iterations   : 2
    number of reformations : 1

------- converged at time : 20.8


Data Record #1
===========================================================================
Step = 208
Time = 20.8
Data = ux;uy;uz
File = parameter_sweeps/tmax4_disp.txt

Data Record #2
===========================================================================
Step = 208
Time = 20.8
Data = sz;J
File = parameter_sweeps/tmax4_stress.txt

===== beginning time step 209 : 20.9 =====


Reforming stiffness matrix: reformation #1

 1
 Nonlinear solution status: time= 20.9
	stiffness updates             = 0
	right hand side evaluations   = 2
	stiffness matrix reformations = 1
	step from line search         = 1.000000
	convergence norms :     INITIAL         CURRENT         REQUIRED
	   residual            1.608660e+02    2.824639e-07    0.000000e+00 
	   energy              8.406883e-01    6.870547e-06    8.406883e-03 
	   displacement        3.976528e-02    3.976528e-02    3.976528e-08 
 2
 Nonlinear solution status: time= 20.9
	stiffness updates             = 1
	right hand side evaluations   = 3
	stiffness matrix reformations = 1
	step from line search         = 1.000000
	convergence norms :     INITIAL         CURRENT         REQUIRED
	   residual            1.608660e+02    8.219167e-12    0.000000e+00 
	   energy              8.406883e-01    7.947070e-12    8.406883e-03 
	   displacement        3.976528e-02    2.538092e-10    3.976459e-08 

convergence summary
    number of iterations   : 2
    number of reformations : 1

------- converged at time : 20.9


Data Record #1
===========================================================================
Step = 209
Time = 20.9
Data = ux;uy;uz
File = parameter_sweeps/tmax4_disp.txt

Data Record #2
===========================================================================
Step = 209
Time = 20.9
Data = sz;J
File = parameter_sweeps/tmax4_stress.txt

===== beginning time step 210 : 21 =====


Reforming stiffness matrix: reformation #1

 1
 Nonlinear solution status: time= 21
	stiffness updates             = 0
	right hand side evaluations   = 2
	stiffness matrix reformations = 1
	step from line search         = 1.000000
	convergence norms :     INITIAL         CURRENT         REQUIRED
	   residual            1.607377e+02    2.470923e-07    0.000000e+00 
	   energy              8.536920e-01    6.743792e-06    8.536920e-03 
	   displacement        4.065241e-02    4.065241e-02    4.065241e-08 
 2
 Nonlinear solution status: time= 21
	stiffness updates             = 1
	right hand side evaluations   = 3
	stiffness matrix reformations = 1
	step from line search         = 1.000000
	convergence norms :     INITIAL         CURRENT         REQUIRED
	   residual            1.607377e+02    7.130692e-12    0.000000e+00 
	   energy              8.536920e-01    7.403952e-12    8.536920e-03 
	   displacement        4.065241e-02    2.542766e-10    4.065168e-08 

convergence summary
    number of iterations   : 2
    number of reformations : 1

------- converged at time : 21


Data Record #1
===========================================================================
Step = 210
Time = 21
Data = ux;uy;uz
File = parameter_sweeps/tmax4_disp.txt

Data Record #2
===========================================================================
Step = 210
Time = 21
Data = sz;J
File = parameter_sweeps/tmax4_stress.txt

===== beginning time step 211 : 21.1 =====


Reforming stiffness matrix: reformation #1

 1
 Nonlinear solution status: time= 21.1
	stiffness updates             = 0
	right hand side evaluations   = 2
	stiffness matrix reformations = 1
	step from line search         = 1.000000
	convergence norms :     INITIAL         CURRENT         REQUIRED
	   residual            1.594065e+02    2.421840e-07    0.000000e+00 
	   energy              8.619531e-01    6.602933e-06    8.619531e-03 
	   displacement        4.130797e-02    4.130797e-02    4.130797e-08 
 2
 Nonlinear solution status: time= 21.1
	stiffness updates             = 1
	right hand side evaluations   = 3
	stiffness matrix reformations = 1
	step from line search         = 1.000000
	convergence norms :     INITIAL         CURRENT         REQUIRED
	   residual            1.594065e+02    7.017236e-12    0.000000e+00 
	   energy              8.619531e-01    7.658912e-12    8.619531e-03 
	   displacement        4.130797e-02    2.537266e-10    4.130718e-08 

convergence summary
    number of iterations   : 2
    number of reformations : 1

------- converged at time : 21.1


Data Record #1
===========================================================================
Step = 211
Time = 21.1
Data = ux;uy;uz
File = parameter_sweeps/tmax4_disp.txt

Data Record #2
===========================================================================
Step = 211
Time = 21.1
Data = sz;J
File = parameter_sweeps/tmax4_stress.txt

===== beginning time step 212 : 21.2 =====


Reforming stiffness matrix: reformation #1

 1
 Nonlinear solution status: time= 21.2
	stiffness updates             = 0
	right hand side evaluations   = 2
	stiffness matrix reformations = 1
	step from line search         = 1.000000
	convergence norms :     INITIAL         CURRENT         REQUIRED
	   residual            1.575073e+02    2.192608e-07    0.000000e+00 
	   energy              8.665331e-01    6.775424e-06    8.665331e-03 
	   displacement        4.172270e-02    4.172270e-02    4.172270e-08 
 2
 Nonlinear solution status: time= 21.2
	stiffness updates             = 1
	right hand side evaluations   = 3
	stiffness matrix reformations = 1
	step from line search         = 1.000000
	convergence norms :     INITIAL         CURRENT         REQUIRED
	   residual            1.575073e+02    6.377363e-12    0.000000e+00 
	   energy              8.665331e-01    7.555326e-12    8.665331e-03 
	   displacement        4.172270e-02    2.624930e-10    4.172184e-08 

convergence summary
    number of iterations   : 2
    number of reformations : 1

------- converged at time : 21.2


Data Record #1
===========================================================================
Step = 212
Time = 21.2
Data = ux;uy;uz
File = parameter_sweeps/tmax4_disp.txt

Data Record #2
===========================================================================
Step = 212
Time = 21.2
Data = sz;J
File = parameter_sweeps/tmax4_stress.txt

===== beginning time step 213 : 21.3 =====


Reforming stiffness matrix: reformation #1

 1
 Nonlinear solution status: time= 21.3
	stiffness updates             = 0
	right hand side evaluations   = 2
	stiffness matrix reformations = 1
	step from line search         = 1.000000
	convergence norms :     INITIAL         CURRENT         REQUIRED
	   residual            1.558216e+02    1.654362e-07    0.000000e+00 
	   energy              8.685359e-01    7.173798e-06    8.685359e-03 
	   displacement        4.185926e-02    4.185926e-02    4.185926e-08 
 2
 Nonlinear solution status: time= 21.3
	stiffness updates             = 1
	right hand side evaluations   = 3
	stiffness matrix reformations = 1
	step from line search         = 1.000000
	convergence norms :     INITIAL         CURRENT         REQUIRED
	   residual            1.558216e+02    4.850694e-12    0.000000e+00 
	   energy              8.685359e-01    6.694006e-12    8.685359e-03 
	   displacement        4.185926e-02    2.710325e-10    4.185834e-08 

convergence summary
    number of iterations   : 2
    number of reformations : 1

------- converged at time : 21.3


Data Record #1
===========================================================================
Step = 213
Time = 21.3
Data = ux;uy;uz
File = parameter_sweeps/tmax4_disp.txt

Data Record #2
===========================================================================
Step = 213
Time = 21.3
Data = sz;J
File = parameter_sweeps/tmax4_stress.txt

===== beginning time step 214 : 21.4 =====


Reforming stiffness matrix: reformation #1

 1
 Nonlinear solution status: time= 21.4
	stiffness updates             = 0
	right hand side evaluations   = 2
	stiffness matrix reformations = 1
	step from line search         = 1.000000
	convergence norms :     INITIAL         CURRENT         REQUIRED
	   residual            1.544250e+02    1.402861e-07    0.000000e+00 
	   energy              8.685378e-01    7.623231e-06    8.685378e-03 
	   displacement        4.175674e-02    4.175674e-02    4.175674e-08 
 2
 Nonlinear solution status: time= 21.4
	stiffness updates             = 1
	right hand side evaluations   = 3
	stiffness matrix reformations = 1
	step from line search         = 1.000000
	convergence norms :     INITIAL         CURRENT         REQUIRED
	   residual            1.544250e+02    4.093376e-12    0.000000e+00 
	   energy              8.685378e-01    6.233691e-12    8.685378e-03 
	   displacement        4.175674e-02    2.786733e-10    4.175574e-08 

convergence summary
    number of iterations   : 2
    number of reformations : 1

------- converged at time : 21.4


Data Record #1
===========================================================================
Step = 214
Time = 21.4
Data = ux;uy;uz
File = parameter_sweeps/tmax4_disp.txt

Data Record #2
===========================================================================
Step = 214
Time = 21.4
Data = sz;J
File = parameter_sweeps/tmax4_stress.txt

===== beginning time step 215 : 21.5 =====


Reforming stiffness matrix: reformation #1

 1
 Nonlinear solution status: time= 21.5
	stiffness updates             = 0
	right hand side evaluations   = 2
	stiffness matrix reformations = 1
	step from line search         = 1.000000
	convergence norms :     INITIAL         CURRENT         REQUIRED
	   residual            1.526944e+02    1.476507e-07    0.000000e+00 
	   energy              8.660433e-01    8.148097e-06    8.660433e-03 
	   displacement        4.153114e-02    4.153114e-02    4.153114e-08 
 2
 Nonlinear solution status: time= 21.5
	stiffness updates             = 1
	right hand side evaluations   = 3
	stiffness matrix reformations = 1
	step from line search         = 1.000000
	convergence norms :     INITIAL         CURRENT         REQUIRED
	   residual            1.526944e+02    4.236669e-12    0.000000e+00 
	   energy              8.660433e-01    6.223476e-12    8.660433e-03 
	   displacement        4.153114e-02    2.898494e-10    4.152995e-08 

convergence summary
    number of iterations   : 2
    number of reformations : 1

------- converged at time : 21.5


Data Record #1
===========================================================================
Step = 215
Time = 21.5
Data = ux;uy;uz
File = parameter_sweeps/tmax4_disp.txt

Data Record #2
===========================================================================
Step = 215
Time = 21.5
Data = sz;J
File = parameter_sweeps/tmax4_stress.txt

===== beginning time step 216 : 21.6 =====


Reforming stiffness matrix: reformation #1

 1
 Nonlinear solution status: time= 21.6
	stiffness updates             = 0
	right hand side evaluations   = 2
	stiffness matrix reformations = 1
	step from line search         = 1.000000
	convergence norms :     INITIAL         CURRENT         REQUIRED
	   residual            1.499277e+02    1.378000e-07    0.000000e+00 
	   energy              8.594202e-01    8.618935e-06    8.594202e-03 
	   displacement        4.125346e-02    4.125346e-02    4.125346e-08 
 2
 Nonlinear solution status: time= 21.6
	stiffness updates             = 1
	right hand side evaluations   = 3
	stiffness matrix reformations = 1
	step from line search         = 1.000000
	convergence norms :     INITIAL         CURRENT         REQUIRED
	   residual            1.499277e+02    3.697697e-12    0.000000e+00 
	   energy              8.594202e-01    5.824053e-12    8.594202e-03 
	   displacement        4.125346e-02    3.073966e-10    4.125203e-08 

convergence summary
    number of iterations   : 2
    number of reformations : 1

------- converged at time : 21.6


Data Record #1
===========================================================================
Step = 216
Time = 21.6
Data = ux;uy;uz
File = parameter_sweeps/tmax4_disp.txt

Data Record #2
===========================================================================
Step = 216
Time = 21.6
Data = sz;J
File = parameter_sweeps/tmax4_stress.txt

===== beginning time step 217 : 21.7 =====


Reforming stiffness matrix: reformation #1

 1
 Nonlinear solution status: time= 21.7
	stiffness updates             = 0
	right hand side evaluations   = 2
	stiffness matrix reformations = 1
	step from line search         = 1.000000
	convergence norms :     INITIAL         CURRENT         REQUIRED
	   residual            1.458436e+02    1.064309e-07    0.000000e+00 
	   energy              8.466572e-01    9.029133e-06    8.466572e-03 
	   displacement        4.082939e-02    4.082939e-02    4.082939e-08 
 2
 Nonlinear solution status: time= 21.7
	stiffness updates             = 1
	right hand side evaluations   = 3
	stiffness matrix reformations = 1
	step from line search         = 1.000000
	convergence norms :     INITIAL         CURRENT         REQUIRED
	   residual            1.458436e+02    2.775122e-12    0.000000e+00 
	   energy              8.466572e-01    5.305272e-12    8.466572e-03 
	   displacement        4.082939e-02    3.285368e-10    4.082775e-08 

convergence summary
    number of iterations   : 2
    number of reformations : 1

------- converged at time : 21.7


Data Record #1
===========================================================================
Step = 217
Time = 21.7
Data = ux;uy;uz
File = parameter_sweeps/tmax4_disp.txt

Data Record #2
===========================================================================
Step = 217
Time = 21.7
Data = sz;J
File = parameter_sweeps/tmax4_stress.txt

===== beginning time step 218 : 21.8 =====


Reforming stiffness matrix: reformation #1

 1
 Nonlinear solution status: time= 21.8
	stiffness updates             = 0
	right hand side evaluations   = 2
	stiffness matrix reformations = 1
	step from line search         = 1.000000
	convergence norms :     INITIAL         CURRENT         REQUIRED
	   residual            1.406053e+02    1.058274e-07    0.000000e+00 
	   energy              8.261994e-01    9.482301e-06    8.261994e-03 
	   displacement        4.011150e-02    4.011150e-02    4.011150e-08 
 2
 Nonlinear solution status: time= 21.8
	stiffness updates             = 1
	right hand side evaluations   = 3
	stiffness matrix reformations = 1
	step from line search         = 1.000000
	convergence norms :     INITIAL         CURRENT         REQUIRED
	   residual            1.406053e+02    2.912367e-12    0.000000e+00 
	   energy              8.261994e-01    5.369554e-12    8.261994e-03 
	   displacement        4.011150e-02    3.517626e-10    4.010970e-08 

convergence summary
    number of iterations   : 2
    number of reformations : 1

------- converged at time : 21.8


Data Record #1
===========================================================================
Step = 218
Time = 21.8
Data = ux;uy;uz
File = parameter_sweeps/tmax4_disp.txt

Data Record #2
===========================================================================
Step = 218
Time = 21.8
Data = sz;J
File = parameter_sweeps/tmax4_stress.txt

===== beginning time step 219 : 21.9 =====


Reforming stiffness matrix: reformation #1

 1
 Nonlinear solution status: time= 21.9
	stiffness updates             = 0
	right hand side evaluations   = 2
	stiffness matrix reformations = 1
	step from line search         = 1.000000
	convergence norms :     INITIAL         CURRENT         REQUIRED
	   residual            1.345029e+02    8.764219e-08    0.000000e+00 
	   energy              7.974451e-01    9.761274e-06    7.974451e-03 
	   displacement        3.898035e-02    3.898035e-02    3.898035e-08 
 2
 Nonlinear solution status: time= 21.9
	stiffness updates             = 1
	right hand side evaluations   = 3
	stiffness matrix reformations = 1
	step from line search         = 1.000000
	convergence norms :     INITIAL         CURRENT         REQUIRED
	   residual            1.345029e+02    2.351554e-12    0.000000e+00 
	   energy              7.974451e-01    5.123542e-12    7.974451e-03 
	   displacement        3.898035e-02    3.546615e-10    3.897843e-08 

convergence summary
    number of iterations   : 2
    number of reformations : 1

------- converged at time : 21.9


Data Record #1
===========================================================================
Step = 219
Time = 21.9
Data = ux;uy;uz
File = parameter_sweeps/tmax4_disp.txt

Data Record #2
===========================================================================
Step = 219
Time = 21.9
Data = sz;J
File = parameter_sweeps/tmax4_stress.txt

===== beginning time step 220 : 22 =====


Reforming stiffness matrix: reformation #1

 1
 Nonlinear solution status: time= 22
	stiffness updates             = 0
	right hand side evaluations   = 2
	stiffness matrix reformations = 1
	step from line search         = 1.000000
	convergence norms :     INITIAL         CURRENT         REQUIRED
	   residual            1.278633e+02    6.983378e-08    0.000000e+00 
	   energy              7.609262e-01    9.692392e-06    7.609262e-03 
	   displacement        3.737831e-02    3.737831e-02    3.737831e-08 
 2
 Nonlinear solution status: time= 22
	stiffness updates             = 1
	right hand side evaluations   = 3
	stiffness matrix reformations = 1
	step from line search         = 1.000000
	convergence norms :     INITIAL         CURRENT         REQUIRED
	   residual            1.278633e+02    1.796844e-12    0.000000e+00 
	   energy              7.609262e-01    4.973788e-12    7.609262e-03 
	   displacement        3.737831e-02    3.482486e-10    3.737631e-08 

convergence summary
    number of iterations   : 2
    number of reformations : 1

------- converged at time : 22


Data Record #1
===========================================================================
Step = 220
Time = 22
Data = ux;uy;uz
File = parameter_sweeps/tmax4_disp.txt

Data Record #2
===========================================================================
Step = 220
Time = 22
Data = sz;J
File = parameter_sweeps/tmax4_stress.txt

===== beginning time step 221 : 22.1 =====


Reforming stiffness matrix: reformation #1

 1
 Nonlinear solution status: time= 22.1
	stiffness updates             = 0
	right hand side evaluations   = 2
	stiffness matrix reformations = 1
	step from line search         = 1.000000
	convergence norms :     INITIAL         CURRENT         REQUIRED
	   residual            1.209623e+02    6.196120e-08    0.000000e+00 
	   energy              7.183443e-01    9.060738e-06    7.183443e-03 
	   displacement        3.535416e-02    3.535416e-02    3.535416e-08 
 2
 Nonlinear solution status: time= 22.1
	stiffness updates             = 1
	right hand side evaluations   = 3
	stiffness matrix reformations = 1
	step from line search         = 1.000000
	convergence norms :     INITIAL         CURRENT         REQUIRED
	   residual            1.209623e+02    1.806098e-12    0.000000e+00 
	   energy              7.183443e-01    4.940022e-12    7.183443e-03 
	   displacement        3.535416e-02    3.239056e-10    3.535225e-08 

convergence summary
    number of iterations   : 2
    number of reformations : 1

------- converged at time : 22.1


Data Record #1
===========================================================================
Step = 221
Time = 22.1
Data = ux;uy;uz
File = parameter_sweeps/tmax4_disp.txt

Data Record #2
===========================================================================
Step = 221
Time = 22.1
Data = sz;J
File = parameter_sweeps/tmax4_stress.txt

===== beginning time step 222 : 22.2 =====


Reforming stiffness matrix: reformation #1

 1
 Nonlinear solution status: time= 22.2
	stiffness updates             = 0
	right hand side evaluations   = 2
	stiffness matrix reformations = 1
	step from line search         = 1.000000
	convergence norms :     INITIAL         CURRENT         REQUIRED
	   residual            1.141005e+02    6.308238e-08    0.000000e+00 
	   energy              6.721796e-01    7.906728e-06    6.721796e-03 
	   displacement        3.302258e-02    3.302258e-02    3.302258e-08 
 2
 Nonlinear solution status: time= 22.2
	stiffness updates             = 1
	right hand side evaluations   = 3
	stiffness matrix reformations = 1
	step from line search         = 1.000000
	convergence norms :     INITIAL         CURRENT         REQUIRED
	   residual            1.141005e+02    2.048240e-12    0.000000e+00 
	   energy              6.721796e-01    4.769559e-12    6.721796e-03 
	   displacement        3.302258e-02    2.691300e-10    3.302088e-08 

convergence summary
    number of iterations   : 2
    number of reformations : 1

------- converged at time : 22.2


Data Record #1
===========================================================================
Step = 222
Time = 22.2
Data = ux;uy;uz
File = parameter_sweeps/tmax4_disp.txt

Data Record #2
===========================================================================
Step = 222
Time = 22.2
Data = sz;J
File = parameter_sweeps/tmax4_stress.txt

===== beginning time step 223 : 22.3 =====


Reforming stiffness matrix: reformation #1

 1
 Nonlinear solution status: time= 22.3
	stiffness updates             = 0
	right hand side evaluations   = 2
	stiffness matrix reformations = 1
	step from line search         = 1.000000
	convergence norms :     INITIAL         CURRENT         REQUIRED
	   residual            1.076658e+02    6.868170e-08    0.000000e+00 
	   energy              6.246532e-01    6.733128e-06    6.246532e-03 
	   displacement        3.050718e-02    3.050718e-02    3.050718e-08 
 2
 Nonlinear solution status: time= 22.3
	stiffness updates             = 1
	right hand side evaluations   = 3
	stiffness matrix reformations = 1
	step from line search         = 1.000000
	convergence norms :     INITIAL         CURRENT         REQUIRED
	   residual            1.076658e+02    2.397032e-12    0.000000e+00 
	   energy              6.246532e-01    5.088082e-12    6.246532e-03 
	   displacement        3.050718e-02    2.326788e-10    3.050562e-08 

convergence summary
    number of iterations   : 2
    number of reformations : 1

------- converged at time : 22.3


Data Record #1
===========================================================================
Step = 223
Time = 22.3
Data = ux;uy;uz
File = parameter_sweeps/tmax4_disp.txt

Data Record #2
===========================================================================
Step = 223
Time = 22.3
Data = sz;J
File = parameter_sweeps/tmax4_stress.txt

===== beginning time step 224 : 22.4 =====


Reforming stiffness matrix: reformation #1

 1
 Nonlinear solution status: time= 22.4
	stiffness updates             = 0
	right hand side evaluations   = 2
	stiffness matrix reformations = 1
	step from line search         = 1.000000
	convergence norms :     INITIAL         CURRENT         REQUIRED
	   residual            1.018050e+02    9.683193e-08    0.000000e+00 
	   energy              5.774210e-01    5.888301e-06    5.774210e-03 
	   displacement        2.791014e-02    2.791014e-02    2.791014e-08 
 2
 Nonlinear solution status: time= 22.4
	stiffness updates             = 1
	right hand side evaluations   = 3
	stiffness matrix reformations = 1
	step from line search         = 1.000000
	convergence norms :     INITIAL         CURRENT         REQUIRED
	   residual            1.018050e+02    3.108648e-12    0.000000e+00 
	   energy              5.774210e-01    5.811324e-12    5.774210e-03 
	   displacement        2.791014e-02    2.172346e-10    2.790877e-08 

convergence summary
    number of iterations   : 2
    number of reformations : 1

------- converged at time : 22.4


Data Record #1
===========================================================================
Step = 224
Time = 22.4
Data = ux;uy;uz
File = parameter_sweeps/tmax4_disp.txt

Data Record #2
===========================================================================
Step = 224
Time = 22.4
Data = sz;J
File = parameter_sweeps/tmax4_stress.txt

===== beginning time step 225 : 22.5 =====


Reforming stiffness matrix: reformation #1

 1
 Nonlinear solution status: time= 22.5
	stiffness updates             = 0
	right hand side evaluations   = 2
	stiffness matrix reformations = 1
	step from line search         = 1.000000
	convergence norms :     INITIAL         CURRENT         REQUIRED
	   residual            9.627388e+01    1.172300e-07    0.000000e+00 
	   energy              5.316395e-01    5.299766e-06    5.316395e-03 
	   displacement        2.537358e-02    2.537358e-02    2.537358e-08 
 2
 Nonlinear solution status: time= 22.5
	stiffness updates             = 1
	right hand side evaluations   = 3
	stiffness matrix reformations = 1
	step from line search         = 1.000000
	convergence norms :     INITIAL         CURRENT         REQUIRED
	   residual            9.627388e+01    3.481055e-12    0.000000e+00 
	   energy              5.316395e-01    5.807947e-12    5.316395e-03 
	   displacement        2.537358e-02    2.043221e-10    2.537239e-08 

convergence summary
    number of iterations   : 2
    number of reformations : 1

------- converged at time : 22.5


Data Record #1
===========================================================================
Step = 225
Time = 22.5
Data = ux;uy;uz
File = parameter_sweeps/tmax4_disp.txt

Data Record #2
===========================================================================
Step = 225
Time = 22.5
Data = sz;J
File = parameter_sweeps/tmax4_stress.txt

===== beginning time step 226 : 22.6 =====


Reforming stiffness matrix: reformation #1

 1
 Nonlinear solution status: time= 22.6
	stiffness updates             = 0
	right hand side evaluations   = 2
	stiffness matrix reformations = 1
	step from line search         = 1.000000
	convergence norms :     INITIAL         CURRENT         REQUIRED
	   residual            9.082482e+01    1.213417e-07    0.000000e+00 
	   energy              4.880531e-01    4.744039e-06    4.880531e-03 
	   displacement        2.302053e-02    2.302053e-02    2.302053e-08 
 2
 Nonlinear solution status: time= 22.6
	stiffness updates             = 1
	right hand side evaluations   = 3
	stiffness matrix reformations = 1
	step from line search         = 1.000000
	convergence norms :     INITIAL         CURRENT         REQUIRED
	   residual            9.082482e+01    3.919727e-12    0.000000e+00 
	   energy              4.880531e-01    5.553438e-12    4.880531e-03 
	   displacement        2.302053e-02    1.895043e-10    2.301940e-08 

convergence summary
    number of iterations   : 2
    number of reformations : 1

------- converged at time : 22.6


Data Record #1
===========================================================================
Step = 226
Time = 22.6
Data = ux;uy;uz
File = parameter_sweeps/tmax4_disp.txt

Data Record #2
===========================================================================
Step = 226
Time = 22.6
Data = sz;J
File = parameter_sweeps/tmax4_stress.txt

===== beginning time step 227 : 22.7 =====


Reforming stiffness matrix: reformation #1

 1
 Nonlinear solution status: time= 22.7
	stiffness updates             = 0
	right hand side evaluations   = 2
	stiffness matrix reformations = 1
	step from line search         = 1.000000
	convergence norms :     INITIAL         CURRENT         REQUIRED
	   residual            8.543698e+01    1.349671e-07    0.000000e+00 
	   energy              4.470614e-01    4.125451e-06    4.470614e-03 
	   displacement        2.085469e-02    2.085469e-02    2.085469e-08 
 2
 Nonlinear solution status: time= 22.7
	stiffness updates             = 1
	right hand side evaluations   = 3
	stiffness matrix reformations = 1
	step from line search         = 1.000000
	convergence norms :     INITIAL         CURRENT         REQUIRED
	   residual            8.543698e+01    4.307354e-12    0.000000e+00 
	   energy              4.470614e-01    4.969417e-12    4.470614e-03 
	   displacement        2.085469e-02    1.525589e-10    2.085365e-08 

convergence summary
    number of iterations   : 2
    number of reformations : 1

------- converged at time : 22.7


Data Record #1
===========================================================================
Step = 227
Time = 22.7
Data = ux;uy;uz
File = parameter_sweeps/tmax4_disp.txt

Data Record #2
===========================================================================
Step = 227
Time = 22.7
Data = sz;J
File = parameter_sweeps/tmax4_stress.txt

===== beginning time step 228 : 22.8 =====


Reforming stiffness matrix: reformation #1

 1
 Nonlinear solution status: time= 22.8
	stiffness updates             = 0
	right hand side evaluations   = 2
	stiffness matrix reformations = 1
	step from line search         = 1.000000
	convergence norms :     INITIAL         CURRENT         REQUIRED
	   residual            8.010062e+01    1.635973e-07    0.000000e+00 
	   energy              4.087601e-01    3.545639e-06    4.087601e-03 
	   displacement        1.884751e-02    1.884751e-02    1.884751e-08 
 2
 Nonlinear solution status: time= 22.8
	stiffness updates             = 1
	right hand side evaluations   = 3
	stiffness matrix reformations = 1
	step from line search         = 1.000000
	convergence norms :     INITIAL         CURRENT         REQUIRED
	   residual            8.010062e+01    4.295784e-12    0.000000e+00 
	   energy              4.087601e-01    4.621710e-12    4.087601e-03 
	   displacement        1.884751e-02    1.251529e-10    1.884658e-08 

convergence summary
    number of iterations   : 2
    number of reformations : 1

------- converged at time : 22.8


Data Record #1
===========================================================================
Step = 228
Time = 22.8
Data = ux;uy;uz
File = parameter_sweeps/tmax4_disp.txt

Data Record #2
===========================================================================
Step = 228
Time = 22.8
Data = sz;J
File = parameter_sweeps/tmax4_stress.txt

===== beginning time step 229 : 22.9 =====


Reforming stiffness matrix: reformation #1

 1
 Nonlinear solution status: time= 22.9
	stiffness updates             = 0
	right hand side evaluations   = 2
	stiffness matrix reformations = 1
	step from line search         = 1.000000
	convergence norms :     INITIAL         CURRENT         REQUIRED
	   residual            7.470251e+01    1.660880e-07    0.000000e+00 
	   energy              3.729657e-01    3.223928e-06    3.729657e-03 
	   displacement        1.699066e-02    1.699066e-02    1.699066e-08 
 2
 Nonlinear solution status: time= 22.9
	stiffness updates             = 1
	right hand side evaluations   = 3
	stiffness matrix reformations = 1
	step from line search         = 1.000000
	convergence norms :     INITIAL         CURRENT         REQUIRED
	   residual            7.470251e+01    4.564605e-12    0.000000e+00 
	   energy              3.729657e-01    4.899379e-12    3.729657e-03 
	   displacement        1.699066e-02    1.256657e-10    1.698982e-08 

convergence summary
    number of iterations   : 2
    number of reformations : 1

------- converged at time : 22.9


Data Record #1
===========================================================================
Step = 229
Time = 22.9
Data = ux;uy;uz
File = parameter_sweeps/tmax4_disp.txt

Data Record #2
===========================================================================
Step = 229
Time = 22.9
Data = sz;J
File = parameter_sweeps/tmax4_stress.txt

===== beginning time step 230 : 23 =====


Reforming stiffness matrix: reformation #1

 1
 Nonlinear solution status: time= 23
	stiffness updates             = 0
	right hand side evaluations   = 2
	stiffness matrix reformations = 1
	step from line search         = 1.000000
	convergence norms :     INITIAL         CURRENT         REQUIRED
	   residual            6.912427e+01    1.449724e-07    0.000000e+00 
	   energy              3.394702e-01    3.210262e-06    3.394702e-03 
	   displacement        1.530321e-02    1.530321e-02    1.530321e-08 
 2
 Nonlinear solution status: time= 23
	stiffness updates             = 1
	right hand side evaluations   = 3
	stiffness matrix reformations = 1
	step from line search         = 1.000000
	convergence norms :     INITIAL         CURRENT         REQUIRED
	   residual            6.912427e+01    4.377777e-12    0.000000e+00 
	   energy              3.394702e-01    4.855339e-12    3.394702e-03 
	   displacement        1.530321e-02    1.283796e-10    1.530241e-08 

convergence summary
    number of iterations   : 2
    number of reformations : 1

------- converged at time : 23


Data Record #1
===========================================================================
Step = 230
Time = 23
Data = ux;uy;uz
File = parameter_sweeps/tmax4_disp.txt

Data Record #2
===========================================================================
Step = 230
Time = 23
Data = sz;J
File = parameter_sweeps/tmax4_stress.txt

===== beginning time step 231 : 23.1 =====


Reforming stiffness matrix: reformation #1

 1
 Nonlinear solution status: time= 23.1
	stiffness updates             = 0
	right hand side evaluations   = 2
	stiffness matrix reformations = 1
	step from line search         = 1.000000
	convergence norms :     INITIAL         CURRENT         REQUIRED
	   residual            6.335706e+01    1.243832e-07    0.000000e+00 
	   energy              3.082001e-01    3.305878e-06    3.082001e-03 
	   displacement        1.381317e-02    1.381317e-02    1.381317e-08 
 2
 Nonlinear solution status: time= 23.1
	stiffness updates             = 1
	right hand side evaluations   = 3
	stiffness matrix reformations = 1
	step from line search         = 1.000000
	convergence norms :     INITIAL         CURRENT         REQUIRED
	   residual            6.335706e+01    3.740854e-12    0.000000e+00 
	   energy              3.082001e-01    4.543581e-12    3.082001e-03 
	   displacement        1.381317e-02    1.295351e-10    1.381243e-08 

convergence summary
    number of iterations   : 2
    number of reformations : 1

------- converged at time : 23.1


Data Record #1
===========================================================================
Step = 231
Time = 23.1
Data = ux;uy;uz
File = parameter_sweeps/tmax4_disp.txt

Data Record #2
===========================================================================
Step = 231
Time = 23.1
Data = sz;J
File = parameter_sweeps/tmax4_stress.txt

===== beginning time step 232 : 23.2 =====


Reforming stiffness matrix: reformation #1

 1
 Nonlinear solution status: time= 23.2
	stiffness updates             = 0
	right hand side evaluations   = 2
	stiffness matrix reformations = 1
	step from line search         = 1.000000
	convergence norms :     INITIAL         CURRENT         REQUIRED
	   residual            5.751429e+01    1.227743e-07    0.000000e+00 
	   energy              2.795165e-01    3.260104e-06    2.795165e-03 
	   displacement        1.252989e-02    1.252989e-02    1.252989e-08 
 2
 Nonlinear solution status: time= 23.2
	stiffness updates             = 1
	right hand side evaluations   = 3
	stiffness matrix reformations = 1
	step from line search         = 1.000000
	convergence norms :     INITIAL         CURRENT         REQUIRED
	   residual            5.751429e+01    3.349750e-12    0.000000e+00 
	   energy              2.795165e-01    4.648078e-12    2.795165e-03 
	   displacement        1.252989e-02    1.358358e-10    1.252925e-08 

convergence summary
    number of iterations   : 2
    number of reformations : 1

------- converged at time : 23.2


Data Record #1
===========================================================================
Step = 232
Time = 23.2
Data = ux;uy;uz
File = parameter_sweeps/tmax4_disp.txt

Data Record #2
===========================================================================
Step = 232
Time = 23.2
Data = sz;J
File = parameter_sweeps/tmax4_stress.txt

===== beginning time step 233 : 23.3 =====


Reforming stiffness matrix: reformation #1

 1
 Nonlinear solution status: time= 23.3
	stiffness updates             = 0
	right hand side evaluations   = 2
	stiffness matrix reformations = 1
	step from line search         = 1.000000
	convergence norms :     INITIAL         CURRENT         REQUIRED
	   residual            5.174876e+01    1.224274e-07    0.000000e+00 
	   energy              2.540969e-01    2.966851e-06    2.540969e-03 
	   displacement        1.147970e-02    1.147970e-02    1.147970e-08 
 2
 Nonlinear solution status: time= 23.3
	stiffness updates             = 1
	right hand side evaluations   = 3
	stiffness matrix reformations = 1
	step from line search         = 1.000000
	convergence norms :     INITIAL         CURRENT         REQUIRED
	   residual            5.174876e+01    3.500615e-12    0.000000e+00 
	   energy              2.540969e-01    4.341398e-12    2.540969e-03 
	   displacement        1.147970e-02    1.306336e-10    1.147913e-08 

convergence summary
    number of iterations   : 2
    number of reformations : 1

------- converged at time : 23.3


Data Record #1
===========================================================================
Step = 233
Time = 23.3
Data = ux;uy;uz
File = parameter_sweeps/tmax4_disp.txt

Data Record #2
===========================================================================
Step = 233
Time = 23.3
Data = sz;J
File = parameter_sweeps/tmax4_stress.txt

===== beginning time step 234 : 23.4 =====


Reforming stiffness matrix: reformation #1

 1
 Nonlinear solution status: time= 23.4
	stiffness updates             = 0
	right hand side evaluations   = 2
	stiffness matrix reformations = 1
	step from line search         = 1.000000
	convergence norms :     INITIAL         CURRENT         REQUIRED
	   residual            4.641219e+01    1.166474e-07    0.000000e+00 
	   energy              2.324991e-01    2.605546e-06    2.324991e-03 
	   displacement        1.065849e-02    1.065849e-02    1.065849e-08 
 2
 Nonlinear solution status: time= 23.4
	stiffness updates             = 1
	right hand side evaluations   = 3
	stiffness matrix reformations = 1
	step from line search         = 1.000000
	convergence norms :     INITIAL         CURRENT         REQUIRED
	   residual            4.641219e+01    3.451753e-12    0.000000e+00 
	   energy              2.324991e-01    4.043986e-12    2.324991e-03 
	   displacement        1.065849e-02    1.266141e-10    1.065794e-08 

convergence summary
    number of iterations   : 2
    number of reformations : 1

------- converged at time : 23.4


Data Record #1
===========================================================================
Step = 234
Time = 23.4
Data = ux;uy;uz
File = parameter_sweeps/tmax4_disp.txt

Data Record #2
===========================================================================
Step = 234
Time = 23.4
Data = sz;J
File = parameter_sweeps/tmax4_stress.txt

===== beginning time step 235 : 23.5 =====


Reforming stiffness matrix: reformation #1

 1
 Nonlinear solution status: time= 23.5
	stiffness updates             = 0
	right hand side evaluations   = 2
	stiffness matrix reformations = 1
	step from line search         = 1.000000
	convergence norms :     INITIAL         CURRENT         REQUIRED
	   residual            4.200541e+01    8.751506e-08    0.000000e+00 
	   energy              2.152483e-01    2.441465e-06    2.152483e-03 
	   displacement        1.002446e-02    1.002446e-02    1.002446e-08 
 2
 Nonlinear solution status: time= 23.5
	stiffness updates             = 1
	right hand side evaluations   = 3
	stiffness matrix reformations = 1
	step from line search         = 1.000000
	convergence norms :     INITIAL         CURRENT         REQUIRED
	   residual            4.200541e+01    2.785522e-12    0.000000e+00 
	   energy              2.152483e-01    3.709961e-12    2.152483e-03 
	   displacement        1.002446e-02    1.305018e-10    1.002387e-08 

convergence summary
    number of iterations   : 2
    number of reformations : 1

------- converged at time : 23.5


Data Record #1
===========================================================================
Step = 235
Time = 23.5
Data = ux;uy;uz
File = parameter_sweeps/tmax4_disp.txt

Data Record #2
===========================================================================
Step = 235
Time = 23.5
Data = sz;J
File = parameter_sweeps/tmax4_stress.txt

===== beginning time step 236 : 23.6 =====


Reforming stiffness matrix: reformation #1

 1
 Nonlinear solution status: time= 23.6
	stiffness updates             = 0
	right hand side evaluations   = 2
	stiffness matrix reformations = 1
	step from line search         = 1.000000
	convergence norms :     INITIAL         CURRENT         REQUIRED
	   residual            3.878530e+01    5.600934e-08    0.000000e+00 
	   energy              2.029225e-01    2.486913e-06    2.029225e-03 
	   displacement        9.561519e-03    9.561519e-03    9.561519e-09 
 2
 Nonlinear solution status: time= 23.6
	stiffness updates             = 1
	right hand side evaluations   = 3
	stiffness matrix reformations = 1
	step from line search         = 1.000000
	convergence norms :     INITIAL         CURRENT         REQUIRED
	   residual            3.878530e+01    1.924857e-12    0.000000e+00 
	   energy              2.029225e-01    3.018411e-12    2.029225e-03 
	   displacement        9.561519e-03    1.315247e-10    9.560777e-09 

convergence summary
    number of iterations   : 2
    number of reformations : 1

------- converged at time : 23.6


Data Record #1
===========================================================================
Step = 236
Time = 23.6
Data = ux;uy;uz
File = parameter_sweeps/tmax4_disp.txt

Data Record #2
===========================================================================
Step = 236
Time = 23.6
Data = sz;J
File = parameter_sweeps/tmax4_stress.txt

===== beginning time step 237 : 23.7 =====


Reforming stiffness matrix: reformation #1

 1
 Nonlinear solution status: time= 23.7
	stiffness updates             = 0
	right hand side evaluations   = 2
	stiffness matrix reformations = 1
	step from line search         = 1.000000
	convergence norms :     INITIAL         CURRENT         REQUIRED
	   residual            3.684482e+01    4.067784e-08    0.000000e+00 
	   energy              1.960699e-01    2.664441e-06    1.960699e-03 
	   displacement        9.295689e-03    9.295689e-03    9.295689e-09 
 2
 Nonlinear solution status: time= 23.7
	stiffness updates             = 1
	right hand side evaluations   = 3
	stiffness matrix reformations = 1
	step from line search         = 1.000000
	convergence norms :     INITIAL         CURRENT         REQUIRED
	   residual            3.684482e+01    1.234383e-12    0.000000e+00 
	   energy              1.960699e-01    2.406765e-12    1.960699e-03 
	   displacement        9.295689e-03    1.321629e-10    9.294759e-09 

convergence summary
    number of iterations   : 2
    number of reformations : 1

------- converged at time : 23.7


Data Record #1
===========================================================================
Step = 237
Time = 23.7
Data = ux;uy;uz
File = parameter_sweeps/tmax4_disp.txt

Data Record #2
===========================================================================
Step = 237
Time = 23.7
Data = sz;J
File = parameter_sweeps/tmax4_stress.txt

===== beginning time step 238 : 23.8 =====


Reforming stiffness matrix: reformation #1

 1
 Nonlinear solution status: time= 23.8
	stiffness updates             = 0
	right hand side evaluations   = 2
	stiffness matrix reformations = 1
	step from line search         = 1.000000
	convergence norms :     INITIAL         CURRENT         REQUIRED
	   residual            3.626183e+01    4.737637e-08    0.000000e+00 
	   energy              1.949524e-01    3.063197e-06    1.949524e-03 
	   displacement        9.272087e-03    9.272087e-03    9.272087e-09 
 2
 Nonlinear solution status: time= 23.8
	stiffness updates             = 1
	right hand side evaluations   = 3
	stiffness matrix reformations = 1
	step from line search         = 1.000000
	convergence norms :     INITIAL         CURRENT         REQUIRED
	   residual            3.626183e+01    1.162495e-12    0.000000e+00 
	   energy              1.949524e-01    2.198705e-12    1.949524e-03 
	   displacement        9.272087e-03    1.367916e-10    9.270974e-09 

convergence summary
    number of iterations   : 2
    number of reformations : 1

------- converged at time : 23.8


Data Record #1
===========================================================================
Step = 238
Time = 23.8
Data = ux;uy;uz
File = parameter_sweeps/tmax4_disp.txt

Data Record #2
===========================================================================
Step = 238
Time = 23.8
Data = sz;J
File = parameter_sweeps/tmax4_stress.txt

===== beginning time step 239 : 23.9 =====


Reforming stiffness matrix: reformation #1

 1
 Nonlinear solution status: time= 23.9
	stiffness updates             = 0
	right hand side evaluations   = 2
	stiffness matrix reformations = 1
	step from line search         = 1.000000
	convergence norms :     INITIAL         CURRENT         REQUIRED
	   residual            3.686498e+01    7.939612e-08    0.000000e+00 
	   energy              1.990762e-01    3.737179e-06    1.990762e-03 
	   displacement        9.509870e-03    9.509870e-03    9.509870e-09 
 2
 Nonlinear solution status: time= 23.9
	stiffness updates             = 1
	right hand side evaluations   = 3
	stiffness matrix reformations = 1
	step from line search         = 1.000000
	convergence norms :     INITIAL         CURRENT         REQUIRED
	   residual            3.686498e+01    1.318091e-12    0.000000e+00 
	   energy              1.990762e-01    2.539064e-12    1.990762e-03 
	   displacement        9.509870e-03    1.581670e-10    9.508594e-09 

convergence summary
    number of iterations   : 2
    number of reformations : 1

------- converged at time : 23.9


Data Record #1
===========================================================================
Step = 239
Time = 23.9
Data = ux;uy;uz
File = parameter_sweeps/tmax4_disp.txt

Data Record #2
===========================================================================
Step = 239
Time = 23.9
Data = sz;J
File = parameter_sweeps/tmax4_stress.txt

===== beginning time step 240 : 24 =====


Reforming stiffness matrix: reformation #1

 1
 Nonlinear solution status: time= 24
	stiffness updates             = 0
	right hand side evaluations   = 2
	stiffness matrix reformations = 1
	step from line search         = 1.000000
	convergence norms :     INITIAL         CURRENT         REQUIRED
	   residual            3.830223e+01    1.131837e-07    0.000000e+00 
	   energy              2.069893e-01    4.467184e-06    2.069893e-03 
	   displacement        9.946029e-03    9.946029e-03    9.946029e-09 
 2
 Nonlinear solution status: time= 24
	stiffness updates             = 1
	right hand side evaluations   = 3
	stiffness matrix reformations = 1
	step from line search         = 1.000000
	convergence norms :     INITIAL         CURRENT         REQUIRED
	   residual            3.830223e+01    1.653242e-12    0.000000e+00 
	   energy              2.069893e-01    2.784227e-12    2.069893e-03 
	   displacement        9.946029e-03    1.773432e-10    9.944637e-09 

convergence summary
    number of iterations   : 2
    number of reformations : 1

------- converged at time : 24


Data Record #1
===========================================================================
Step = 240
Time = 24
Data = ux;uy;uz
File = parameter_sweeps/tmax4_disp.txt

Data Record #2
===========================================================================
Step = 240
Time = 24
Data = sz;J
File = parameter_sweeps/tmax4_stress.txt

===== beginning time step 241 : 24.1 =====


Reforming stiffness matrix: reformation #1

 1
 Nonlinear solution status: time= 24.1
	stiffness updates             = 0
	right hand side evaluations   = 2
	stiffness matrix reformations = 1
	step from line search         = 1.000000
	convergence norms :     INITIAL         CURRENT         REQUIRED
	   residual            4.028287e+01    1.416322e-07    0.000000e+00 
	   energy              2.165352e-01    5.124937e-06    2.165352e-03 
	   displacement        1.041711e-02    1.041711e-02    1.041711e-08 
 2
 Nonlinear solution status: time= 24.1
	stiffness updates             = 1
	right hand side evaluations   = 3
	stiffness matrix reformations = 1
	step from line search         = 1.000000
	convergence norms :     INITIAL         CURRENT         REQUIRED
	   residual            4.028287e+01    2.259806e-12    0.000000e+00 
	   energy              2.165352e-01    3.113617e-12    2.165352e-03 
	   displacement        1.041711e-02    1.911663e-10    1.041568e-08 

convergence summary
    number of iterations   : 2
    number of reformations : 1

------- converged at time : 24.1


Data Record #1
===========================================================================
Step = 241
Time = 24.1
Data = ux;uy;uz
File = parameter_sweeps/tmax4_disp.txt

Data Record #2
===========================================================================
Step = 241
Time = 24.1
Data = sz;J
File = parameter_sweeps/tmax4_stress.txt

===== beginning time step 242 : 24.2 =====


Reforming stiffness matrix: reformation #1

 1
 Nonlinear solution status: time= 24.2
	stiffness updates             = 0
	right hand side evaluations   = 2
	stiffness matrix reformations = 1
	step from line search         = 1.000000
	convergence norms :     INITIAL         CURRENT         REQUIRED
	   residual            4.236890e+01    1.782947e-07    0.000000e+00 
	   energy              2.251737e-01    5.698038e-06    2.251737e-03 
	   displacement        1.076618e-02    1.076618e-02    1.076618e-08 
 2
 Nonlinear solution status: time= 24.2
	stiffness updates             = 1
	right hand side evaluations   = 3
	stiffness matrix reformations = 1
	step from line search         = 1.000000
	convergence norms :     INITIAL         CURRENT         REQUIRED
	   residual            4.236890e+01    2.631355e-12    0.000000e+00 
	   energy              2.251737e-01    3.454180e-12    2.251737e-03 
	   displacement        1.076618e-02    2.031877e-10    1.076474e-08 

convergence summary
    number of iterations   : 2
    number of reformations : 1

------- converged at time : 24.2


Data Record #1
===========================================================================
Step = 242
Time = 24.2
Data = ux;uy;uz
File = parameter_sweeps/tmax4_disp.txt

Data Record #2
===========================================================================
Step = 242
Time = 24.2
Data = sz;J
File = parameter_sweeps/tmax4_stress.txt

===== beginning time step 243 : 24.3 =====


Reforming stiffness matrix: reformation #1

 1
 Nonlinear solution status: time= 24.3
	stiffness updates             = 0
	right hand side evaluations   = 2
	stiffness matrix reformations = 1
	step from line search         = 1.000000
	convergence norms :     INITIAL         CURRENT         REQUIRED
	   residual            4.389594e+01    2.071626e-07    0.000000e+00 
	   energy              2.305816e-01    6.205833e-06    2.305816e-03 
	   displacement        1.094115e-02    1.094115e-02    1.094115e-08 
 2
 Nonlinear solution status: time= 24.3
	stiffness updates             = 1
	right hand side evaluations   = 3
	stiffness matrix reformations = 1
	step from line search         = 1.000000
	convergence norms :     INITIAL         CURRENT         REQUIRED
	   residual            4.389594e+01    2.877800e-12    0.000000e+00 
	   energy              2.305816e-01    3.754521e-12    2.305816e-03 
	   displacement        1.094115e-02    2.138690e-10    1.093972e-08 

convergence summary
    number of iterations   : 2
    number of reformations : 1

------- converged at time : 24.3


Data Record #1
===========================================================================
Step = 243
Time = 24.3
Data = ux;uy;uz
File = parameter_sweeps/tmax4_disp.txt

Data Record #2
===========================================================================
Step = 243
Time = 24.3
Data = sz;J
File = parameter_sweeps/tmax4_stress.txt

===== beginning time step 244 : 24.4 =====


Reforming stiffness matrix: reformation #1

 1
 Nonlinear solution status: time= 24.4
	stiffness updates             = 0
	right hand side evaluations   = 2
	stiffness matrix reformations = 1
	step from line search         = 1.000000
	convergence norms :     INITIAL         CURRENT         REQUIRED
	   residual            4.436702e+01    2.313683e-07    0.000000e+00 
	   energy              2.310763e-01    6.455068e-06    2.310763e-03 
	   displacement        1.094702e-02    1.094702e-02    1.094702e-08 
 2
 Nonlinear solution status: time= 24.4
	stiffness updates             = 1
	right hand side evaluations   = 3
	stiffness matrix reformations = 1
	step from line search         = 1.000000
	convergence norms :     INITIAL         CURRENT         REQUIRED
	   residual            4.436702e+01    3.189789e-12    0.000000e+00 
	   energy              2.310763e-01    4.022194e-12    2.310763e-03 
	   displacement        1.094702e-02    2.161494e-10    1.094561e-08 

convergence summary
    number of iterations   : 2
    number of reformations : 1

------- converged at time : 24.4


Data Record #1
===========================================================================
Step = 244
Time = 24.4
Data = ux;uy;uz
File = parameter_sweeps/tmax4_disp.txt

Data Record #2
===========================================================================
Step = 244
Time = 24.4
Data = sz;J
File = parameter_sweeps/tmax4_stress.txt

===== beginning time step 245 : 24.5 =====


Reforming stiffness matrix: reformation #1

 1
 Nonlinear solution status: time= 24.5
	stiffness updates             = 0
	right hand side evaluations   = 2
	stiffness matrix reformations = 1
	step from line search         = 1.000000
	convergence norms :     INITIAL         CURRENT         REQUIRED
	   residual            4.373289e+01    2.442897e-07    0.000000e+00 
	   energy              2.260047e-01    6.233484e-06    2.260047e-03 
	   displacement        1.075535e-02    1.075535e-02    1.075535e-08 
 2
 Nonlinear solution status: time= 24.5
	stiffness updates             = 1
	right hand side evaluations   = 3
	stiffness matrix reformations = 1
	step from line search         = 1.000000
	convergence norms :     INITIAL         CURRENT         REQUIRED
	   residual            4.373289e+01    3.575965e-12    0.000000e+00 
	   energy              2.260047e-01    4.352574e-12    2.260047e-03 
	   displacement        1.075535e-02    2.048996e-10    1.075401e-08 

convergence summary
    number of iterations   : 2
    number of reformations : 1

------- converged at time : 24.5


Data Record #1
===========================================================================
Step = 245
Time = 24.5
Data = ux;uy;uz
File = parameter_sweeps/tmax4_disp.txt

Data Record #2
===========================================================================
Step = 245
Time = 24.5
Data = sz;J
File = parameter_sweeps/tmax4_stress.txt

===== beginning time step 246 : 24.6 =====


Reforming stiffness matrix: reformation #1

 1
 Nonlinear solution status: time= 24.6
	stiffness updates             = 0
	right hand side evaluations   = 2
	stiffness matrix reformations = 1
	step from line search         = 1.000000
	convergence norms :     INITIAL         CURRENT         REQUIRED
	   residual            4.220756e+01    2.461702e-07    0.000000e+00 
	   energy              2.159139e-01    5.629769e-06    2.159139e-03 
	   displacement        1.032893e-02    1.032893e-02    1.032893e-08 
 2
 Nonlinear solution status: time= 24.6
	stiffness updates             = 1
	right hand side evaluations   = 3
	stiffness matrix reformations = 1
	step from line search         = 1.000000
	convergence norms :     INITIAL         CURRENT         REQUIRED
	   residual            4.220756e+01    4.299248e-12    0.000000e+00 
	   energy              2.159139e-01    4.659960e-12    2.159139e-03 
	   displacement        1.032893e-02    1.840509e-10    1.032770e-08 

convergence summary
    number of iterations   : 2
    number of reformations : 1

------- converged at time : 24.6


Data Record #1
===========================================================================
Step = 246
Time = 24.6
Data = ux;uy;uz
File = parameter_sweeps/tmax4_disp.txt

Data Record #2
===========================================================================
Step = 246
Time = 24.6
Data = sz;J
File = parameter_sweeps/tmax4_stress.txt

===== beginning time step 247 : 24.7 =====


Reforming stiffness matrix: reformation #1

 1
 Nonlinear solution status: time= 24.7
	stiffness updates             = 0
	right hand side evaluations   = 2
	stiffness matrix reformations = 1
	step from line search         = 1.000000
	convergence norms :     INITIAL         CURRENT         REQUIRED
	   residual            3.998373e+01    2.274068e-07    0.000000e+00 
	   energy              2.021678e-01    4.838549e-06    2.021678e-03 
	   displacement        9.690735e-03    9.690735e-03    9.690735e-09 
 2
 Nonlinear solution status: time= 24.7
	stiffness updates             = 1
	right hand side evaluations   = 3
	stiffness matrix reformations = 1
	step from line search         = 1.000000
	convergence norms :     INITIAL         CURRENT         REQUIRED
	   residual            3.998373e+01    4.327901e-12    0.000000e+00 
	   energy              2.021678e-01    4.482223e-12    2.021678e-03 
	   displacement        9.690735e-03    1.737925e-10    9.689601e-09 

convergence summary
    number of iterations   : 2
    number of reformations : 1

------- converged at time : 24.7


Data Record #1
===========================================================================
Step = 247
Time = 24.7
Data = ux;uy;uz
File = parameter_sweeps/tmax4_disp.txt

Data Record #2
===========================================================================
Step = 247
Time = 24.7
Data = sz;J
File = parameter_sweeps/tmax4_stress.txt

===== beginning time step 248 : 24.8 =====


Reforming stiffness matrix: reformation #1

 1
 Nonlinear solution status: time= 24.8
	stiffness updates             = 0
	right hand side evaluations   = 2
	stiffness matrix reformations = 1
	step from line search         = 1.000000
	convergence norms :     INITIAL         CURRENT         REQUIRED
	   residual            3.733562e+01    1.945710e-07    0.000000e+00 
	   energy              1.866923e-01    3.898932e-06    1.866923e-03 
	   displacement        8.946061e-03    8.946061e-03    8.946061e-09 
 2
 Nonlinear solution status: time= 24.8
	stiffness updates             = 1
	right hand side evaluations   = 3
	stiffness matrix reformations = 1
	step from line search         = 1.000000
	convergence norms :     INITIAL         CURRENT         REQUIRED
	   residual            3.733562e+01    3.566090e-12    0.000000e+00 
	   energy              1.866923e-01    3.653242e-12    1.866923e-03 
	   displacement        8.946061e-03    1.617591e-10    8.945062e-09 

convergence summary
    number of iterations   : 2
    number of reformations : 1

------- converged at time : 24.8


Data Record #1
===========================================================================
Step = 248
Time = 24.8
Data = ux;uy;uz
File = parameter_sweeps/tmax4_disp.txt

Data Record #2
===========================================================================
Step = 248
Time = 24.8
Data = sz;J
File = parameter_sweeps/tmax4_stress.txt

===== beginning time step 249 : 24.9 =====


Reforming stiffness matrix: reformation #1

 1
 Nonlinear solution status: time= 24.9
	stiffness updates             = 0
	right hand side evaluations   = 2
	stiffness matrix reformations = 1
	step from line search         = 1.000000
	convergence norms :     INITIAL         CURRENT         REQUIRED
	   residual            3.468869e+01    1.581504e-07    0.000000e+00 
	   energy              1.715067e-01    2.913460e-06    1.715067e-03 
	   displacement        8.232570e-03    8.232570e-03    8.232570e-09 
 2
 Nonlinear solution status: time= 24.9
	stiffness updates             = 1
	right hand side evaluations   = 3
	stiffness matrix reformations = 1
	step from line search         = 1.000000
	convergence norms :     INITIAL         CURRENT         REQUIRED
	   residual            3.468869e+01    2.631027e-12    0.000000e+00 
	   energy              1.715067e-01    2.705158e-12    1.715067e-03 
	   displacement        8.232570e-03    1.360604e-10    8.231768e-09 

convergence summary
    number of iterations   : 2
    number of reformations : 1

------- converged at time : 24.9


Data Record #1
===========================================================================
Step = 249
Time = 24.9
Data = ux;uy;uz
File = parameter_sweeps/tmax4_disp.txt

Data Record #2
===========================================================================
Step = 249
Time = 24.9
Data = sz;J
File = parameter_sweeps/tmax4_stress.txt

===== beginning time step 250 : 25 =====


Reforming stiffness matrix: reformation #1

 1
 Nonlinear solution status: time= 25
	stiffness updates             = 0
	right hand side evaluations   = 2
	stiffness matrix reformations = 1
	step from line search         = 1.000000
	convergence norms :     INITIAL         CURRENT         REQUIRED
	   residual            3.243838e+01    1.053147e-07    0.000000e+00 
	   energy              1.581961e-01    2.048638e-06    1.581961e-03 
	   displacement        7.615114e-03    7.615114e-03    7.615114e-09 
 2
 Nonlinear solution status: time= 25
	stiffness updates             = 1
	right hand side evaluations   = 3
	stiffness matrix reformations = 1
	step from line search         = 1.000000
	convergence norms :     INITIAL         CURRENT         REQUIRED
	   residual            3.243838e+01    1.774919e-12    0.000000e+00 
	   energy              1.581961e-01    1.871033e-12    1.581961e-03 
	   displacement        7.615114e-03    1.109108e-10    7.614506e-09 

convergence summary
    number of iterations   : 2
    number of reformations : 1

------- converged at time : 25


Data Record #1
===========================================================================
Step = 250
Time = 25
Data = ux;uy;uz
File = parameter_sweeps/tmax4_disp.txt

Data Record #2
===========================================================================
Step = 250
Time = 25
Data = sz;J
File = parameter_sweeps/tmax4_stress.txt

===== beginning time step 251 : 25.1 =====


Reforming stiffness matrix: reformation #1

 1
 Nonlinear solution status: time= 25.1
	stiffness updates             = 0
	right hand side evaluations   = 2
	stiffness matrix reformations = 1
	step from line search         = 1.000000
	convergence norms :     INITIAL         CURRENT         REQUIRED
	   residual            3.070399e+01    6.270090e-08    0.000000e+00 
	   energy              1.473621e-01    1.391677e-06    1.473621e-03 
	   displacement        7.092044e-03    7.092044e-03    7.092044e-09 
 2
 Nonlinear solution status: time= 25.1
	stiffness updates             = 1
	right hand side evaluations   = 3
	stiffness matrix reformations = 1
	step from line search         = 1.000000
	convergence norms :     INITIAL         CURRENT         REQUIRED
	   residual            3.070399e+01    1.188551e-12    0.000000e+00 
	   energy              1.473621e-01    1.285949e-12    1.473621e-03 
	   displacement        7.092044e-03    9.405839e-11    7.091588e-09 

convergence summary
    number of iterations   : 2
    number of reformations : 1

------- converged at time : 25.1


Data Record #1
===========================================================================
Step = 251
Time = 25.1
Data = ux;uy;uz
File = parameter_sweeps/tmax4_disp.txt

Data Record #2
===========================================================================
Step = 251
Time = 25.1
Data = sz;J
File = parameter_sweeps/tmax4_stress.txt

===== beginning time step 252 : 25.2 =====


Reforming stiffness matrix: reformation #1

 1
 Nonlinear solution status: time= 25.2
	stiffness updates             = 0
	right hand side evaluations   = 2
	stiffness matrix reformations = 1
	step from line search         = 1.000000
	convergence norms :     INITIAL         CURRENT         REQUIRED
	   residual            2.921610e+01    4.848198e-08    0.000000e+00 
	   energy              1.385845e-01    1.075483e-06    1.385845e-03 
	   displacement        6.654203e-03    6.654203e-03    6.654203e-09 
 2
 Nonlinear solution status: time= 25.2
	stiffness updates             = 1
	right hand side evaluations   = 3
	stiffness matrix reformations = 1
	step from line search         = 1.000000
	convergence norms :     INITIAL         CURRENT         REQUIRED
	   residual            2.921610e+01    1.083294e-12    0.000000e+00 
	   energy              1.385845e-01    1.089419e-12    1.385845e-03 
	   displacement        6.654203e-03    8.940395e-11    6.653842e-09 

convergence summary
    number of iterations   : 2
    number of reformations : 1

------- converged at time : 25.2


Data Record #1
===========================================================================
Step = 252
Time = 25.2
Data = ux;uy;uz
File = parameter_sweeps/tmax4_disp.txt

Data Record #2
===========================================================================
Step = 252
Time = 25.2
Data = sz;J
File = parameter_sweeps/tmax4_stress.txt

===== beginning time step 253 : 25.3 =====


Reforming stiffness matrix: reformation #1

 1
 Nonlinear solution status: time= 25.3
	stiffness updates             = 0
	right hand side evaluations   = 2
	stiffness matrix reformations = 1
	step from line search         = 1.000000
	convergence norms :     INITIAL         CURRENT         REQUIRED
	   residual            2.769786e+01    4.949438e-08    0.000000e+00 
	   energy              1.308435e-01    1.017533e-06    1.308435e-03 
	   displacement        6.246361e-03    6.246361e-03    6.246361e-09 
 2
 Nonlinear solution status: time= 25.3
	stiffness updates             = 1
	right hand side evaluations   = 3
	stiffness matrix reformations = 1
	step from line search         = 1.000000
	convergence norms :     INITIAL         CURRENT         REQUIRED
	   residual            2.769786e+01    1.259705e-12    0.000000e+00 
	   energy              1.308435e-01    1.175724e-12    1.308435e-03 
	   displacement        6.246361e-03    9.169564e-11    6.246062e-09 

convergence summary
    number of iterations   : 2
    number of reformations : 1

------- converged at time : 25.3


Data Record #1
===========================================================================
Step = 253
Time = 25.3
Data = ux;uy;uz
File = parameter_sweeps/tmax4_disp.txt

Data Record #2
===========================================================================
Step = 253
Time = 25.3
Data = sz;J
File = parameter_sweeps/tmax4_stress.txt

===== beginning time step 254 : 25.4 =====


Reforming stiffness matrix: reformation #1

 1
 Nonlinear solution status: time= 25.4
	stiffness updates             = 0
	right hand side evaluations   = 2
	stiffness matrix reformations = 1
	step from line search         = 1.000000
	convergence norms :     INITIAL         CURRENT         REQUIRED
	   residual            2.616881e+01    5.729153e-08    0.000000e+00 
	   energy              1.231886e-01    9.404901e-07    1.231886e-03 
	   displacement        5.803340e-03    5.803340e-03    5.803340e-09 
 2
 Nonlinear solution status: time= 25.4
	stiffness updates             = 1
	right hand side evaluations   = 3
	stiffness matrix reformations = 1
	step from line search         = 1.000000
	convergence norms :     INITIAL         CURRENT         REQUIRED
	   residual            2.616881e+01    1.436208e-12    0.000000e+00 
	   energy              1.231886e-01    1.535391e-12    1.231886e-03 
	   displacement        5.803340e-03    9.151523e-11    5.803102e-09 

convergence summary
    number of iterations   : 2
    number of reformations : 1

------- converged at time : 25.4


Data Record #1
===========================================================================
Step = 254
Time = 25.4
Data = ux;uy;uz
File = parameter_sweeps/tmax4_disp.txt

Data Record #2
===========================================================================
Step = 254
Time = 25.4
Data = sz;J
File = parameter_sweeps/tmax4_stress.txt

===== beginning time step 255 : 25.5 =====


Reforming stiffness matrix: reformation #1

 1
 Nonlinear solution status: time= 25.5
	stiffness updates             = 0
	right hand side evaluations   = 2
	stiffness matrix reformations = 1
	step from line search         = 1.000000
	convergence norms :     INITIAL         CURRENT         REQUIRED
	   residual            2.468113e+01    5.001872e-08    0.000000e+00 
	   energy              1.152323e-01    7.956094e-07    1.152323e-03 
	   displacement        5.315476e-03    5.315476e-03    5.315476e-09 
 2
 Nonlinear solution status: time= 25.5
	stiffness updates             = 1
	right hand side evaluations   = 3
	stiffness matrix reformations = 1
	step from line search         = 1.000000
	convergence norms :     INITIAL         CURRENT         REQUIRED
	   residual            2.468113e+01    1.324528e-12    0.000000e+00 
	   energy              1.152323e-01    1.898572e-12    1.152323e-03 
	   displacement        5.315476e-03    8.659261e-11    5.315298e-09 

convergence summary
    number of iterations   : 2
    number of reformations : 1

------- converged at time : 25.5


Data Record #1
===========================================================================
Step = 255
Time = 25.5
Data = ux;uy;uz
File = parameter_sweeps/tmax4_disp.txt

Data Record #2
===========================================================================
Step = 255
Time = 25.5
Data = sz;J
File = parameter_sweeps/tmax4_stress.txt

===== beginning time step 256 : 25.6 =====


Reforming stiffness matrix: reformation #1

 1
 Nonlinear solution status: time= 25.6
	stiffness updates             = 0
	right hand side evaluations   = 2
	stiffness matrix reformations = 1
	step from line search         = 1.000000
	convergence norms :     INITIAL         CURRENT         REQUIRED
	   residual            2.311568e+01    4.363650e-08    0.000000e+00 
	   energy              1.073142e-01    6.918449e-07    1.073142e-03 
	   displacement        4.831755e-03    4.831755e-03    4.831755e-09 
 2
 Nonlinear solution status: time= 25.6
	stiffness updates             = 1
	right hand side evaluations   = 3
	stiffness matrix reformations = 1
	step from line search         = 1.000000
	convergence norms :     INITIAL         CURRENT         REQUIRED
	   residual            2.311568e+01    1.286256e-12    0.000000e+00 
	   energy              1.073142e-01    2.233654e-12    1.073142e-03 
	   displacement        4.831755e-03    7.668702e-11    4.831598e-09 

convergence summary
    number of iterations   : 2
    number of reformations : 1

------- converged at time : 25.6


Data Record #1
===========================================================================
Step = 256
Time = 25.6
Data = ux;uy;uz
File = parameter_sweeps/tmax4_disp.txt

Data Record #2
===========================================================================
Step = 256
Time = 25.6
Data = sz;J
File = parameter_sweeps/tmax4_stress.txt

===== beginning time step 257 : 25.7 =====


Reforming stiffness matrix: reformation #1

 1
 Nonlinear solution status: time= 25.7
	stiffness updates             = 0
	right hand side evaluations   = 2
	stiffness matrix reformations = 1
	step from line search         = 1.000000
	convergence norms :     INITIAL         CURRENT         REQUIRED
	   residual            2.148870e+01    4.096910e-08    0.000000e+00 
	   energy              1.002358e-01    7.484123e-07    1.002358e-03 
	   displacement        4.438626e-03    4.438626e-03    4.438626e-09 
 2
 Nonlinear solution status: time= 25.7
	stiffness updates             = 1
	right hand side evaluations   = 3
	stiffness matrix reformations = 1
	step from line search         = 1.000000
	convergence norms :     INITIAL         CURRENT         REQUIRED
	   residual            2.148870e+01    1.186084e-12    0.000000e+00 
	   energy              1.002358e-01    2.262953e-12    1.002358e-03 
	   displacement        4.438626e-03    7.023633e-11    4.438425e-09 

convergence summary
    number of iterations   : 2
    number of reformations : 1

------- converged at time : 25.7


Data Record #1
===========================================================================
Step = 257
Time = 25.7
Data = ux;uy;uz
File = parameter_sweeps/tmax4_disp.txt

Data Record #2
===========================================================================
Step = 257
Time = 25.7
Data = sz;J
File = parameter_sweeps/tmax4_stress.txt

===== beginning time step 258 : 25.8 =====


Reforming stiffness matrix: reformation #1

 1
 Nonlinear solution status: time= 25.8
	stiffness updates             = 0
	right hand side evaluations   = 2
	stiffness matrix reformations = 1
	step from line search         = 1.000000
	convergence norms :     INITIAL         CURRENT         REQUIRED
	   residual            2.000155e+01    4.146268e-08    0.000000e+00 
	   energy              9.468703e-02    9.968845e-07    9.468703e-04 
	   displacement        4.185908e-03    4.185908e-03    4.185908e-09 
 2
 Nonlinear solution status: time= 25.8
	stiffness updates             = 1
	right hand side evaluations   = 3
	stiffness matrix reformations = 1
	step from line search         = 1.000000
	convergence norms :     INITIAL         CURRENT         REQUIRED
	   residual            2.000155e+01    1.271319e-12    0.000000e+00 
	   energy              9.468703e-02    2.041609e-12    9.468703e-04 
	   displacement        4.185908e-03    6.742658e-11    4.185639e-09 

convergence summary
    number of iterations   : 2
    number of reformations : 1

------- converged at time : 25.8


Data Record #1
===========================================================================
Step = 258
Time = 25.8
Data = ux;uy;uz
File = parameter_sweeps/tmax4_disp.txt

Data Record #2
===========================================================================
Step = 258
Time = 25.8
Data = sz;J
File = parameter_sweeps/tmax4_stress.txt

===== beginning time step 259 : 25.9 =====


Reforming stiffness matrix: reformation #1

 1
 Nonlinear solution status: time= 25.9
	stiffness updates             = 0
	right hand side evaluations   = 2
	stiffness matrix reformations = 1
	step from line search         = 1.000000
	convergence norms :     INITIAL         CURRENT         REQUIRED
	   residual            1.867734e+01    5.959775e-08    0.000000e+00 
	   energy              9.104170e-02    1.450671e-06    9.104170e-04 
	   displacement        4.105926e-03    4.105926e-03    4.105926e-09 
 2
 Nonlinear solution status: time= 25.9
	stiffness updates             = 1
	right hand side evaluations   = 3
	stiffness matrix reformations = 1
	step from line search         = 1.000000
	convergence norms :     INITIAL         CURRENT         REQUIRED
	   residual            1.867734e+01    1.468524e-12    0.000000e+00 
	   energy              9.104170e-02    1.956857e-12    9.104170e-04 
	   displacement        4.105926e-03    7.277314e-11    4.105569e-09 

convergence summary
    number of iterations   : 2
    number of reformations : 1

------- converged at time : 25.9


Data Record #1
===========================================================================
Step = 259
Time = 25.9
Data = ux;uy;uz
File = parameter_sweeps/tmax4_disp.txt

Data Record #2
===========================================================================
Step = 259
Time = 25.9
Data = sz;J
File = parameter_sweeps/tmax4_stress.txt

===== beginning time step 260 : 26 =====


Reforming stiffness matrix: reformation #1

 1
 Nonlinear solution status: time= 26
	stiffness updates             = 0
	right hand side evaluations   = 2
	stiffness matrix reformations = 1
	step from line search         = 1.000000
	convergence norms :     INITIAL         CURRENT         REQUIRED
	   residual            1.744239e+01    9.516656e-08    0.000000e+00 
	   energy              8.944553e-02    2.027132e-06    8.944553e-04 
	   displacement        4.203146e-03    4.203146e-03    4.203146e-09 
 2
 Nonlinear solution status: time= 26
	stiffness updates             = 1
	right hand side evaluations   = 3
	stiffness matrix reformations = 1
	step from line search         = 1.000000
	convergence norms :     INITIAL         CURRENT         REQUIRED
	   residual            1.744239e+01    2.231381e-12    0.000000e+00 
	   energy              8.944553e-02    2.529419e-12    8.944553e-04 
	   displacement        4.203146e-03    9.291241e-11    4.202643e-09 

convergence summary
    number of iterations   : 2
    number of reformations : 1

------- converged at time : 26


Data Record #1
===========================================================================
Step = 260
Time = 26
Data = ux;uy;uz
File = parameter_sweeps/tmax4_disp.txt

Data Record #2
===========================================================================
Step = 260
Time = 26
Data = sz;J
File = parameter_sweeps/tmax4_stress.txt

===== beginning time step 261 : 26.1 =====


Reforming stiffness matrix: reformation #1

 1
 Nonlinear solution status: time= 26.1
	stiffness updates             = 0
	right hand side evaluations   = 2
	stiffness matrix reformations = 1
	step from line search         = 1.000000
	convergence norms :     INITIAL         CURRENT         REQUIRED
	   residual            1.644515e+01    1.222689e-07    0.000000e+00 
	   energy              8.996968e-02    2.515937e-06    8.996968e-04 
	   displacement        4.416451e-03    4.416451e-03    4.416451e-09 
 2
 Nonlinear solution status: time= 26.1
	stiffness updates             = 1
	right hand side evaluations   = 3
	stiffness matrix reformations = 1
	step from line search         = 1.000000
	convergence norms :     INITIAL         CURRENT         REQUIRED
	   residual            1.644515e+01    2.751947e-12    0.000000e+00 
	   energy              8.996968e-02    3.139249e-12    8.996968e-04 
	   displacement        4.416451e-03    1.056257e-10    4.415830e-09 

convergence summary
    number of iterations   : 2
    number of reformations : 1

------- converged at time : 26.1


Data Record #1
===========================================================================
Step = 261
Time = 26.1
Data = ux;uy;uz
File = parameter_sweeps/tmax4_disp.txt

Data Record #2
===========================================================================
Step = 261
Time = 26.1
Data = sz;J
File = parameter_sweeps/tmax4_stress.txt

===== beginning time step 262 : 26.2 =====


Reforming stiffness matrix: reformation #1

 1
 Nonlinear solution status: time= 26.2
	stiffness updates             = 0
	right hand side evaluations   = 2
	stiffness matrix reformations = 1
	step from line search         = 1.000000
	convergence norms :     INITIAL         CURRENT         REQUIRED
	   residual            1.596072e+01    1.621437e-07    0.000000e+00 
	   energy              9.296139e-02    2.860181e-06    9.296139e-04 
	   displacement        4.710327e-03    4.710327e-03    4.710327e-09 
 2
 Nonlinear solution status: time= 26.2
	stiffness updates             = 1
	right hand side evaluations   = 3
	stiffness matrix reformations = 1
	step from line search         = 1.000000
	convergence norms :     INITIAL         CURRENT         REQUIRED
	   residual            1.596072e+01    3.549167e-12    0.000000e+00 
	   energy              9.296139e-02    3.809148e-12    9.296139e-04 
	   displacement        4.710327e-03    1.122240e-10    4.709646e-09 

convergence summary
    number of iterations   : 2
    number of reformations : 1

------- converged at time : 26.2


Data Record #1
===========================================================================
Step = 262
Time = 26.2
Data = ux;uy;uz
File = parameter_sweeps/tmax4_disp.txt

Data Record #2
===========================================================================
Step = 262
Time = 26.2
Data = sz;J
File = parameter_sweeps/tmax4_stress.txt

===== beginning time step 263 : 26.3 =====


Reforming stiffness matrix: reformation #1

 1
 Nonlinear solution status: time= 26.3
	stiffness updates             = 0
	right hand side evaluations   = 2
	stiffness matrix reformations = 1
	step from line search         = 1.000000
	convergence norms :     INITIAL         CURRENT         REQUIRED
	   residual            1.609376e+01    1.717576e-07    0.000000e+00 
	   energy              9.887972e-02    3.302722e-06    9.887972e-04 
	   displacement        5.117239e-03    5.117239e-03    5.117239e-09 
 2
 Nonlinear solution status: time= 26.3
	stiffness updates             = 1
	right hand side evaluations   = 3
	stiffness matrix reformations = 1
	step from line search         = 1.000000
	convergence norms :     INITIAL         CURRENT         REQUIRED
	   residual            1.609376e+01    3.708619e-12    0.000000e+00 
	   energy              9.887972e-02    3.957910e-12    9.887972e-04 
	   displacement        5.117239e-03    1.207096e-10    5.116465e-09 

convergence summary
    number of iterations   : 2
    number of reformations : 1

------- converged at time : 26.3


Data Record #1
===========================================================================
Step = 263
Time = 26.3
Data = ux;uy;uz
File = parameter_sweeps/tmax4_disp.txt

Data Record #2
===========================================================================
Step = 263
Time = 26.3
Data = sz;J
File = parameter_sweeps/tmax4_stress.txt

===== beginning time step 264 : 26.4 =====


Reforming stiffness matrix: reformation #1

 1
 Nonlinear solution status: time= 26.4
	stiffness updates             = 0
	right hand side evaluations   = 2
	stiffness matrix reformations = 1
	step from line search         = 1.000000
	convergence norms :     INITIAL         CURRENT         REQUIRED
	   residual            1.672461e+01    1.706116e-07    0.000000e+00 
	   energy              1.078587e-01    3.966896e-06    1.078587e-03 
	   displacement        5.697467e-03    5.697467e-03    5.697467e-09 
 2
 Nonlinear solution status: time= 26.4
	stiffness updates             = 1
	right hand side evaluations   = 3
	stiffness matrix reformations = 1
	step from line search         = 1.000000
	convergence norms :     INITIAL         CURRENT         REQUIRED
	   residual            1.672461e+01    3.464911e-12    0.000000e+00 
	   energy              1.078587e-01    3.827313e-12    1.078587e-03 
	   displacement        5.697467e-03    1.355518e-10    5.696561e-09 

convergence summary
    number of iterations   : 2
    number of reformations : 1

------- converged at time : 26.4


Data Record #1
===========================================================================
Step = 264
Time = 26.4
Data = ux;uy;uz
File = parameter_sweeps/tmax4_disp.txt

Data Record #2
===========================================================================
Step = 264
Time = 26.4
Data = sz;J
File = parameter_sweeps/tmax4_stress.txt

===== beginning time step 265 : 26.5 =====


Reforming stiffness matrix: reformation #1

 1
 Nonlinear solution status: time= 26.5
	stiffness updates             = 0
	right hand side evaluations   = 2
	stiffness matrix reformations = 1
	step from line search         = 1.000000
	convergence norms :     INITIAL         CURRENT         REQUIRED
	   residual            1.761518e+01    1.834341e-07    0.000000e+00 
	   energy              1.195610e-01    4.689033e-06    1.195610e-03 
	   displacement        6.483541e-03    6.483541e-03    6.483541e-09 
 2
 Nonlinear solution status: time= 26.5
	stiffness updates             = 1
	right hand side evaluations   = 3
	stiffness matrix reformations = 1
	step from line search         = 1.000000
	convergence norms :     INITIAL         CURRENT         REQUIRED
	   residual            1.761518e+01    4.019773e-12    0.000000e+00 
	   energy              1.195610e-01    4.149540e-12    1.195610e-03 
	   displacement        6.483541e-03    1.643097e-10    6.482466e-09 

convergence summary
    number of iterations   : 2
    number of reformations : 1

------- converged at time : 26.5


Data Record #1
===========================================================================
Step = 265
Time = 26.5
Data = ux;uy;uz
File = parameter_sweeps/tmax4_disp.txt

Data Record #2
===========================================================================
Step = 265
Time = 26.5
Data = sz;J
File = parameter_sweeps/tmax4_stress.txt

===== beginning time step 266 : 26.6 =====


Reforming stiffness matrix: reformation #1

 1
 Nonlinear solution status: time= 26.6
	stiffness updates             = 0
	right hand side evaluations   = 2
	stiffness matrix reformations = 1
	step from line search         = 1.000000
	convergence norms :     INITIAL         CURRENT         REQUIRED
	   residual            1.863635e+01    2.151196e-07    0.000000e+00 
	   energy              1.332933e-01    5.287335e-06    1.332933e-03 
	   displacement        7.425079e-03    7.425079e-03    7.425079e-09 
 2
 Nonlinear solution status: time= 26.6
	stiffness updates             = 1
	right hand side evaluations   = 3
	stiffness matrix reformations = 1
	step from line search         = 1.000000
	convergence norms :     INITIAL         CURRENT         REQUIRED
	   residual            1.863635e+01    4.612426e-12    0.000000e+00 
	   energy              1.332933e-01    4.913072e-12    1.332933e-03 
	   displacement        7.425079e-03    1.908486e-10    7.423856e-09 

convergence summary
    number of iterations   : 2
    number of reformations : 1

------- converged at time : 26.6


Data Record #1
===========================================================================
Step = 266
Time = 26.6
Data = ux;uy;uz
File = parameter_sweeps/tmax4_disp.txt

Data Record #2
===========================================================================
Step = 266
Time = 26.6
Data = sz;J
File = parameter_sweeps/tmax4_stress.txt

===== beginning time step 267 : 26.7 =====


Reforming stiffness matrix: reformation #1

 1
 Nonlinear solution status: time= 26.7
	stiffness updates             = 0
	right hand side evaluations   = 2
	stiffness matrix reformations = 1
	step from line search         = 1.000000
	convergence norms :     INITIAL         CURRENT         REQUIRED
	   residual            1.982206e+01    2.267795e-07    0.000000e+00 
	   energy              1.480241e-01    5.557469e-06    1.480241e-03 
	   displacement        8.419381e-03    8.419381e-03    8.419381e-09 
 2
 Nonlinear solution status: time= 26.7
	stiffness updates             = 1
	right hand side evaluations   = 3
	stiffness matrix reformations = 1
	step from line search         = 1.000000
	convergence norms :     INITIAL         CURRENT         REQUIRED
	   residual            1.982206e+01    4.784296e-12    0.000000e+00 
	   energy              1.480241e-01    5.201183e-12    1.480241e-03 
	   displacement        8.419381e-03    2.036224e-10    8.418114e-09 

convergence summary
    number of iterations   : 2
    number of reformations : 1

------- converged at time : 26.7


Data Record #1
===========================================================================
Step = 267
Time = 26.7
Data = ux;uy;uz
File = parameter_sweeps/tmax4_disp.txt

Data Record #2
===========================================================================
Step = 267
Time = 26.7
Data = sz;J
File = parameter_sweeps/tmax4_stress.txt

===== beginning time step 268 : 26.8 =====


Reforming stiffness matrix: reformation #1

 1
 Nonlinear solution status: time= 26.8
	stiffness updates             = 0
	right hand side evaluations   = 2
	stiffness matrix reformations = 1
	step from line search         = 1.000000
	convergence norms :     INITIAL         CURRENT         REQUIRED
	   residual            2.121978e+01    2.121946e-07    0.000000e+00 
	   energy              1.626976e-01    5.567123e-06    1.626976e-03 
	   displacement        9.341114e-03    9.341114e-03    9.341114e-09 
 2
 Nonlinear solution status: time= 26.8
	stiffness updates             = 1
	right hand side evaluations   = 3
	stiffness matrix reformations = 1
	step from line search         = 1.000000
	convergence norms :     INITIAL         CURRENT         REQUIRED
	   residual            2.121978e+01    4.596213e-12    0.000000e+00 
	   energy              1.626976e-01    4.918829e-12    1.626976e-03 
	   displacement        9.341114e-03    2.082998e-10    9.339880e-09 

convergence summary
    number of iterations   : 2
    number of reformations : 1

------- converged at time : 26.8


Data Record #1
===========================================================================
Step = 268
Time = 26.8
Data = ux;uy;uz
File = parameter_sweeps/tmax4_disp.txt

Data Record #2
===========================================================================
Step = 268
Time = 26.8
Data = sz;J
File = parameter_sweeps/tmax4_stress.txt

===== beginning time step 269 : 26.9 =====


Reforming stiffness matrix: reformation #1

 1
 Nonlinear solution status: time= 26.9
	stiffness updates             = 0
	right hand side evaluations   = 2
	stiffness matrix reformations = 1
	step from line search         = 1.000000
	convergence norms :     INITIAL         CURRENT         REQUIRED
	   residual            2.295068e+01    1.943874e-07    0.000000e+00 
	   energy              1.768492e-01    5.499391e-06    1.768492e-03 
	   displacement        1.009570e-02    1.009570e-02    1.009570e-08 
 2
 Nonlinear solution status: time= 26.9
	stiffness updates             = 1
	right hand side evaluations   = 3
	stiffness matrix reformations = 1
	step from line search         = 1.000000
	convergence norms :     INITIAL         CURRENT         REQUIRED
	   residual            2.295068e+01    4.135674e-12    0.000000e+00 
	   energy              1.768492e-01    4.586532e-12    1.768492e-03 
	   displacement        1.009570e-02    2.083333e-10    1.009451e-08 

convergence summary
    number of iterations   : 2
    number of reformations : 1

------- converged at time : 26.9


Data Record #1
===========================================================================
Step = 269
Time = 26.9
Data = ux;uy;uz
File = parameter_sweeps/tmax4_disp.txt

Data Record #2
===========================================================================
Step = 269
Time = 26.9
Data = sz;J
File = parameter_sweeps/tmax4_stress.txt

===== beginning time step 270 : 27 =====


Reforming stiffness matrix: reformation #1

 1
 Nonlinear solution status: time= 27
	stiffness updates             = 0
	right hand side evaluations   = 2
	stiffness matrix reformations = 1
	step from line search         = 1.000000
	convergence norms :     INITIAL         CURRENT         REQUIRED
	   residual            2.519235e+01    1.423667e-07    0.000000e+00 
	   energy              1.906177e-01    5.401648e-06    1.906177e-03 
	   displacement        1.071471e-02    1.071471e-02    1.071471e-08 
 2
 Nonlinear solution status: time= 27
	stiffness updates             = 1
	right hand side evaluations   = 3
	stiffness matrix reformations = 1
	step from line search         = 1.000000
	convergence norms :     INITIAL         CURRENT         REQUIRED
	   residual            2.519235e+01    2.944146e-12    0.000000e+00 
	   energy              1.906177e-01    3.915752e-12    1.906177e-03 
	   displacement        1.071471e-02    2.077577e-10    1.071356e-08 

convergence summary
    number of iterations   : 2
    number of reformations : 1

------- converged at time : 27


Data Record #1
===========================================================================
Step = 270
Time = 27
Data = ux;uy;uz
File = parameter_sweeps/tmax4_disp.txt

Data Record #2
===========================================================================
Step = 270
Time = 27
Data = sz;J
File = parameter_sweeps/tmax4_stress.txt

===== beginning time step 271 : 27.1 =====


Reforming stiffness matrix: reformation #1

 1
 Nonlinear solution status: time= 27.1
	stiffness updates             = 0
	right hand side evaluations   = 2
	stiffness matrix reformations = 1
	step from line search         = 1.000000
	convergence norms :     INITIAL         CURRENT         REQUIRED
	   residual            2.790749e+01    1.064158e-07    0.000000e+00 
	   energy              2.044941e-01    5.170465e-06    2.044941e-03 
	   displacement        1.129795e-02    1.129795e-02    1.129795e-08 
 2
 Nonlinear solution status: time= 27.1
	stiffness updates             = 1
	right hand side evaluations   = 3
	stiffness matrix reformations = 1
	step from line search         = 1.000000
	convergence norms :     INITIAL         CURRENT         REQUIRED
	   residual            2.790749e+01    2.184100e-12    0.000000e+00 
	   energy              2.044941e-01    3.606472e-12    2.044941e-03 
	   displacement        1.129795e-02    2.103109e-10    1.129691e-08 

convergence summary
    number of iterations   : 2
    number of reformations : 1

------- converged at time : 27.1


Data Record #1
===========================================================================
Step = 271
Time = 27.1
Data = ux;uy;uz
File = parameter_sweeps/tmax4_disp.txt

Data Record #2
===========================================================================
Step = 271
Time = 27.1
Data = sz;J
File = parameter_sweeps/tmax4_stress.txt

===== beginning time step 272 : 27.2 =====


Reforming stiffness matrix: reformation #1

 1
 Nonlinear solution status: time= 27.2
	stiffness updates             = 0
	right hand side evaluations   = 2
	stiffness matrix reformations = 1
	step from line search         = 1.000000
	convergence norms :     INITIAL         CURRENT         REQUIRED
	   residual            3.097858e+01    9.626040e-08    0.000000e+00 
	   energy              2.191619e-01    4.763674e-06    2.191619e-03 
	   displacement        1.191803e-02    1.191803e-02    1.191803e-08 
 2
 Nonlinear solution status: time= 27.2
	stiffness updates             = 1
	right hand side evaluations   = 3
	stiffness matrix reformations = 1
	step from line search         = 1.000000
	convergence norms :     INITIAL         CURRENT         REQUIRED
	   residual            3.097858e+01    1.809728e-12    0.000000e+00 
	   energy              2.191619e-01    3.535199e-12    2.191619e-03 
	   displacement        1.191803e-02    2.038905e-10    1.191711e-08 

convergence summary
    number of iterations   : 2
    number of reformations : 1

------- converged at time : 27.2


Data Record #1
===========================================================================
Step = 272
Time = 27.2
Data = ux;uy;uz
File = parameter_sweeps/tmax4_disp.txt

Data Record #2
===========================================================================
Step = 272
Time = 27.2
Data = sz;J
File = parameter_sweeps/tmax4_stress.txt

===== beginning time step 273 : 27.3 =====


Reforming stiffness matrix: reformation #1

 1
 Nonlinear solution status: time= 27.3
	stiffness updates             = 0
	right hand side evaluations   = 2
	stiffness matrix reformations = 1
	step from line search         = 1.000000
	convergence norms :     INITIAL         CURRENT         REQUIRED
	   residual            3.456297e+01    7.236999e-08    0.000000e+00 
	   energy              2.358297e-01    4.254996e-06    2.358297e-03 
	   displacement        1.266099e-02    1.266099e-02    1.266099e-08 
 2
 Nonlinear solution status: time= 27.3
	stiffness updates             = 1
	right hand side evaluations   = 3
	stiffness matrix reformations = 1
	step from line search         = 1.000000
	convergence norms :     INITIAL         CURRENT         REQUIRED
	   residual            3.456297e+01    1.385179e-12    0.000000e+00 
	   energy              2.358297e-01    3.154267e-12    2.358297e-03 
	   displacement        1.266099e-02    1.949156e-10    1.266016e-08 

convergence summary
    number of iterations   : 2
    number of reformations : 1

------- converged at time : 27.3


Data Record #1
===========================================================================
Step = 273
Time = 27.3
Data = ux;uy;uz
File = parameter_sweeps/tmax4_disp.txt

Data Record #2
===========================================================================
Step = 273
Time = 27.3
Data = sz;J
File = parameter_sweeps/tmax4_stress.txt

===== beginning time step 274 : 27.4 =====


Reforming stiffness matrix: reformation #1

 1
 Nonlinear solution status: time= 27.4
	stiffness updates             = 0
	right hand side evaluations   = 2
	stiffness matrix reformations = 1
	step from line search         = 1.000000
	convergence norms :     INITIAL         CURRENT         REQUIRED
	   residual            3.904543e+01    5.572922e-08    0.000000e+00 
	   energy              2.561616e-01    3.709822e-06    2.561616e-03 
	   displacement        1.359135e-02    1.359135e-02    1.359135e-08 
 2
 Nonlinear solution status: time= 27.4
	stiffness updates             = 1
	right hand side evaluations   = 3
	stiffness matrix reformations = 1
	step from line search         = 1.000000
	convergence norms :     INITIAL         CURRENT         REQUIRED
	   residual            3.904543e+01    1.301314e-12    0.000000e+00 
	   energy              2.561616e-01    3.496259e-12    2.561616e-03 
	   displacement        1.359135e-02    1.932060e-10    1.359058e-08 

convergence summary
    number of iterations   : 2
    number of reformations : 1

------- converged at time : 27.4


Data Record #1
===========================================================================
Step = 274
Time = 27.4
Data = ux;uy;uz
File = parameter_sweeps/tmax4_disp.txt

Data Record #2
===========================================================================
Step = 274
Time = 27.4
Data = sz;J
File = parameter_sweeps/tmax4_stress.txt

===== beginning time step 275 : 27.5 =====


Reforming stiffness matrix: reformation #1

 1
 Nonlinear solution status: time= 27.5
	stiffness updates             = 0
	right hand side evaluations   = 2
	stiffness matrix reformations = 1
	step from line search         = 1.000000
	convergence norms :     INITIAL         CURRENT         REQUIRED
	   residual            4.469975e+01    6.190386e-08    0.000000e+00 
	   energy              2.817996e-01    3.225741e-06    2.817996e-03 
	   displacement        1.479157e-02    1.479157e-02    1.479157e-08 
 2
 Nonlinear solution status: time= 27.5
	stiffness updates             = 1
	right hand side evaluations   = 3
	stiffness matrix reformations = 1
	step from line search         = 1.000000
	convergence norms :     INITIAL         CURRENT         REQUIRED
	   residual            4.469975e+01    1.826274e-12    0.000000e+00 
	   energy              2.817996e-01    3.866577e-12    2.817996e-03 
	   displacement        1.479157e-02    1.803877e-10    1.479089e-08 

convergence summary
    number of iterations   : 2
    number of reformations : 1

------- converged at time : 27.5


Data Record #1
===========================================================================
Step = 275
Time = 27.5
Data = ux;uy;uz
File = parameter_sweeps/tmax4_disp.txt

Data Record #2
===========================================================================
Step = 275
Time = 27.5
Data = sz;J
File = parameter_sweeps/tmax4_stress.txt

===== beginning time step 276 : 27.6 =====


Reforming stiffness matrix: reformation #1

 1
 Nonlinear solution status: time= 27.6
	stiffness updates             = 0
	right hand side evaluations   = 2
	stiffness matrix reformations = 1
	step from line search         = 1.000000
	convergence norms :     INITIAL         CURRENT         REQUIRED
	   residual            5.141247e+01    7.354432e-08    0.000000e+00 
	   energy              3.134458e-01    2.981590e-06    3.134458e-03 
	   displacement        1.635356e-02    1.635356e-02    1.635356e-08 
 2
 Nonlinear solution status: time= 27.6
	stiffness updates             = 1
	right hand side evaluations   = 3
	stiffness matrix reformations = 1
	step from line search         = 1.000000
	convergence norms :     INITIAL         CURRENT         REQUIRED
	   residual            5.141247e+01    2.269428e-12    0.000000e+00 
	   energy              3.134458e-01    3.673663e-12    3.134458e-03 
	   displacement        1.635356e-02    1.598353e-10    1.635304e-08 

convergence summary
    number of iterations   : 2
    number of reformations : 1

------- converged at time : 27.6


Data Record #1
===========================================================================
Step = 276
Time = 27.6
Data = ux;uy;uz
File = parameter_sweeps/tmax4_disp.txt

Data Record #2
===========================================================================
Step = 276
Time = 27.6
Data = sz;J
File = parameter_sweeps/tmax4_stress.txt

===== beginning time step 277 : 27.7 =====


Reforming stiffness matrix: reformation #1

 1
 Nonlinear solution status: time= 27.7
	stiffness updates             = 0
	right hand side evaluations   = 2
	stiffness matrix reformations = 1
	step from line search         = 1.000000
	convergence norms :     INITIAL         CURRENT         REQUIRED
	   residual            5.889188e+01    1.095960e-07    0.000000e+00 
	   energy              3.502664e-01    2.957022e-06    3.502664e-03 
	   displacement        1.822181e-02    1.822181e-02    1.822181e-08 
 2
 Nonlinear solution status: time= 27.7
	stiffness updates             = 1
	right hand side evaluations   = 3
	stiffness matrix reformations = 1
	step from line search         = 1.000000
	convergence norms :     INITIAL         CURRENT         REQUIRED
	   residual            5.889188e+01    3.229460e-12    0.000000e+00 
	   energy              3.502664e-01    4.121122e-12    3.502664e-03 
	   displacement        1.822181e-02    1.500773e-10    1.822144e-08 

convergence summary
    number of iterations   : 2
    number of reformations : 1

------- converged at time : 27.7


Data Record #1
===========================================================================
Step = 277
Time = 27.7
Data = ux;uy;uz
File = parameter_sweeps/tmax4_disp.txt

Data Record #2
===========================================================================
Step = 277
Time = 27.7
Data = sz;J
File = parameter_sweeps/tmax4_stress.txt

===== beginning time step 278 : 27.8 =====


Reforming stiffness matrix: reformation #1

 1
 Nonlinear solution status: time= 27.8
	stiffness updates             = 0
	right hand side evaluations   = 2
	stiffness matrix reformations = 1
	step from line search         = 1.000000
	convergence norms :     INITIAL         CURRENT         REQUIRED
	   residual            6.707408e+01    1.536180e-07    0.000000e+00 
	   energy              3.900677e-01    2.931018e-06    3.900677e-03 
	   displacement        2.021459e-02    2.021459e-02    2.021459e-08 
 2
 Nonlinear solution status: time= 27.8
	stiffness updates             = 1
	right hand side evaluations   = 3
	stiffness matrix reformations = 1
	step from line search         = 1.000000
	convergence norms :     INITIAL         CURRENT         REQUIRED
	   residual            6.707408e+01    4.828642e-12    0.000000e+00 
	   energy              3.900677e-01    4.529337e-12    3.900677e-03 
	   displacement        2.021459e-02    1.343177e-10    2.021439e-08 

convergence summary
    number of iterations   : 2
    number of reformations : 1

------- converged at time : 27.8


Data Record #1
===========================================================================
Step = 278
Time = 27.8
Data = ux;uy;uz
File = parameter_sweeps/tmax4_disp.txt

Data Record #2
===========================================================================
Step = 278
Time = 27.8
Data = sz;J
File = parameter_sweeps/tmax4_stress.txt

===== beginning time step 279 : 27.9 =====


Reforming stiffness matrix: reformation #1

 1
 Nonlinear solution status: time= 27.9
	stiffness updates             = 0
	right hand side evaluations   = 2
	stiffness matrix reformations = 1
	step from line search         = 1.000000
	convergence norms :     INITIAL         CURRENT         REQUIRED
	   residual            7.576719e+01    2.083883e-07    0.000000e+00 
	   energy              4.304370e-01    2.911365e-06    4.304370e-03 
	   displacement        2.214819e-02    2.214819e-02    2.214819e-08 
 2
 Nonlinear solution status: time= 27.9
	stiffness updates             = 1
	right hand side evaluations   = 3
	stiffness matrix reformations = 1
	step from line search         = 1.000000
	convergence norms :     INITIAL         CURRENT         REQUIRED
	   residual            7.576719e+01    6.617566e-12    0.000000e+00 
	   energy              4.304370e-01    5.623185e-12    4.304370e-03 
	   displacement        2.214819e-02    1.247135e-10    2.214818e-08 

convergence summary
    number of iterations   : 2
    number of reformations : 1

------- converged at time : 27.9


Data Record #1
===========================================================================
Step = 279
Time = 27.9
Data = ux;uy;uz
File = parameter_sweeps/tmax4_disp.txt

Data Record #2
===========================================================================
Step = 279
Time = 27.9
Data = sz;J
File = parameter_sweeps/tmax4_stress.txt

===== beginning time step 280 : 28 =====


Reforming stiffness matrix: reformation #1

 1
 Nonlinear solution status: time= 28
	stiffness updates             = 0
	right hand side evaluations   = 2
	stiffness matrix reformations = 1
	step from line search         = 1.000000
	convergence norms :     INITIAL         CURRENT         REQUIRED
	   residual            8.433298e+01    2.720448e-07    0.000000e+00 
	   energy              4.698444e-01    3.002437e-06    4.698444e-03 
	   displacement        2.392996e-02    2.392996e-02    2.392996e-08 
 2
 Nonlinear solution status: time= 28
	stiffness updates             = 1
	right hand side evaluations   = 3
	stiffness matrix reformations = 1
	step from line search         = 1.000000
	convergence norms :     INITIAL         CURRENT         REQUIRED
	   residual            8.433298e+01    8.743594e-12    0.000000e+00 
	   energy              4.698444e-01    7.263482e-12    4.698444e-03 
	   displacement        2.392996e-02    1.297201e-10    2.393005e-08 

convergence summary
    number of iterations   : 2
    number of reformations : 1

------- converged at time : 28


Data Record #1
===========================================================================
Step = 280
Time = 28
Data = ux;uy;uz
File = parameter_sweeps/tmax4_disp.txt

Data Record #2
===========================================================================
Step = 280
Time = 28
Data = sz;J
File = parameter_sweeps/tmax4_stress.txt

===== beginning time step 281 : 28.1 =====


Reforming stiffness matrix: reformation #1

 1
 Nonlinear solution status: time= 28.1
	stiffness updates             = 0
	right hand side evaluations   = 2
	stiffness matrix reformations = 1
	step from line search         = 1.000000
	convergence norms :     INITIAL         CURRENT         REQUIRED
	   residual            9.239090e+01    2.985082e-07    0.000000e+00 
	   energy              5.077414e-01    3.254222e-06    5.077414e-03 
	   displacement        2.558796e-02    2.558796e-02    2.558796e-08 
 2
 Nonlinear solution status: time= 28.1
	stiffness updates             = 1
	right hand side evaluations   = 3
	stiffness matrix reformations = 1
	step from line search         = 1.000000
	convergence norms :     INITIAL         CURRENT         REQUIRED
	   residual            9.239090e+01    9.900292e-12    0.000000e+00 
	   energy              5.077414e-01    8.066427e-12    5.077414e-03 
	   displacement        2.558796e-02    1.419394e-10    2.558810e-08 

convergence summary
    number of iterations   : 2
    number of reformations : 1

------- converged at time : 28.1


Data Record #1
===========================================================================
Step = 281
Time = 28.1
Data = ux;uy;uz
File = parameter_sweeps/tmax4_disp.txt

Data Record #2
===========================================================================
Step = 281
Time = 28.1
Data = sz;J
File = parameter_sweeps/tmax4_stress.txt

===== beginning time step 282 : 28.2 =====


Reforming stiffness matrix: reformation #1

 1
 Nonlinear solution status: time= 28.2
	stiffness updates             = 0
	right hand side evaluations   = 2
	stiffness matrix reformations = 1
	step from line search         = 1.000000
	convergence norms :     INITIAL         CURRENT         REQUIRED
	   residual            9.988499e+01    3.099025e-07    0.000000e+00 
	   energy              5.442191e-01    3.663388e-06    5.442191e-03 
	   displacement        2.712755e-02    2.712755e-02    2.712755e-08 
 2
 Nonlinear solution status: time= 28.2
	stiffness updates             = 1
	right hand side evaluations   = 3
	stiffness matrix reformations = 1
	step from line search         = 1.000000
	convergence norms :     INITIAL         CURRENT         REQUIRED
	   residual            9.988499e+01    1.011860e-11    0.000000e+00 
	   energy              5.442191e-01    8.579377e-12    5.442191e-03 
	   displacement        2.712755e-02    1.609567e-10    2.712771e-08 

convergence summary
    number of iterations   : 2
    number of reformations : 1

------- converged at time : 28.2


Data Record #1
===========================================================================
Step = 282
Time = 28.2
Data = ux;uy;uz
File = parameter_sweeps/tmax4_disp.txt

Data Record #2
===========================================================================
Step = 282
Time = 28.2
Data = sz;J
File = parameter_sweeps/tmax4_stress.txt

===== beginning time step 283 : 28.3 =====


Reforming stiffness matrix: reformation #1

 1
 Nonlinear solution status: time= 28.3
	stiffness updates             = 0
	right hand side evaluations   = 2
	stiffness matrix reformations = 1
	step from line search         = 1.000000
	convergence norms :     INITIAL         CURRENT         REQUIRED
	   residual            1.065764e+02    3.370385e-07    0.000000e+00 
	   energy              5.798929e-01    4.143690e-06    5.798929e-03 
	   displacement        2.855238e-02    2.855238e-02    2.855238e-08 
 2
 Nonlinear solution status: time= 28.3
	stiffness updates             = 1
	right hand side evaluations   = 3
	stiffness matrix reformations = 1
	step from line search         = 1.000000
	convergence norms :     INITIAL         CURRENT         REQUIRED
	   residual            1.065764e+02    1.048122e-11    0.000000e+00 
	   energy              5.798929e-01    8.447401e-12    5.798929e-03 
	   displacement        2.855238e-02    1.700618e-10    2.855252e-08 

convergence summary
    number of iterations   : 2
    number of reformations : 1

------- converged at time : 28.3


Data Record #1
===========================================================================
Step = 283
Time = 28.3
Data = ux;uy;uz
File = parameter_sweeps/tmax4_disp.txt

Data Record #2
===========================================================================
Step = 283
Time = 28.3
Data = sz;J
File = parameter_sweeps/tmax4_stress.txt

===== beginning time step 284 : 28.4 =====


Reforming stiffness matrix: reformation #1

 1
 Nonlinear solution status: time= 28.4
	stiffness updates             = 0
	right hand side evaluations   = 2
	stiffness matrix reformations = 1
	step from line search         = 1.000000
	convergence norms :     INITIAL         CURRENT         REQUIRED
	   residual            1.123401e+02    3.563106e-07    0.000000e+00 
	   energy              6.157760e-01    4.570637e-06    6.157760e-03 
	   displacement        3.003479e-02    3.003479e-02    3.003479e-08 
 2
 Nonlinear solution status: time= 28.4
	stiffness updates             = 1
	right hand side evaluations   = 3
	stiffness matrix reformations = 1
	step from line search         = 1.000000
	convergence norms :     INITIAL         CURRENT         REQUIRED
	   residual            1.123401e+02    1.135497e-11    0.000000e+00 
	   energy              6.157760e-01    8.201926e-12    6.157760e-03 
	   displacement        3.003479e-02    1.833558e-10    3.003477e-08 

convergence summary
    number of iterations   : 2
    number of reformations : 1

------- converged at time : 28.4


Data Record #1
===========================================================================
Step = 284
Time = 28.4
Data = ux;uy;uz
File = parameter_sweeps/tmax4_disp.txt

Data Record #2
===========================================================================
Step = 284
Time = 28.4
Data = sz;J
File = parameter_sweeps/tmax4_stress.txt

===== beginning time step 285 : 28.5 =====


Reforming stiffness matrix: reformation #1

 1
 Nonlinear solution status: time= 28.5
	stiffness updates             = 0
	right hand side evaluations   = 2
	stiffness matrix reformations = 1
	step from line search         = 1.000000
	convergence norms :     INITIAL         CURRENT         REQUIRED
	   residual            1.173381e+02    3.424444e-07    0.000000e+00 
	   energy              6.525666e-01    4.969446e-06    6.525666e-03 
	   displacement        3.173937e-02    3.173937e-02    3.173937e-08 
 2
 Nonlinear solution status: time= 28.5
	stiffness updates             = 1
	right hand side evaluations   = 3
	stiffness matrix reformations = 1
	step from line search         = 1.000000
	convergence norms :     INITIAL         CURRENT         REQUIRED
	   residual            1.173381e+02    1.123844e-11    0.000000e+00 
	   energy              6.525666e-01    8.029140e-12    6.525666e-03 
	   displacement        3.173937e-02    2.117913e-10    3.173917e-08 

convergence summary
    number of iterations   : 2
    number of reformations : 1

------- converged at time : 28.5


Data Record #1
===========================================================================
Step = 285
Time = 28.5
Data = ux;uy;uz
File = parameter_sweeps/tmax4_disp.txt

Data Record #2
===========================================================================
Step = 285
Time = 28.5
Data = sz;J
File = parameter_sweeps/tmax4_stress.txt

===== beginning time step 286 : 28.6 =====


Reforming stiffness matrix: reformation #1

 1
 Nonlinear solution status: time= 28.6
	stiffness updates             = 0
	right hand side evaluations   = 2
	stiffness matrix reformations = 1
	step from line search         = 1.000000
	convergence norms :     INITIAL         CURRENT         REQUIRED
	   residual            1.218177e+02    3.244519e-07    0.000000e+00 
	   energy              6.901561e-01    5.482687e-06    6.901561e-03 
	   displacement        3.367050e-02    3.367050e-02    3.367050e-08 
 2
 Nonlinear solution status: time= 28.6
	stiffness updates             = 1
	right hand side evaluations   = 3
	stiffness matrix reformations = 1
	step from line search         = 1.000000
	convergence norms :     INITIAL         CURRENT         REQUIRED
	   residual            1.218177e+02    9.981024e-12    0.000000e+00 
	   energy              6.901561e-01    8.344844e-12    6.901561e-03 
	   displacement        3.367050e-02    2.533318e-10    3.367017e-08 

convergence summary
    number of iterations   : 2
    number of reformations : 1

------- converged at time : 28.6


Data Record #1
===========================================================================
Step = 286
Time = 28.6
Data = ux;uy;uz
File = parameter_sweeps/tmax4_disp.txt

Data Record #2
===========================================================================
Step = 286
Time = 28.6
Data = sz;J
File = parameter_sweeps/tmax4_stress.txt

===== beginning time step 287 : 28.7 =====


Reforming stiffness matrix: reformation #1

 1
 Nonlinear solution status: time= 28.7
	stiffness updates             = 0
	right hand side evaluations   = 2
	stiffness matrix reformations = 1
	step from line search         = 1.000000
	convergence norms :     INITIAL         CURRENT         REQUIRED
	   residual            1.259964e+02    2.860612e-07    0.000000e+00 
	   energy              7.277856e-01    6.165902e-06    7.277856e-03 
	   displacement        3.571898e-02    3.571898e-02    3.571898e-08 
 2
 Nonlinear solution status: time= 28.7
	stiffness updates             = 1
	right hand side evaluations   = 3
	stiffness matrix reformations = 1
	step from line search         = 1.000000
	convergence norms :     INITIAL         CURRENT         REQUIRED
	   residual            1.259964e+02    8.469758e-12    0.000000e+00 
	   energy              7.277856e-01    8.150633e-12    7.277856e-03 
	   displacement        3.571898e-02    2.933886e-10    3.571840e-08 

convergence summary
    number of iterations   : 2
    number of reformations : 1

------- converged at time : 28.7


Data Record #1
===========================================================================
Step = 287
Time = 28.7
Data = ux;uy;uz
File = parameter_sweeps/tmax4_disp.txt

Data Record #2
===========================================================================
Step = 287
Time = 28.7
Data = sz;J
File = parameter_sweeps/tmax4_stress.txt

===== beginning time step 288 : 28.8 =====


Reforming stiffness matrix: reformation #1

 1
 Nonlinear solution status: time= 28.8
	stiffness updates             = 0
	right hand side evaluations   = 2
	stiffness matrix reformations = 1
	step from line search         = 1.000000
	convergence norms :     INITIAL         CURRENT         REQUIRED
	   residual            1.299725e+02    2.081291e-07    0.000000e+00 
	   energy              7.643048e-01    7.095146e-06    7.643048e-03 
	   displacement        3.771032e-02    3.771032e-02    3.771032e-08 
 2
 Nonlinear solution status: time= 28.8
	stiffness updates             = 1
	right hand side evaluations   = 3
	stiffness matrix reformations = 1
	step from line search         = 1.000000
	convergence norms :     INITIAL         CURRENT         REQUIRED
	   residual            1.299725e+02    6.333968e-12    0.000000e+00 
	   energy              7.643048e-01    7.180851e-12    7.643048e-03 
	   displacement        3.771032e-02    3.261946e-10    3.770942e-08 

convergence summary
    number of iterations   : 2
    number of reformations : 1

------- converged at time : 28.8


Data Record #1
===========================================================================
Step = 288
Time = 28.8
Data = ux;uy;uz
File = parameter_sweeps/tmax4_disp.txt

Data Record #2
===========================================================================
Step = 288
Time = 28.8
Data = sz;J
File = parameter_sweeps/tmax4_stress.txt

===== beginning time step 289 : 28.9 =====


Reforming stiffness matrix: reformation #1

 1
 Nonlinear solution status: time= 28.9
	stiffness updates             = 0
	right hand side evaluations   = 2
	stiffness matrix reformations = 1
	step from line search         = 1.000000
	convergence norms :     INITIAL         CURRENT         REQUIRED
	   residual            1.339408e+02    1.635476e-07    0.000000e+00 
	   energy              7.982519e-01    7.962381e-06    7.982519e-03 
	   displacement        3.953192e-02    3.953192e-02    3.953192e-08 
 2
 Nonlinear solution status: time= 28.9
	stiffness updates             = 1
	right hand side evaluations   = 3
	stiffness matrix reformations = 1
	step from line search         = 1.000000
	convergence norms :     INITIAL         CURRENT         REQUIRED
	   residual            1.339408e+02    4.969695e-12    0.000000e+00 
	   energy              7.982519e-01    6.610963e-12    7.982519e-03 
	   displacement        3.953192e-02    3.391968e-10    3.953082e-08 

convergence summary
    number of iterations   : 2
    number of reformations : 1

------- converged at time : 28.9


Data Record #1
===========================================================================
Step = 289
Time = 28.9
Data = ux;uy;uz
File = parameter_sweeps/tmax4_disp.txt

Data Record #2
===========================================================================
Step = 289
Time = 28.9
Data = sz;J
File = parameter_sweeps/tmax4_stress.txt

===== beginning time step 290 : 29 =====


Reforming stiffness matrix: reformation #1

 1
 Nonlinear solution status: time= 29
	stiffness updates             = 0
	right hand side evaluations   = 2
	stiffness matrix reformations = 1
	step from line search         = 1.000000
	convergence norms :     INITIAL         CURRENT         REQUIRED
	   residual            1.381485e+02    1.407719e-07    0.000000e+00 
	   energy              8.281240e-01    8.328703e-06    8.281240e-03 
	   displacement        4.108030e-02    4.108030e-02    4.108030e-08 
 2
 Nonlinear solution status: time= 29
	stiffness updates             = 1
	right hand side evaluations   = 3
	stiffness matrix reformations = 1
	step from line search         = 1.000000
	convergence norms :     INITIAL         CURRENT         REQUIRED
	   residual            1.381485e+02    4.310158e-12    0.000000e+00 
	   energy              8.281240e-01    6.189582e-12    8.281240e-03 
	   displacement        4.108030e-02    3.213283e-10    4.107909e-08 

convergence summary
    number of iterations   : 2
    number of reformations : 1

------- converged at time : 29


Data Record #1
===========================================================================
Step = 290
Time = 29
Data = ux;uy;uz
File = parameter_sweeps/tmax4_disp.txt

Data Record #2
===========================================================================
Step = 290
Time = 29
Data = sz;J
File = parameter_sweeps/tmax4_stress.txt

===== beginning time step 291 : 29.1 =====


Reforming stiffness matrix: reformation #1

 1
 Nonlinear solution status: time= 29.1
	stiffness updates             = 0
	right hand side evaluations   = 2
	stiffness matrix reformations = 1
	step from line search         = 1.000000
	convergence norms :     INITIAL         CURRENT         REQUIRED
	   residual            1.425632e+02    1.384262e-07    0.000000e+00 
	   energy              8.525755e-01    8.293041e-06    8.525755e-03 
	   displacement        4.217753e-02    4.217753e-02    4.217753e-08 
 2
 Nonlinear solution status: time= 29.1
	stiffness updates             = 1
	right hand side evaluations   = 3
	stiffness matrix reformations = 1
	step from line search         = 1.000000
	convergence norms :     INITIAL         CURRENT         REQUIRED
	   residual            1.425632e+02    4.252306e-12    0.000000e+00 
	   energy              8.525755e-01    6.018212e-12    8.525755e-03 
	   displacement        4.217753e-02    2.910025e-10    4.217626e-08 

convergence summary
    number of iterations   : 2
    number of reformations : 1

------- converged at time : 29.1


Data Record #1
===========================================================================
Step = 291
Time = 29.1
Data = ux;uy;uz
File = parameter_sweeps/tmax4_disp.txt

Data Record #2
===========================================================================
Step = 291
Time = 29.1
Data = sz;J
File = parameter_sweeps/tmax4_stress.txt

===== beginning time step 292 : 29.2 =====


Reforming stiffness matrix: reformation #1

 1
 Nonlinear solution status: time= 29.2
	stiffness updates             = 0
	right hand side evaluations   = 2
	stiffness matrix reformations = 1
	step from line search         = 1.000000
	convergence norms :     INITIAL         CURRENT         REQUIRED
	   residual            1.466851e+02    1.180117e-07    0.000000e+00 
	   energy              8.703446e-01    8.380336e-06    8.703446e-03 
	   displacement        4.275939e-02    4.275939e-02    4.275939e-08 
 2
 Nonlinear solution status: time= 29.2
	stiffness updates             = 1
	right hand side evaluations   = 3
	stiffness matrix reformations = 1
	step from line search         = 1.000000
	convergence norms :     INITIAL         CURRENT         REQUIRED
	   residual            1.466851e+02    3.468368e-12    0.000000e+00 
	   energy              8.703446e-01    5.628123e-12    8.703446e-03 
	   displacement        4.275939e-02    2.757328e-10    4.275803e-08 

convergence summary
    number of iterations   : 2
    number of reformations : 1

------- converged at time : 29.2


Data Record #1
===========================================================================
Step = 292
Time = 29.2
Data = ux;uy;uz
File = parameter_sweeps/tmax4_disp.txt

Data Record #2
===========================================================================
Step = 292
Time = 29.2
Data = sz;J
File = parameter_sweeps/tmax4_stress.txt

===== beginning time step 293 : 29.3 =====


Reforming stiffness matrix: reformation #1

 1
 Nonlinear solution status: time= 29.3
	stiffness updates             = 0
	right hand side evaluations   = 2
	stiffness matrix reformations = 1
	step from line search         = 1.000000
	convergence norms :     INITIAL         CURRENT         REQUIRED
	   residual            1.495996e+02    9.060622e-08    0.000000e+00 
	   energy              8.804420e-01    8.859542e-06    8.804420e-03 
	   displacement        4.295223e-02    4.295223e-02    4.295223e-08 
 2
 Nonlinear solution status: time= 29.3
	stiffness updates             = 1
	right hand side evaluations   = 3
	stiffness matrix reformations = 1
	step from line search         = 1.000000
	convergence norms :     INITIAL         CURRENT         REQUIRED
	   residual            1.495996e+02    2.550364e-12    0.000000e+00 
	   energy              8.804420e-01    4.913228e-12    8.804420e-03 
	   displacement        4.295223e-02    2.780668e-10    4.295059e-08 

convergence summary
    number of iterations   : 2
    number of reformations : 1

------- converged at time : 29.3


Data Record #1
===========================================================================
Step = 293
Time = 29.3
Data = ux;uy;uz
File = parameter_sweeps/tmax4_disp.txt

Data Record #2
===========================================================================
Step = 293
Time = 29.3
Data = sz;J
File = parameter_sweeps/tmax4_stress.txt

===== beginning time step 294 : 29.4 =====


Reforming stiffness matrix: reformation #1

 1
 Nonlinear solution status: time= 29.4
	stiffness updates             = 0
	right hand side evaluations   = 2
	stiffness matrix reformations = 1
	step from line search         = 1.000000
	convergence norms :     INITIAL         CURRENT         REQUIRED
	   residual            1.507598e+02    8.280975e-08    0.000000e+00 
	   energy              8.822932e-01    9.554118e-06    8.822932e-03 
	   displacement        4.288096e-02    4.288096e-02    4.288096e-08 
 2
 Nonlinear solution status: time= 29.4
	stiffness updates             = 1
	right hand side evaluations   = 3
	stiffness matrix reformations = 1
	step from line search         = 1.000000
	convergence norms :     INITIAL         CURRENT         REQUIRED
	   residual            1.507598e+02    2.377053e-12    0.000000e+00 
	   energy              8.822932e-01    4.629361e-12    8.822932e-03 
	   displacement        4.288096e-02    2.922542e-10    4.287898e-08 

convergence summary
    number of iterations   : 2
    number of reformations : 1

------- converged at time : 29.4


Data Record #1
===========================================================================
Step = 294
Time = 29.4
Data = ux;uy;uz
File = parameter_sweeps/tmax4_disp.txt

Data Record #2
===========================================================================
Step = 294
Time = 29.4
Data = sz;J
File = parameter_sweeps/tmax4_stress.txt

===== beginning time step 295 : 29.5 =====


Reforming stiffness matrix: reformation #1

 1
 Nonlinear solution status: time= 29.5
	stiffness updates             = 0
	right hand side evaluations   = 2
	stiffness matrix reformations = 1
	step from line search         = 1.000000
	convergence norms :     INITIAL         CURRENT         REQUIRED
	   residual            1.505183e+02    8.143150e-08    0.000000e+00 
	   energy              8.758715e-01    1.006301e-05    8.758715e-03 
	   displacement        4.251893e-02    4.251893e-02    4.251893e-08 
 2
 Nonlinear solution status: time= 29.5
	stiffness updates             = 1
	right hand side evaluations   = 3
	stiffness matrix reformations = 1
	step from line search         = 1.000000
	convergence norms :     INITIAL         CURRENT         REQUIRED
	   residual            1.505183e+02    2.437121e-12    0.000000e+00 
	   energy              8.758715e-01    4.659704e-12    8.758715e-03 
	   displacement        4.251893e-02    3.102155e-10    4.251670e-08 

convergence summary
    number of iterations   : 2
    number of reformations : 1

------- converged at time : 29.5


Data Record #1
===========================================================================
Step = 295
Time = 29.5
Data = ux;uy;uz
File = parameter_sweeps/tmax4_disp.txt

Data Record #2
===========================================================================
Step = 295
Time = 29.5
Data = sz;J
File = parameter_sweeps/tmax4_stress.txt

===== beginning time step 296 : 29.6 =====


Reforming stiffness matrix: reformation #1

 1
 Nonlinear solution status: time= 29.6
	stiffness updates             = 0
	right hand side evaluations   = 2
	stiffness matrix reformations = 1
	step from line search         = 1.000000
	convergence norms :     INITIAL         CURRENT         REQUIRED
	   residual            1.495384e+02    9.585766e-08    0.000000e+00 
	   energy              8.618196e-01    9.862842e-06    8.618196e-03 
	   displacement        4.174683e-02    4.174683e-02    4.174683e-08 
 2
 Nonlinear solution status: time= 29.6
	stiffness updates             = 1
	right hand side evaluations   = 3
	stiffness matrix reformations = 1
	step from line search         = 1.000000
	convergence norms :     INITIAL         CURRENT         REQUIRED
	   residual            1.495384e+02    3.166165e-12    0.000000e+00 
	   energy              8.618196e-01    5.327506e-12    8.618196e-03 
	   displacement        4.174683e-02    3.126720e-10    4.174461e-08 

convergence summary
    number of iterations   : 2
    number of reformations : 1

------- converged at time : 29.6


Data Record #1
===========================================================================
Step = 296
Time = 29.6
Data = ux;uy;uz
File = parameter_sweeps/tmax4_disp.txt

Data Record #2
===========================================================================
Step = 296
Time = 29.6
Data = sz;J
File = parameter_sweeps/tmax4_stress.txt

===== beginning time step 297 : 29.7 =====


Reforming stiffness matrix: reformation #1

 1
 Nonlinear solution status: time= 29.7
	stiffness updates             = 0
	right hand side evaluations   = 2
	stiffness matrix reformations = 1
	step from line search         = 1.000000
	convergence norms :     INITIAL         CURRENT         REQUIRED
	   residual            1.480827e+02    1.276286e-07    0.000000e+00 
	   energy              8.412607e-01    8.986615e-06    8.412607e-03 
	   displacement        4.053727e-02    4.053727e-02    4.053727e-08 
 2
 Nonlinear solution status: time= 29.7
	stiffness updates             = 1
	right hand side evaluations   = 3
	stiffness matrix reformations = 1
	step from line search         = 1.000000
	convergence norms :     INITIAL         CURRENT         REQUIRED
	   residual            1.480827e+02    4.227994e-12    0.000000e+00 
	   energy              8.412607e-01    6.394960e-12    8.412607e-03 
	   displacement        4.053727e-02    2.943669e-10    4.053526e-08 

convergence summary
    number of iterations   : 2
    number of reformations : 1

------- converged at time : 29.7


Data Record #1
===========================================================================
Step = 297
Time = 29.7
Data = ux;uy;uz
File = parameter_sweeps/tmax4_disp.txt

Data Record #2
===========================================================================
Step = 297
Time = 29.7
Data = sz;J
File = parameter_sweeps/tmax4_stress.txt

===== beginning time step 298 : 29.8 =====


Reforming stiffness matrix: reformation #1

 1
 Nonlinear solution status: time= 29.8
	stiffness updates             = 0
	right hand side evaluations   = 2
	stiffness matrix reformations = 1
	step from line search         = 1.000000
	convergence norms :     INITIAL         CURRENT         REQUIRED
	   residual            1.461895e+02    2.214282e-07    0.000000e+00 
	   energy              8.157040e-01    8.014480e-06    8.157040e-03 
	   displacement        3.899198e-02    3.899198e-02    3.899198e-08 
 2
 Nonlinear solution status: time= 29.8
	stiffness updates             = 1
	right hand side evaluations   = 3
	stiffness matrix reformations = 1
	step from line search         = 1.000000
	convergence norms :     INITIAL         CURRENT         REQUIRED
	   residual            1.461895e+02    7.551906e-12    0.000000e+00 
	   energy              8.157040e-01    8.297902e-12    8.157040e-03 
	   displacement        3.899198e-02    2.722906e-10    3.899020e-08 

convergence summary
    number of iterations   : 2
    number of reformations : 1

------- converged at time : 29.8


Data Record #1
===========================================================================
Step = 298
Time = 29.8
Data = ux;uy;uz
File = parameter_sweeps/tmax4_disp.txt

Data Record #2
===========================================================================
Step = 298
Time = 29.8
Data = sz;J
File = parameter_sweeps/tmax4_stress.txt

===== beginning time step 299 : 29.9 =====


Reforming stiffness matrix: reformation #1

 1
 Nonlinear solution status: time= 29.9
	stiffness updates             = 0
	right hand side evaluations   = 2
	stiffness matrix reformations = 1
	step from line search         = 1.000000
	convergence norms :     INITIAL         CURRENT         REQUIRED
	   residual            1.440843e+02    3.483109e-07    0.000000e+00 
	   energy              7.870889e-01    7.214575e-06    7.870889e-03 
	   displacement        3.723828e-02    3.723828e-02    3.723828e-08 
 2
 Nonlinear solution status: time= 29.9
	stiffness updates             = 1
	right hand side evaluations   = 3
	stiffness matrix reformations = 1
	step from line search         = 1.000000
	convergence norms :     INITIAL         CURRENT         REQUIRED
	   residual            1.440843e+02    1.226099e-11    0.000000e+00 
	   energy              7.870889e-01    9.957042e-12    7.870889e-03 
	   displacement        3.723828e-02    2.430398e-10    3.723684e-08 

convergence summary
    number of iterations   : 2
    number of reformations : 1

------- converged at time : 29.9


Data Record #1
===========================================================================
Step = 299
Time = 29.9
Data = ux;uy;uz
File = parameter_sweeps/tmax4_disp.txt

Data Record #2
===========================================================================
Step = 299
Time = 29.9
Data = sz;J
File = parameter_sweeps/tmax4_stress.txt

===== beginning time step 300 : 30 =====


Reforming stiffness matrix: reformation #1

 1
 Nonlinear solution status: time= 30
	stiffness updates             = 0
	right hand side evaluations   = 2
	stiffness matrix reformations = 1
	step from line search         = 1.000000
	convergence norms :     INITIAL         CURRENT         REQUIRED
	   residual            1.420618e+02    4.649591e-07    0.000000e+00 
	   energy              7.574684e-01    6.628202e-06    7.574684e-03 
	   displacement        3.539022e-02    3.539022e-02    3.539022e-08 
 2
 Nonlinear solution status: time= 30
	stiffness updates             = 1
	right hand side evaluations   = 3
	stiffness matrix reformations = 1
	step from line search         = 1.000000
	convergence norms :     INITIAL         CURRENT         REQUIRED
	   residual            1.420618e+02    1.549844e-11    0.000000e+00 
	   energy              7.574684e-01    1.126919e-11    7.574684e-03 
	   displacement        3.539022e-02    2.185037e-10    3.538921e-08 

convergence summary
    number of iterations   : 2
    number of reformations : 1

------- converged at time : 30


Data Record #1
===========================================================================
Step = 300
Time = 30
Data = ux;uy;uz
File = parameter_sweeps/tmax4_disp.txt

Data Record #2
===========================================================================
Step = 300
Time = 30
Data = sz;J
File = parameter_sweeps/tmax4_stress.txt


 N O N L I N E A R   I T E R A T I O N   I N F O R M A T I O N

	Number of time steps completed .................... : 300

	Total number of equilibrium iterations ............ : 606

	Average number of equilibrium iterations .......... : 2.02

	Total number of right hand evaluations ............ : 906

	Total number of stiffness reformations ............ : 300


 L I N E A R   S O L V E R   S T A T S

	Total calls to linear solver ........ : 606

	Avg iterations per solve ............ : 1

	Time in linear solver: 0:00:17


 Elapsed time : 0:00:24

 T I M I N G   I N F O R M A T I O N

	Input time ...................... : 0:00:00 (0.0688197 sec)

	Initialization time ............. : 0:00:00 (0.00876638 sec)

	Solve time ...................... : 0:00:24 (23.9994 sec)

	   IO-time (plot, dmp, data) .... : 0:00:01 (0.534624 sec)

	   reforming stiffness .......... : 0:00:00 (0.0183684 sec)

	   evaluating stiffness ......... : 0:00:03 (3.19094 sec)

	   evaluating residual .......... : 0:00:02 (1.74612 sec)

	   model update ................. : 0:00:01 (0.964396 sec)

	   QN updates ................... : 0:00:00 (0.0199966 sec)

	   time in linear solver ........ : 0:00:17 (16.8079 sec)

	Total elapsed time .............. : 0:00:24 (24.0821 sec)


 N O R M A L   T E R M I N A T I O N

