===========================================================================
         ________    _________   _______       __     _________            
        |        |\ |        |\ |       \\    |  |\  /         \\          
        |    ____|| |    ____|| |    __  ||   |__|| |    ___    ||         
        |   |\___\| |   |\___\| |   |\_| ||    \_\| |   //  \   ||         
        |   ||__    |   ||__    |   ||_| ||   |  |\ |  ||    |  ||         
        |       |\  |       |\  |         \\  |  || |  ||    |  ||         
        |    ___||  |    ___||  |    ___   || |  || |  ||    |  ||         
        |   |\__\|  |   |\__\|  |   |\__|  || |  || |  ||    |  ||         
        |   ||      |   ||___   |   ||__|  || |  || |   \\__/   ||         
        |   ||      |        |\ |          || |  || |           ||         
        |___||      |________|| |_________//  |__||  \_________//          
                                                                           
      F I N I T E   E L E M E N T S   F O R   B I O M E C H A N I C S      
                                                                           
  version 4.12.0
  FEBio is a registered trademark.                                         
  copyright (c) 2006-2026 - All rights reserved                            
                                                                           
===========================================================================





 FILES USED
===========================================================================
	Input file : parameter_sweeps/biceps-tmax3.feb
	Plot file  : parameter_sweeps/biceps-tmax3.xplt
	Log file   : parameter_sweeps/biceps-tmax3.log


 MESH INFO
===========================================================================
	Number of materials ............................ : 1
	Number of domains .............................. : 1
	Number of nodes ................................ : 4671
	Number of solid elements ....................... : 15813


 MODULE
===========================================================================
	Module type ....................................... : solid


 CONTROL DATA
===========================================================================
	analysis .......................................... : DYNAMIC (1)
	time_steps ........................................ : 300
	step_size ......................................... : 0.1
	plot_zero_state ................................... : no (0)
	plot_range ........................................ : 0,-1
	plot_level ........................................ : PLOT_MAJOR_ITRS (1)
	output_level ...................................... : OUTPUT_MAJOR_ITRS (1)
	plot_stride ....................................... : 1
	output_stride ..................................... : 1
	adaptor_re_solve .................................. : yes (1)
	Auto time stepper activated ....................... : no
 SOLVER PARAMETERS
===========================================================================
	symmetric_stiffness ............................... : symmetric (1)
	equation_scheme ................................... : staggered (0)
	equation_order .................................... : default (0)
	optimize_bw ....................................... : no (0)
	lstol ............................................. : 0.9
	lsmin ............................................. : 0.01
	lsiter ............................................ : 5
	ls_check_jacobians ................................ : no (0)
	max_refs .......................................... : 15
	check_zero_diagonal ............................... : no (0)
	zero_diagonal_tol ................................. : 0
	force_partition ................................... : 0
	reform_each_time_step ............................. : yes (1)
	reform_augment .................................... : no (0)
	diverge_reform .................................... : yes (1)
	min_residual ...................................... : 1e-20
	max_residual ...................................... : 0
	dtol .............................................. : 0.001
	etol .............................................. : 0.01
	rtol .............................................. : 0
	rhoi .............................................. : -2
	alpha ............................................. : 1
	beta .............................................. : 0.25
	gamma ............................................. : 0.5
	logSolve .......................................... : no (0)
	arc_length ........................................ : 0
	arc_length_scale .................................. : 0






 MATERIAL DATA
===========================================================================
  1 - Material1 (type: trans iso Mooney-Rivlin)
	density ........................................... : 1
	k ................................................. : 100
	pressure_model .................................... : default (0)
	c1 ................................................ : 13.85
	c2 ................................................ : 0
	c3 ................................................ : 2.07
	c4 ................................................ : 61.44
	c5 ................................................ : 640.7
	lam_max ........................................... : 1.03
	fiber: (type: vector)
	  vector .......................................... : 0,0,1
	active_contraction: (type: active_contraction)
	  ascl ............................................ : 0
	  Tmax ............................................ : 3
	  ca0 ............................................. : 4.35
	  camax ........................................... : 4.35
	  beta ............................................ : 4.75
	  l0 .............................................. : 1.58
	  refl ............................................ : 2.04


 BOUNDARY CONDITION DATA
===========================================================================
  1 -  Type: zero displacement
	x_dof ............................................. : yes (1)
	y_dof ............................................. : yes (1)
	z_dof ............................................. : yes (1)


 LOAD CONTROLLER DATA
===========================================================================
load controller   1 - LC1 (type: math)
	var ............................................... : (can't display value)
	math .............................................. : t/20


 OUTPUT DATA
===========================================================================
 LINEAR SOLVER DATA
===========================================================================
	Default linear solver ............................. : pardiso


Data Record #1
===========================================================================
Step = 0
Time = 0
Data = ux;uy;uz
File = parameter_sweeps/tmax3_disp.txt

Data Record #2
===========================================================================
Step = 0
Time = 0
Data = sz;J
File = parameter_sweeps/tmax3_stress.txt

 *************************************************************************
 * Selecting linear solver pardiso                                       *
 *************************************************************************

===== beginning time step 1 : 0.1 =====


Reforming stiffness matrix: reformation #1

===== reforming stiffness matrix:
	Nr of equations ........................... : 13953
	Nr of nonzeroes in stiffness matrix ....... : 245850
 1
 Nonlinear solution status: time= 0.1
	stiffness updates             = 0
	right hand side evaluations   = 2
	stiffness matrix reformations = 1
	step from line search         = 1.000000
	convergence norms :     INITIAL         CURRENT         REQUIRED
	   residual            3.417045e-04    3.907226e-05    0.000000e+00 
	   energy              3.295559e-05    3.008805e-06    3.295559e-07 
	   displacement        4.024197e-06    4.024197e-06    4.024197e-12 
 2
 Nonlinear solution status: time= 0.1
	stiffness updates             = 1
	right hand side evaluations   = 3
	stiffness matrix reformations = 1
	step from line search         = 1.000000
	convergence norms :     INITIAL         CURRENT         REQUIRED
	   residual            3.417045e-04    2.830810e-06    0.000000e+00 
	   energy              3.295559e-05    1.282495e-07    3.295559e-07 
	   displacement        4.024197e-06    8.642174e-08    5.089994e-12 
 3
 Nonlinear solution status: time= 0.1
	stiffness updates             = 2
	right hand side evaluations   = 4
	stiffness matrix reformations = 1
	step from line search         = 1.000000
	convergence norms :     INITIAL         CURRENT         REQUIRED
	   residual            3.417045e-04    1.068814e-07    0.000000e+00 
	   energy              3.295559e-05    4.902552e-09    3.295559e-07 
	   displacement        4.024197e-06    2.964537e-09    5.186393e-12 
 4
 Nonlinear solution status: time= 0.1
	stiffness updates             = 3
	right hand side evaluations   = 5
	stiffness matrix reformations = 1
	step from line search         = 1.000000
	convergence norms :     INITIAL         CURRENT         REQUIRED
	   residual            3.417045e-04    6.115417e-09    0.000000e+00 
	   energy              3.295559e-05    2.265295e-10    3.295559e-07 
	   displacement        4.024197e-06    7.845103e-11    5.172081e-12 
 5
 Nonlinear solution status: time= 0.1
	stiffness updates             = 4
	right hand side evaluations   = 6
	stiffness matrix reformations = 1
	step from line search         = 1.000000
	convergence norms :     INITIAL         CURRENT         REQUIRED
	   residual            3.417045e-04    3.036914e-10    0.000000e+00 
	   energy              3.295559e-05    8.360092e-12    3.295559e-07 
	   displacement        4.024197e-06    3.711834e-12    5.167885e-12 

convergence summary
    number of iterations   : 5
    number of reformations : 1

------- converged at time : 0.1


Data Record #1
===========================================================================
Step = 1
Time = 0.1
Data = ux;uy;uz
File = parameter_sweeps/tmax3_disp.txt

Data Record #2
===========================================================================
Step = 1
Time = 0.1
Data = sz;J
File = parameter_sweeps/tmax3_stress.txt

===== beginning time step 2 : 0.2 =====


Reforming stiffness matrix: reformation #1

 1
 Nonlinear solution status: time= 0.2
	stiffness updates             = 0
	right hand side evaluations   = 2
	stiffness matrix reformations = 1
	step from line search         = 1.000000
	convergence norms :     INITIAL         CURRENT         REQUIRED
	   residual            8.138500e-03    9.792064e-06    0.000000e+00 
	   energy              4.692762e-04    2.705585e-07    4.692762e-06 
	   displacement        6.135176e-05    6.135176e-05    6.135176e-11 
 2
 Nonlinear solution status: time= 0.2
	stiffness updates             = 1
	right hand side evaluations   = 3
	stiffness matrix reformations = 1
	step from line search         = 1.000000
	convergence norms :     INITIAL         CURRENT         REQUIRED
	   residual            8.138500e-03    2.650205e-07    0.000000e+00 
	   energy              4.692762e-04    5.214539e-09    4.692762e-06 
	   displacement        6.135176e-05    3.562736e-10    6.136068e-11 
 3
 Nonlinear solution status: time= 0.2
	stiffness updates             = 2
	right hand side evaluations   = 4
	stiffness matrix reformations = 1
	step from line search         = 1.000000
	convergence norms :     INITIAL         CURRENT         REQUIRED
	   residual            8.138500e-03    9.853511e-10    0.000000e+00 
	   energy              4.692762e-04    1.755378e-11    4.692762e-06 
	   displacement        6.135176e-05    1.326781e-11    6.135217e-11 

convergence summary
    number of iterations   : 3
    number of reformations : 1

------- converged at time : 0.2


Data Record #1
===========================================================================
Step = 2
Time = 0.2
Data = ux;uy;uz
File = parameter_sweeps/tmax3_disp.txt

Data Record #2
===========================================================================
Step = 2
Time = 0.2
Data = sz;J
File = parameter_sweeps/tmax3_stress.txt

===== beginning time step 3 : 0.3 =====


Reforming stiffness matrix: reformation #1

 1
 Nonlinear solution status: time= 0.3
	stiffness updates             = 0
	right hand side evaluations   = 2
	stiffness matrix reformations = 1
	step from line search         = 1.000000
	convergence norms :     INITIAL         CURRENT         REQUIRED
	   residual            7.665772e-02    1.212020e-05    0.000000e+00 
	   energy              1.974227e-03    3.501570e-07    1.974227e-05 
	   displacement        2.029850e-04    2.029850e-04    2.029850e-10 
 2
 Nonlinear solution status: time= 0.3
	stiffness updates             = 1
	right hand side evaluations   = 3
	stiffness matrix reformations = 1
	step from line search         = 1.000000
	convergence norms :     INITIAL         CURRENT         REQUIRED
	   residual            7.665772e-02    2.365180e-07    0.000000e+00 
	   energy              1.974227e-03    4.050535e-09    1.974227e-05 
	   displacement        2.029850e-04    2.514288e-10    2.029717e-10 
 3
 Nonlinear solution status: time= 0.3
	stiffness updates             = 2
	right hand side evaluations   = 4
	stiffness matrix reformations = 1
	step from line search         = 1.000000
	convergence norms :     INITIAL         CURRENT         REQUIRED
	   residual            7.665772e-02    1.185952e-09    0.000000e+00 
	   energy              1.974227e-03    2.132948e-11    1.974227e-05 
	   displacement        2.029850e-04    7.128710e-12    2.029637e-10 

convergence summary
    number of iterations   : 3
    number of reformations : 1

------- converged at time : 0.3


Data Record #1
===========================================================================
Step = 3
Time = 0.3
Data = ux;uy;uz
File = parameter_sweeps/tmax3_disp.txt

Data Record #2
===========================================================================
Step = 3
Time = 0.3
Data = sz;J
File = parameter_sweeps/tmax3_stress.txt

===== beginning time step 4 : 0.4 =====


Reforming stiffness matrix: reformation #1

 1
 Nonlinear solution status: time= 0.4
	stiffness updates             = 0
	right hand side evaluations   = 2
	stiffness matrix reformations = 1
	step from line search         = 1.000000
	convergence norms :     INITIAL         CURRENT         REQUIRED
	   residual            3.258605e-01    4.799740e-05    0.000000e+00 
	   energy              5.159310e-03    8.425432e-07    5.159310e-05 
	   displacement        4.366474e-04    4.366474e-04    4.366474e-10 
 2
 Nonlinear solution status: time= 0.4
	stiffness updates             = 1
	right hand side evaluations   = 3
	stiffness matrix reformations = 1
	step from line search         = 1.000000
	convergence norms :     INITIAL         CURRENT         REQUIRED
	   residual            3.258605e-01    1.039564e-06    0.000000e+00 
	   energy              5.159310e-03    1.392735e-08    5.159310e-05 
	   displacement        4.366474e-04    5.398358e-10    4.366406e-10 
 3
 Nonlinear solution status: time= 0.4
	stiffness updates             = 2
	right hand side evaluations   = 4
	stiffness matrix reformations = 1
	step from line search         = 1.000000
	convergence norms :     INITIAL         CURRENT         REQUIRED
	   residual            3.258605e-01    2.457754e-09    0.000000e+00 
	   energy              5.159310e-03    3.915870e-11    5.159310e-05 
	   displacement        4.366474e-04    1.872879e-11    4.366223e-10 

convergence summary
    number of iterations   : 3
    number of reformations : 1

------- converged at time : 0.4


Data Record #1
===========================================================================
Step = 4
Time = 0.4
Data = ux;uy;uz
File = parameter_sweeps/tmax3_disp.txt

Data Record #2
===========================================================================
Step = 4
Time = 0.4
Data = sz;J
File = parameter_sweeps/tmax3_stress.txt

===== beginning time step 5 : 0.5 =====


Reforming stiffness matrix: reformation #1

 1
 Nonlinear solution status: time= 0.5
	stiffness updates             = 0
	right hand side evaluations   = 2
	stiffness matrix reformations = 1
	step from line search         = 1.000000
	convergence norms :     INITIAL         CURRENT         REQUIRED
	   residual            8.409279e-01    5.595585e-07    0.000000e+00 
	   energy              1.029530e-02    8.288932e-08    1.029530e-04 
	   displacement        7.698234e-04    7.698234e-04    7.698234e-10 
 2
 Nonlinear solution status: time= 0.5
	stiffness updates             = 1
	right hand side evaluations   = 3
	stiffness matrix reformations = 1
	step from line search         = 1.000000
	convergence norms :     INITIAL         CURRENT         REQUIRED
	   residual            8.409279e-01    2.117925e-08    0.000000e+00 
	   energy              1.029530e-02    7.256009e-10    1.029530e-04 
	   displacement        7.698234e-04    8.057259e-11    7.698147e-10 

convergence summary
    number of iterations   : 2
    number of reformations : 1

------- converged at time : 0.5


Data Record #1
===========================================================================
Step = 5
Time = 0.5
Data = ux;uy;uz
File = parameter_sweeps/tmax3_disp.txt

Data Record #2
===========================================================================
Step = 5
Time = 0.5
Data = sz;J
File = parameter_sweeps/tmax3_stress.txt

===== beginning time step 6 : 0.6 =====


Reforming stiffness matrix: reformation #1

 1
 Nonlinear solution status: time= 0.6
	stiffness updates             = 0
	right hand side evaluations   = 2
	stiffness matrix reformations = 1
	step from line search         = 1.000000
	convergence norms :     INITIAL         CURRENT         REQUIRED
	   residual            1.607735e+00    3.718976e-06    0.000000e+00 
	   energy              1.723901e-02    2.832801e-07    1.723901e-04 
	   displacement        1.187664e-03    1.187664e-03    1.187664e-09 
 2
 Nonlinear solution status: time= 0.6
	stiffness updates             = 1
	right hand side evaluations   = 3
	stiffness matrix reformations = 1
	step from line search         = 1.000000
	convergence norms :     INITIAL         CURRENT         REQUIRED
	   residual            1.607735e+00    5.272902e-08    0.000000e+00 
	   energy              1.723901e-02    1.502543e-09    1.723901e-04 
	   displacement        1.187664e-03    1.278764e-10    1.187658e-09 

convergence summary
    number of iterations   : 2
    number of reformations : 1

------- converged at time : 0.6


Data Record #1
===========================================================================
Step = 6
Time = 0.6
Data = ux;uy;uz
File = parameter_sweeps/tmax3_disp.txt

Data Record #2
===========================================================================
Step = 6
Time = 0.6
Data = sz;J
File = parameter_sweeps/tmax3_stress.txt

===== beginning time step 7 : 0.7 =====


Reforming stiffness matrix: reformation #1

 1
 Nonlinear solution status: time= 0.7
	stiffness updates             = 0
	right hand side evaluations   = 2
	stiffness matrix reformations = 1
	step from line search         = 1.000000
	convergence norms :     INITIAL         CURRENT         REQUIRED
	   residual            2.675358e+00    6.818901e-07    0.000000e+00 
	   energy              2.564932e-02    2.779732e-07    2.564932e-04 
	   displacement        1.671552e-03    1.671552e-03    1.671552e-09 
 2
 Nonlinear solution status: time= 0.7
	stiffness updates             = 1
	right hand side evaluations   = 3
	stiffness matrix reformations = 1
	step from line search         = 1.000000
	convergence norms :     INITIAL         CURRENT         REQUIRED
	   residual            2.675358e+00    5.988391e-09    0.000000e+00 
	   energy              2.564932e-02    1.962086e-10    2.564932e-04 
	   displacement        1.671552e-03    2.899521e-11    1.671518e-09 

convergence summary
    number of iterations   : 2
    number of reformations : 1

------- converged at time : 0.7


Data Record #1
===========================================================================
Step = 7
Time = 0.7
Data = ux;uy;uz
File = parameter_sweeps/tmax3_disp.txt

Data Record #2
===========================================================================
Step = 7
Time = 0.7
Data = sz;J
File = parameter_sweeps/tmax3_stress.txt

===== beginning time step 8 : 0.8 =====


Reforming stiffness matrix: reformation #1

 1
 Nonlinear solution status: time= 0.8
	stiffness updates             = 0
	right hand side evaluations   = 2
	stiffness matrix reformations = 1
	step from line search         = 1.000000
	convergence norms :     INITIAL         CURRENT         REQUIRED
	   residual            4.064668e+00    1.403171e-08    0.000000e+00 
	   energy              3.509075e-02    2.636953e-07    3.509075e-04 
	   displacement        2.165561e-03    2.165561e-03    2.165561e-09 
 2
 Nonlinear solution status: time= 0.8
	stiffness updates             = 1
	right hand side evaluations   = 3
	stiffness matrix reformations = 1
	step from line search         = 1.000000
	convergence norms :     INITIAL         CURRENT         REQUIRED
	   residual            4.064668e+00    3.717509e-12    0.000000e+00 
	   energy              3.509075e-02    2.227118e-13    3.509075e-04 
	   displacement        2.165561e-03    1.323218e-12    2.165510e-09 

convergence summary
    number of iterations   : 2
    number of reformations : 1

------- converged at time : 0.8


Data Record #1
===========================================================================
Step = 8
Time = 0.8
Data = ux;uy;uz
File = parameter_sweeps/tmax3_disp.txt

Data Record #2
===========================================================================
Step = 8
Time = 0.8
Data = sz;J
File = parameter_sweeps/tmax3_stress.txt

===== beginning time step 9 : 0.9 =====


Reforming stiffness matrix: reformation #1

 1
 Nonlinear solution status: time= 0.9
	stiffness updates             = 0
	right hand side evaluations   = 2
	stiffness matrix reformations = 1
	step from line search         = 1.000000
	convergence norms :     INITIAL         CURRENT         REQUIRED
	   residual            5.650530e+00    3.469998e-05    0.000000e+00 
	   energy              4.517338e-02    1.154399e-06    4.517338e-04 
	   displacement        2.666419e-03    2.666419e-03    2.666419e-09 
 2
 Nonlinear solution status: time= 0.9
	stiffness updates             = 1
	right hand side evaluations   = 3
	stiffness matrix reformations = 1
	step from line search         = 1.000000
	convergence norms :     INITIAL         CURRENT         REQUIRED
	   residual            5.650530e+00    1.504314e-06    0.000000e+00 
	   energy              4.517338e-02    1.195261e-08    4.517338e-04 
	   displacement        2.666419e-03    3.823160e-10    2.666361e-09 

convergence summary
    number of iterations   : 2
    number of reformations : 1

------- converged at time : 0.9


Data Record #1
===========================================================================
Step = 9
Time = 0.9
Data = ux;uy;uz
File = parameter_sweeps/tmax3_disp.txt

Data Record #2
===========================================================================
Step = 9
Time = 0.9
Data = sz;J
File = parameter_sweeps/tmax3_stress.txt

===== beginning time step 10 : 1 =====


Reforming stiffness matrix: reformation #1

 1
 Nonlinear solution status: time= 1
	stiffness updates             = 0
	right hand side evaluations   = 2
	stiffness matrix reformations = 1
	step from line search         = 1.000000
	convergence norms :     INITIAL         CURRENT         REQUIRED
	   residual            7.212460e+00    2.225112e-05    0.000000e+00 
	   energy              5.547022e-02    7.616056e-07    5.547022e-04 
	   displacement        3.196070e-03    3.196070e-03    3.196070e-09 
 2
 Nonlinear solution status: time= 1
	stiffness updates             = 1
	right hand side evaluations   = 3
	stiffness matrix reformations = 1
	step from line search         = 1.000000
	convergence norms :     INITIAL         CURRENT         REQUIRED
	   residual            7.212460e+00    6.555850e-07    0.000000e+00 
	   energy              5.547022e-02    5.943377e-09    5.547022e-04 
	   displacement        3.196070e-03    1.497003e-10    3.195989e-09 

convergence summary
    number of iterations   : 2
    number of reformations : 1

------- converged at time : 1


Data Record #1
===========================================================================
Step = 10
Time = 1
Data = ux;uy;uz
File = parameter_sweeps/tmax3_disp.txt

Data Record #2
===========================================================================
Step = 10
Time = 1
Data = sz;J
File = parameter_sweeps/tmax3_stress.txt

===== beginning time step 11 : 1.1 =====


Reforming stiffness matrix: reformation #1

 1
 Nonlinear solution status: time= 1.1
	stiffness updates             = 0
	right hand side evaluations   = 2
	stiffness matrix reformations = 1
	step from line search         = 1.000000
	convergence norms :     INITIAL         CURRENT         REQUIRED
	   residual            8.569260e+00    2.602789e-06    0.000000e+00 
	   energy              6.548748e-02    5.519685e-07    6.548748e-04 
	   displacement        3.744103e-03    3.744103e-03    3.744103e-09 
 2
 Nonlinear solution status: time= 1.1
	stiffness updates             = 1
	right hand side evaluations   = 3
	stiffness matrix reformations = 1
	step from line search         = 1.000000
	convergence norms :     INITIAL         CURRENT         REQUIRED
	   residual            8.569260e+00    8.260632e-09    0.000000e+00 
	   energy              6.548748e-02    2.938748e-10    6.548748e-04 
	   displacement        3.744103e-03    2.282206e-11    3.744006e-09 

convergence summary
    number of iterations   : 2
    number of reformations : 1

------- converged at time : 1.1


Data Record #1
===========================================================================
Step = 11
Time = 1.1
Data = ux;uy;uz
File = parameter_sweeps/tmax3_disp.txt

Data Record #2
===========================================================================
Step = 11
Time = 1.1
Data = sz;J
File = parameter_sweeps/tmax3_stress.txt

===== beginning time step 12 : 1.2 =====


Reforming stiffness matrix: reformation #1

 1
 Nonlinear solution status: time= 1.2
	stiffness updates             = 0
	right hand side evaluations   = 2
	stiffness matrix reformations = 1
	step from line search         = 1.000000
	convergence norms :     INITIAL         CURRENT         REQUIRED
	   residual            9.763906e+00    9.707718e-08    0.000000e+00 
	   energy              7.470733e-02    4.665283e-07    7.470733e-04 
	   displacement        4.258747e-03    4.258747e-03    4.258747e-09 
 2
 Nonlinear solution status: time= 1.2
	stiffness updates             = 1
	right hand side evaluations   = 3
	stiffness matrix reformations = 1
	step from line search         = 1.000000
	convergence norms :     INITIAL         CURRENT         REQUIRED
	   residual            9.763906e+00    3.320489e-09    0.000000e+00 
	   energy              7.470733e-02    3.609035e-11    7.470733e-04 
	   displacement        4.258747e-03    3.106168e-12    4.258644e-09 

convergence summary
    number of iterations   : 2
    number of reformations : 1

------- converged at time : 1.2


Data Record #1
===========================================================================
Step = 12
Time = 1.2
Data = ux;uy;uz
File = parameter_sweeps/tmax3_disp.txt

Data Record #2
===========================================================================
Step = 12
Time = 1.2
Data = sz;J
File = parameter_sweeps/tmax3_stress.txt

===== beginning time step 13 : 1.3 =====


Reforming stiffness matrix: reformation #1

 1
 Nonlinear solution status: time= 1.3
	stiffness updates             = 0
	right hand side evaluations   = 2
	stiffness matrix reformations = 1
	step from line search         = 1.000000
	convergence norms :     INITIAL         CURRENT         REQUIRED
	   residual            1.090295e+01    4.866899e-08    0.000000e+00 
	   energy              8.282480e-02    5.090657e-07    8.282480e-04 
	   displacement        4.684714e-03    4.684714e-03    4.684714e-09 
 2
 Nonlinear solution status: time= 1.3
	stiffness updates             = 1
	right hand side evaluations   = 3
	stiffness matrix reformations = 1
	step from line search         = 1.000000
	convergence norms :     INITIAL         CURRENT         REQUIRED
	   residual            1.090295e+01    5.542924e-11    0.000000e+00 
	   energy              8.282480e-02    2.410677e-12    8.282480e-04 
	   displacement        4.684714e-03    2.820462e-12    4.684601e-09 

convergence summary
    number of iterations   : 2
    number of reformations : 1

------- converged at time : 1.3


Data Record #1
===========================================================================
Step = 13
Time = 1.3
Data = ux;uy;uz
File = parameter_sweeps/tmax3_disp.txt

Data Record #2
===========================================================================
Step = 13
Time = 1.3
Data = sz;J
File = parameter_sweeps/tmax3_stress.txt

===== beginning time step 14 : 1.4 =====


Reforming stiffness matrix: reformation #1

 1
 Nonlinear solution status: time= 1.4
	stiffness updates             = 0
	right hand side evaluations   = 2
	stiffness matrix reformations = 1
	step from line search         = 1.000000
	convergence norms :     INITIAL         CURRENT         REQUIRED
	   residual            1.195618e+01    1.075615e-08    0.000000e+00 
	   energy              9.001759e-02    5.254241e-07    9.001759e-04 
	   displacement        5.045167e-03    5.045167e-03    5.045167e-09 
 2
 Nonlinear solution status: time= 1.4
	stiffness updates             = 1
	right hand side evaluations   = 3
	stiffness matrix reformations = 1
	step from line search         = 1.000000
	convergence norms :     INITIAL         CURRENT         REQUIRED
	   residual            1.195618e+01    2.505401e-14    0.000000e+00 
	   energy              9.001759e-02    5.187863e-14    9.001759e-04 
	   displacement        5.045167e-03    2.680832e-12    5.045048e-09 

convergence summary
    number of iterations   : 2
    number of reformations : 1

------- converged at time : 1.4


Data Record #1
===========================================================================
Step = 14
Time = 1.4
Data = ux;uy;uz
File = parameter_sweeps/tmax3_disp.txt

Data Record #2
===========================================================================
Step = 14
Time = 1.4
Data = sz;J
File = parameter_sweeps/tmax3_stress.txt

===== beginning time step 15 : 1.5 =====


Reforming stiffness matrix: reformation #1

 1
 Nonlinear solution status: time= 1.5
	stiffness updates             = 0
	right hand side evaluations   = 2
	stiffness matrix reformations = 1
	step from line search         = 1.000000
	convergence norms :     INITIAL         CURRENT         REQUIRED
	   residual            1.301068e+01    1.025222e-08    0.000000e+00 
	   energy              9.681221e-02    5.142213e-07    9.681221e-04 
	   displacement        5.382479e-03    5.382479e-03    5.382479e-09 
 2
 Nonlinear solution status: time= 1.5
	stiffness updates             = 1
	right hand side evaluations   = 3
	stiffness matrix reformations = 1
	step from line search         = 1.000000
	convergence norms :     INITIAL         CURRENT         REQUIRED
	   residual            1.301068e+01    3.178101e-12    0.000000e+00 
	   energy              9.681221e-02    6.783844e-13    9.681221e-04 
	   displacement        5.382479e-03    2.870424e-12    5.382357e-09 

convergence summary
    number of iterations   : 2
    number of reformations : 1

------- converged at time : 1.5


Data Record #1
===========================================================================
Step = 15
Time = 1.5
Data = ux;uy;uz
File = parameter_sweeps/tmax3_disp.txt

Data Record #2
===========================================================================
Step = 15
Time = 1.5
Data = sz;J
File = parameter_sweeps/tmax3_stress.txt

===== beginning time step 16 : 1.6 =====


Reforming stiffness matrix: reformation #1

 1
 Nonlinear solution status: time= 1.6
	stiffness updates             = 0
	right hand side evaluations   = 2
	stiffness matrix reformations = 1
	step from line search         = 1.000000
	convergence norms :     INITIAL         CURRENT         REQUIRED
	   residual            1.434526e+01    5.189800e-09    0.000000e+00 
	   energy              1.038668e-01    4.841160e-07    1.038668e-03 
	   displacement        5.690520e-03    5.690520e-03    5.690520e-09 
 2
 Nonlinear solution status: time= 1.6
	stiffness updates             = 1
	right hand side evaluations   = 3
	stiffness matrix reformations = 1
	step from line search         = 1.000000
	convergence norms :     INITIAL         CURRENT         REQUIRED
	   residual            1.434526e+01    9.642916e-15    0.000000e+00 
	   energy              1.038668e-01    2.570155e-14    1.038668e-03 
	   displacement        5.690520e-03    2.490479e-12    5.690394e-09 

convergence summary
    number of iterations   : 2
    number of reformations : 1

------- converged at time : 1.6


Data Record #1
===========================================================================
Step = 16
Time = 1.6
Data = ux;uy;uz
File = parameter_sweeps/tmax3_disp.txt

Data Record #2
===========================================================================
Step = 16
Time = 1.6
Data = sz;J
File = parameter_sweeps/tmax3_stress.txt

===== beginning time step 17 : 1.7 =====


Reforming stiffness matrix: reformation #1

 1
 Nonlinear solution status: time= 1.7
	stiffness updates             = 0
	right hand side evaluations   = 2
	stiffness matrix reformations = 1
	step from line search         = 1.000000
	convergence norms :     INITIAL         CURRENT         REQUIRED
	   residual            1.624244e+01    1.193975e-08    0.000000e+00 
	   energy              1.119008e-01    4.511431e-07    1.119008e-03 
	   displacement        5.973652e-03    5.973652e-03    5.973652e-09 
 2
 Nonlinear solution status: time= 1.7
	stiffness updates             = 1
	right hand side evaluations   = 3
	stiffness matrix reformations = 1
	step from line search         = 1.000000
	convergence norms :     INITIAL         CURRENT         REQUIRED
	   residual            1.624244e+01    2.100591e-11    0.000000e+00 
	   energy              1.119008e-01    4.335485e-12    1.119008e-03 
	   displacement        5.973652e-03    4.067261e-12    5.973527e-09 

convergence summary
    number of iterations   : 2
    number of reformations : 1

------- converged at time : 1.7


Data Record #1
===========================================================================
Step = 17
Time = 1.7
Data = ux;uy;uz
File = parameter_sweeps/tmax3_disp.txt

Data Record #2
===========================================================================
Step = 17
Time = 1.7
Data = sz;J
File = parameter_sweeps/tmax3_stress.txt

===== beginning time step 18 : 1.8 =====


Reforming stiffness matrix: reformation #1

 1
 Nonlinear solution status: time= 1.8
	stiffness updates             = 0
	right hand side evaluations   = 2
	stiffness matrix reformations = 1
	step from line search         = 1.000000
	convergence norms :     INITIAL         CURRENT         REQUIRED
	   residual            1.881870e+01    4.343328e-06    0.000000e+00 
	   energy              1.215975e-01    2.678306e-07    1.215975e-03 
	   displacement        6.274705e-03    6.274705e-03    6.274705e-09 
 2
 Nonlinear solution status: time= 1.8
	stiffness updates             = 1
	right hand side evaluations   = 3
	stiffness matrix reformations = 1
	step from line search         = 1.000000
	convergence norms :     INITIAL         CURRENT         REQUIRED
	   residual            1.881870e+01    2.552311e-08    0.000000e+00 
	   energy              1.215975e-01    6.962155e-10    1.215975e-03 
	   displacement        6.274705e-03    4.157886e-11    6.274586e-09 

convergence summary
    number of iterations   : 2
    number of reformations : 1

------- converged at time : 1.8


Data Record #1
===========================================================================
Step = 18
Time = 1.8
Data = ux;uy;uz
File = parameter_sweeps/tmax3_disp.txt

Data Record #2
===========================================================================
Step = 18
Time = 1.8
Data = sz;J
File = parameter_sweeps/tmax3_stress.txt

===== beginning time step 19 : 1.9 =====


Reforming stiffness matrix: reformation #1

 1
 Nonlinear solution status: time= 1.9
	stiffness updates             = 0
	right hand side evaluations   = 2
	stiffness matrix reformations = 1
	step from line search         = 1.000000
	convergence norms :     INITIAL         CURRENT         REQUIRED
	   residual            2.201267e+01    9.080893e-06    0.000000e+00 
	   energy              1.335043e-01    5.481291e-08    1.335043e-03 
	   displacement        6.669305e-03    6.669305e-03    6.669305e-09 
 2
 Nonlinear solution status: time= 1.9
	stiffness updates             = 1
	right hand side evaluations   = 3
	stiffness matrix reformations = 1
	step from line search         = 1.000000
	convergence norms :     INITIAL         CURRENT         REQUIRED
	   residual            2.201267e+01    3.575446e-08    0.000000e+00 
	   energy              1.335043e-01    1.250238e-09    1.335043e-03 
	   displacement        6.669305e-03    1.015480e-10    6.669196e-09 

convergence summary
    number of iterations   : 2
    number of reformations : 1

------- converged at time : 1.9


Data Record #1
===========================================================================
Step = 19
Time = 1.9
Data = ux;uy;uz
File = parameter_sweeps/tmax3_disp.txt

Data Record #2
===========================================================================
Step = 19
Time = 1.9
Data = sz;J
File = parameter_sweeps/tmax3_stress.txt

===== beginning time step 20 : 2 =====


Reforming stiffness matrix: reformation #1

 1
 Nonlinear solution status: time= 2
	stiffness updates             = 0
	right hand side evaluations   = 2
	stiffness matrix reformations = 1
	step from line search         = 1.000000
	convergence norms :     INITIAL         CURRENT         REQUIRED
	   residual            2.576519e+01    6.160620e-05    0.000000e+00 
	   energy              1.479302e-01    1.466209e-06    1.479302e-03 
	   displacement        7.200731e-03    7.200731e-03    7.200731e-09 
 2
 Nonlinear solution status: time= 2
	stiffness updates             = 1
	right hand side evaluations   = 3
	stiffness matrix reformations = 1
	step from line search         = 1.000000
	convergence norms :     INITIAL         CURRENT         REQUIRED
	   residual            2.576519e+01    8.650024e-07    0.000000e+00 
	   energy              1.479302e-01    1.123146e-08    1.479302e-03 
	   displacement        7.200731e-03    3.934597e-10    7.200660e-09 

convergence summary
    number of iterations   : 2
    number of reformations : 1

------- converged at time : 2


Data Record #1
===========================================================================
Step = 20
Time = 2
Data = ux;uy;uz
File = parameter_sweeps/tmax3_disp.txt

Data Record #2
===========================================================================
Step = 20
Time = 2
Data = sz;J
File = parameter_sweeps/tmax3_stress.txt

===== beginning time step 21 : 2.1 =====


Reforming stiffness matrix: reformation #1

 1
 Nonlinear solution status: time= 2.1
	stiffness updates             = 0
	right hand side evaluations   = 2
	stiffness matrix reformations = 1
	step from line search         = 1.000000
	convergence norms :     INITIAL         CURRENT         REQUIRED
	   residual            3.005150e+01    2.465189e-05    0.000000e+00 
	   energy              1.651421e-01    5.698932e-07    1.651421e-03 
	   displacement        7.863972e-03    7.863972e-03    7.863972e-09 
 2
 Nonlinear solution status: time= 2.1
	stiffness updates             = 1
	right hand side evaluations   = 3
	stiffness matrix reformations = 1
	step from line search         = 1.000000
	convergence norms :     INITIAL         CURRENT         REQUIRED
	   residual            3.005150e+01    4.373994e-07    0.000000e+00 
	   energy              1.651421e-01    4.614730e-09    1.651421e-03 
	   displacement        7.863972e-03    1.192488e-10    7.863886e-09 

convergence summary
    number of iterations   : 2
    number of reformations : 1

------- converged at time : 2.1


Data Record #1
===========================================================================
Step = 21
Time = 2.1
Data = ux;uy;uz
File = parameter_sweeps/tmax3_disp.txt

Data Record #2
===========================================================================
Step = 21
Time = 2.1
Data = sz;J
File = parameter_sweeps/tmax3_stress.txt

===== beginning time step 22 : 2.2 =====


Reforming stiffness matrix: reformation #1

 1
 Nonlinear solution status: time= 2.2
	stiffness updates             = 0
	right hand side evaluations   = 2
	stiffness matrix reformations = 1
	step from line search         = 1.000000
	convergence norms :     INITIAL         CURRENT         REQUIRED
	   residual            3.491691e+01    1.108021e-07    0.000000e+00 
	   energy              1.854800e-01    2.648372e-07    1.854800e-03 
	   displacement        8.678533e-03    8.678533e-03    8.678533e-09 
 2
 Nonlinear solution status: time= 2.2
	stiffness updates             = 1
	right hand side evaluations   = 3
	stiffness matrix reformations = 1
	step from line search         = 1.000000
	convergence norms :     INITIAL         CURRENT         REQUIRED
	   residual            3.491691e+01    1.783141e-10    0.000000e+00 
	   energy              1.854800e-01    1.981727e-11    1.854800e-03 
	   displacement        8.678533e-03    8.032489e-12    8.678450e-09 

convergence summary
    number of iterations   : 2
    number of reformations : 1

------- converged at time : 2.2


Data Record #1
===========================================================================
Step = 22
Time = 2.2
Data = ux;uy;uz
File = parameter_sweeps/tmax3_disp.txt

Data Record #2
===========================================================================
Step = 22
Time = 2.2
Data = sz;J
File = parameter_sweeps/tmax3_stress.txt

===== beginning time step 23 : 2.3 =====


Reforming stiffness matrix: reformation #1

 1
 Nonlinear solution status: time= 2.3
	stiffness updates             = 0
	right hand side evaluations   = 2
	stiffness matrix reformations = 1
	step from line search         = 1.000000
	convergence norms :     INITIAL         CURRENT         REQUIRED
	   residual            4.035902e+01    5.313986e-05    0.000000e+00 
	   energy              2.090640e-01    5.570329e-07    2.090640e-03 
	   displacement        9.664334e-03    9.664334e-03    9.664334e-09 
 2
 Nonlinear solution status: time= 2.3
	stiffness updates             = 1
	right hand side evaluations   = 3
	stiffness matrix reformations = 1
	step from line search         = 1.000000
	convergence norms :     INITIAL         CURRENT         REQUIRED
	   residual            4.035902e+01    8.079705e-07    0.000000e+00 
	   energy              2.090640e-01    1.161272e-08    2.090640e-03 
	   displacement        9.664334e-03    2.976668e-10    9.664274e-09 

convergence summary
    number of iterations   : 2
    number of reformations : 1

------- converged at time : 2.3


Data Record #1
===========================================================================
Step = 23
Time = 2.3
Data = ux;uy;uz
File = parameter_sweeps/tmax3_disp.txt

Data Record #2
===========================================================================
Step = 23
Time = 2.3
Data = sz;J
File = parameter_sweeps/tmax3_stress.txt

===== beginning time step 24 : 2.4 =====


Reforming stiffness matrix: reformation #1

 1
 Nonlinear solution status: time= 2.4
	stiffness updates             = 0
	right hand side evaluations   = 2
	stiffness matrix reformations = 1
	step from line search         = 1.000000
	convergence norms :     INITIAL         CURRENT         REQUIRED
	   residual            4.615188e+01    2.628798e-06    0.000000e+00 
	   energy              2.355716e-01    2.167477e-07    2.355716e-03 
	   displacement        1.082420e-02    1.082420e-02    1.082420e-08 
 2
 Nonlinear solution status: time= 2.4
	stiffness updates             = 1
	right hand side evaluations   = 3
	stiffness matrix reformations = 1
	step from line search         = 1.000000
	convergence norms :     INITIAL         CURRENT         REQUIRED
	   residual            4.615188e+01    1.509304e-08    0.000000e+00 
	   energy              2.355716e-01    1.170688e-09    2.355716e-03 
	   displacement        1.082420e-02    1.918568e-10    1.082414e-08 

convergence summary
    number of iterations   : 2
    number of reformations : 1

------- converged at time : 2.4


Data Record #1
===========================================================================
Step = 24
Time = 2.4
Data = ux;uy;uz
File = parameter_sweeps/tmax3_disp.txt

Data Record #2
===========================================================================
Step = 24
Time = 2.4
Data = sz;J
File = parameter_sweeps/tmax3_stress.txt

===== beginning time step 25 : 2.5 =====


Reforming stiffness matrix: reformation #1

 1
 Nonlinear solution status: time= 2.5
	stiffness updates             = 0
	right hand side evaluations   = 2
	stiffness matrix reformations = 1
	step from line search         = 1.000000
	convergence norms :     INITIAL         CURRENT         REQUIRED
	   residual            5.210423e+01    1.054533e-04    0.000000e+00 
	   energy              2.641716e-01    3.653325e-06    2.641716e-03 
	   displacement        1.213957e-02    1.213957e-02    1.213957e-08 
 2
 Nonlinear solution status: time= 2.5
	stiffness updates             = 1
	right hand side evaluations   = 3
	stiffness matrix reformations = 1
	step from line search         = 1.000000
	convergence norms :     INITIAL         CURRENT         REQUIRED
	   residual            5.210423e+01    1.322465e-06    0.000000e+00 
	   energy              2.641716e-01    2.119994e-08    2.641716e-03 
	   displacement        1.213957e-02    9.179712e-10    1.213958e-08 

convergence summary
    number of iterations   : 2
    number of reformations : 1

------- converged at time : 2.5


Data Record #1
===========================================================================
Step = 25
Time = 2.5
Data = ux;uy;uz
File = parameter_sweeps/tmax3_disp.txt

Data Record #2
===========================================================================
Step = 25
Time = 2.5
Data = sz;J
File = parameter_sweeps/tmax3_stress.txt

===== beginning time step 26 : 2.6 =====


Reforming stiffness matrix: reformation #1

 1
 Nonlinear solution status: time= 2.6
	stiffness updates             = 0
	right hand side evaluations   = 2
	stiffness matrix reformations = 1
	step from line search         = 1.000000
	convergence norms :     INITIAL         CURRENT         REQUIRED
	   residual            5.813775e+01    5.747300e-05    0.000000e+00 
	   energy              2.938775e-01    2.440970e-06    2.938775e-03 
	   displacement        1.351569e-02    1.351569e-02    1.351569e-08 
 2
 Nonlinear solution status: time= 2.6
	stiffness updates             = 1
	right hand side evaluations   = 3
	stiffness matrix reformations = 1
	step from line search         = 1.000000
	convergence norms :     INITIAL         CURRENT         REQUIRED
	   residual            5.813775e+01    6.838208e-07    0.000000e+00 
	   energy              2.938775e-01    1.654803e-08    2.938775e-03 
	   displacement        1.351569e-02    1.100872e-09    1.351560e-08 

convergence summary
    number of iterations   : 2
    number of reformations : 1

------- converged at time : 2.6


Data Record #1
===========================================================================
Step = 26
Time = 2.6
Data = ux;uy;uz
File = parameter_sweeps/tmax3_disp.txt

Data Record #2
===========================================================================
Step = 26
Time = 2.6
Data = sz;J
File = parameter_sweeps/tmax3_stress.txt

===== beginning time step 27 : 2.7 =====


Reforming stiffness matrix: reformation #1

 1
 Nonlinear solution status: time= 2.7
	stiffness updates             = 0
	right hand side evaluations   = 2
	stiffness matrix reformations = 1
	step from line search         = 1.000000
	convergence norms :     INITIAL         CURRENT         REQUIRED
	   residual            6.415178e+01    1.079098e-05    0.000000e+00 
	   energy              3.238135e-01    6.994740e-07    3.238135e-03 
	   displacement        1.484685e-02    1.484685e-02    1.484685e-08 
 2
 Nonlinear solution status: time= 2.7
	stiffness updates             = 1
	right hand side evaluations   = 3
	stiffness matrix reformations = 1
	step from line search         = 1.000000
	convergence norms :     INITIAL         CURRENT         REQUIRED
	   residual            6.415178e+01    4.180521e-08    0.000000e+00 
	   energy              3.238135e-01    2.076079e-09    3.238135e-03 
	   displacement        1.484685e-02    2.383528e-10    1.484674e-08 

convergence summary
    number of iterations   : 2
    number of reformations : 1

------- converged at time : 2.7


Data Record #1
===========================================================================
Step = 27
Time = 2.7
Data = ux;uy;uz
File = parameter_sweeps/tmax3_disp.txt

Data Record #2
===========================================================================
Step = 27
Time = 2.7
Data = sz;J
File = parameter_sweeps/tmax3_stress.txt

===== beginning time step 28 : 2.8 =====


Reforming stiffness matrix: reformation #1

 1
 Nonlinear solution status: time= 2.8
	stiffness updates             = 0
	right hand side evaluations   = 2
	stiffness matrix reformations = 1
	step from line search         = 1.000000
	convergence norms :     INITIAL         CURRENT         REQUIRED
	   residual            6.998351e+01    8.209065e-06    0.000000e+00 
	   energy              3.533966e-01    8.715591e-07    3.533966e-03 
	   displacement        1.614274e-02    1.614274e-02    1.614274e-08 
 2
 Nonlinear solution status: time= 2.8
	stiffness updates             = 1
	right hand side evaluations   = 3
	stiffness matrix reformations = 1
	step from line search         = 1.000000
	convergence norms :     INITIAL         CURRENT         REQUIRED
	   residual            6.998351e+01    1.715869e-08    0.000000e+00 
	   energy              3.533966e-01    1.704324e-09    3.533966e-03 
	   displacement        1.614274e-02    4.827970e-10    1.614264e-08 

convergence summary
    number of iterations   : 2
    number of reformations : 1

------- converged at time : 2.8


Data Record #1
===========================================================================
Step = 28
Time = 2.8
Data = ux;uy;uz
File = parameter_sweeps/tmax3_disp.txt

Data Record #2
===========================================================================
Step = 28
Time = 2.8
Data = sz;J
File = parameter_sweeps/tmax3_stress.txt

===== beginning time step 29 : 2.9 =====


Reforming stiffness matrix: reformation #1

 1
 Nonlinear solution status: time= 2.9
	stiffness updates             = 0
	right hand side evaluations   = 2
	stiffness matrix reformations = 1
	step from line search         = 1.000000
	convergence norms :     INITIAL         CURRENT         REQUIRED
	   residual            7.536234e+01    6.493784e-05    0.000000e+00 
	   energy              3.824273e-01    4.179658e-06    3.824273e-03 
	   displacement        1.746970e-02    1.746970e-02    1.746970e-08 
 2
 Nonlinear solution status: time= 2.9
	stiffness updates             = 1
	right hand side evaluations   = 3
	stiffness matrix reformations = 1
	step from line search         = 1.000000
	convergence norms :     INITIAL         CURRENT         REQUIRED
	   residual            7.536234e+01    2.561041e-07    0.000000e+00 
	   energy              3.824273e-01    1.017535e-08    3.824273e-03 
	   displacement        1.746970e-02    9.112764e-10    1.746964e-08 

convergence summary
    number of iterations   : 2
    number of reformations : 1

------- converged at time : 2.9


Data Record #1
===========================================================================
Step = 29
Time = 2.9
Data = ux;uy;uz
File = parameter_sweeps/tmax3_disp.txt

Data Record #2
===========================================================================
Step = 29
Time = 2.9
Data = sz;J
File = parameter_sweeps/tmax3_stress.txt

===== beginning time step 30 : 3 =====


Reforming stiffness matrix: reformation #1

 1
 Nonlinear solution status: time= 3
	stiffness updates             = 0
	right hand side evaluations   = 2
	stiffness matrix reformations = 1
	step from line search         = 1.000000
	convergence norms :     INITIAL         CURRENT         REQUIRED
	   residual            8.014023e+01    4.104291e-06    0.000000e+00 
	   energy              4.111110e-01    1.892110e-07    4.111110e-03 
	   displacement        1.885444e-02    1.885444e-02    1.885444e-08 
 2
 Nonlinear solution status: time= 3
	stiffness updates             = 1
	right hand side evaluations   = 3
	stiffness matrix reformations = 1
	step from line search         = 1.000000
	convergence norms :     INITIAL         CURRENT         REQUIRED
	   residual            8.014023e+01    5.857814e-09    0.000000e+00 
	   energy              4.111110e-01    6.589482e-10    4.111110e-03 
	   displacement        1.885444e-02    1.988366e-10    1.885429e-08 

convergence summary
    number of iterations   : 2
    number of reformations : 1

------- converged at time : 3


Data Record #1
===========================================================================
Step = 30
Time = 3
Data = ux;uy;uz
File = parameter_sweeps/tmax3_disp.txt

Data Record #2
===========================================================================
Step = 30
Time = 3
Data = sz;J
File = parameter_sweeps/tmax3_stress.txt

===== beginning time step 31 : 3.1 =====


Reforming stiffness matrix: reformation #1

 1
 Nonlinear solution status: time= 3.1
	stiffness updates             = 0
	right hand side evaluations   = 2
	stiffness matrix reformations = 1
	step from line search         = 1.000000
	convergence norms :     INITIAL         CURRENT         REQUIRED
	   residual            8.435550e+01    1.917586e-06    0.000000e+00 
	   energy              4.397607e-01    6.072087e-07    4.397607e-03 
	   displacement        2.030159e-02    2.030159e-02    2.030159e-08 
 2
 Nonlinear solution status: time= 3.1
	stiffness updates             = 1
	right hand side evaluations   = 3
	stiffness matrix reformations = 1
	step from line search         = 1.000000
	convergence norms :     INITIAL         CURRENT         REQUIRED
	   residual            8.435550e+01    2.760080e-09    0.000000e+00 
	   energy              4.397607e-01    2.568120e-10    4.397607e-03 
	   displacement        2.030159e-02    7.676124e-11    2.030141e-08 

convergence summary
    number of iterations   : 2
    number of reformations : 1

------- converged at time : 3.1


Data Record #1
===========================================================================
Step = 31
Time = 3.1
Data = ux;uy;uz
File = parameter_sweeps/tmax3_disp.txt

Data Record #2
===========================================================================
Step = 31
Time = 3.1
Data = sz;J
File = parameter_sweeps/tmax3_stress.txt

===== beginning time step 32 : 3.2 =====


Reforming stiffness matrix: reformation #1

 1
 Nonlinear solution status: time= 3.2
	stiffness updates             = 0
	right hand side evaluations   = 2
	stiffness matrix reformations = 1
	step from line search         = 1.000000
	convergence norms :     INITIAL         CURRENT         REQUIRED
	   residual            8.813161e+01    2.730726e-07    0.000000e+00 
	   energy              4.685212e-01    8.629368e-07    4.685212e-03 
	   displacement        2.182919e-02    2.182919e-02    2.182919e-08 
 2
 Nonlinear solution status: time= 3.2
	stiffness updates             = 1
	right hand side evaluations   = 3
	stiffness matrix reformations = 1
	step from line search         = 1.000000
	convergence norms :     INITIAL         CURRENT         REQUIRED
	   residual            8.813161e+01    8.025946e-11    0.000000e+00 
	   energy              4.685212e-01    2.359872e-11    4.685212e-03 
	   displacement        2.182919e-02    3.167951e-11    2.182897e-08 

convergence summary
    number of iterations   : 2
    number of reformations : 1

------- converged at time : 3.2


Data Record #1
===========================================================================
Step = 32
Time = 3.2
Data = ux;uy;uz
File = parameter_sweeps/tmax3_disp.txt

Data Record #2
===========================================================================
Step = 32
Time = 3.2
Data = sz;J
File = parameter_sweeps/tmax3_stress.txt

===== beginning time step 33 : 3.3 =====


Reforming stiffness matrix: reformation #1

 1
 Nonlinear solution status: time= 3.3
	stiffness updates             = 0
	right hand side evaluations   = 2
	stiffness matrix reformations = 1
	step from line search         = 1.000000
	convergence norms :     INITIAL         CURRENT         REQUIRED
	   residual            9.160650e+01    7.738175e-07    0.000000e+00 
	   energy              4.973509e-01    8.846922e-07    4.973509e-03 
	   displacement        2.343442e-02    2.343442e-02    2.343442e-08 
 2
 Nonlinear solution status: time= 3.3
	stiffness updates             = 1
	right hand side evaluations   = 3
	stiffness matrix reformations = 1
	step from line search         = 1.000000
	convergence norms :     INITIAL         CURRENT         REQUIRED
	   residual            9.160650e+01    1.233762e-10    0.000000e+00 
	   energy              4.973509e-01    4.062779e-11    4.973509e-03 
	   displacement        2.343442e-02    5.290260e-11    2.343414e-08 

convergence summary
    number of iterations   : 2
    number of reformations : 1

------- converged at time : 3.3


Data Record #1
===========================================================================
Step = 33
Time = 3.3
Data = ux;uy;uz
File = parameter_sweeps/tmax3_disp.txt

Data Record #2
===========================================================================
Step = 33
Time = 3.3
Data = sz;J
File = parameter_sweeps/tmax3_stress.txt

===== beginning time step 34 : 3.4 =====


Reforming stiffness matrix: reformation #1

 1
 Nonlinear solution status: time= 3.4
	stiffness updates             = 0
	right hand side evaluations   = 2
	stiffness matrix reformations = 1
	step from line search         = 1.000000
	convergence norms :     INITIAL         CURRENT         REQUIRED
	   residual            9.489556e+01    5.596962e-09    0.000000e+00 
	   energy              5.257958e-01    1.360863e-06    5.257958e-03 
	   displacement        2.502796e-02    2.502796e-02    2.502796e-08 
 2
 Nonlinear solution status: time= 3.4
	stiffness updates             = 1
	right hand side evaluations   = 3
	stiffness matrix reformations = 1
	step from line search         = 1.000000
	convergence norms :     INITIAL         CURRENT         REQUIRED
	   residual            9.489556e+01    7.851588e-15    0.000000e+00 
	   energy              5.257958e-01    5.557099e-14    5.257958e-03 
	   displacement        2.502796e-02    1.118521e-11    2.502764e-08 

convergence summary
    number of iterations   : 2
    number of reformations : 1

------- converged at time : 3.4


Data Record #1
===========================================================================
Step = 34
Time = 3.4
Data = ux;uy;uz
File = parameter_sweeps/tmax3_disp.txt

Data Record #2
===========================================================================
Step = 34
Time = 3.4
Data = sz;J
File = parameter_sweeps/tmax3_stress.txt

===== beginning time step 35 : 3.5 =====


Reforming stiffness matrix: reformation #1

 1
 Nonlinear solution status: time= 3.5
	stiffness updates             = 0
	right hand side evaluations   = 2
	stiffness matrix reformations = 1
	step from line search         = 1.000000
	convergence norms :     INITIAL         CURRENT         REQUIRED
	   residual            9.822610e+01    1.061348e-07    0.000000e+00 
	   energy              5.529216e-01    1.513762e-06    5.529216e-03 
	   displacement        2.648215e-02    2.648215e-02    2.648215e-08 
 2
 Nonlinear solution status: time= 3.5
	stiffness updates             = 1
	right hand side evaluations   = 3
	stiffness matrix reformations = 1
	step from line search         = 1.000000
	convergence norms :     INITIAL         CURRENT         REQUIRED
	   residual            9.822610e+01    1.007034e-10    0.000000e+00 
	   energy              5.529216e-01    1.150871e-11    5.529216e-03 
	   displacement        2.648215e-02    1.531824e-11    2.648180e-08 

convergence summary
    number of iterations   : 2
    number of reformations : 1

------- converged at time : 3.5


Data Record #1
===========================================================================
Step = 35
Time = 3.5
Data = ux;uy;uz
File = parameter_sweeps/tmax3_disp.txt

Data Record #2
===========================================================================
Step = 35
Time = 3.5
Data = sz;J
File = parameter_sweeps/tmax3_stress.txt

===== beginning time step 36 : 3.6 =====


Reforming stiffness matrix: reformation #1

 1
 Nonlinear solution status: time= 3.6
	stiffness updates             = 0
	right hand side evaluations   = 2
	stiffness matrix reformations = 1
	step from line search         = 1.000000
	convergence norms :     INITIAL         CURRENT         REQUIRED
	   residual            1.016999e+02    6.081435e-09    0.000000e+00 
	   energy              5.775487e-01    1.741142e-06    5.775487e-03 
	   displacement        2.769256e-02    2.769256e-02    2.769256e-08 
 2
 Nonlinear solution status: time= 3.6
	stiffness updates             = 1
	right hand side evaluations   = 3
	stiffness matrix reformations = 1
	step from line search         = 1.000000
	convergence norms :     INITIAL         CURRENT         REQUIRED
	   residual            1.016999e+02    8.655168e-15    0.000000e+00 
	   energy              5.775487e-01    6.498317e-14    5.775487e-03 
	   displacement        2.769256e-02    1.348439e-11    2.769218e-08 

convergence summary
    number of iterations   : 2
    number of reformations : 1

------- converged at time : 3.6


Data Record #1
===========================================================================
Step = 36
Time = 3.6
Data = ux;uy;uz
File = parameter_sweeps/tmax3_disp.txt

Data Record #2
===========================================================================
Step = 36
Time = 3.6
Data = sz;J
File = parameter_sweeps/tmax3_stress.txt

===== beginning time step 37 : 3.7 =====


Reforming stiffness matrix: reformation #1

 1
 Nonlinear solution status: time= 3.7
	stiffness updates             = 0
	right hand side evaluations   = 2
	stiffness matrix reformations = 1
	step from line search         = 1.000000
	convergence norms :     INITIAL         CURRENT         REQUIRED
	   residual            1.051508e+02    1.613896e-08    0.000000e+00 
	   energy              5.986396e-01    1.841647e-06    5.986396e-03 
	   displacement        2.861078e-02    2.861078e-02    2.861078e-08 
 2
 Nonlinear solution status: time= 3.7
	stiffness updates             = 1
	right hand side evaluations   = 3
	stiffness matrix reformations = 1
	step from line search         = 1.000000
	convergence norms :     INITIAL         CURRENT         REQUIRED
	   residual            1.051508e+02    1.490993e-12    0.000000e+00 
	   energy              5.986396e-01    6.741555e-13    5.986396e-03 
	   displacement        2.861078e-02    1.659114e-11    2.861037e-08 

convergence summary
    number of iterations   : 2
    number of reformations : 1

------- converged at time : 3.7


Data Record #1
===========================================================================
Step = 37
Time = 3.7
Data = ux;uy;uz
File = parameter_sweeps/tmax3_disp.txt

Data Record #2
===========================================================================
Step = 37
Time = 3.7
Data = sz;J
File = parameter_sweeps/tmax3_stress.txt

===== beginning time step 38 : 3.8 =====


Reforming stiffness matrix: reformation #1

 1
 Nonlinear solution status: time= 3.8
	stiffness updates             = 0
	right hand side evaluations   = 2
	stiffness matrix reformations = 1
	step from line search         = 1.000000
	convergence norms :     INITIAL         CURRENT         REQUIRED
	   residual            1.082212e+02    5.881435e-09    0.000000e+00 
	   energy              6.154432e-01    1.880926e-06    6.154432e-03 
	   displacement        2.927817e-02    2.927817e-02    2.927817e-08 
 2
 Nonlinear solution status: time= 3.8
	stiffness updates             = 1
	right hand side evaluations   = 3
	stiffness matrix reformations = 1
	step from line search         = 1.000000
	convergence norms :     INITIAL         CURRENT         REQUIRED
	   residual            1.082212e+02    8.765146e-15    0.000000e+00 
	   energy              6.154432e-01    8.097950e-14    6.154432e-03 
	   displacement        2.927817e-02    1.658128e-11    2.927775e-08 

convergence summary
    number of iterations   : 2
    number of reformations : 1

------- converged at time : 3.8


Data Record #1
===========================================================================
Step = 38
Time = 3.8
Data = ux;uy;uz
File = parameter_sweeps/tmax3_disp.txt

Data Record #2
===========================================================================
Step = 38
Time = 3.8
Data = sz;J
File = parameter_sweeps/tmax3_stress.txt

===== beginning time step 39 : 3.9 =====


Reforming stiffness matrix: reformation #1

 1
 Nonlinear solution status: time= 3.9
	stiffness updates             = 0
	right hand side evaluations   = 2
	stiffness matrix reformations = 1
	step from line search         = 1.000000
	convergence norms :     INITIAL         CURRENT         REQUIRED
	   residual            1.105072e+02    5.335902e-09    0.000000e+00 
	   energy              6.275067e-01    1.835627e-06    6.275067e-03 
	   displacement        2.978246e-02    2.978246e-02    2.978246e-08 
 2
 Nonlinear solution status: time= 3.9
	stiffness updates             = 1
	right hand side evaluations   = 3
	stiffness matrix reformations = 1
	step from line search         = 1.000000
	convergence norms :     INITIAL         CURRENT         REQUIRED
	   residual            1.105072e+02    9.648246e-15    0.000000e+00 
	   energy              6.275067e-01    8.441471e-14    6.275067e-03 
	   displacement        2.978246e-02    1.703211e-11    2.978205e-08 

convergence summary
    number of iterations   : 2
    number of reformations : 1

------- converged at time : 3.9


Data Record #1
===========================================================================
Step = 39
Time = 3.9
Data = ux;uy;uz
File = parameter_sweeps/tmax3_disp.txt

Data Record #2
===========================================================================
Step = 39
Time = 3.9
Data = sz;J
File = parameter_sweeps/tmax3_stress.txt

===== beginning time step 40 : 4 =====


Reforming stiffness matrix: reformation #1

 1
 Nonlinear solution status: time= 4
	stiffness updates             = 0
	right hand side evaluations   = 2
	stiffness matrix reformations = 1
	step from line search         = 1.000000
	convergence norms :     INITIAL         CURRENT         REQUIRED
	   residual            1.119725e+02    4.637475e-09    0.000000e+00 
	   energy              6.346749e-01    1.828855e-06    6.346749e-03 
	   displacement        3.014258e-02    3.014258e-02    3.014258e-08 
 2
 Nonlinear solution status: time= 4
	stiffness updates             = 1
	right hand side evaluations   = 3
	stiffness matrix reformations = 1
	step from line search         = 1.000000
	convergence norms :     INITIAL         CURRENT         REQUIRED
	   residual            1.119725e+02    9.442335e-15    0.000000e+00 
	   energy              6.346749e-01    8.776844e-14    6.346749e-03 
	   displacement        3.014258e-02    1.708177e-11    3.014216e-08 

convergence summary
    number of iterations   : 2
    number of reformations : 1

------- converged at time : 4


Data Record #1
===========================================================================
Step = 40
Time = 4
Data = ux;uy;uz
File = parameter_sweeps/tmax3_disp.txt

Data Record #2
===========================================================================
Step = 40
Time = 4
Data = sz;J
File = parameter_sweeps/tmax3_stress.txt

===== beginning time step 41 : 4.1 =====


Reforming stiffness matrix: reformation #1

 1
 Nonlinear solution status: time= 4.1
	stiffness updates             = 0
	right hand side evaluations   = 2
	stiffness matrix reformations = 1
	step from line search         = 1.000000
	convergence norms :     INITIAL         CURRENT         REQUIRED
	   residual            1.128676e+02    4.851348e-09    0.000000e+00 
	   energy              6.370884e-01    1.873748e-06    6.370884e-03 
	   displacement        3.027933e-02    3.027933e-02    3.027933e-08 
 2
 Nonlinear solution status: time= 4.1
	stiffness updates             = 1
	right hand side evaluations   = 3
	stiffness matrix reformations = 1
	step from line search         = 1.000000
	convergence norms :     INITIAL         CURRENT         REQUIRED
	   residual            1.128676e+02    9.902673e-15    0.000000e+00 
	   energy              6.370884e-01    9.428460e-14    6.370884e-03 
	   displacement        3.027933e-02    1.692871e-11    3.027890e-08 

convergence summary
    number of iterations   : 2
    number of reformations : 1

------- converged at time : 4.1


Data Record #1
===========================================================================
Step = 41
Time = 4.1
Data = ux;uy;uz
File = parameter_sweeps/tmax3_disp.txt

Data Record #2
===========================================================================
Step = 41
Time = 4.1
Data = sz;J
File = parameter_sweeps/tmax3_stress.txt

===== beginning time step 42 : 4.2 =====


Reforming stiffness matrix: reformation #1

 1
 Nonlinear solution status: time= 4.2
	stiffness updates             = 0
	right hand side evaluations   = 2
	stiffness matrix reformations = 1
	step from line search         = 1.000000
	convergence norms :     INITIAL         CURRENT         REQUIRED
	   residual            1.133664e+02    4.959116e-09    0.000000e+00 
	   energy              6.350945e-01    1.920331e-06    6.350945e-03 
	   displacement        3.014439e-02    3.014439e-02    3.014439e-08 
 2
 Nonlinear solution status: time= 4.2
	stiffness updates             = 1
	right hand side evaluations   = 3
	stiffness matrix reformations = 1
	step from line search         = 1.000000
	convergence norms :     INITIAL         CURRENT         REQUIRED
	   residual            1.133664e+02    9.827195e-15    0.000000e+00 
	   energy              6.350945e-01    9.545068e-14    6.350945e-03 
	   displacement        3.014439e-02    1.646326e-11    3.014395e-08 

convergence summary
    number of iterations   : 2
    number of reformations : 1

------- converged at time : 4.2


Data Record #1
===========================================================================
Step = 42
Time = 4.2
Data = ux;uy;uz
File = parameter_sweeps/tmax3_disp.txt

Data Record #2
===========================================================================
Step = 42
Time = 4.2
Data = sz;J
File = parameter_sweeps/tmax3_stress.txt

===== beginning time step 43 : 4.3 =====


Reforming stiffness matrix: reformation #1

 1
 Nonlinear solution status: time= 4.3
	stiffness updates             = 0
	right hand side evaluations   = 2
	stiffness matrix reformations = 1
	step from line search         = 1.000000
	convergence norms :     INITIAL         CURRENT         REQUIRED
	   residual            1.134257e+02    5.266671e-09    0.000000e+00 
	   energy              6.290889e-01    1.952646e-06    6.290889e-03 
	   displacement        2.979078e-02    2.979078e-02    2.979078e-08 
 2
 Nonlinear solution status: time= 4.3
	stiffness updates             = 1
	right hand side evaluations   = 3
	stiffness matrix reformations = 1
	step from line search         = 1.000000
	convergence norms :     INITIAL         CURRENT         REQUIRED
	   residual            1.134257e+02    1.032183e-14    0.000000e+00 
	   energy              6.290889e-01    9.662607e-14    6.290889e-03 
	   displacement        2.979078e-02    1.651378e-11    2.979032e-08 

convergence summary
    number of iterations   : 2
    number of reformations : 1

------- converged at time : 4.3


Data Record #1
===========================================================================
Step = 43
Time = 4.3
Data = ux;uy;uz
File = parameter_sweeps/tmax3_disp.txt

Data Record #2
===========================================================================
Step = 43
Time = 4.3
Data = sz;J
File = parameter_sweeps/tmax3_stress.txt

===== beginning time step 44 : 4.4 =====


Reforming stiffness matrix: reformation #1

 1
 Nonlinear solution status: time= 4.4
	stiffness updates             = 0
	right hand side evaluations   = 2
	stiffness matrix reformations = 1
	step from line search         = 1.000000
	convergence norms :     INITIAL         CURRENT         REQUIRED
	   residual            1.129159e+02    6.725520e-09    0.000000e+00 
	   energy              6.194786e-01    1.936150e-06    6.194786e-03 
	   displacement        2.926254e-02    2.926254e-02    2.926254e-08 
 2
 Nonlinear solution status: time= 4.4
	stiffness updates             = 1
	right hand side evaluations   = 3
	stiffness matrix reformations = 1
	step from line search         = 1.000000
	convergence norms :     INITIAL         CURRENT         REQUIRED
	   residual            1.129159e+02    1.376752e-14    0.000000e+00 
	   energy              6.194786e-01    9.926737e-14    6.194786e-03 
	   displacement        2.926254e-02    1.611193e-11    2.926208e-08 

convergence summary
    number of iterations   : 2
    number of reformations : 1

------- converged at time : 4.4


Data Record #1
===========================================================================
Step = 44
Time = 4.4
Data = ux;uy;uz
File = parameter_sweeps/tmax3_disp.txt

Data Record #2
===========================================================================
Step = 44
Time = 4.4
Data = sz;J
File = parameter_sweeps/tmax3_stress.txt

===== beginning time step 45 : 4.5 =====


Reforming stiffness matrix: reformation #1

 1
 Nonlinear solution status: time= 4.5
	stiffness updates             = 0
	right hand side evaluations   = 2
	stiffness matrix reformations = 1
	step from line search         = 1.000000
	convergence norms :     INITIAL         CURRENT         REQUIRED
	   residual            1.118866e+02    8.928744e-09    0.000000e+00 
	   energy              6.066439e-01    1.852687e-06    6.066439e-03 
	   displacement        2.854328e-02    2.854328e-02    2.854328e-08 
 2
 Nonlinear solution status: time= 4.5
	stiffness updates             = 1
	right hand side evaluations   = 3
	stiffness matrix reformations = 1
	step from line search         = 1.000000
	convergence norms :     INITIAL         CURRENT         REQUIRED
	   residual            1.118866e+02    1.997764e-14    0.000000e+00 
	   energy              6.066439e-01    1.076556e-13    6.066439e-03 
	   displacement        2.854328e-02    1.514785e-11    2.854286e-08 

convergence summary
    number of iterations   : 2
    number of reformations : 1

------- converged at time : 4.5


Data Record #1
===========================================================================
Step = 45
Time = 4.5
Data = ux;uy;uz
File = parameter_sweeps/tmax3_disp.txt

Data Record #2
===========================================================================
Step = 45
Time = 4.5
Data = sz;J
File = parameter_sweeps/tmax3_stress.txt

===== beginning time step 46 : 4.6 =====


Reforming stiffness matrix: reformation #1

 1
 Nonlinear solution status: time= 4.6
	stiffness updates             = 0
	right hand side evaluations   = 2
	stiffness matrix reformations = 1
	step from line search         = 1.000000
	convergence norms :     INITIAL         CURRENT         REQUIRED
	   residual            1.105061e+02    1.162235e-08    0.000000e+00 
	   energy              5.908969e-01    1.760327e-06    5.908969e-03 
	   displacement        2.762501e-02    2.762501e-02    2.762501e-08 
 2
 Nonlinear solution status: time= 4.6
	stiffness updates             = 1
	right hand side evaluations   = 3
	stiffness matrix reformations = 1
	step from line search         = 1.000000
	convergence norms :     INITIAL         CURRENT         REQUIRED
	   residual            1.105061e+02    2.840309e-14    0.000000e+00 
	   energy              5.908969e-01    1.202475e-13    5.908969e-03 
	   displacement        2.762501e-02    1.532311e-11    2.762462e-08 

convergence summary
    number of iterations   : 2
    number of reformations : 1

------- converged at time : 4.6


Data Record #1
===========================================================================
Step = 46
Time = 4.6
Data = ux;uy;uz
File = parameter_sweeps/tmax3_disp.txt

Data Record #2
===========================================================================
Step = 46
Time = 4.6
Data = sz;J
File = parameter_sweeps/tmax3_stress.txt

===== beginning time step 47 : 4.7 =====


Reforming stiffness matrix: reformation #1

 1
 Nonlinear solution status: time= 4.7
	stiffness updates             = 0
	right hand side evaluations   = 2
	stiffness matrix reformations = 1
	step from line search         = 1.000000
	convergence norms :     INITIAL         CURRENT         REQUIRED
	   residual            1.089416e+02    1.560929e-08    0.000000e+00 
	   energy              5.725584e-01    1.676854e-06    5.725584e-03 
	   displacement        2.652067e-02    2.652067e-02    2.652067e-08 
 2
 Nonlinear solution status: time= 4.7
	stiffness updates             = 1
	right hand side evaluations   = 3
	stiffness matrix reformations = 1
	step from line search         = 1.000000
	convergence norms :     INITIAL         CURRENT         REQUIRED
	   residual            1.089416e+02    3.868790e-14    0.000000e+00 
	   energy              5.725584e-01    1.317178e-13    5.725584e-03 
	   displacement        2.652067e-02    1.628793e-11    2.652030e-08 

convergence summary
    number of iterations   : 2
    number of reformations : 1

------- converged at time : 4.7


Data Record #1
===========================================================================
Step = 47
Time = 4.7
Data = ux;uy;uz
File = parameter_sweeps/tmax3_disp.txt

Data Record #2
===========================================================================
Step = 47
Time = 4.7
Data = sz;J
File = parameter_sweeps/tmax3_stress.txt

===== beginning time step 48 : 4.8 =====


Reforming stiffness matrix: reformation #1

 1
 Nonlinear solution status: time= 4.8
	stiffness updates             = 0
	right hand side evaluations   = 2
	stiffness matrix reformations = 1
	step from line search         = 1.000000
	convergence norms :     INITIAL         CURRENT         REQUIRED
	   residual            1.071646e+02    2.001058e-08    0.000000e+00 
	   energy              5.521225e-01    1.580485e-06    5.521225e-03 
	   displacement        2.528481e-02    2.528481e-02    2.528481e-08 
 2
 Nonlinear solution status: time= 4.8
	stiffness updates             = 1
	right hand side evaluations   = 3
	stiffness matrix reformations = 1
	step from line search         = 1.000000
	convergence norms :     INITIAL         CURRENT         REQUIRED
	   residual            1.071646e+02    4.964183e-14    0.000000e+00 
	   energy              5.521225e-01    1.410419e-13    5.521225e-03 
	   displacement        2.528481e-02    1.696374e-11    2.528449e-08 

convergence summary
    number of iterations   : 2
    number of reformations : 1

------- converged at time : 4.8


Data Record #1
===========================================================================
Step = 48
Time = 4.8
Data = ux;uy;uz
File = parameter_sweeps/tmax3_disp.txt

Data Record #2
===========================================================================
Step = 48
Time = 4.8
Data = sz;J
File = parameter_sweeps/tmax3_stress.txt

===== beginning time step 49 : 4.9 =====


Reforming stiffness matrix: reformation #1

 1
 Nonlinear solution status: time= 4.9
	stiffness updates             = 0
	right hand side evaluations   = 2
	stiffness matrix reformations = 1
	step from line search         = 1.000000
	convergence norms :     INITIAL         CURRENT         REQUIRED
	   residual            1.048702e+02    2.476677e-08    0.000000e+00 
	   energy              5.300937e-01    1.476332e-06    5.300937e-03 
	   displacement        2.401777e-02    2.401777e-02    2.401777e-08 
 2
 Nonlinear solution status: time= 4.9
	stiffness updates             = 1
	right hand side evaluations   = 3
	stiffness matrix reformations = 1
	step from line search         = 1.000000
	convergence norms :     INITIAL         CURRENT         REQUIRED
	   residual            1.048702e+02    6.406516e-14    0.000000e+00 
	   energy              5.300937e-01    1.529273e-13    5.300937e-03 
	   displacement        2.401777e-02    1.687947e-11    2.401752e-08 

convergence summary
    number of iterations   : 2
    number of reformations : 1

------- converged at time : 4.9


Data Record #1
===========================================================================
Step = 49
Time = 4.9
Data = ux;uy;uz
File = parameter_sweeps/tmax3_disp.txt

Data Record #2
===========================================================================
Step = 49
Time = 4.9
Data = sz;J
File = parameter_sweeps/tmax3_stress.txt

===== beginning time step 50 : 5 =====


Reforming stiffness matrix: reformation #1

 1
 Nonlinear solution status: time= 5
	stiffness updates             = 0
	right hand side evaluations   = 2
	stiffness matrix reformations = 1
	step from line search         = 1.000000
	convergence norms :     INITIAL         CURRENT         REQUIRED
	   residual            1.016637e+02    2.965976e-08    0.000000e+00 
	   energy              5.068147e-01    1.359571e-06    5.068147e-03 
	   displacement        2.278653e-02    2.278653e-02    2.278653e-08 
 2
 Nonlinear solution status: time= 5
	stiffness updates             = 1
	right hand side evaluations   = 3
	stiffness matrix reformations = 1
	step from line search         = 1.000000
	convergence norms :     INITIAL         CURRENT         REQUIRED
	   residual            1.016637e+02    7.414013e-14    0.000000e+00 
	   energy              5.068147e-01    1.767987e-13    5.068147e-03 
	   displacement        2.278653e-02    1.664885e-11    2.278635e-08 

convergence summary
    number of iterations   : 2
    number of reformations : 1

------- converged at time : 5


Data Record #1
===========================================================================
Step = 50
Time = 5
Data = ux;uy;uz
File = parameter_sweeps/tmax3_disp.txt

Data Record #2
===========================================================================
Step = 50
Time = 5
Data = sz;J
File = parameter_sweeps/tmax3_stress.txt

===== beginning time step 51 : 5.1 =====


Reforming stiffness matrix: reformation #1

 1
 Nonlinear solution status: time= 5.1
	stiffness updates             = 0
	right hand side evaluations   = 2
	stiffness matrix reformations = 1
	step from line search         = 1.000000
	convergence norms :     INITIAL         CURRENT         REQUIRED
	   residual            9.730869e+01    3.153355e-08    0.000000e+00 
	   energy              4.825847e-01    1.251719e-06    4.825847e-03 
	   displacement        2.161354e-02    2.161354e-02    2.161354e-08 
 2
 Nonlinear solution status: time= 5.1
	stiffness updates             = 1
	right hand side evaluations   = 3
	stiffness matrix reformations = 1
	step from line search         = 1.000000
	convergence norms :     INITIAL         CURRENT         REQUIRED
	   residual            9.730869e+01    8.512870e-14    0.000000e+00 
	   energy              4.825847e-01    1.946455e-13    4.825847e-03 
	   displacement        2.161354e-02    1.586681e-11    2.161342e-08 

convergence summary
    number of iterations   : 2
    number of reformations : 1

------- converged at time : 5.1


Data Record #1
===========================================================================
Step = 51
Time = 5.1
Data = ux;uy;uz
File = parameter_sweeps/tmax3_disp.txt

Data Record #2
===========================================================================
Step = 51
Time = 5.1
Data = sz;J
File = parameter_sweeps/tmax3_stress.txt

===== beginning time step 52 : 5.2 =====


Reforming stiffness matrix: reformation #1

 1
 Nonlinear solution status: time= 5.2
	stiffness updates             = 0
	right hand side evaluations   = 2
	stiffness matrix reformations = 1
	step from line search         = 1.000000
	convergence norms :     INITIAL         CURRENT         REQUIRED
	   residual            9.206819e+01    3.191192e-08    0.000000e+00 
	   energy              4.576872e-01    1.192210e-06    4.576872e-03 
	   displacement        2.051114e-02    2.051114e-02    2.051114e-08 
 2
 Nonlinear solution status: time= 5.2
	stiffness updates             = 1
	right hand side evaluations   = 3
	stiffness matrix reformations = 1
	step from line search         = 1.000000
	convergence norms :     INITIAL         CURRENT         REQUIRED
	   residual            9.206819e+01    9.330063e-14    0.000000e+00 
	   energy              4.576872e-01    2.061802e-13    4.576872e-03 
	   displacement        2.051114e-02    1.523836e-11    2.051104e-08 

convergence summary
    number of iterations   : 2
    number of reformations : 1

------- converged at time : 5.2


Data Record #1
===========================================================================
Step = 52
Time = 5.2
Data = ux;uy;uz
File = parameter_sweeps/tmax3_disp.txt

Data Record #2
===========================================================================
Step = 52
Time = 5.2
Data = sz;J
File = parameter_sweeps/tmax3_stress.txt

===== beginning time step 53 : 5.3 =====


Reforming stiffness matrix: reformation #1

 1
 Nonlinear solution status: time= 5.3
	stiffness updates             = 0
	right hand side evaluations   = 2
	stiffness matrix reformations = 1
	step from line search         = 1.000000
	convergence norms :     INITIAL         CURRENT         REQUIRED
	   residual            8.641772e+01    2.903767e-08    0.000000e+00 
	   energy              4.323070e-01    1.166368e-06    4.323070e-03 
	   displacement        1.946390e-02    1.946390e-02    1.946390e-08 
 2
 Nonlinear solution status: time= 5.3
	stiffness updates             = 1
	right hand side evaluations   = 3
	stiffness matrix reformations = 1
	step from line search         = 1.000000
	convergence norms :     INITIAL         CURRENT         REQUIRED
	   residual            8.641772e+01    8.009169e-14    0.000000e+00 
	   energy              4.323070e-01    2.138940e-13    4.323070e-03 
	   displacement        1.946390e-02    1.518781e-11    1.946383e-08 

convergence summary
    number of iterations   : 2
    number of reformations : 1

------- converged at time : 5.3


Data Record #1
===========================================================================
Step = 53
Time = 5.3
Data = ux;uy;uz
File = parameter_sweeps/tmax3_disp.txt

Data Record #2
===========================================================================
Step = 53
Time = 5.3
Data = sz;J
File = parameter_sweeps/tmax3_stress.txt

===== beginning time step 54 : 5.4 =====


Reforming stiffness matrix: reformation #1

 1
 Nonlinear solution status: time= 5.4
	stiffness updates             = 0
	right hand side evaluations   = 2
	stiffness matrix reformations = 1
	step from line search         = 1.000000
	convergence norms :     INITIAL         CURRENT         REQUIRED
	   residual            8.054727e+01    2.447080e-08    0.000000e+00 
	   energy              4.065570e-01    1.125684e-06    4.065570e-03 
	   displacement        1.841583e-02    1.841583e-02    1.841583e-08 
 2
 Nonlinear solution status: time= 5.4
	stiffness updates             = 1
	right hand side evaluations   = 3
	stiffness matrix reformations = 1
	step from line search         = 1.000000
	convergence norms :     INITIAL         CURRENT         REQUIRED
	   residual            8.054727e+01    6.589809e-14    0.000000e+00 
	   energy              4.065570e-01    2.102230e-13    4.065570e-03 
	   displacement        1.841583e-02    1.489890e-11    1.841575e-08 

convergence summary
    number of iterations   : 2
    number of reformations : 1

------- converged at time : 5.4


Data Record #1
===========================================================================
Step = 54
Time = 5.4
Data = ux;uy;uz
File = parameter_sweeps/tmax3_disp.txt

Data Record #2
===========================================================================
Step = 54
Time = 5.4
Data = sz;J
File = parameter_sweeps/tmax3_stress.txt

===== beginning time step 55 : 5.5 =====


Reforming stiffness matrix: reformation #1

 1
 Nonlinear solution status: time= 5.5
	stiffness updates             = 0
	right hand side evaluations   = 2
	stiffness matrix reformations = 1
	step from line search         = 1.000000
	convergence norms :     INITIAL         CURRENT         REQUIRED
	   residual            7.453993e+01    1.742810e-08    0.000000e+00 
	   energy              3.806953e-01    1.034799e-06    3.806953e-03 
	   displacement        1.734780e-02    1.734780e-02    1.734780e-08 
 2
 Nonlinear solution status: time= 5.5
	stiffness updates             = 1
	right hand side evaluations   = 3
	stiffness matrix reformations = 1
	step from line search         = 1.000000
	convergence norms :     INITIAL         CURRENT         REQUIRED
	   residual            7.453993e+01    5.094123e-14    0.000000e+00 
	   energy              3.806953e-01    1.842140e-13    3.806953e-03 
	   displacement        1.734780e-02    1.413049e-11    1.734769e-08 

convergence summary
    number of iterations   : 2
    number of reformations : 1

------- converged at time : 5.5


Data Record #1
===========================================================================
Step = 55
Time = 5.5
Data = ux;uy;uz
File = parameter_sweeps/tmax3_disp.txt

Data Record #2
===========================================================================
Step = 55
Time = 5.5
Data = sz;J
File = parameter_sweeps/tmax3_stress.txt

===== beginning time step 56 : 5.6 =====


Reforming stiffness matrix: reformation #1

 1
 Nonlinear solution status: time= 5.6
	stiffness updates             = 0
	right hand side evaluations   = 2
	stiffness matrix reformations = 1
	step from line search         = 1.000000
	convergence norms :     INITIAL         CURRENT         REQUIRED
	   residual            6.847674e+01    1.125445e-08    0.000000e+00 
	   energy              3.551413e-01    9.423076e-07    3.551413e-03 
	   displacement        1.630883e-02    1.630883e-02    1.630883e-08 
 2
 Nonlinear solution status: time= 5.6
	stiffness updates             = 1
	right hand side evaluations   = 3
	stiffness matrix reformations = 1
	step from line search         = 1.000000
	convergence norms :     INITIAL         CURRENT         REQUIRED
	   residual            6.847674e+01    3.424130e-14    0.000000e+00 
	   energy              3.551413e-01    1.498142e-13    3.551413e-03 
	   displacement        1.630883e-02    1.332482e-11    1.630867e-08 

convergence summary
    number of iterations   : 2
    number of reformations : 1

------- converged at time : 5.6


Data Record #1
===========================================================================
Step = 56
Time = 5.6
Data = ux;uy;uz
File = parameter_sweeps/tmax3_disp.txt

Data Record #2
===========================================================================
Step = 56
Time = 5.6
Data = sz;J
File = parameter_sweeps/tmax3_stress.txt

===== beginning time step 57 : 5.7 =====


Reforming stiffness matrix: reformation #1

 1
 Nonlinear solution status: time= 5.7
	stiffness updates             = 0
	right hand side evaluations   = 2
	stiffness matrix reformations = 1
	step from line search         = 1.000000
	convergence norms :     INITIAL         CURRENT         REQUIRED
	   residual            6.247716e+01    7.694462e-09    0.000000e+00 
	   energy              3.303624e-01    9.580041e-07    3.303624e-03 
	   displacement        1.532622e-02    1.532622e-02    1.532622e-08 
 2
 Nonlinear solution status: time= 5.7
	stiffness updates             = 1
	right hand side evaluations   = 3
	stiffness matrix reformations = 1
	step from line search         = 1.000000
	convergence norms :     INITIAL         CURRENT         REQUIRED
	   residual            6.247716e+01    2.250223e-14    0.000000e+00 
	   energy              3.303624e-01    1.395281e-13    3.303624e-03 
	   displacement        1.532622e-02    1.448143e-11    1.532602e-08 

convergence summary
    number of iterations   : 2
    number of reformations : 1

------- converged at time : 5.7


Data Record #1
===========================================================================
Step = 57
Time = 5.7
Data = ux;uy;uz
File = parameter_sweeps/tmax3_disp.txt

Data Record #2
===========================================================================
Step = 57
Time = 5.7
Data = sz;J
File = parameter_sweeps/tmax3_stress.txt

===== beginning time step 58 : 5.8 =====


Reforming stiffness matrix: reformation #1

 1
 Nonlinear solution status: time= 5.8
	stiffness updates             = 0
	right hand side evaluations   = 2
	stiffness matrix reformations = 1
	step from line search         = 1.000000
	convergence norms :     INITIAL         CURRENT         REQUIRED
	   residual            5.683330e+01    5.484010e-09    0.000000e+00 
	   energy              3.068823e-01    1.098993e-06    3.068823e-03 
	   displacement        1.439247e-02    1.439247e-02    1.439247e-08 
 2
 Nonlinear solution status: time= 5.8
	stiffness updates             = 1
	right hand side evaluations   = 3
	stiffness matrix reformations = 1
	step from line search         = 1.000000
	convergence norms :     INITIAL         CURRENT         REQUIRED
	   residual            5.683330e+01    1.738796e-14    0.000000e+00 
	   energy              3.068823e-01    1.293931e-13    3.068823e-03 
	   displacement        1.439247e-02    1.584476e-11    1.439220e-08 

convergence summary
    number of iterations   : 2
    number of reformations : 1

------- converged at time : 5.8


Data Record #1
===========================================================================
Step = 58
Time = 5.8
Data = ux;uy;uz
File = parameter_sweeps/tmax3_disp.txt

Data Record #2
===========================================================================
Step = 58
Time = 5.8
Data = sz;J
File = parameter_sweeps/tmax3_stress.txt

===== beginning time step 59 : 5.9 =====


Reforming stiffness matrix: reformation #1

 1
 Nonlinear solution status: time= 5.9
	stiffness updates             = 0
	right hand side evaluations   = 2
	stiffness matrix reformations = 1
	step from line search         = 1.000000
	convergence norms :     INITIAL         CURRENT         REQUIRED
	   residual            5.173365e+01    3.481657e-09    0.000000e+00 
	   energy              2.852084e-01    1.303374e-06    2.852084e-03 
	   displacement        1.351591e-02    1.351591e-02    1.351591e-08 
 2
 Nonlinear solution status: time= 5.9
	stiffness updates             = 1
	right hand side evaluations   = 3
	stiffness matrix reformations = 1
	step from line search         = 1.000000
	convergence norms :     INITIAL         CURRENT         REQUIRED
	   residual            5.173365e+01    1.396988e-14    0.000000e+00 
	   energy              2.852084e-01    1.205317e-13    2.852084e-03 
	   displacement        1.351591e-02    1.674784e-11    1.351558e-08 

convergence summary
    number of iterations   : 2
    number of reformations : 1

------- converged at time : 5.9


Data Record #1
===========================================================================
Step = 59
Time = 5.9
Data = ux;uy;uz
File = parameter_sweeps/tmax3_disp.txt

Data Record #2
===========================================================================
Step = 59
Time = 5.9
Data = sz;J
File = parameter_sweeps/tmax3_stress.txt

===== beginning time step 60 : 6 =====


Reforming stiffness matrix: reformation #1

 1
 Nonlinear solution status: time= 6
	stiffness updates             = 0
	right hand side evaluations   = 2
	stiffness matrix reformations = 1
	step from line search         = 1.000000
	convergence norms :     INITIAL         CURRENT         REQUIRED
	   residual            4.709713e+01    3.188720e-09    0.000000e+00 
	   energy              2.656138e-01    1.510531e-06    2.656138e-03 
	   displacement        1.272042e-02    1.272042e-02    1.272042e-08 
 2
 Nonlinear solution status: time= 6
	stiffness updates             = 1
	right hand side evaluations   = 3
	stiffness matrix reformations = 1
	step from line search         = 1.000000
	convergence norms :     INITIAL         CURRENT         REQUIRED
	   residual            4.709713e+01    1.132119e-14    0.000000e+00 
	   energy              2.656138e-01    1.084624e-13    2.656138e-03 
	   displacement        1.272042e-02    1.776281e-11    1.272002e-08 

convergence summary
    number of iterations   : 2
    number of reformations : 1

------- converged at time : 6


Data Record #1
===========================================================================
Step = 60
Time = 6
Data = ux;uy;uz
File = parameter_sweeps/tmax3_disp.txt

Data Record #2
===========================================================================
Step = 60
Time = 6
Data = sz;J
File = parameter_sweeps/tmax3_stress.txt

===== beginning time step 61 : 6.1 =====


Reforming stiffness matrix: reformation #1

 1
 Nonlinear solution status: time= 6.1
	stiffness updates             = 0
	right hand side evaluations   = 2
	stiffness matrix reformations = 1
	step from line search         = 1.000000
	convergence norms :     INITIAL         CURRENT         REQUIRED
	   residual            4.267205e+01    3.592989e-09    0.000000e+00 
	   energy              2.479840e-01    1.661788e-06    2.479840e-03 
	   displacement        1.206462e-02    1.206462e-02    1.206462e-08 
 2
 Nonlinear solution status: time= 6.1
	stiffness updates             = 1
	right hand side evaluations   = 3
	stiffness matrix reformations = 1
	step from line search         = 1.000000
	convergence norms :     INITIAL         CURRENT         REQUIRED
	   residual            4.267205e+01    9.817466e-15    0.000000e+00 
	   energy              2.479840e-01    1.014467e-13    2.479840e-03 
	   displacement        1.206462e-02    1.915137e-11    1.206416e-08 

convergence summary
    number of iterations   : 2
    number of reformations : 1

------- converged at time : 6.1


Data Record #1
===========================================================================
Step = 61
Time = 6.1
Data = ux;uy;uz
File = parameter_sweeps/tmax3_disp.txt

Data Record #2
===========================================================================
Step = 61
Time = 6.1
Data = sz;J
File = parameter_sweeps/tmax3_stress.txt

===== beginning time step 62 : 6.2 =====


Reforming stiffness matrix: reformation #1

 1
 Nonlinear solution status: time= 6.2
	stiffness updates             = 0
	right hand side evaluations   = 2
	stiffness matrix reformations = 1
	step from line search         = 1.000000
	convergence norms :     INITIAL         CURRENT         REQUIRED
	   residual            3.830656e+01    3.764642e-09    0.000000e+00 
	   energy              2.317553e-01    1.719515e-06    2.317553e-03 
	   displacement        1.154582e-02    1.154582e-02    1.154582e-08 
 2
 Nonlinear solution status: time= 6.2
	stiffness updates             = 1
	right hand side evaluations   = 3
	stiffness matrix reformations = 1
	step from line search         = 1.000000
	convergence norms :     INITIAL         CURRENT         REQUIRED
	   residual            3.830656e+01    8.639297e-15    0.000000e+00 
	   energy              2.317553e-01    9.883640e-14    2.317553e-03 
	   displacement        1.154582e-02    1.998588e-11    1.154534e-08 

convergence summary
    number of iterations   : 2
    number of reformations : 1

------- converged at time : 6.2


Data Record #1
===========================================================================
Step = 62
Time = 6.2
Data = ux;uy;uz
File = parameter_sweeps/tmax3_disp.txt

Data Record #2
===========================================================================
Step = 62
Time = 6.2
Data = sz;J
File = parameter_sweeps/tmax3_stress.txt

===== beginning time step 63 : 6.3 =====


Reforming stiffness matrix: reformation #1

 1
 Nonlinear solution status: time= 6.3
	stiffness updates             = 0
	right hand side evaluations   = 2
	stiffness matrix reformations = 1
	step from line search         = 1.000000
	convergence norms :     INITIAL         CURRENT         REQUIRED
	   residual            3.414593e+01    6.129242e-09    0.000000e+00 
	   energy              2.160175e-01    1.758628e-06    2.160175e-03 
	   displacement        1.103997e-02    1.103997e-02    1.103997e-08 
 2
 Nonlinear solution status: time= 6.3
	stiffness updates             = 1
	right hand side evaluations   = 3
	stiffness matrix reformations = 1
	step from line search         = 1.000000
	convergence norms :     INITIAL         CURRENT         REQUIRED
	   residual            3.414593e+01    1.254253e-14    0.000000e+00 
	   energy              2.160175e-01    1.077393e-13    2.160175e-03 
	   displacement        1.103997e-02    2.032207e-11    1.103949e-08 

convergence summary
    number of iterations   : 2
    number of reformations : 1

------- converged at time : 6.3


Data Record #1
===========================================================================
Step = 63
Time = 6.3
Data = ux;uy;uz
File = parameter_sweeps/tmax3_disp.txt

Data Record #2
===========================================================================
Step = 63
Time = 6.3
Data = sz;J
File = parameter_sweeps/tmax3_stress.txt

===== beginning time step 64 : 6.4 =====


Reforming stiffness matrix: reformation #1

 1
 Nonlinear solution status: time= 6.4
	stiffness updates             = 0
	right hand side evaluations   = 2
	stiffness matrix reformations = 1
	step from line search         = 1.000000
	convergence norms :     INITIAL         CURRENT         REQUIRED
	   residual            3.037259e+01    7.975148e-09    0.000000e+00 
	   energy              1.996899e-01    1.818592e-06    1.996899e-03 
	   displacement        1.042634e-02    1.042634e-02    1.042634e-08 
 2
 Nonlinear solution status: time= 6.4
	stiffness updates             = 1
	right hand side evaluations   = 3
	stiffness matrix reformations = 1
	step from line search         = 1.000000
	convergence norms :     INITIAL         CURRENT         REQUIRED
	   residual            3.037259e+01    1.618360e-14    0.000000e+00 
	   energy              1.996899e-01    1.103905e-13    1.996899e-03 
	   displacement        1.042634e-02    2.070539e-11    1.042588e-08 

convergence summary
    number of iterations   : 2
    number of reformations : 1

------- converged at time : 6.4


Data Record #1
===========================================================================
Step = 64
Time = 6.4
Data = ux;uy;uz
File = parameter_sweeps/tmax3_disp.txt

Data Record #2
===========================================================================
Step = 64
Time = 6.4
Data = sz;J
File = parameter_sweeps/tmax3_stress.txt

===== beginning time step 65 : 6.5 =====


Reforming stiffness matrix: reformation #1

 1
 Nonlinear solution status: time= 6.5
	stiffness updates             = 0
	right hand side evaluations   = 2
	stiffness matrix reformations = 1
	step from line search         = 1.000000
	convergence norms :     INITIAL         CURRENT         REQUIRED
	   residual            2.692997e+01    8.821987e-09    0.000000e+00 
	   energy              1.819223e-01    1.855794e-06    1.819223e-03 
	   displacement        9.651297e-03    9.651297e-03    9.651297e-09 
 2
 Nonlinear solution status: time= 6.5
	stiffness updates             = 1
	right hand side evaluations   = 3
	stiffness matrix reformations = 1
	step from line search         = 1.000000
	convergence norms :     INITIAL         CURRENT         REQUIRED
	   residual            2.692997e+01    1.794755e-14    0.000000e+00 
	   energy              1.819223e-01    1.126693e-13    1.819223e-03 
	   displacement        9.651297e-03    2.187098e-11    9.650836e-09 

convergence summary
    number of iterations   : 2
    number of reformations : 1

------- converged at time : 6.5


Data Record #1
===========================================================================
Step = 65
Time = 6.5
Data = ux;uy;uz
File = parameter_sweeps/tmax3_disp.txt

Data Record #2
===========================================================================
Step = 65
Time = 6.5
Data = sz;J
File = parameter_sweeps/tmax3_stress.txt

===== beginning time step 66 : 6.6 =====


Reforming stiffness matrix: reformation #1

 1
 Nonlinear solution status: time= 6.6
	stiffness updates             = 0
	right hand side evaluations   = 2
	stiffness matrix reformations = 1
	step from line search         = 1.000000
	convergence norms :     INITIAL         CURRENT         REQUIRED
	   residual            2.360904e+01    9.701948e-09    0.000000e+00 
	   energy              1.624147e-01    1.786349e-06    1.624147e-03 
	   displacement        8.712642e-03    8.712642e-03    8.712642e-09 
 2
 Nonlinear solution status: time= 6.6
	stiffness updates             = 1
	right hand side evaluations   = 3
	stiffness matrix reformations = 1
	step from line search         = 1.000000
	convergence norms :     INITIAL         CURRENT         REQUIRED
	   residual            2.360904e+01    1.718851e-14    0.000000e+00 
	   energy              1.624147e-01    1.130053e-13    1.624147e-03 
	   displacement        8.712642e-03    2.152331e-11    8.712201e-09 

convergence summary
    number of iterations   : 2
    number of reformations : 1

------- converged at time : 6.6


Data Record #1
===========================================================================
Step = 66
Time = 6.6
Data = ux;uy;uz
File = parameter_sweeps/tmax3_disp.txt

Data Record #2
===========================================================================
Step = 66
Time = 6.6
Data = sz;J
File = parameter_sweeps/tmax3_stress.txt

===== beginning time step 67 : 6.7 =====


Reforming stiffness matrix: reformation #1

 1
 Nonlinear solution status: time= 6.7
	stiffness updates             = 0
	right hand side evaluations   = 2
	stiffness matrix reformations = 1
	step from line search         = 1.000000
	convergence norms :     INITIAL         CURRENT         REQUIRED
	   residual            2.033653e+01    8.345975e-09    0.000000e+00 
	   energy              1.414900e-01    1.571247e-06    1.414900e-03 
	   displacement        7.650343e-03    7.650343e-03    7.650343e-09 
 2
 Nonlinear solution status: time= 6.7
	stiffness updates             = 1
	right hand side evaluations   = 3
	stiffness matrix reformations = 1
	step from line search         = 1.000000
	convergence norms :     INITIAL         CURRENT         REQUIRED
	   residual            2.033653e+01    1.707293e-14    0.000000e+00 
	   energy              1.414900e-01    9.846373e-14    1.414900e-03 
	   displacement        7.650343e-03    1.754628e-11    7.649972e-09 

convergence summary
    number of iterations   : 2
    number of reformations : 1

------- converged at time : 6.7


Data Record #1
===========================================================================
Step = 67
Time = 6.7
Data = ux;uy;uz
File = parameter_sweeps/tmax3_disp.txt

Data Record #2
===========================================================================
Step = 67
Time = 6.7
Data = sz;J
File = parameter_sweeps/tmax3_stress.txt

===== beginning time step 68 : 6.8 =====


Reforming stiffness matrix: reformation #1

 1
 Nonlinear solution status: time= 6.8
	stiffness updates             = 0
	right hand side evaluations   = 2
	stiffness matrix reformations = 1
	step from line search         = 1.000000
	convergence norms :     INITIAL         CURRENT         REQUIRED
	   residual            1.718313e+01    7.469784e-09    0.000000e+00 
	   energy              1.199218e-01    1.299081e-06    1.199218e-03 
	   displacement        6.504981e-03    6.504981e-03    6.504981e-09 
 2
 Nonlinear solution status: time= 6.8
	stiffness updates             = 1
	right hand side evaluations   = 3
	stiffness matrix reformations = 1
	step from line search         = 1.000000
	convergence norms :     INITIAL         CURRENT         REQUIRED
	   residual            1.718313e+01    1.780416e-14    0.000000e+00 
	   energy              1.199218e-01    9.849519e-14    1.199218e-03 
	   displacement        6.504981e-03    1.500263e-11    6.504672e-09 

convergence summary
    number of iterations   : 2
    number of reformations : 1

------- converged at time : 6.8


Data Record #1
===========================================================================
Step = 68
Time = 6.8
Data = ux;uy;uz
File = parameter_sweeps/tmax3_disp.txt

Data Record #2
===========================================================================
Step = 68
Time = 6.8
Data = sz;J
File = parameter_sweeps/tmax3_stress.txt

===== beginning time step 69 : 6.9 =====


Reforming stiffness matrix: reformation #1

 1
 Nonlinear solution status: time= 6.9
	stiffness updates             = 0
	right hand side evaluations   = 2
	stiffness matrix reformations = 1
	step from line search         = 1.000000
	convergence norms :     INITIAL         CURRENT         REQUIRED
	   residual            1.421851e+01    6.510444e-09    0.000000e+00 
	   energy              9.870523e-02    1.071562e-06    9.870523e-04 
	   displacement        5.336510e-03    5.336510e-03    5.336510e-09 
 2
 Nonlinear solution status: time= 6.9
	stiffness updates             = 1
	right hand side evaluations   = 3
	stiffness matrix reformations = 1
	step from line search         = 1.000000
	convergence norms :     INITIAL         CURRENT         REQUIRED
	   residual            1.421851e+01    1.652135e-14    0.000000e+00 
	   energy              9.870523e-02    1.019992e-13    9.870523e-04 
	   displacement        5.336510e-03    1.410963e-11    5.336223e-09 

convergence summary
    number of iterations   : 2
    number of reformations : 1

------- converged at time : 6.9


Data Record #1
===========================================================================
Step = 69
Time = 6.9
Data = ux;uy;uz
File = parameter_sweeps/tmax3_disp.txt

Data Record #2
===========================================================================
Step = 69
Time = 6.9
Data = sz;J
File = parameter_sweeps/tmax3_stress.txt

===== beginning time step 70 : 7 =====


Reforming stiffness matrix: reformation #1

 1
 Nonlinear solution status: time= 7
	stiffness updates             = 0
	right hand side evaluations   = 2
	stiffness matrix reformations = 1
	step from line search         = 1.000000
	convergence norms :     INITIAL         CURRENT         REQUIRED
	   residual            1.152211e+01    6.964699e-09    0.000000e+00 
	   energy              7.890055e-02    9.249341e-07    7.890055e-04 
	   displacement        4.241672e-03    4.241672e-03    4.241672e-09 
 2
 Nonlinear solution status: time= 7
	stiffness updates             = 1
	right hand side evaluations   = 3
	stiffness matrix reformations = 1
	step from line search         = 1.000000
	convergence norms :     INITIAL         CURRENT         REQUIRED
	   residual            1.152211e+01    1.770144e-14    0.000000e+00 
	   energy              7.890055e-02    1.070425e-13    7.890055e-04 
	   displacement        4.241672e-03    1.366797e-11    4.241402e-09 

convergence summary
    number of iterations   : 2
    number of reformations : 1

------- converged at time : 7


Data Record #1
===========================================================================
Step = 70
Time = 7
Data = ux;uy;uz
File = parameter_sweeps/tmax3_disp.txt

Data Record #2
===========================================================================
Step = 70
Time = 7
Data = sz;J
File = parameter_sweeps/tmax3_stress.txt

===== beginning time step 71 : 7.1 =====


Reforming stiffness matrix: reformation #1

 1
 Nonlinear solution status: time= 7.1
	stiffness updates             = 0
	right hand side evaluations   = 2
	stiffness matrix reformations = 1
	step from line search         = 1.000000
	convergence norms :     INITIAL         CURRENT         REQUIRED
	   residual            9.130595e+00    7.208438e-09    0.000000e+00 
	   energy              6.142648e-02    8.382469e-07    6.142648e-04 
	   displacement        3.296645e-03    3.296645e-03    3.296645e-09 
 2
 Nonlinear solution status: time= 7.1
	stiffness updates             = 1
	right hand side evaluations   = 3
	stiffness matrix reformations = 1
	step from line search         = 1.000000
	convergence norms :     INITIAL         CURRENT         REQUIRED
	   residual            9.130595e+00    1.672087e-14    0.000000e+00 
	   energy              6.142648e-02    1.095479e-13    6.142648e-04 
	   displacement        3.296645e-03    1.397669e-11    3.296403e-09 

convergence summary
    number of iterations   : 2
    number of reformations : 1

------- converged at time : 7.1


Data Record #1
===========================================================================
Step = 71
Time = 7.1
Data = ux;uy;uz
File = parameter_sweeps/tmax3_disp.txt

Data Record #2
===========================================================================
Step = 71
Time = 7.1
Data = sz;J
File = parameter_sweeps/tmax3_stress.txt

===== beginning time step 72 : 7.2 =====


Reforming stiffness matrix: reformation #1

 1
 Nonlinear solution status: time= 7.2
	stiffness updates             = 0
	right hand side evaluations   = 2
	stiffness matrix reformations = 1
	step from line search         = 1.000000
	convergence norms :     INITIAL         CURRENT         REQUIRED
	   residual            7.048140e+00    7.063103e-09    0.000000e+00 
	   energy              4.685461e-02    7.475515e-07    4.685461e-04 
	   displacement        2.530835e-03    2.530835e-03    2.530835e-09 
 2
 Nonlinear solution status: time= 7.2
	stiffness updates             = 1
	right hand side evaluations   = 3
	stiffness matrix reformations = 1
	step from line search         = 1.000000
	convergence norms :     INITIAL         CURRENT         REQUIRED
	   residual            7.048140e+00    1.858258e-14    0.000000e+00 
	   energy              4.685461e-02    1.126933e-13    4.685461e-04 
	   displacement        2.530835e-03    1.415686e-11    2.530623e-09 

convergence summary
    number of iterations   : 2
    number of reformations : 1

------- converged at time : 7.2


Data Record #1
===========================================================================
Step = 72
Time = 7.2
Data = ux;uy;uz
File = parameter_sweeps/tmax3_disp.txt

Data Record #2
===========================================================================
Step = 72
Time = 7.2
Data = sz;J
File = parameter_sweeps/tmax3_stress.txt

===== beginning time step 73 : 7.3 =====


Reforming stiffness matrix: reformation #1

 1
 Nonlinear solution status: time= 7.3
	stiffness updates             = 0
	right hand side evaluations   = 2
	stiffness matrix reformations = 1
	step from line search         = 1.000000
	convergence norms :     INITIAL         CURRENT         REQUIRED
	   residual            5.287433e+00    5.710294e-09    0.000000e+00 
	   energy              3.515773e-02    6.220100e-07    3.515773e-04 
	   displacement        1.923812e-03    1.923812e-03    1.923812e-09 
 2
 Nonlinear solution status: time= 7.3
	stiffness updates             = 1
	right hand side evaluations   = 3
	stiffness matrix reformations = 1
	step from line search         = 1.000000
	convergence norms :     INITIAL         CURRENT         REQUIRED
	   residual            5.287433e+00    1.743521e-14    0.000000e+00 
	   energy              3.515773e-02    1.113450e-13    3.515773e-04 
	   displacement        1.923812e-03    1.362485e-11    1.923626e-09 

convergence summary
    number of iterations   : 2
    number of reformations : 1

------- converged at time : 7.3


Data Record #1
===========================================================================
Step = 73
Time = 7.3
Data = ux;uy;uz
File = parameter_sweeps/tmax3_disp.txt

Data Record #2
===========================================================================
Step = 73
Time = 7.3
Data = sz;J
File = parameter_sweeps/tmax3_stress.txt

===== beginning time step 74 : 7.4 =====


Reforming stiffness matrix: reformation #1

 1
 Nonlinear solution status: time= 7.4
	stiffness updates             = 0
	right hand side evaluations   = 2
	stiffness matrix reformations = 1
	step from line search         = 1.000000
	convergence norms :     INITIAL         CURRENT         REQUIRED
	   residual            3.868262e+00    5.022613e-09    0.000000e+00 
	   energy              2.602599e-02    4.965728e-07    2.602599e-04 
	   displacement        1.442962e-03    1.442962e-03    1.442962e-09 
 2
 Nonlinear solution status: time= 7.4
	stiffness updates             = 1
	right hand side evaluations   = 3
	stiffness matrix reformations = 1
	step from line search         = 1.000000
	convergence norms :     INITIAL         CURRENT         REQUIRED
	   residual            3.868262e+00    1.704775e-14    0.000000e+00 
	   energy              2.602599e-02    1.094989e-13    2.602599e-04 
	   displacement        1.442962e-03    1.299426e-11    1.442802e-09 

convergence summary
    number of iterations   : 2
    number of reformations : 1

------- converged at time : 7.4


Data Record #1
===========================================================================
Step = 74
Time = 7.4
Data = ux;uy;uz
File = parameter_sweeps/tmax3_disp.txt

Data Record #2
===========================================================================
Step = 74
Time = 7.4
Data = sz;J
File = parameter_sweeps/tmax3_stress.txt

===== beginning time step 75 : 7.5 =====


Reforming stiffness matrix: reformation #1

 1
 Nonlinear solution status: time= 7.5
	stiffness updates             = 0
	right hand side evaluations   = 2
	stiffness matrix reformations = 1
	step from line search         = 1.000000
	convergence norms :     INITIAL         CURRENT         REQUIRED
	   residual            2.815749e+00    4.183102e-09    0.000000e+00 
	   energy              1.920928e-02    3.917489e-07    1.920928e-04 
	   displacement        1.085296e-03    1.085296e-03    1.085296e-09 
 2
 Nonlinear solution status: time= 7.5
	stiffness updates             = 1
	right hand side evaluations   = 3
	stiffness matrix reformations = 1
	step from line search         = 1.000000
	convergence norms :     INITIAL         CURRENT         REQUIRED
	   residual            2.815749e+00    1.644120e-14    0.000000e+00 
	   energy              1.920928e-02    9.705009e-14    1.920928e-04 
	   displacement        1.085296e-03    1.110220e-11    1.085171e-09 

convergence summary
    number of iterations   : 2
    number of reformations : 1

------- converged at time : 7.5


Data Record #1
===========================================================================
Step = 75
Time = 7.5
Data = ux;uy;uz
File = parameter_sweeps/tmax3_disp.txt

Data Record #2
===========================================================================
Step = 75
Time = 7.5
Data = sz;J
File = parameter_sweeps/tmax3_stress.txt

===== beginning time step 76 : 7.6 =====


Reforming stiffness matrix: reformation #1

 1
 Nonlinear solution status: time= 7.6
	stiffness updates             = 0
	right hand side evaluations   = 2
	stiffness matrix reformations = 1
	step from line search         = 1.000000
	convergence norms :     INITIAL         CURRENT         REQUIRED
	   residual            2.103060e+00    3.575961e-09    0.000000e+00 
	   energy              1.452762e-02    3.098519e-07    1.452762e-04 
	   displacement        8.496756e-04    8.496756e-04    8.496756e-10 
 2
 Nonlinear solution status: time= 7.6
	stiffness updates             = 1
	right hand side evaluations   = 3
	stiffness matrix reformations = 1
	step from line search         = 1.000000
	convergence norms :     INITIAL         CURRENT         REQUIRED
	   residual            2.103060e+00    1.466827e-14    0.000000e+00 
	   energy              1.452762e-02    9.565581e-14    1.452762e-04 
	   displacement        8.496756e-04    9.563819e-12    8.495891e-10 

convergence summary
    number of iterations   : 2
    number of reformations : 1

------- converged at time : 7.6


Data Record #1
===========================================================================
Step = 76
Time = 7.6
Data = ux;uy;uz
File = parameter_sweeps/tmax3_disp.txt

Data Record #2
===========================================================================
Step = 76
Time = 7.6
Data = sz;J
File = parameter_sweeps/tmax3_stress.txt

===== beginning time step 77 : 7.7 =====


Reforming stiffness matrix: reformation #1

 1
 Nonlinear solution status: time= 7.7
	stiffness updates             = 0
	right hand side evaluations   = 2
	stiffness matrix reformations = 1
	step from line search         = 1.000000
	convergence norms :     INITIAL         CURRENT         REQUIRED
	   residual            1.656597e+00    3.855659e-09    0.000000e+00 
	   energy              1.179818e-02    2.668709e-07    1.179818e-04 
	   displacement        7.125087e-04    7.125087e-04    7.125087e-10 
 2
 Nonlinear solution status: time= 7.7
	stiffness updates             = 1
	right hand side evaluations   = 3
	stiffness matrix reformations = 1
	step from line search         = 1.000000
	convergence norms :     INITIAL         CURRENT         REQUIRED
	   residual            1.656597e+00    1.547411e-14    0.000000e+00 
	   energy              1.179818e-02    9.453061e-14    1.179818e-04 
	   displacement        7.125087e-04    9.010097e-12    7.124402e-10 

convergence summary
    number of iterations   : 2
    number of reformations : 1

------- converged at time : 7.7


Data Record #1
===========================================================================
Step = 77
Time = 7.7
Data = ux;uy;uz
File = parameter_sweeps/tmax3_disp.txt

Data Record #2
===========================================================================
Step = 77
Time = 7.7
Data = sz;J
File = parameter_sweeps/tmax3_stress.txt

===== beginning time step 78 : 7.8 =====


Reforming stiffness matrix: reformation #1

 1
 Nonlinear solution status: time= 7.8
	stiffness updates             = 0
	right hand side evaluations   = 2
	stiffness matrix reformations = 1
	step from line search         = 1.000000
	convergence norms :     INITIAL         CURRENT         REQUIRED
	   residual            1.416102e+00    3.766361e-09    0.000000e+00 
	   energy              1.071657e-02    2.478404e-07    1.071657e-04 
	   displacement        6.576067e-04    6.576067e-04    6.576067e-10 
 2
 Nonlinear solution status: time= 7.8
	stiffness updates             = 1
	right hand side evaluations   = 3
	stiffness matrix reformations = 1
	step from line search         = 1.000000
	convergence norms :     INITIAL         CURRENT         REQUIRED
	   residual            1.416102e+00    1.670792e-14    0.000000e+00 
	   energy              1.071657e-02    9.086179e-14    1.071657e-04 
	   displacement        6.576067e-04    8.466125e-12    6.575402e-10 

convergence summary
    number of iterations   : 2
    number of reformations : 1

------- converged at time : 7.8


Data Record #1
===========================================================================
Step = 78
Time = 7.8
Data = ux;uy;uz
File = parameter_sweeps/tmax3_disp.txt

Data Record #2
===========================================================================
Step = 78
Time = 7.8
Data = sz;J
File = parameter_sweeps/tmax3_stress.txt

===== beginning time step 79 : 7.9 =====


Reforming stiffness matrix: reformation #1

 1
 Nonlinear solution status: time= 7.9
	stiffness updates             = 0
	right hand side evaluations   = 2
	stiffness matrix reformations = 1
	step from line search         = 1.000000
	convergence norms :     INITIAL         CURRENT         REQUIRED
	   residual            1.326299e+00    3.842951e-09    0.000000e+00 
	   energy              1.086015e-02    2.348978e-07    1.086015e-04 
	   displacement        6.765490e-04    6.765490e-04    6.765490e-10 
 2
 Nonlinear solution status: time= 7.9
	stiffness updates             = 1
	right hand side evaluations   = 3
	stiffness matrix reformations = 1
	step from line search         = 1.000000
	convergence norms :     INITIAL         CURRENT         REQUIRED
	   residual            1.326299e+00    2.143461e-14    0.000000e+00 
	   energy              1.086015e-02    1.086167e-13    1.086015e-04 
	   displacement        6.765490e-04    8.230484e-12    6.764810e-10 

convergence summary
    number of iterations   : 2
    number of reformations : 1

------- converged at time : 7.9


Data Record #1
===========================================================================
Step = 79
Time = 7.9
Data = ux;uy;uz
File = parameter_sweeps/tmax3_disp.txt

Data Record #2
===========================================================================
Step = 79
Time = 7.9
Data = sz;J
File = parameter_sweeps/tmax3_stress.txt

===== beginning time step 80 : 8 =====


Reforming stiffness matrix: reformation #1

 1
 Nonlinear solution status: time= 8
	stiffness updates             = 0
	right hand side evaluations   = 2
	stiffness matrix reformations = 1
	step from line search         = 1.000000
	convergence norms :     INITIAL         CURRENT         REQUIRED
	   residual            1.322632e+00    4.358767e-09    0.000000e+00 
	   energy              1.178071e-02    2.298449e-07    1.178071e-04 
	   displacement        7.511777e-04    7.511777e-04    7.511777e-10 
 2
 Nonlinear solution status: time= 8
	stiffness updates             = 1
	right hand side evaluations   = 3
	stiffness matrix reformations = 1
	step from line search         = 1.000000
	convergence norms :     INITIAL         CURRENT         REQUIRED
	   residual            1.322632e+00    2.514597e-14    0.000000e+00 
	   energy              1.178071e-02    1.199963e-13    1.178071e-04 
	   displacement        7.511777e-04    8.094012e-12    7.511082e-10 

convergence summary
    number of iterations   : 2
    number of reformations : 1

------- converged at time : 8


Data Record #1
===========================================================================
Step = 80
Time = 8
Data = ux;uy;uz
File = parameter_sweeps/tmax3_disp.txt

Data Record #2
===========================================================================
Step = 80
Time = 8
Data = sz;J
File = parameter_sweeps/tmax3_stress.txt

===== beginning time step 81 : 8.1 =====


Reforming stiffness matrix: reformation #1

 1
 Nonlinear solution status: time= 8.1
	stiffness updates             = 0
	right hand side evaluations   = 2
	stiffness matrix reformations = 1
	step from line search         = 1.000000
	convergence norms :     INITIAL         CURRENT         REQUIRED
	   residual            1.396592e+00    6.050146e-09    0.000000e+00 
	   energy              1.321484e-02    2.727609e-07    1.321484e-04 
	   displacement        8.594094e-04    8.594094e-04    8.594094e-10 
 2
 Nonlinear solution status: time= 8.1
	stiffness updates             = 1
	right hand side evaluations   = 3
	stiffness matrix reformations = 1
	step from line search         = 1.000000
	convergence norms :     INITIAL         CURRENT         REQUIRED
	   residual            1.396592e+00    2.875657e-14    0.000000e+00 
	   energy              1.321484e-02    1.259023e-13    1.321484e-04 
	   displacement        8.594094e-04    8.710923e-12    8.593298e-10 

convergence summary
    number of iterations   : 2
    number of reformations : 1

------- converged at time : 8.1


Data Record #1
===========================================================================
Step = 81
Time = 8.1
Data = ux;uy;uz
File = parameter_sweeps/tmax3_disp.txt

Data Record #2
===========================================================================
Step = 81
Time = 8.1
Data = sz;J
File = parameter_sweeps/tmax3_stress.txt

===== beginning time step 82 : 8.2 =====


Reforming stiffness matrix: reformation #1

 1
 Nonlinear solution status: time= 8.2
	stiffness updates             = 0
	right hand side evaluations   = 2
	stiffness matrix reformations = 1
	step from line search         = 1.000000
	convergence norms :     INITIAL         CURRENT         REQUIRED
	   residual            1.604512e+00    7.855096e-09    0.000000e+00 
	   energy              1.518219e-02    3.915308e-07    1.518219e-04 
	   displacement        9.829958e-04    9.829958e-04    9.829958e-10 
 2
 Nonlinear solution status: time= 8.2
	stiffness updates             = 1
	right hand side evaluations   = 3
	stiffness matrix reformations = 1
	step from line search         = 1.000000
	convergence norms :     INITIAL         CURRENT         REQUIRED
	   residual            1.604512e+00    3.574839e-14    0.000000e+00 
	   energy              1.518219e-02    1.477546e-13    1.518219e-04 
	   displacement        9.829958e-04    1.081600e-11    9.828829e-10 

convergence summary
    number of iterations   : 2
    number of reformations : 1

------- converged at time : 8.2


Data Record #1
===========================================================================
Step = 82
Time = 8.2
Data = ux;uy;uz
File = parameter_sweeps/tmax3_disp.txt

Data Record #2
===========================================================================
Step = 82
Time = 8.2
Data = sz;J
File = parameter_sweeps/tmax3_stress.txt

===== beginning time step 83 : 8.3 =====


Reforming stiffness matrix: reformation #1

 1
 Nonlinear solution status: time= 8.3
	stiffness updates             = 0
	right hand side evaluations   = 2
	stiffness matrix reformations = 1
	step from line search         = 1.000000
	convergence norms :     INITIAL         CURRENT         REQUIRED
	   residual            2.009240e+00    1.078736e-08    0.000000e+00 
	   energy              1.788034e-02    5.640584e-07    1.788034e-04 
	   displacement        1.129164e-03    1.129164e-03    1.129164e-09 
 2
 Nonlinear solution status: time= 8.3
	stiffness updates             = 1
	right hand side evaluations   = 3
	stiffness matrix reformations = 1
	step from line search         = 1.000000
	convergence norms :     INITIAL         CURRENT         REQUIRED
	   residual            2.009240e+00    4.526311e-14    0.000000e+00 
	   energy              1.788034e-02    1.693320e-13    1.788034e-04 
	   displacement        1.129164e-03    1.360141e-11    1.129013e-09 

convergence summary
    number of iterations   : 2
    number of reformations : 1

------- converged at time : 8.3


Data Record #1
===========================================================================
Step = 83
Time = 8.3
Data = ux;uy;uz
File = parameter_sweeps/tmax3_disp.txt

Data Record #2
===========================================================================
Step = 83
Time = 8.3
Data = sz;J
File = parameter_sweeps/tmax3_stress.txt

===== beginning time step 84 : 8.4 =====


Reforming stiffness matrix: reformation #1

 1
 Nonlinear solution status: time= 8.4
	stiffness updates             = 0
	right hand side evaluations   = 2
	stiffness matrix reformations = 1
	step from line search         = 1.000000
	convergence norms :     INITIAL         CURRENT         REQUIRED
	   residual            2.620873e+00    1.449640e-08    0.000000e+00 
	   energy              2.136736e-02    7.658682e-07    2.136736e-04 
	   displacement        1.317850e-03    1.317850e-03    1.317850e-09 
 2
 Nonlinear solution status: time= 8.4
	stiffness updates             = 1
	right hand side evaluations   = 3
	stiffness matrix reformations = 1
	step from line search         = 1.000000
	convergence norms :     INITIAL         CURRENT         REQUIRED
	   residual            2.620873e+00    4.876793e-14    0.000000e+00 
	   energy              2.136736e-02    1.710839e-13    2.136736e-04 
	   displacement        1.317850e-03    1.526640e-11    1.317668e-09 

convergence summary
    number of iterations   : 2
    number of reformations : 1

------- converged at time : 8.4


Data Record #1
===========================================================================
Step = 84
Time = 8.4
Data = ux;uy;uz
File = parameter_sweeps/tmax3_disp.txt

Data Record #2
===========================================================================
Step = 84
Time = 8.4
Data = sz;J
File = parameter_sweeps/tmax3_stress.txt

===== beginning time step 85 : 8.5 =====


Reforming stiffness matrix: reformation #1

 1
 Nonlinear solution status: time= 8.5
	stiffness updates             = 0
	right hand side evaluations   = 2
	stiffness matrix reformations = 1
	step from line search         = 1.000000
	convergence norms :     INITIAL         CURRENT         REQUIRED
	   residual            3.427678e+00    1.755822e-08    0.000000e+00 
	   energy              2.562178e-02    9.605271e-07    2.562178e-04 
	   displacement        1.551685e-03    1.551685e-03    1.551685e-09 
 2
 Nonlinear solution status: time= 8.5
	stiffness updates             = 1
	right hand side evaluations   = 3
	stiffness matrix reformations = 1
	step from line search         = 1.000000
	convergence norms :     INITIAL         CURRENT         REQUIRED
	   residual            3.427678e+00    5.264897e-14    0.000000e+00 
	   energy              2.562178e-02    1.809373e-13    2.562178e-04 
	   displacement        1.551685e-03    1.685200e-11    1.551472e-09 

convergence summary
    number of iterations   : 2
    number of reformations : 1

------- converged at time : 8.5


Data Record #1
===========================================================================
Step = 85
Time = 8.5
Data = ux;uy;uz
File = parameter_sweeps/tmax3_disp.txt

Data Record #2
===========================================================================
Step = 85
Time = 8.5
Data = sz;J
File = parameter_sweeps/tmax3_stress.txt

===== beginning time step 86 : 8.6 =====


Reforming stiffness matrix: reformation #1

 1
 Nonlinear solution status: time= 8.6
	stiffness updates             = 0
	right hand side evaluations   = 2
	stiffness matrix reformations = 1
	step from line search         = 1.000000
	convergence norms :     INITIAL         CURRENT         REQUIRED
	   residual            4.463619e+00    1.928282e-08    0.000000e+00 
	   energy              3.081189e-02    1.112076e-06    3.081189e-04 
	   displacement        1.817190e-03    1.817190e-03    1.817190e-09 
 2
 Nonlinear solution status: time= 8.6
	stiffness updates             = 1
	right hand side evaluations   = 3
	stiffness matrix reformations = 1
	step from line search         = 1.000000
	convergence norms :     INITIAL         CURRENT         REQUIRED
	   residual            4.463619e+00    6.776465e-14    0.000000e+00 
	   energy              3.081189e-02    2.153134e-13    3.081189e-04 
	   displacement        1.817190e-03    1.887760e-11    1.816947e-09 

convergence summary
    number of iterations   : 2
    number of reformations : 1

------- converged at time : 8.6


Data Record #1
===========================================================================
Step = 86
Time = 8.6
Data = ux;uy;uz
File = parameter_sweeps/tmax3_disp.txt

Data Record #2
===========================================================================
Step = 86
Time = 8.6
Data = sz;J
File = parameter_sweeps/tmax3_stress.txt

===== beginning time step 87 : 8.7 =====


Reforming stiffness matrix: reformation #1

 1
 Nonlinear solution status: time= 8.7
	stiffness updates             = 0
	right hand side evaluations   = 2
	stiffness matrix reformations = 1
	step from line search         = 1.000000
	convergence norms :     INITIAL         CURRENT         REQUIRED
	   residual            5.715192e+00    2.229258e-08    0.000000e+00 
	   energy              3.708547e-02    1.215732e-06    3.708547e-04 
	   displacement        2.124699e-03    2.124699e-03    2.124699e-09 
 2
 Nonlinear solution status: time= 8.7
	stiffness updates             = 1
	right hand side evaluations   = 3
	stiffness matrix reformations = 1
	step from line search         = 1.000000
	convergence norms :     INITIAL         CURRENT         REQUIRED
	   residual            5.715192e+00    9.605530e-14    0.000000e+00 
	   energy              3.708547e-02    2.716470e-13    3.708547e-04 
	   displacement        2.124699e-03    2.147441e-11    2.124428e-09 

convergence summary
    number of iterations   : 2
    number of reformations : 1

------- converged at time : 8.7


Data Record #1
===========================================================================
Step = 87
Time = 8.7
Data = ux;uy;uz
File = parameter_sweeps/tmax3_disp.txt

Data Record #2
===========================================================================
Step = 87
Time = 8.7
Data = sz;J
File = parameter_sweeps/tmax3_stress.txt

===== beginning time step 88 : 8.8 =====


Reforming stiffness matrix: reformation #1

 1
 Nonlinear solution status: time= 8.8
	stiffness updates             = 0
	right hand side evaluations   = 2
	stiffness matrix reformations = 1
	step from line search         = 1.000000
	convergence norms :     INITIAL         CURRENT         REQUIRED
	   residual            7.058541e+00    2.799757e-08    0.000000e+00 
	   energy              4.420460e-02    1.317127e-06    4.420460e-04 
	   displacement        2.494952e-03    2.494952e-03    2.494952e-09 
 2
 Nonlinear solution status: time= 8.8
	stiffness updates             = 1
	right hand side evaluations   = 3
	stiffness matrix reformations = 1
	step from line search         = 1.000000
	convergence norms :     INITIAL         CURRENT         REQUIRED
	   residual            7.058541e+00    1.153930e-13    0.000000e+00 
	   energy              4.420460e-02    3.133370e-13    4.420460e-04 
	   displacement        2.494952e-03    2.377437e-11    2.494658e-09 

convergence summary
    number of iterations   : 2
    number of reformations : 1

------- converged at time : 8.8


Data Record #1
===========================================================================
Step = 88
Time = 8.8
Data = ux;uy;uz
File = parameter_sweeps/tmax3_disp.txt

Data Record #2
===========================================================================
Step = 88
Time = 8.8
Data = sz;J
File = parameter_sweeps/tmax3_stress.txt

===== beginning time step 89 : 8.9 =====


Reforming stiffness matrix: reformation #1

 1
 Nonlinear solution status: time= 8.9
	stiffness updates             = 0
	right hand side evaluations   = 2
	stiffness matrix reformations = 1
	step from line search         = 1.000000
	convergence norms :     INITIAL         CURRENT         REQUIRED
	   residual            8.397175e+00    3.083338e-08    0.000000e+00 
	   energy              5.155276e-02    1.423358e-06    5.155276e-04 
	   displacement        2.891894e-03    2.891894e-03    2.891894e-09 
 2
 Nonlinear solution status: time= 8.9
	stiffness updates             = 1
	right hand side evaluations   = 3
	stiffness matrix reformations = 1
	step from line search         = 1.000000
	convergence norms :     INITIAL         CURRENT         REQUIRED
	   residual            8.397175e+00    1.259746e-13    0.000000e+00 
	   energy              5.155276e-02    3.181439e-13    5.155276e-04 
	   displacement        2.891894e-03    2.440753e-11    2.891587e-09 

convergence summary
    number of iterations   : 2
    number of reformations : 1

------- converged at time : 8.9


Data Record #1
===========================================================================
Step = 89
Time = 8.9
Data = ux;uy;uz
File = parameter_sweeps/tmax3_disp.txt

Data Record #2
===========================================================================
Step = 89
Time = 8.9
Data = sz;J
File = parameter_sweeps/tmax3_stress.txt

===== beginning time step 90 : 9 =====


Reforming stiffness matrix: reformation #1

 1
 Nonlinear solution status: time= 9
	stiffness updates             = 0
	right hand side evaluations   = 2
	stiffness matrix reformations = 1
	step from line search         = 1.000000
	convergence norms :     INITIAL         CURRENT         REQUIRED
	   residual            9.636248e+00    3.038343e-08    0.000000e+00 
	   energy              5.832967e-02    1.507307e-06    5.832967e-04 
	   displacement        3.234578e-03    3.234578e-03    3.234578e-09 
 2
 Nonlinear solution status: time= 9
	stiffness updates             = 1
	right hand side evaluations   = 3
	stiffness matrix reformations = 1
	step from line search         = 1.000000
	convergence norms :     INITIAL         CURRENT         REQUIRED
	   residual            9.636248e+00    1.431016e-13    0.000000e+00 
	   energy              5.832967e-02    3.201194e-13    5.832967e-04 
	   displacement        3.234578e-03    2.335163e-11    3.234274e-09 

convergence summary
    number of iterations   : 2
    number of reformations : 1

------- converged at time : 9


Data Record #1
===========================================================================
Step = 90
Time = 9
Data = ux;uy;uz
File = parameter_sweeps/tmax3_disp.txt

Data Record #2
===========================================================================
Step = 90
Time = 9
Data = sz;J
File = parameter_sweeps/tmax3_stress.txt

===== beginning time step 91 : 9.1 =====


Reforming stiffness matrix: reformation #1

 1
 Nonlinear solution status: time= 9.1
	stiffness updates             = 0
	right hand side evaluations   = 2
	stiffness matrix reformations = 1
	step from line search         = 1.000000
	convergence norms :     INITIAL         CURRENT         REQUIRED
	   residual            1.055971e+01    3.089067e-08    0.000000e+00 
	   energy              6.375410e-02    1.553532e-06    6.375410e-04 
	   displacement        3.493733e-03    3.493733e-03    3.493733e-09 
 2
 Nonlinear solution status: time= 9.1
	stiffness updates             = 1
	right hand side evaluations   = 3
	stiffness matrix reformations = 1
	step from line search         = 1.000000
	convergence norms :     INITIAL         CURRENT         REQUIRED
	   residual            1.055971e+01    1.435554e-13    0.000000e+00 
	   energy              6.375410e-02    3.297401e-13    6.375410e-04 
	   displacement        3.493733e-03    2.366622e-11    3.493430e-09 

convergence summary
    number of iterations   : 2
    number of reformations : 1

------- converged at time : 9.1


Data Record #1
===========================================================================
Step = 91
Time = 9.1
Data = ux;uy;uz
File = parameter_sweeps/tmax3_disp.txt

Data Record #2
===========================================================================
Step = 91
Time = 9.1
Data = sz;J
File = parameter_sweeps/tmax3_stress.txt

===== beginning time step 92 : 9.2 =====


Reforming stiffness matrix: reformation #1

 1
 Nonlinear solution status: time= 9.2
	stiffness updates             = 0
	right hand side evaluations   = 2
	stiffness matrix reformations = 1
	step from line search         = 1.000000
	convergence norms :     INITIAL         CURRENT         REQUIRED
	   residual            1.099150e+01    2.920340e-08    0.000000e+00 
	   energy              6.727053e-02    1.521045e-06    6.727053e-04 
	   displacement        3.677154e-03    3.677154e-03    3.677154e-09 
 2
 Nonlinear solution status: time= 9.2
	stiffness updates             = 1
	right hand side evaluations   = 3
	stiffness matrix reformations = 1
	step from line search         = 1.000000
	convergence norms :     INITIAL         CURRENT         REQUIRED
	   residual            1.099150e+01    1.209839e-13    0.000000e+00 
	   energy              6.727053e-02    3.061947e-13    6.727053e-04 
	   displacement        3.677154e-03    2.426736e-11    3.676843e-09 

convergence summary
    number of iterations   : 2
    number of reformations : 1

------- converged at time : 9.2


Data Record #1
===========================================================================
Step = 92
Time = 9.2
Data = ux;uy;uz
File = parameter_sweeps/tmax3_disp.txt

Data Record #2
===========================================================================
Step = 92
Time = 9.2
Data = sz;J
File = parameter_sweeps/tmax3_stress.txt

===== beginning time step 93 : 9.3 =====


Reforming stiffness matrix: reformation #1

 1
 Nonlinear solution status: time= 9.3
	stiffness updates             = 0
	right hand side evaluations   = 2
	stiffness matrix reformations = 1
	step from line search         = 1.000000
	convergence norms :     INITIAL         CURRENT         REQUIRED
	   residual            1.098925e+01    2.827037e-08    0.000000e+00 
	   energy              6.883350e-02    1.434812e-06    6.883350e-04 
	   displacement        3.781145e-03    3.781145e-03    3.781145e-09 
 2
 Nonlinear solution status: time= 9.3
	stiffness updates             = 1
	right hand side evaluations   = 3
	stiffness matrix reformations = 1
	step from line search         = 1.000000
	convergence norms :     INITIAL         CURRENT         REQUIRED
	   residual            1.098925e+01    1.253274e-13    0.000000e+00 
	   energy              6.883350e-02    3.015840e-13    6.883350e-04 
	   displacement        3.781145e-03    2.469960e-11    3.780818e-09 

convergence summary
    number of iterations   : 2
    number of reformations : 1

------- converged at time : 9.3


Data Record #1
===========================================================================
Step = 93
Time = 9.3
Data = ux;uy;uz
File = parameter_sweeps/tmax3_disp.txt

Data Record #2
===========================================================================
Step = 93
Time = 9.3
Data = sz;J
File = parameter_sweeps/tmax3_stress.txt

===== beginning time step 94 : 9.4 =====


Reforming stiffness matrix: reformation #1

 1
 Nonlinear solution status: time= 9.4
	stiffness updates             = 0
	right hand side evaluations   = 2
	stiffness matrix reformations = 1
	step from line search         = 1.000000
	convergence norms :     INITIAL         CURRENT         REQUIRED
	   residual            1.075402e+01    2.507580e-08    0.000000e+00 
	   energy              6.898827e-02    1.382137e-06    6.898827e-04 
	   displacement        3.811861e-03    3.811861e-03    3.811861e-09 
 2
 Nonlinear solution status: time= 9.4
	stiffness updates             = 1
	right hand side evaluations   = 3
	stiffness matrix reformations = 1
	step from line search         = 1.000000
	convergence norms :     INITIAL         CURRENT         REQUIRED
	   residual            1.075402e+01    1.214219e-13    0.000000e+00 
	   energy              6.898827e-02    3.016865e-13    6.898827e-04 
	   displacement        3.811861e-03    2.649815e-11    3.811504e-09 

convergence summary
    number of iterations   : 2
    number of reformations : 1

------- converged at time : 9.4


Data Record #1
===========================================================================
Step = 94
Time = 9.4
Data = ux;uy;uz
File = parameter_sweeps/tmax3_disp.txt

Data Record #2
===========================================================================
Step = 94
Time = 9.4
Data = sz;J
File = parameter_sweeps/tmax3_stress.txt

===== beginning time step 95 : 9.5 =====


Reforming stiffness matrix: reformation #1

 1
 Nonlinear solution status: time= 9.5
	stiffness updates             = 0
	right hand side evaluations   = 2
	stiffness matrix reformations = 1
	step from line search         = 1.000000
	convergence norms :     INITIAL         CURRENT         REQUIRED
	   residual            1.047967e+01    2.048774e-08    0.000000e+00 
	   energy              6.863967e-02    1.371709e-06    6.863967e-04 
	   displacement        3.801920e-03    3.801920e-03    3.801920e-09 
 2
 Nonlinear solution status: time= 9.5
	stiffness updates             = 1
	right hand side evaluations   = 3
	stiffness matrix reformations = 1
	step from line search         = 1.000000
	convergence norms :     INITIAL         CURRENT         REQUIRED
	   residual            1.047967e+01    1.059921e-13    0.000000e+00 
	   energy              6.863967e-02    2.924011e-13    6.863967e-04 
	   displacement        3.801920e-03    2.822413e-11    3.801542e-09 

convergence summary
    number of iterations   : 2
    number of reformations : 1

------- converged at time : 9.5


Data Record #1
===========================================================================
Step = 95
Time = 9.5
Data = ux;uy;uz
File = parameter_sweeps/tmax3_disp.txt

Data Record #2
===========================================================================
Step = 95
Time = 9.5
Data = sz;J
File = parameter_sweeps/tmax3_stress.txt

===== beginning time step 96 : 9.6 =====


Reforming stiffness matrix: reformation #1

 1
 Nonlinear solution status: time= 9.6
	stiffness updates             = 0
	right hand side evaluations   = 2
	stiffness matrix reformations = 1
	step from line search         = 1.000000
	convergence norms :     INITIAL         CURRENT         REQUIRED
	   residual            1.036062e+01    1.717843e-08    0.000000e+00 
	   energy              6.881250e-02    1.341645e-06    6.881250e-04 
	   displacement        3.814844e-03    3.814844e-03    3.814844e-09 
 2
 Nonlinear solution status: time= 9.6
	stiffness updates             = 1
	right hand side evaluations   = 3
	stiffness matrix reformations = 1
	step from line search         = 1.000000
	convergence norms :     INITIAL         CURRENT         REQUIRED
	   residual            1.036062e+01    7.442389e-14    0.000000e+00 
	   energy              6.881250e-02    2.694132e-13    6.881250e-04 
	   displacement        3.814844e-03    2.852303e-11    3.814467e-09 

convergence summary
    number of iterations   : 2
    number of reformations : 1

------- converged at time : 9.6


Data Record #1
===========================================================================
Step = 96
Time = 9.6
Data = ux;uy;uz
File = parameter_sweeps/tmax3_disp.txt

Data Record #2
===========================================================================
Step = 96
Time = 9.6
Data = sz;J
File = parameter_sweeps/tmax3_stress.txt

===== beginning time step 97 : 9.7 =====


Reforming stiffness matrix: reformation #1

 1
 Nonlinear solution status: time= 9.7
	stiffness updates             = 0
	right hand side evaluations   = 2
	stiffness matrix reformations = 1
	step from line search         = 1.000000
	convergence norms :     INITIAL         CURRENT         REQUIRED
	   residual            1.061443e+01    4.968245e-08    0.000000e+00 
	   energy              7.045463e-02    1.261002e-06    7.045463e-04 
	   displacement        3.902942e-03    3.902942e-03    3.902942e-09 
 2
 Nonlinear solution status: time= 9.7
	stiffness updates             = 1
	right hand side evaluations   = 3
	stiffness matrix reformations = 1
	step from line search         = 1.000000
	convergence norms :     INITIAL         CURRENT         REQUIRED
	   residual            1.061443e+01    9.733766e-12    0.000000e+00 
	   energy              7.045463e-02    3.715596e-12    7.045463e-04 
	   displacement        3.902942e-03    2.955492e-11    3.902581e-09 

convergence summary
    number of iterations   : 2
    number of reformations : 1

------- converged at time : 9.7


Data Record #1
===========================================================================
Step = 97
Time = 9.7
Data = ux;uy;uz
File = parameter_sweeps/tmax3_disp.txt

Data Record #2
===========================================================================
Step = 97
Time = 9.7
Data = sz;J
File = parameter_sweeps/tmax3_stress.txt

===== beginning time step 98 : 9.8 =====


Reforming stiffness matrix: reformation #1

 1
 Nonlinear solution status: time= 9.8
	stiffness updates             = 0
	right hand side evaluations   = 2
	stiffness matrix reformations = 1
	step from line search         = 1.000000
	convergence norms :     INITIAL         CURRENT         REQUIRED
	   residual            1.141775e+01    8.405196e-09    0.000000e+00 
	   energy              7.419187e-02    1.089098e-06    7.419187e-04 
	   displacement        4.082657e-03    4.082657e-03    4.082657e-09 
 2
 Nonlinear solution status: time= 9.8
	stiffness updates             = 1
	right hand side evaluations   = 3
	stiffness matrix reformations = 1
	step from line search         = 1.000000
	convergence norms :     INITIAL         CURRENT         REQUIRED
	   residual            1.141775e+01    5.155572e-14    0.000000e+00 
	   energy              7.419187e-02    2.231921e-13    7.419187e-04 
	   displacement        4.082657e-03    2.362850e-11    4.082333e-09 

convergence summary
    number of iterations   : 2
    number of reformations : 1

------- converged at time : 9.8


Data Record #1
===========================================================================
Step = 98
Time = 9.8
Data = ux;uy;uz
File = parameter_sweeps/tmax3_disp.txt

Data Record #2
===========================================================================
Step = 98
Time = 9.8
Data = sz;J
File = parameter_sweeps/tmax3_stress.txt

===== beginning time step 99 : 9.9 =====


Reforming stiffness matrix: reformation #1

 1
 Nonlinear solution status: time= 9.9
	stiffness updates             = 0
	right hand side evaluations   = 2
	stiffness matrix reformations = 1
	step from line search         = 1.000000
	convergence norms :     INITIAL         CURRENT         REQUIRED
	   residual            1.282709e+01    8.914566e-09    0.000000e+00 
	   energy              8.014335e-02    9.639013e-07    8.014335e-04 
	   displacement        4.348289e-03    4.348289e-03    4.348289e-09 
 2
 Nonlinear solution status: time= 9.9
	stiffness updates             = 1
	right hand side evaluations   = 3
	stiffness matrix reformations = 1
	step from line search         = 1.000000
	convergence norms :     INITIAL         CURRENT         REQUIRED
	   residual            1.282709e+01    6.654846e-14    0.000000e+00 
	   energy              8.014335e-02    2.638098e-13    8.014335e-04 
	   displacement        4.348289e-03    2.397154e-11    4.347991e-09 

convergence summary
    number of iterations   : 2
    number of reformations : 1

------- converged at time : 9.9


Data Record #1
===========================================================================
Step = 99
Time = 9.9
Data = ux;uy;uz
File = parameter_sweeps/tmax3_disp.txt

Data Record #2
===========================================================================
Step = 99
Time = 9.9
Data = sz;J
File = parameter_sweeps/tmax3_stress.txt

===== beginning time step 100 : 10 =====


Reforming stiffness matrix: reformation #1

 1
 Nonlinear solution status: time= 10
	stiffness updates             = 0
	right hand side evaluations   = 2
	stiffness matrix reformations = 1
	step from line search         = 1.000000
	convergence norms :     INITIAL         CURRENT         REQUIRED
	   residual            1.473934e+01    7.640188e-09    0.000000e+00 
	   energy              8.807789e-02    8.816513e-07    8.807789e-04 
	   displacement        4.688122e-03    4.688122e-03    4.688122e-09 
 2
 Nonlinear solution status: time= 10
	stiffness updates             = 1
	right hand side evaluations   = 3
	stiffness matrix reformations = 1
	step from line search         = 1.000000
	convergence norms :     INITIAL         CURRENT         REQUIRED
	   residual            1.473934e+01    6.855050e-14    0.000000e+00 
	   energy              8.807789e-02    2.529949e-13    8.807789e-04 
	   displacement        4.688122e-03    2.318355e-11    4.687849e-09 

convergence summary
    number of iterations   : 2
    number of reformations : 1

------- converged at time : 10


Data Record #1
===========================================================================
Step = 100
Time = 10
Data = ux;uy;uz
File = parameter_sweeps/tmax3_disp.txt

Data Record #2
===========================================================================
Step = 100
Time = 10
Data = sz;J
File = parameter_sweeps/tmax3_stress.txt

===== beginning time step 101 : 10.1 =====


Reforming stiffness matrix: reformation #1

 1
 Nonlinear solution status: time= 10.1
	stiffness updates             = 0
	right hand side evaluations   = 2
	stiffness matrix reformations = 1
	step from line search         = 1.000000
	convergence norms :     INITIAL         CURRENT         REQUIRED
	   residual            1.700688e+01    6.636428e-09    0.000000e+00 
	   energy              9.771038e-02    8.514318e-07    9.771038e-04 
	   displacement        5.091661e-03    5.091661e-03    5.091661e-09 
 2
 Nonlinear solution status: time= 10.1
	stiffness updates             = 1
	right hand side evaluations   = 3
	stiffness matrix reformations = 1
	step from line search         = 1.000000
	convergence norms :     INITIAL         CURRENT         REQUIRED
	   residual            1.700688e+01    6.243155e-14    0.000000e+00 
	   energy              9.771038e-02    2.209401e-13    9.771038e-04 
	   displacement        5.091661e-03    2.069094e-11    5.091422e-09 

convergence summary
    number of iterations   : 2
    number of reformations : 1

------- converged at time : 10.1


Data Record #1
===========================================================================
Step = 101
Time = 10.1
Data = ux;uy;uz
File = parameter_sweeps/tmax3_disp.txt

Data Record #2
===========================================================================
Step = 101
Time = 10.1
Data = sz;J
File = parameter_sweeps/tmax3_stress.txt

===== beginning time step 102 : 10.2 =====


Reforming stiffness matrix: reformation #1

 1
 Nonlinear solution status: time= 10.2
	stiffness updates             = 0
	right hand side evaluations   = 2
	stiffness matrix reformations = 1
	step from line search         = 1.000000
	convergence norms :     INITIAL         CURRENT         REQUIRED
	   residual            1.958263e+01    7.237471e-09    0.000000e+00 
	   energy              1.086991e-01    8.841043e-07    1.086991e-03 
	   displacement        5.539741e-03    5.539741e-03    5.539741e-09 
 2
 Nonlinear solution status: time= 10.2
	stiffness updates             = 1
	right hand side evaluations   = 3
	stiffness matrix reformations = 1
	step from line search         = 1.000000
	convergence norms :     INITIAL         CURRENT         REQUIRED
	   residual            1.958263e+01    5.986200e-14    0.000000e+00 
	   energy              1.086991e-01    2.283290e-13    1.086991e-03 
	   displacement        5.539741e-03    2.025049e-11    5.539517e-09 

convergence summary
    number of iterations   : 2
    number of reformations : 1

------- converged at time : 10.2


Data Record #1
===========================================================================
Step = 102
Time = 10.2
Data = ux;uy;uz
File = parameter_sweeps/tmax3_disp.txt

Data Record #2
===========================================================================
Step = 102
Time = 10.2
Data = sz;J
File = parameter_sweeps/tmax3_stress.txt

===== beginning time step 103 : 10.3 =====


Reforming stiffness matrix: reformation #1

 1
 Nonlinear solution status: time= 10.3
	stiffness updates             = 0
	right hand side evaluations   = 2
	stiffness matrix reformations = 1
	step from line search         = 1.000000
	convergence norms :     INITIAL         CURRENT         REQUIRED
	   residual            2.248490e+01    1.191758e-08    0.000000e+00 
	   energy              1.206687e-01    9.321263e-07    1.206687e-03 
	   displacement        6.001700e-03    6.001700e-03    6.001700e-09 
 2
 Nonlinear solution status: time= 10.3
	stiffness updates             = 1
	right hand side evaluations   = 3
	stiffness matrix reformations = 1
	step from line search         = 1.000000
	convergence norms :     INITIAL         CURRENT         REQUIRED
	   residual            2.248490e+01    8.935018e-14    0.000000e+00 
	   energy              1.206687e-01    3.000802e-13    1.206687e-03 
	   displacement        6.001700e-03    2.218712e-11    6.001491e-09 

convergence summary
    number of iterations   : 2
    number of reformations : 1

------- converged at time : 10.3


Data Record #1
===========================================================================
Step = 103
Time = 10.3
Data = ux;uy;uz
File = parameter_sweeps/tmax3_disp.txt

Data Record #2
===========================================================================
Step = 103
Time = 10.3
Data = sz;J
File = parameter_sweeps/tmax3_stress.txt

===== beginning time step 104 : 10.4 =====


Reforming stiffness matrix: reformation #1

 1
 Nonlinear solution status: time= 10.4
	stiffness updates             = 0
	right hand side evaluations   = 2
	stiffness matrix reformations = 1
	step from line search         = 1.000000
	convergence norms :     INITIAL         CURRENT         REQUIRED
	   residual            2.563545e+01    2.883680e-08    0.000000e+00 
	   energy              1.334747e-01    9.364686e-07    1.334747e-03 
	   displacement        6.469002e-03    6.469002e-03    6.469002e-09 
 2
 Nonlinear solution status: time= 10.4
	stiffness updates             = 1
	right hand side evaluations   = 3
	stiffness matrix reformations = 1
	step from line search         = 1.000000
	convergence norms :     INITIAL         CURRENT         REQUIRED
	   residual            2.563545e+01    1.412274e-12    0.000000e+00 
	   energy              1.334747e-01    3.401579e-13    1.334747e-03 
	   displacement        6.469002e-03    2.571378e-11    6.468821e-09 

convergence summary
    number of iterations   : 2
    number of reformations : 1

------- converged at time : 10.4


Data Record #1
===========================================================================
Step = 104
Time = 10.4
Data = ux;uy;uz
File = parameter_sweeps/tmax3_disp.txt

Data Record #2
===========================================================================
Step = 104
Time = 10.4
Data = sz;J
File = parameter_sweeps/tmax3_stress.txt

===== beginning time step 105 : 10.5 =====


Reforming stiffness matrix: reformation #1

 1
 Nonlinear solution status: time= 10.5
	stiffness updates             = 0
	right hand side evaluations   = 2
	stiffness matrix reformations = 1
	step from line search         = 1.000000
	convergence norms :     INITIAL         CURRENT         REQUIRED
	   residual            2.890100e+01    1.951281e-08    0.000000e+00 
	   energy              1.473997e-01    9.324881e-07    1.473997e-03 
	   displacement        6.986317e-03    6.986317e-03    6.986317e-09 
 2
 Nonlinear solution status: time= 10.5
	stiffness updates             = 1
	right hand side evaluations   = 3
	stiffness matrix reformations = 1
	step from line search         = 1.000000
	convergence norms :     INITIAL         CURRENT         REQUIRED
	   residual            2.890100e+01    1.587972e-13    0.000000e+00 
	   energy              1.473997e-01    4.866461e-13    1.473997e-03 
	   displacement        6.986317e-03    2.560143e-11    6.986154e-09 

convergence summary
    number of iterations   : 2
    number of reformations : 1

------- converged at time : 10.5


Data Record #1
===========================================================================
Step = 105
Time = 10.5
Data = ux;uy;uz
File = parameter_sweeps/tmax3_disp.txt

Data Record #2
===========================================================================
Step = 105
Time = 10.5
Data = sz;J
File = parameter_sweeps/tmax3_stress.txt

===== beginning time step 106 : 10.6 =====


Reforming stiffness matrix: reformation #1

 1
 Nonlinear solution status: time= 10.6
	stiffness updates             = 0
	right hand side evaluations   = 2
	stiffness matrix reformations = 1
	step from line search         = 1.000000
	convergence norms :     INITIAL         CURRENT         REQUIRED
	   residual            3.223323e+01    1.961396e-08    0.000000e+00 
	   energy              1.629644e-01    9.506875e-07    1.629644e-03 
	   displacement        7.607704e-03    7.607704e-03    7.607704e-09 
 2
 Nonlinear solution status: time= 10.6
	stiffness updates             = 1
	right hand side evaluations   = 3
	stiffness matrix reformations = 1
	step from line search         = 1.000000
	convergence norms :     INITIAL         CURRENT         REQUIRED
	   residual            3.223323e+01    1.769470e-13    0.000000e+00 
	   energy              1.629644e-01    5.317740e-13    1.629644e-03 
	   displacement        7.607704e-03    2.706493e-11    7.607537e-09 

convergence summary
    number of iterations   : 2
    number of reformations : 1

------- converged at time : 10.6


Data Record #1
===========================================================================
Step = 106
Time = 10.6
Data = ux;uy;uz
File = parameter_sweeps/tmax3_disp.txt

Data Record #2
===========================================================================
Step = 106
Time = 10.6
Data = sz;J
File = parameter_sweeps/tmax3_stress.txt

===== beginning time step 107 : 10.7 =====


Reforming stiffness matrix: reformation #1

 1
 Nonlinear solution status: time= 10.7
	stiffness updates             = 0
	right hand side evaluations   = 2
	stiffness matrix reformations = 1
	step from line search         = 1.000000
	convergence norms :     INITIAL         CURRENT         REQUIRED
	   residual            3.569181e+01    1.926308e-08    0.000000e+00 
	   energy              1.805409e-01    1.041295e-06    1.805409e-03 
	   displacement        8.360632e-03    8.360632e-03    8.360632e-09 
 2
 Nonlinear solution status: time= 10.7
	stiffness updates             = 1
	right hand side evaluations   = 3
	stiffness matrix reformations = 1
	step from line search         = 1.000000
	convergence norms :     INITIAL         CURRENT         REQUIRED
	   residual            3.569181e+01    1.749131e-13    0.000000e+00 
	   energy              1.805409e-01    5.194706e-13    1.805409e-03 
	   displacement        8.360632e-03    2.874776e-11    8.360422e-09 

convergence summary
    number of iterations   : 2
    number of reformations : 1

------- converged at time : 10.7


Data Record #1
===========================================================================
Step = 107
Time = 10.7
Data = ux;uy;uz
File = parameter_sweeps/tmax3_disp.txt

Data Record #2
===========================================================================
Step = 107
Time = 10.7
Data = sz;J
File = parameter_sweeps/tmax3_stress.txt

===== beginning time step 108 : 10.8 =====


Reforming stiffness matrix: reformation #1

 1
 Nonlinear solution status: time= 10.8
	stiffness updates             = 0
	right hand side evaluations   = 2
	stiffness matrix reformations = 1
	step from line search         = 1.000000
	convergence norms :     INITIAL         CURRENT         REQUIRED
	   residual            3.926283e+01    2.083004e-08    0.000000e+00 
	   energy              2.001988e-01    1.229119e-06    2.001988e-03 
	   displacement        9.263990e-03    9.263990e-03    9.263990e-09 
 2
 Nonlinear solution status: time= 10.8
	stiffness updates             = 1
	right hand side evaluations   = 3
	stiffness matrix reformations = 1
	step from line search         = 1.000000
	convergence norms :     INITIAL         CURRENT         REQUIRED
	   residual            3.926283e+01    1.897861e-13    0.000000e+00 
	   energy              2.001988e-01    5.486292e-13    2.001988e-03 
	   displacement        9.263990e-03    3.287149e-11    9.263708e-09 

convergence summary
    number of iterations   : 2
    number of reformations : 1

------- converged at time : 10.8


Data Record #1
===========================================================================
Step = 108
Time = 10.8
Data = ux;uy;uz
File = parameter_sweeps/tmax3_disp.txt

Data Record #2
===========================================================================
Step = 108
Time = 10.8
Data = sz;J
File = parameter_sweeps/tmax3_stress.txt

===== beginning time step 109 : 10.9 =====


Reforming stiffness matrix: reformation #1

 1
 Nonlinear solution status: time= 10.9
	stiffness updates             = 0
	right hand side evaluations   = 2
	stiffness matrix reformations = 1
	step from line search         = 1.000000
	convergence norms :     INITIAL         CURRENT         REQUIRED
	   residual            4.276208e+01    2.039573e-08    0.000000e+00 
	   energy              2.218330e-01    1.451645e-06    2.218330e-03 
	   displacement        1.033026e-02    1.033026e-02    1.033026e-08 
 2
 Nonlinear solution status: time= 10.9
	stiffness updates             = 1
	right hand side evaluations   = 3
	stiffness matrix reformations = 1
	step from line search         = 1.000000
	convergence norms :     INITIAL         CURRENT         REQUIRED
	   residual            4.276208e+01    1.991660e-13    0.000000e+00 
	   energy              2.218330e-01    5.488316e-13    2.218330e-03 
	   displacement        1.033026e-02    3.639712e-11    1.032991e-08 

convergence summary
    number of iterations   : 2
    number of reformations : 1

------- converged at time : 10.9


Data Record #1
===========================================================================
Step = 109
Time = 10.9
Data = ux;uy;uz
File = parameter_sweeps/tmax3_disp.txt

Data Record #2
===========================================================================
Step = 109
Time = 10.9
Data = sz;J
File = parameter_sweeps/tmax3_stress.txt

===== beginning time step 110 : 11 =====


Reforming stiffness matrix: reformation #1

 1
 Nonlinear solution status: time= 11
	stiffness updates             = 0
	right hand side evaluations   = 2
	stiffness matrix reformations = 1
	step from line search         = 1.000000
	convergence norms :     INITIAL         CURRENT         REQUIRED
	   residual            4.605431e+01    1.576643e-08    0.000000e+00 
	   energy              2.453834e-01    1.650884e-06    2.453834e-03 
	   displacement        1.157315e-02    1.157315e-02    1.157315e-08 
 2
 Nonlinear solution status: time= 11
	stiffness updates             = 1
	right hand side evaluations   = 3
	stiffness matrix reformations = 1
	step from line search         = 1.000000
	convergence norms :     INITIAL         CURRENT         REQUIRED
	   residual            4.605431e+01    1.608026e-13    0.000000e+00 
	   energy              2.453834e-01    4.977960e-13    2.453834e-03 
	   displacement        1.157315e-02    3.902437e-11    1.157273e-08 

convergence summary
    number of iterations   : 2
    number of reformations : 1

------- converged at time : 11


Data Record #1
===========================================================================
Step = 110
Time = 11
Data = ux;uy;uz
File = parameter_sweeps/tmax3_disp.txt

Data Record #2
===========================================================================
Step = 110
Time = 11
Data = sz;J
File = parameter_sweeps/tmax3_stress.txt

===== beginning time step 111 : 11.1 =====


Reforming stiffness matrix: reformation #1

 1
 Nonlinear solution status: time= 11.1
	stiffness updates             = 0
	right hand side evaluations   = 2
	stiffness matrix reformations = 1
	step from line search         = 1.000000
	convergence norms :     INITIAL         CURRENT         REQUIRED
	   residual            4.921947e+01    1.338394e-08    0.000000e+00 
	   energy              2.708830e-01    1.872442e-06    2.708830e-03 
	   displacement        1.297675e-02    1.297675e-02    1.297675e-08 
 2
 Nonlinear solution status: time= 11.1
	stiffness updates             = 1
	right hand side evaluations   = 3
	stiffness matrix reformations = 1
	step from line search         = 1.000000
	convergence norms :     INITIAL         CURRENT         REQUIRED
	   residual            4.921947e+01    1.427853e-13    0.000000e+00 
	   energy              2.708830e-01    5.278125e-13    2.708830e-03 
	   displacement        1.297675e-02    4.390441e-11    1.297624e-08 

convergence summary
    number of iterations   : 2
    number of reformations : 1

------- converged at time : 11.1


Data Record #1
===========================================================================
Step = 111
Time = 11.1
Data = ux;uy;uz
File = parameter_sweeps/tmax3_disp.txt

Data Record #2
===========================================================================
Step = 111
Time = 11.1
Data = sz;J
File = parameter_sweeps/tmax3_stress.txt

===== beginning time step 112 : 11.2 =====


Reforming stiffness matrix: reformation #1

 1
 Nonlinear solution status: time= 11.2
	stiffness updates             = 0
	right hand side evaluations   = 2
	stiffness matrix reformations = 1
	step from line search         = 1.000000
	convergence norms :     INITIAL         CURRENT         REQUIRED
	   residual            5.257195e+01    1.503014e-08    0.000000e+00 
	   energy              2.982522e-01    2.159891e-06    2.982522e-03 
	   displacement        1.445885e-02    1.445885e-02    1.445885e-08 
 2
 Nonlinear solution status: time= 11.2
	stiffness updates             = 1
	right hand side evaluations   = 3
	stiffness matrix reformations = 1
	step from line search         = 1.000000
	convergence norms :     INITIAL         CURRENT         REQUIRED
	   residual            5.257195e+01    1.528820e-13    0.000000e+00 
	   energy              2.982522e-01    6.301407e-13    2.982522e-03 
	   displacement        1.445885e-02    5.060984e-11    1.445823e-08 

convergence summary
    number of iterations   : 2
    number of reformations : 1

------- converged at time : 11.2


Data Record #1
===========================================================================
Step = 112
Time = 11.2
Data = ux;uy;uz
File = parameter_sweeps/tmax3_disp.txt

Data Record #2
===========================================================================
Step = 112
Time = 11.2
Data = sz;J
File = parameter_sweeps/tmax3_stress.txt

===== beginning time step 113 : 11.3 =====


Reforming stiffness matrix: reformation #1

 1
 Nonlinear solution status: time= 11.3
	stiffness updates             = 0
	right hand side evaluations   = 2
	stiffness matrix reformations = 1
	step from line search         = 1.000000
	convergence norms :     INITIAL         CURRENT         REQUIRED
	   residual            5.641683e+01    1.453544e-08    0.000000e+00 
	   energy              3.271189e-01    2.510782e-06    3.271189e-03 
	   displacement        1.595500e-02    1.595500e-02    1.595500e-08 
 2
 Nonlinear solution status: time= 11.3
	stiffness updates             = 1
	right hand side evaluations   = 3
	stiffness matrix reformations = 1
	step from line search         = 1.000000
	convergence norms :     INITIAL         CURRENT         REQUIRED
	   residual            5.641683e+01    1.645559e-13    0.000000e+00 
	   energy              3.271189e-01    6.725920e-13    3.271189e-03 
	   displacement        1.595500e-02    5.674433e-11    1.595430e-08 

convergence summary
    number of iterations   : 2
    number of reformations : 1

------- converged at time : 11.3


Data Record #1
===========================================================================
Step = 113
Time = 11.3
Data = ux;uy;uz
File = parameter_sweeps/tmax3_disp.txt

Data Record #2
===========================================================================
Step = 113
Time = 11.3
Data = sz;J
File = parameter_sweeps/tmax3_stress.txt

===== beginning time step 114 : 11.4 =====


Reforming stiffness matrix: reformation #1

 1
 Nonlinear solution status: time= 11.4
	stiffness updates             = 0
	right hand side evaluations   = 2
	stiffness matrix reformations = 1
	step from line search         = 1.000000
	convergence norms :     INITIAL         CURRENT         REQUIRED
	   residual            6.073514e+01    1.287655e-08    0.000000e+00 
	   energy              3.567073e-01    2.913973e-06    3.567073e-03 
	   displacement        1.744429e-02    1.744429e-02    1.744429e-08 
 2
 Nonlinear solution status: time= 11.4
	stiffness updates             = 1
	right hand side evaluations   = 3
	stiffness matrix reformations = 1
	step from line search         = 1.000000
	convergence norms :     INITIAL         CURRENT         REQUIRED
	   residual            6.073514e+01    1.447132e-13    0.000000e+00 
	   energy              3.567073e-01    6.737683e-13    3.567073e-03 
	   displacement        1.744429e-02    6.186447e-11    1.744351e-08 

convergence summary
    number of iterations   : 2
    number of reformations : 1

------- converged at time : 11.4


Data Record #1
===========================================================================
Step = 114
Time = 11.4
Data = ux;uy;uz
File = parameter_sweeps/tmax3_disp.txt

Data Record #2
===========================================================================
Step = 114
Time = 11.4
Data = sz;J
File = parameter_sweeps/tmax3_stress.txt

===== beginning time step 115 : 11.5 =====


Reforming stiffness matrix: reformation #1

 1
 Nonlinear solution status: time= 11.5
	stiffness updates             = 0
	right hand side evaluations   = 2
	stiffness matrix reformations = 1
	step from line search         = 1.000000
	convergence norms :     INITIAL         CURRENT         REQUIRED
	   residual            6.529010e+01    1.348872e-08    0.000000e+00 
	   energy              3.858955e-01    3.333648e-06    3.858955e-03 
	   displacement        1.888165e-02    1.888165e-02    1.888165e-08 
 2
 Nonlinear solution status: time= 11.5
	stiffness updates             = 1
	right hand side evaluations   = 3
	stiffness matrix reformations = 1
	step from line search         = 1.000000
	convergence norms :     INITIAL         CURRENT         REQUIRED
	   residual            6.529010e+01    1.264676e-13    0.000000e+00 
	   energy              3.858955e-01    6.909344e-13    3.858955e-03 
	   displacement        1.888165e-02    6.614147e-11    1.888077e-08 

convergence summary
    number of iterations   : 2
    number of reformations : 1

------- converged at time : 11.5


Data Record #1
===========================================================================
Step = 115
Time = 11.5
Data = ux;uy;uz
File = parameter_sweeps/tmax3_disp.txt

Data Record #2
===========================================================================
Step = 115
Time = 11.5
Data = sz;J
File = parameter_sweeps/tmax3_stress.txt

===== beginning time step 116 : 11.6 =====


Reforming stiffness matrix: reformation #1

 1
 Nonlinear solution status: time= 11.6
	stiffness updates             = 0
	right hand side evaluations   = 2
	stiffness matrix reformations = 1
	step from line search         = 1.000000
	convergence norms :     INITIAL         CURRENT         REQUIRED
	   residual            6.996378e+01    1.484586e-08    0.000000e+00 
	   energy              4.135687e-01    3.715504e-06    4.135687e-03 
	   displacement        2.020202e-02    2.020202e-02    2.020202e-08 
 2
 Nonlinear solution status: time= 11.6
	stiffness updates             = 1
	right hand side evaluations   = 3
	stiffness matrix reformations = 1
	step from line search         = 1.000000
	convergence norms :     INITIAL         CURRENT         REQUIRED
	   residual            6.996378e+01    1.211439e-13    0.000000e+00 
	   energy              4.135687e-01    6.745412e-13    4.135687e-03 
	   displacement        2.020202e-02    6.804844e-11    2.020108e-08 

convergence summary
    number of iterations   : 2
    number of reformations : 1

------- converged at time : 11.6


Data Record #1
===========================================================================
Step = 116
Time = 11.6
Data = ux;uy;uz
File = parameter_sweeps/tmax3_disp.txt

Data Record #2
===========================================================================
Step = 116
Time = 11.6
Data = sz;J
File = parameter_sweeps/tmax3_stress.txt

===== beginning time step 117 : 11.7 =====


Reforming stiffness matrix: reformation #1

 1
 Nonlinear solution status: time= 11.7
	stiffness updates             = 0
	right hand side evaluations   = 2
	stiffness matrix reformations = 1
	step from line search         = 1.000000
	convergence norms :     INITIAL         CURRENT         REQUIRED
	   residual            7.470353e+01    1.409600e-08    0.000000e+00 
	   energy              4.388236e-01    4.001060e-06    4.388236e-03 
	   displacement        2.134491e-02    2.134491e-02    2.134491e-08 
 2
 Nonlinear solution status: time= 11.7
	stiffness updates             = 1
	right hand side evaluations   = 3
	stiffness matrix reformations = 1
	step from line search         = 1.000000
	convergence norms :     INITIAL         CURRENT         REQUIRED
	   residual            7.470353e+01    1.176696e-13    0.000000e+00 
	   energy              4.388236e-01    6.460004e-13    4.388236e-03 
	   displacement        2.134491e-02    6.864508e-11    2.134392e-08 

convergence summary
    number of iterations   : 2
    number of reformations : 1

------- converged at time : 11.7


Data Record #1
===========================================================================
Step = 117
Time = 11.7
Data = ux;uy;uz
File = parameter_sweeps/tmax3_disp.txt

Data Record #2
===========================================================================
Step = 117
Time = 11.7
Data = sz;J
File = parameter_sweeps/tmax3_stress.txt

===== beginning time step 118 : 11.8 =====


Reforming stiffness matrix: reformation #1

 1
 Nonlinear solution status: time= 11.8
	stiffness updates             = 0
	right hand side evaluations   = 2
	stiffness matrix reformations = 1
	step from line search         = 1.000000
	convergence norms :     INITIAL         CURRENT         REQUIRED
	   residual            7.933168e+01    1.284193e-08    0.000000e+00 
	   energy              4.608768e-01    4.146885e-06    4.608768e-03 
	   displacement        2.227578e-02    2.227578e-02    2.227578e-08 
 2
 Nonlinear solution status: time= 11.8
	stiffness updates             = 1
	right hand side evaluations   = 3
	stiffness matrix reformations = 1
	step from line search         = 1.000000
	convergence norms :     INITIAL         CURRENT         REQUIRED
	   residual            7.933168e+01    1.319063e-13    0.000000e+00 
	   energy              4.608768e-01    6.944061e-13    4.608768e-03 
	   displacement        2.227578e-02    7.254827e-11    2.227476e-08 

convergence summary
    number of iterations   : 2
    number of reformations : 1

------- converged at time : 11.8


Data Record #1
===========================================================================
Step = 118
Time = 11.8
Data = ux;uy;uz
File = parameter_sweeps/tmax3_disp.txt

Data Record #2
===========================================================================
Step = 118
Time = 11.8
Data = sz;J
File = parameter_sweeps/tmax3_stress.txt

===== beginning time step 119 : 11.9 =====


Reforming stiffness matrix: reformation #1

 1
 Nonlinear solution status: time= 11.9
	stiffness updates             = 0
	right hand side evaluations   = 2
	stiffness matrix reformations = 1
	step from line search         = 1.000000
	convergence norms :     INITIAL         CURRENT         REQUIRED
	   residual            8.356248e+01    1.304805e-08    0.000000e+00 
	   energy              4.790089e-01    4.095862e-06    4.790089e-03 
	   displacement        2.299626e-02    2.299626e-02    2.299626e-08 
 2
 Nonlinear solution status: time= 11.9
	stiffness updates             = 1
	right hand side evaluations   = 3
	stiffness matrix reformations = 1
	step from line search         = 1.000000
	convergence norms :     INITIAL         CURRENT         REQUIRED
	   residual            8.356248e+01    1.407360e-13    0.000000e+00 
	   energy              4.790089e-01    7.615711e-13    4.790089e-03 
	   displacement        2.299626e-02    7.557912e-11    2.299524e-08 

convergence summary
    number of iterations   : 2
    number of reformations : 1

------- converged at time : 11.9


Data Record #1
===========================================================================
Step = 119
Time = 11.9
Data = ux;uy;uz
File = parameter_sweeps/tmax3_disp.txt

Data Record #2
===========================================================================
Step = 119
Time = 11.9
Data = sz;J
File = parameter_sweeps/tmax3_stress.txt

===== beginning time step 120 : 12 =====


Reforming stiffness matrix: reformation #1

 1
 Nonlinear solution status: time= 12
	stiffness updates             = 0
	right hand side evaluations   = 2
	stiffness matrix reformations = 1
	step from line search         = 1.000000
	convergence norms :     INITIAL         CURRENT         REQUIRED
	   residual            8.708216e+01    1.597128e-08    0.000000e+00 
	   energy              4.929133e-01    3.911924e-06    4.929133e-03 
	   displacement        2.353399e-02    2.353399e-02    2.353399e-08 
 2
 Nonlinear solution status: time= 12
	stiffness updates             = 1
	right hand side evaluations   = 3
	stiffness matrix reformations = 1
	step from line search         = 1.000000
	convergence norms :     INITIAL         CURRENT         REQUIRED
	   residual            8.708216e+01    1.826813e-13    0.000000e+00 
	   energy              4.929133e-01    8.161513e-13    4.929133e-03 
	   displacement        2.353399e-02    7.463163e-11    2.353302e-08 

convergence summary
    number of iterations   : 2
    number of reformations : 1

------- converged at time : 12


Data Record #1
===========================================================================
Step = 120
Time = 12
Data = ux;uy;uz
File = parameter_sweeps/tmax3_disp.txt

Data Record #2
===========================================================================
Step = 120
Time = 12
Data = sz;J
File = parameter_sweeps/tmax3_stress.txt

===== beginning time step 121 : 12.1 =====


Reforming stiffness matrix: reformation #1

 1
 Nonlinear solution status: time= 12.1
	stiffness updates             = 0
	right hand side evaluations   = 2
	stiffness matrix reformations = 1
	step from line search         = 1.000000
	convergence norms :     INITIAL         CURRENT         REQUIRED
	   residual            8.978022e+01    2.061355e-08    0.000000e+00 
	   energy              5.028639e-01    3.786510e-06    5.028639e-03 
	   displacement        2.391414e-02    2.391414e-02    2.391414e-08 
 2
 Nonlinear solution status: time= 12.1
	stiffness updates             = 1
	right hand side evaluations   = 3
	stiffness matrix reformations = 1
	step from line search         = 1.000000
	convergence norms :     INITIAL         CURRENT         REQUIRED
	   residual            8.978022e+01    2.196623e-13    0.000000e+00 
	   energy              5.028639e-01    8.765234e-13    5.028639e-03 
	   displacement        2.391414e-02    7.428635e-11    2.391321e-08 

convergence summary
    number of iterations   : 2
    number of reformations : 1

------- converged at time : 12.1


Data Record #1
===========================================================================
Step = 121
Time = 12.1
Data = ux;uy;uz
File = parameter_sweeps/tmax3_disp.txt

Data Record #2
===========================================================================
Step = 121
Time = 12.1
Data = sz;J
File = parameter_sweeps/tmax3_stress.txt

===== beginning time step 122 : 12.2 =====


Reforming stiffness matrix: reformation #1

 1
 Nonlinear solution status: time= 12.2
	stiffness updates             = 0
	right hand side evaluations   = 2
	stiffness matrix reformations = 1
	step from line search         = 1.000000
	convergence norms :     INITIAL         CURRENT         REQUIRED
	   residual            9.189537e+01    2.598403e-08    0.000000e+00 
	   energy              5.095895e-01    3.716687e-06    5.095895e-03 
	   displacement        2.415417e-02    2.415417e-02    2.415417e-08 
 2
 Nonlinear solution status: time= 12.2
	stiffness updates             = 1
	right hand side evaluations   = 3
	stiffness matrix reformations = 1
	step from line search         = 1.000000
	convergence norms :     INITIAL         CURRENT         REQUIRED
	   residual            9.189537e+01    2.916177e-13    0.000000e+00 
	   energy              5.095895e-01    9.437120e-13    5.095895e-03 
	   displacement        2.415417e-02    7.509824e-11    2.415327e-08 

convergence summary
    number of iterations   : 2
    number of reformations : 1

------- converged at time : 12.2


Data Record #1
===========================================================================
Step = 122
Time = 12.2
Data = ux;uy;uz
File = parameter_sweeps/tmax3_disp.txt

Data Record #2
===========================================================================
Step = 122
Time = 12.2
Data = sz;J
File = parameter_sweeps/tmax3_stress.txt

===== beginning time step 123 : 12.3 =====


Reforming stiffness matrix: reformation #1

 1
 Nonlinear solution status: time= 12.3
	stiffness updates             = 0
	right hand side evaluations   = 2
	stiffness matrix reformations = 1
	step from line search         = 1.000000
	convergence norms :     INITIAL         CURRENT         REQUIRED
	   residual            9.390761e+01    2.967986e-08    0.000000e+00 
	   energy              5.140227e-01    3.573211e-06    5.140227e-03 
	   displacement        2.425743e-02    2.425743e-02    2.425743e-08 
 2
 Nonlinear solution status: time= 12.3
	stiffness updates             = 1
	right hand side evaluations   = 3
	stiffness matrix reformations = 1
	step from line search         = 1.000000
	convergence norms :     INITIAL         CURRENT         REQUIRED
	   residual            9.390761e+01    3.422500e-13    0.000000e+00 
	   energy              5.140227e-01    9.780022e-13    5.140227e-03 
	   displacement        2.425743e-02    7.381862e-11    2.425661e-08 

convergence summary
    number of iterations   : 2
    number of reformations : 1

------- converged at time : 12.3


Data Record #1
===========================================================================
Step = 123
Time = 12.3
Data = ux;uy;uz
File = parameter_sweeps/tmax3_disp.txt

Data Record #2
===========================================================================
Step = 123
Time = 12.3
Data = sz;J
File = parameter_sweeps/tmax3_stress.txt

===== beginning time step 124 : 12.4 =====


Reforming stiffness matrix: reformation #1

 1
 Nonlinear solution status: time= 12.4
	stiffness updates             = 0
	right hand side evaluations   = 2
	stiffness matrix reformations = 1
	step from line search         = 1.000000
	convergence norms :     INITIAL         CURRENT         REQUIRED
	   residual            9.619475e+01    4.062992e-08    0.000000e+00 
	   energy              5.171201e-01    3.331056e-06    5.171201e-03 
	   displacement        2.420471e-02    2.420471e-02    2.420471e-08 
 2
 Nonlinear solution status: time= 12.4
	stiffness updates             = 1
	right hand side evaluations   = 3
	stiffness matrix reformations = 1
	step from line search         = 1.000000
	convergence norms :     INITIAL         CURRENT         REQUIRED
	   residual            9.619475e+01    4.096318e-13    0.000000e+00 
	   energy              5.171201e-01    1.103540e-12    5.171201e-03 
	   displacement        2.420471e-02    7.347030e-11    2.420402e-08 

convergence summary
    number of iterations   : 2
    number of reformations : 1

------- converged at time : 12.4


Data Record #1
===========================================================================
Step = 124
Time = 12.4
Data = ux;uy;uz
File = parameter_sweeps/tmax3_disp.txt

Data Record #2
===========================================================================
Step = 124
Time = 12.4
Data = sz;J
File = parameter_sweeps/tmax3_stress.txt

===== beginning time step 125 : 12.5 =====


Reforming stiffness matrix: reformation #1

 1
 Nonlinear solution status: time= 12.5
	stiffness updates             = 0
	right hand side evaluations   = 2
	stiffness matrix reformations = 1
	step from line search         = 1.000000
	convergence norms :     INITIAL         CURRENT         REQUIRED
	   residual            9.865913e+01    5.544168e-08    0.000000e+00 
	   energy              5.196487e-01    2.981733e-06    5.196487e-03 
	   displacement        2.403629e-02    2.403629e-02    2.403629e-08 
 2
 Nonlinear solution status: time= 12.5
	stiffness updates             = 1
	right hand side evaluations   = 3
	stiffness matrix reformations = 1
	step from line search         = 1.000000
	convergence norms :     INITIAL         CURRENT         REQUIRED
	   residual            9.865913e+01    5.602749e-13    0.000000e+00 
	   energy              5.196487e-01    1.272444e-12    5.196487e-03 
	   displacement        2.403629e-02    6.929002e-11    2.403577e-08 

convergence summary
    number of iterations   : 2
    number of reformations : 1

------- converged at time : 12.5


Data Record #1
===========================================================================
Step = 125
Time = 12.5
Data = ux;uy;uz
File = parameter_sweeps/tmax3_disp.txt

Data Record #2
===========================================================================
Step = 125
Time = 12.5
Data = sz;J
File = parameter_sweeps/tmax3_stress.txt

===== beginning time step 126 : 12.6 =====


Reforming stiffness matrix: reformation #1

 1
 Nonlinear solution status: time= 12.6
	stiffness updates             = 0
	right hand side evaluations   = 2
	stiffness matrix reformations = 1
	step from line search         = 1.000000
	convergence norms :     INITIAL         CURRENT         REQUIRED
	   residual            1.008305e+02    7.162990e-08    0.000000e+00 
	   energy              5.218657e-01    2.647782e-06    5.218657e-03 
	   displacement        2.388080e-02    2.388080e-02    2.388080e-08 
 2
 Nonlinear solution status: time= 12.6
	stiffness updates             = 1
	right hand side evaluations   = 3
	stiffness matrix reformations = 1
	step from line search         = 1.000000
	convergence norms :     INITIAL         CURRENT         REQUIRED
	   residual            1.008305e+02    7.600223e-13    0.000000e+00 
	   energy              5.218657e-01    1.389666e-12    5.218657e-03 
	   displacement        2.388080e-02    6.038030e-11    2.388042e-08 

convergence summary
    number of iterations   : 2
    number of reformations : 1

------- converged at time : 12.6


Data Record #1
===========================================================================
Step = 126
Time = 12.6
Data = ux;uy;uz
File = parameter_sweeps/tmax3_disp.txt

Data Record #2
===========================================================================
Step = 126
Time = 12.6
Data = sz;J
File = parameter_sweeps/tmax3_stress.txt

===== beginning time step 127 : 12.7 =====


Reforming stiffness matrix: reformation #1

 1
 Nonlinear solution status: time= 12.7
	stiffness updates             = 0
	right hand side evaluations   = 2
	stiffness matrix reformations = 1
	step from line search         = 1.000000
	convergence norms :     INITIAL         CURRENT         REQUIRED
	   residual            1.023832e+02    9.205548e-08    0.000000e+00 
	   energy              5.234498e-01    2.524321e-06    5.234498e-03 
	   displacement        2.378996e-02    2.378996e-02    2.378996e-08 
 2
 Nonlinear solution status: time= 12.7
	stiffness updates             = 1
	right hand side evaluations   = 3
	stiffness matrix reformations = 1
	step from line search         = 1.000000
	convergence norms :     INITIAL         CURRENT         REQUIRED
	   residual            1.023832e+02    1.060405e-12    0.000000e+00 
	   energy              5.234498e-01    1.649560e-12    5.234498e-03 
	   displacement        2.378996e-02    5.873891e-11    2.378969e-08 

convergence summary
    number of iterations   : 2
    number of reformations : 1

------- converged at time : 12.7


Data Record #1
===========================================================================
Step = 127
Time = 12.7
Data = ux;uy;uz
File = parameter_sweeps/tmax3_disp.txt

Data Record #2
===========================================================================
Step = 127
Time = 12.7
Data = sz;J
File = parameter_sweeps/tmax3_stress.txt

===== beginning time step 128 : 12.8 =====


Reforming stiffness matrix: reformation #1

 1
 Nonlinear solution status: time= 12.8
	stiffness updates             = 0
	right hand side evaluations   = 2
	stiffness matrix reformations = 1
	step from line search         = 1.000000
	convergence norms :     INITIAL         CURRENT         REQUIRED
	   residual            1.033820e+02    1.042887e-07    0.000000e+00 
	   energy              5.237748e-01    2.578987e-06    5.237748e-03 
	   displacement        2.368778e-02    2.368778e-02    2.368778e-08 
 2
 Nonlinear solution status: time= 12.8
	stiffness updates             = 1
	right hand side evaluations   = 3
	stiffness matrix reformations = 1
	step from line search         = 1.000000
	convergence norms :     INITIAL         CURRENT         REQUIRED
	   residual            1.033820e+02    1.223301e-12    0.000000e+00 
	   energy              5.237748e-01    1.913250e-12    5.237748e-03 
	   displacement        2.368778e-02    6.248155e-11    2.368757e-08 

convergence summary
    number of iterations   : 2
    number of reformations : 1

------- converged at time : 12.8


Data Record #1
===========================================================================
Step = 128
Time = 12.8
Data = ux;uy;uz
File = parameter_sweeps/tmax3_disp.txt

Data Record #2
===========================================================================
Step = 128
Time = 12.8
Data = sz;J
File = parameter_sweeps/tmax3_stress.txt

===== beginning time step 129 : 12.9 =====


Reforming stiffness matrix: reformation #1

 1
 Nonlinear solution status: time= 12.9
	stiffness updates             = 0
	right hand side evaluations   = 2
	stiffness matrix reformations = 1
	step from line search         = 1.000000
	convergence norms :     INITIAL         CURRENT         REQUIRED
	   residual            1.039267e+02    1.028515e-07    0.000000e+00 
	   energy              5.222387e-01    2.647001e-06    5.222387e-03 
	   displacement        2.351649e-02    2.351649e-02    2.351649e-08 
 2
 Nonlinear solution status: time= 12.9
	stiffness updates             = 1
	right hand side evaluations   = 3
	stiffness matrix reformations = 1
	step from line search         = 1.000000
	convergence norms :     INITIAL         CURRENT         REQUIRED
	   residual            1.039267e+02    1.170332e-12    0.000000e+00 
	   energy              5.222387e-01    1.982921e-12    5.222387e-03 
	   displacement        2.351649e-02    6.429553e-11    2.351632e-08 

convergence summary
    number of iterations   : 2
    number of reformations : 1

------- converged at time : 12.9


Data Record #1
===========================================================================
Step = 129
Time = 12.9
Data = ux;uy;uz
File = parameter_sweeps/tmax3_disp.txt

Data Record #2
===========================================================================
Step = 129
Time = 12.9
Data = sz;J
File = parameter_sweeps/tmax3_stress.txt

===== beginning time step 130 : 13 =====


Reforming stiffness matrix: reformation #1

 1
 Nonlinear solution status: time= 13
	stiffness updates             = 0
	right hand side evaluations   = 2
	stiffness matrix reformations = 1
	step from line search         = 1.000000
	convergence norms :     INITIAL         CURRENT         REQUIRED
	   residual            1.038155e+02    1.111988e-07    0.000000e+00 
	   energy              5.185451e-01    2.631938e-06    5.185451e-03 
	   displacement        2.329820e-02    2.329820e-02    2.329820e-08 
 2
 Nonlinear solution status: time= 13
	stiffness updates             = 1
	right hand side evaluations   = 3
	stiffness matrix reformations = 1
	step from line search         = 1.000000
	convergence norms :     INITIAL         CURRENT         REQUIRED
	   residual            1.038155e+02    1.296889e-12    0.000000e+00 
	   energy              5.185451e-01    2.229508e-12    5.185451e-03 
	   displacement        2.329820e-02    6.922411e-11    2.329808e-08 

convergence summary
    number of iterations   : 2
    number of reformations : 1

------- converged at time : 13


Data Record #1
===========================================================================
Step = 130
Time = 13
Data = ux;uy;uz
File = parameter_sweeps/tmax3_disp.txt

Data Record #2
===========================================================================
Step = 130
Time = 13
Data = sz;J
File = parameter_sweeps/tmax3_stress.txt

===== beginning time step 131 : 13.1 =====


Reforming stiffness matrix: reformation #1

 1
 Nonlinear solution status: time= 13.1
	stiffness updates             = 0
	right hand side evaluations   = 2
	stiffness matrix reformations = 1
	step from line search         = 1.000000
	convergence norms :     INITIAL         CURRENT         REQUIRED
	   residual            1.027552e+02    1.150766e-07    0.000000e+00 
	   energy              5.127524e-01    2.516830e-06    5.127524e-03 
	   displacement        2.307526e-02    2.307526e-02    2.307526e-08 
 2
 Nonlinear solution status: time= 13.1
	stiffness updates             = 1
	right hand side evaluations   = 3
	stiffness matrix reformations = 1
	step from line search         = 1.000000
	convergence norms :     INITIAL         CURRENT         REQUIRED
	   residual            1.027552e+02    1.298008e-12    0.000000e+00 
	   energy              5.127524e-01    2.225216e-12    5.127524e-03 
	   displacement        2.307526e-02    6.721549e-11    2.307511e-08 

convergence summary
    number of iterations   : 2
    number of reformations : 1

------- converged at time : 13.1


Data Record #1
===========================================================================
Step = 131
Time = 13.1
Data = ux;uy;uz
File = parameter_sweeps/tmax3_disp.txt

Data Record #2
===========================================================================
Step = 131
Time = 13.1
Data = sz;J
File = parameter_sweeps/tmax3_stress.txt

===== beginning time step 132 : 13.2 =====


Reforming stiffness matrix: reformation #1

 1
 Nonlinear solution status: time= 13.2
	stiffness updates             = 0
	right hand side evaluations   = 2
	stiffness matrix reformations = 1
	step from line search         = 1.000000
	convergence norms :     INITIAL         CURRENT         REQUIRED
	   residual            1.006946e+02    1.029384e-07    0.000000e+00 
	   energy              5.051859e-01    2.374986e-06    5.051859e-03 
	   displacement        2.286164e-02    2.286164e-02    2.286164e-08 
 2
 Nonlinear solution status: time= 13.2
	stiffness updates             = 1
	right hand side evaluations   = 3
	stiffness matrix reformations = 1
	step from line search         = 1.000000
	convergence norms :     INITIAL         CURRENT         REQUIRED
	   residual            1.006946e+02    1.098161e-12    0.000000e+00 
	   energy              5.051859e-01    1.881362e-12    5.051859e-03 
	   displacement        2.286164e-02    6.025002e-11    2.286141e-08 

convergence summary
    number of iterations   : 2
    number of reformations : 1

------- converged at time : 13.2


Data Record #1
===========================================================================
Step = 132
Time = 13.2
Data = ux;uy;uz
File = parameter_sweeps/tmax3_disp.txt

Data Record #2
===========================================================================
Step = 132
Time = 13.2
Data = sz;J
File = parameter_sweeps/tmax3_stress.txt

===== beginning time step 133 : 13.3 =====


Reforming stiffness matrix: reformation #1

 1
 Nonlinear solution status: time= 13.3
	stiffness updates             = 0
	right hand side evaluations   = 2
	stiffness matrix reformations = 1
	step from line search         = 1.000000
	convergence norms :     INITIAL         CURRENT         REQUIRED
	   residual            9.782918e+01    8.573052e-08    0.000000e+00 
	   energy              4.961342e-01    2.342466e-06    4.961342e-03 
	   displacement        2.263608e-02    2.263608e-02    2.263608e-08 
 2
 Nonlinear solution status: time= 13.3
	stiffness updates             = 1
	right hand side evaluations   = 3
	stiffness matrix reformations = 1
	step from line search         = 1.000000
	convergence norms :     INITIAL         CURRENT         REQUIRED
	   residual            9.782918e+01    9.257801e-13    0.000000e+00 
	   energy              4.961342e-01    1.601771e-12    4.961342e-03 
	   displacement        2.263608e-02    5.786552e-11    2.263578e-08 

convergence summary
    number of iterations   : 2
    number of reformations : 1

------- converged at time : 13.3


Data Record #1
===========================================================================
Step = 133
Time = 13.3
Data = ux;uy;uz
File = parameter_sweeps/tmax3_disp.txt

Data Record #2
===========================================================================
Step = 133
Time = 13.3
Data = sz;J
File = parameter_sweeps/tmax3_stress.txt

===== beginning time step 134 : 13.4 =====


Reforming stiffness matrix: reformation #1

 1
 Nonlinear solution status: time= 13.4
	stiffness updates             = 0
	right hand side evaluations   = 2
	stiffness matrix reformations = 1
	step from line search         = 1.000000
	convergence norms :     INITIAL         CURRENT         REQUIRED
	   residual            9.439711e+01    7.068581e-08    0.000000e+00 
	   energy              4.857541e-01    2.481504e-06    4.857541e-03 
	   displacement        2.238097e-02    2.238097e-02    2.238097e-08 
 2
 Nonlinear solution status: time= 13.4
	stiffness updates             = 1
	right hand side evaluations   = 3
	stiffness matrix reformations = 1
	step from line search         = 1.000000
	convergence norms :     INITIAL         CURRENT         REQUIRED
	   residual            9.439711e+01    7.824647e-13    0.000000e+00 
	   energy              4.857541e-01    1.458611e-12    4.857541e-03 
	   displacement        2.238097e-02    6.020462e-11    2.238064e-08 

convergence summary
    number of iterations   : 2
    number of reformations : 1

------- converged at time : 13.4


Data Record #1
===========================================================================
Step = 134
Time = 13.4
Data = ux;uy;uz
File = parameter_sweeps/tmax3_disp.txt

Data Record #2
===========================================================================
Step = 134
Time = 13.4
Data = sz;J
File = parameter_sweeps/tmax3_stress.txt

===== beginning time step 135 : 13.5 =====


Reforming stiffness matrix: reformation #1

 1
 Nonlinear solution status: time= 13.5
	stiffness updates             = 0
	right hand side evaluations   = 2
	stiffness matrix reformations = 1
	step from line search         = 1.000000
	convergence norms :     INITIAL         CURRENT         REQUIRED
	   residual            9.064714e+01    5.695513e-08    0.000000e+00 
	   energy              4.742607e-01    2.726035e-06    4.742607e-03 
	   displacement        2.208963e-02    2.208963e-02    2.208963e-08 
 2
 Nonlinear solution status: time= 13.5
	stiffness updates             = 1
	right hand side evaluations   = 3
	stiffness matrix reformations = 1
	step from line search         = 1.000000
	convergence norms :     INITIAL         CURRENT         REQUIRED
	   residual            9.064714e+01    6.462072e-13    0.000000e+00 
	   energy              4.742607e-01    1.306651e-12    4.742607e-03 
	   displacement        2.208963e-02    6.418584e-11    2.208924e-08 

convergence summary
    number of iterations   : 2
    number of reformations : 1

------- converged at time : 13.5


Data Record #1
===========================================================================
Step = 135
Time = 13.5
Data = ux;uy;uz
File = parameter_sweeps/tmax3_disp.txt

Data Record #2
===========================================================================
Step = 135
Time = 13.5
Data = sz;J
File = parameter_sweeps/tmax3_stress.txt

===== beginning time step 136 : 13.6 =====


Reforming stiffness matrix: reformation #1

 1
 Nonlinear solution status: time= 13.6
	stiffness updates             = 0
	right hand side evaluations   = 2
	stiffness matrix reformations = 1
	step from line search         = 1.000000
	convergence norms :     INITIAL         CURRENT         REQUIRED
	   residual            8.681716e+01    4.274143e-08    0.000000e+00 
	   energy              4.618724e-01    2.908173e-06    4.618724e-03 
	   displacement        2.172700e-02    2.172700e-02    2.172700e-08 
 2
 Nonlinear solution status: time= 13.6
	stiffness updates             = 1
	right hand side evaluations   = 3
	stiffness matrix reformations = 1
	step from line search         = 1.000000
	convergence norms :     INITIAL         CURRENT         REQUIRED
	   residual            8.681716e+01    4.998694e-13    0.000000e+00 
	   energy              4.618724e-01    1.106472e-12    4.618724e-03 
	   displacement        2.172700e-02    6.488987e-11    2.172654e-08 

convergence summary
    number of iterations   : 2
    number of reformations : 1

------- converged at time : 13.6


Data Record #1
===========================================================================
Step = 136
Time = 13.6
Data = ux;uy;uz
File = parameter_sweeps/tmax3_disp.txt

Data Record #2
===========================================================================
Step = 136
Time = 13.6
Data = sz;J
File = parameter_sweeps/tmax3_stress.txt

===== beginning time step 137 : 13.7 =====


Reforming stiffness matrix: reformation #1

 1
 Nonlinear solution status: time= 13.7
	stiffness updates             = 0
	right hand side evaluations   = 2
	stiffness matrix reformations = 1
	step from line search         = 1.000000
	convergence norms :     INITIAL         CURRENT         REQUIRED
	   residual            8.295080e+01    2.933223e-08    0.000000e+00 
	   energy              4.486335e-01    2.965950e-06    4.486335e-03 
	   displacement        2.125384e-02    2.125384e-02    2.125384e-08 
 2
 Nonlinear solution status: time= 13.7
	stiffness updates             = 1
	right hand side evaluations   = 3
	stiffness matrix reformations = 1
	step from line search         = 1.000000
	convergence norms :     INITIAL         CURRENT         REQUIRED
	   residual            8.295080e+01    3.615814e-13    0.000000e+00 
	   energy              4.486335e-01    9.207291e-13    4.486335e-03 
	   displacement        2.125384e-02    6.305908e-11    2.125329e-08 

convergence summary
    number of iterations   : 2
    number of reformations : 1

------- converged at time : 13.7


Data Record #1
===========================================================================
Step = 137
Time = 13.7
Data = ux;uy;uz
File = parameter_sweeps/tmax3_disp.txt

Data Record #2
===========================================================================
Step = 137
Time = 13.7
Data = sz;J
File = parameter_sweeps/tmax3_stress.txt

===== beginning time step 138 : 13.8 =====


Reforming stiffness matrix: reformation #1

 1
 Nonlinear solution status: time= 13.8
	stiffness updates             = 0
	right hand side evaluations   = 2
	stiffness matrix reformations = 1
	step from line search         = 1.000000
	convergence norms :     INITIAL         CURRENT         REQUIRED
	   residual            7.888324e+01    2.009395e-08    0.000000e+00 
	   energy              4.344120e-01    3.021604e-06    4.344120e-03 
	   displacement        2.069808e-02    2.069808e-02    2.069808e-08 
 2
 Nonlinear solution status: time= 13.8
	stiffness updates             = 1
	right hand side evaluations   = 3
	stiffness matrix reformations = 1
	step from line search         = 1.000000
	convergence norms :     INITIAL         CURRENT         REQUIRED
	   residual            7.888324e+01    2.628908e-13    0.000000e+00 
	   energy              4.344120e-01    8.245522e-13    4.344120e-03 
	   displacement        2.069808e-02    6.368680e-11    2.069741e-08 

convergence summary
    number of iterations   : 2
    number of reformations : 1

------- converged at time : 13.8


Data Record #1
===========================================================================
Step = 138
Time = 13.8
Data = ux;uy;uz
File = parameter_sweeps/tmax3_disp.txt

Data Record #2
===========================================================================
Step = 138
Time = 13.8
Data = sz;J
File = parameter_sweeps/tmax3_stress.txt

===== beginning time step 139 : 13.9 =====


Reforming stiffness matrix: reformation #1

 1
 Nonlinear solution status: time= 13.9
	stiffness updates             = 0
	right hand side evaluations   = 2
	stiffness matrix reformations = 1
	step from line search         = 1.000000
	convergence norms :     INITIAL         CURRENT         REQUIRED
	   residual            7.445406e+01    1.595603e-08    0.000000e+00 
	   energy              4.189509e-01    3.216974e-06    4.189509e-03 
	   displacement        2.013299e-02    2.013299e-02    2.013299e-08 
 2
 Nonlinear solution status: time= 13.9
	stiffness updates             = 1
	right hand side evaluations   = 3
	stiffness matrix reformations = 1
	step from line search         = 1.000000
	convergence norms :     INITIAL         CURRENT         REQUIRED
	   residual            7.445406e+01    1.903680e-13    0.000000e+00 
	   energy              4.189509e-01    7.754804e-13    4.189509e-03 
	   displacement        2.013299e-02    6.784230e-11    2.013223e-08 

convergence summary
    number of iterations   : 2
    number of reformations : 1

------- converged at time : 13.9


Data Record #1
===========================================================================
Step = 139
Time = 13.9
Data = ux;uy;uz
File = parameter_sweeps/tmax3_disp.txt

Data Record #2
===========================================================================
Step = 139
Time = 13.9
Data = sz;J
File = parameter_sweeps/tmax3_stress.txt

===== beginning time step 140 : 14 =====


Reforming stiffness matrix: reformation #1

 1
 Nonlinear solution status: time= 14
	stiffness updates             = 0
	right hand side evaluations   = 2
	stiffness matrix reformations = 1
	step from line search         = 1.000000
	convergence norms :     INITIAL         CURRENT         REQUIRED
	   residual            6.969959e+01    1.558658e-08    0.000000e+00 
	   energy              4.018931e-01    3.584365e-06    4.018931e-03 
	   displacement        1.956041e-02    1.956041e-02    1.956041e-08 
 2
 Nonlinear solution status: time= 14
	stiffness updates             = 1
	right hand side evaluations   = 3
	stiffness matrix reformations = 1
	step from line search         = 1.000000
	convergence norms :     INITIAL         CURRENT         REQUIRED
	   residual            6.969959e+01    1.265985e-13    0.000000e+00 
	   energy              4.018931e-01    6.652921e-13    4.018931e-03 
	   displacement        1.956041e-02    7.336527e-11    1.955960e-08 

convergence summary
    number of iterations   : 2
    number of reformations : 1

------- converged at time : 14


Data Record #1
===========================================================================
Step = 140
Time = 14
Data = ux;uy;uz
File = parameter_sweeps/tmax3_disp.txt

Data Record #2
===========================================================================
Step = 140
Time = 14
Data = sz;J
File = parameter_sweeps/tmax3_stress.txt

===== beginning time step 141 : 14.1 =====


Reforming stiffness matrix: reformation #1

 1
 Nonlinear solution status: time= 14.1
	stiffness updates             = 0
	right hand side evaluations   = 2
	stiffness matrix reformations = 1
	step from line search         = 1.000000
	convergence norms :     INITIAL         CURRENT         REQUIRED
	   residual            6.483395e+01    1.906434e-08    0.000000e+00 
	   energy              3.829180e-01    3.948168e-06    3.829180e-03 
	   displacement        1.888156e-02    1.888156e-02    1.888156e-08 
 2
 Nonlinear solution status: time= 14.1
	stiffness updates             = 1
	right hand side evaluations   = 3
	stiffness matrix reformations = 1
	step from line search         = 1.000000
	convergence norms :     INITIAL         CURRENT         REQUIRED
	   residual            6.483395e+01    1.225084e-13    0.000000e+00 
	   energy              3.829180e-01    6.732734e-13    3.829180e-03 
	   displacement        1.888156e-02    8.335630e-11    1.888067e-08 

convergence summary
    number of iterations   : 2
    number of reformations : 1

------- converged at time : 14.1


Data Record #1
===========================================================================
Step = 141
Time = 14.1
Data = ux;uy;uz
File = parameter_sweeps/tmax3_disp.txt

Data Record #2
===========================================================================
Step = 141
Time = 14.1
Data = sz;J
File = parameter_sweeps/tmax3_stress.txt

===== beginning time step 142 : 14.2 =====


Reforming stiffness matrix: reformation #1

 1
 Nonlinear solution status: time= 14.2
	stiffness updates             = 0
	right hand side evaluations   = 2
	stiffness matrix reformations = 1
	step from line search         = 1.000000
	convergence norms :     INITIAL         CURRENT         REQUIRED
	   residual            6.007058e+01    1.909581e-08    0.000000e+00 
	   energy              3.617887e-01    4.013826e-06    3.617887e-03 
	   displacement        1.800394e-02    1.800394e-02    1.800394e-08 
 2
 Nonlinear solution status: time= 14.2
	stiffness updates             = 1
	right hand side evaluations   = 3
	stiffness matrix reformations = 1
	step from line search         = 1.000000
	convergence norms :     INITIAL         CURRENT         REQUIRED
	   residual            6.007058e+01    1.150698e-13    0.000000e+00 
	   energy              3.617887e-01    7.253169e-13    3.617887e-03 
	   displacement        1.800394e-02    9.010013e-11    1.800298e-08 

convergence summary
    number of iterations   : 2
    number of reformations : 1

------- converged at time : 14.2


Data Record #1
===========================================================================
Step = 142
Time = 14.2
Data = ux;uy;uz
File = parameter_sweeps/tmax3_disp.txt

Data Record #2
===========================================================================
Step = 142
Time = 14.2
Data = sz;J
File = parameter_sweeps/tmax3_stress.txt

===== beginning time step 143 : 14.3 =====


Reforming stiffness matrix: reformation #1

 1
 Nonlinear solution status: time= 14.3
	stiffness updates             = 0
	right hand side evaluations   = 2
	stiffness matrix reformations = 1
	step from line search         = 1.000000
	convergence norms :     INITIAL         CURRENT         REQUIRED
	   residual            5.544415e+01    1.926459e-08    0.000000e+00 
	   energy              3.384435e-01    3.732383e-06    3.384435e-03 
	   displacement        1.693059e-02    1.693059e-02    1.693059e-08 
 2
 Nonlinear solution status: time= 14.3
	stiffness updates             = 1
	right hand side evaluations   = 3
	stiffness matrix reformations = 1
	step from line search         = 1.000000
	convergence norms :     INITIAL         CURRENT         REQUIRED
	   residual            5.544415e+01    1.452508e-13    0.000000e+00 
	   energy              3.384435e-01    7.627655e-13    3.384435e-03 
	   displacement        1.693059e-02    9.020726e-11    1.692966e-08 

convergence summary
    number of iterations   : 2
    number of reformations : 1

------- converged at time : 14.3


Data Record #1
===========================================================================
Step = 143
Time = 14.3
Data = ux;uy;uz
File = parameter_sweeps/tmax3_disp.txt

Data Record #2
===========================================================================
Step = 143
Time = 14.3
Data = sz;J
File = parameter_sweeps/tmax3_stress.txt

===== beginning time step 144 : 14.4 =====


Reforming stiffness matrix: reformation #1

 1
 Nonlinear solution status: time= 14.4
	stiffness updates             = 0
	right hand side evaluations   = 2
	stiffness matrix reformations = 1
	step from line search         = 1.000000
	convergence norms :     INITIAL         CURRENT         REQUIRED
	   residual            5.090711e+01    1.812064e-08    0.000000e+00 
	   energy              3.130506e-01    3.269325e-06    3.130506e-03 
	   displacement        1.570563e-02    1.570563e-02    1.570563e-08 
 2
 Nonlinear solution status: time= 14.4
	stiffness updates             = 1
	right hand side evaluations   = 3
	stiffness matrix reformations = 1
	step from line search         = 1.000000
	convergence norms :     INITIAL         CURRENT         REQUIRED
	   residual            5.090711e+01    1.865869e-13    0.000000e+00 
	   energy              3.130506e-01    7.846971e-13    3.130506e-03 
	   displacement        1.570563e-02    8.667878e-11    1.570477e-08 

convergence summary
    number of iterations   : 2
    number of reformations : 1

------- converged at time : 14.4


Data Record #1
===========================================================================
Step = 144
Time = 14.4
Data = ux;uy;uz
File = parameter_sweeps/tmax3_disp.txt

Data Record #2
===========================================================================
Step = 144
Time = 14.4
Data = sz;J
File = parameter_sweeps/tmax3_stress.txt

===== beginning time step 145 : 14.5 =====


Reforming stiffness matrix: reformation #1

 1
 Nonlinear solution status: time= 14.5
	stiffness updates             = 0
	right hand side evaluations   = 2
	stiffness matrix reformations = 1
	step from line search         = 1.000000
	convergence norms :     INITIAL         CURRENT         REQUIRED
	   residual            4.649221e+01    1.506573e-08    0.000000e+00 
	   energy              2.859095e-01    2.832716e-06    2.859095e-03 
	   displacement        1.434341e-02    1.434341e-02    1.434341e-08 
 2
 Nonlinear solution status: time= 14.5
	stiffness updates             = 1
	right hand side evaluations   = 3
	stiffness matrix reformations = 1
	step from line search         = 1.000000
	convergence norms :     INITIAL         CURRENT         REQUIRED
	   residual            4.649221e+01    1.867757e-13    0.000000e+00 
	   energy              2.859095e-01    7.693526e-13    2.859095e-03 
	   displacement        1.434341e-02    7.983354e-11    1.434265e-08 

convergence summary
    number of iterations   : 2
    number of reformations : 1

------- converged at time : 14.5


Data Record #1
===========================================================================
Step = 145
Time = 14.5
Data = ux;uy;uz
File = parameter_sweeps/tmax3_disp.txt

Data Record #2
===========================================================================
Step = 145
Time = 14.5
Data = sz;J
File = parameter_sweeps/tmax3_stress.txt

===== beginning time step 146 : 14.6 =====


Reforming stiffness matrix: reformation #1

 1
 Nonlinear solution status: time= 14.6
	stiffness updates             = 0
	right hand side evaluations   = 2
	stiffness matrix reformations = 1
	step from line search         = 1.000000
	convergence norms :     INITIAL         CURRENT         REQUIRED
	   residual            4.217456e+01    1.301727e-08    0.000000e+00 
	   energy              2.575028e-01    2.561589e-06    2.575028e-03 
	   displacement        1.285807e-02    1.285807e-02    1.285807e-08 
 2
 Nonlinear solution status: time= 14.6
	stiffness updates             = 1
	right hand side evaluations   = 3
	stiffness matrix reformations = 1
	step from line search         = 1.000000
	convergence norms :     INITIAL         CURRENT         REQUIRED
	   residual            4.217456e+01    1.666390e-13    0.000000e+00 
	   energy              2.575028e-01    7.428990e-13    2.575028e-03 
	   displacement        1.285807e-02    7.503559e-11    1.285740e-08 

convergence summary
    number of iterations   : 2
    number of reformations : 1

------- converged at time : 14.6


Data Record #1
===========================================================================
Step = 146
Time = 14.6
Data = ux;uy;uz
File = parameter_sweeps/tmax3_disp.txt

Data Record #2
===========================================================================
Step = 146
Time = 14.6
Data = sz;J
File = parameter_sweeps/tmax3_stress.txt

===== beginning time step 147 : 14.7 =====


Reforming stiffness matrix: reformation #1

 1
 Nonlinear solution status: time= 14.7
	stiffness updates             = 0
	right hand side evaluations   = 2
	stiffness matrix reformations = 1
	step from line search         = 1.000000
	convergence norms :     INITIAL         CURRENT         REQUIRED
	   residual            3.781797e+01    1.333599e-08    0.000000e+00 
	   energy              2.285184e-01    2.365510e-06    2.285184e-03 
	   displacement        1.132712e-02    1.132712e-02    1.132712e-08 
 2
 Nonlinear solution status: time= 14.7
	stiffness updates             = 1
	right hand side evaluations   = 3
	stiffness matrix reformations = 1
	step from line search         = 1.000000
	convergence norms :     INITIAL         CURRENT         REQUIRED
	   residual            3.781797e+01    1.777537e-13    0.000000e+00 
	   energy              2.285184e-01    7.189188e-13    2.285184e-03 
	   displacement        1.132712e-02    6.813065e-11    1.132652e-08 

convergence summary
    number of iterations   : 2
    number of reformations : 1

------- converged at time : 14.7


Data Record #1
===========================================================================
Step = 147
Time = 14.7
Data = ux;uy;uz
File = parameter_sweeps/tmax3_disp.txt

Data Record #2
===========================================================================
Step = 147
Time = 14.7
Data = sz;J
File = parameter_sweeps/tmax3_stress.txt

===== beginning time step 148 : 14.8 =====


Reforming stiffness matrix: reformation #1

 1
 Nonlinear solution status: time= 14.8
	stiffness updates             = 0
	right hand side evaluations   = 2
	stiffness matrix reformations = 1
	step from line search         = 1.000000
	convergence norms :     INITIAL         CURRENT         REQUIRED
	   residual            3.339459e+01    1.276183e-08    0.000000e+00 
	   energy              1.998355e-01    2.112473e-06    1.998355e-03 
	   displacement        9.858266e-03    9.858266e-03    9.858266e-09 
 2
 Nonlinear solution status: time= 14.8
	stiffness updates             = 1
	right hand side evaluations   = 3
	stiffness matrix reformations = 1
	step from line search         = 1.000000
	convergence norms :     INITIAL         CURRENT         REQUIRED
	   residual            3.339459e+01    1.878807e-13    0.000000e+00 
	   energy              1.998355e-01    6.727033e-13    1.998355e-03 
	   displacement        9.858266e-03    5.788666e-11    9.857754e-09 

convergence summary
    number of iterations   : 2
    number of reformations : 1

------- converged at time : 14.8


Data Record #1
===========================================================================
Step = 148
Time = 14.8
Data = ux;uy;uz
File = parameter_sweeps/tmax3_disp.txt

Data Record #2
===========================================================================
Step = 148
Time = 14.8
Data = sz;J
File = parameter_sweeps/tmax3_stress.txt

===== beginning time step 149 : 14.9 =====


Reforming stiffness matrix: reformation #1

 1
 Nonlinear solution status: time= 14.9
	stiffness updates             = 0
	right hand side evaluations   = 2
	stiffness matrix reformations = 1
	step from line search         = 1.000000
	convergence norms :     INITIAL         CURRENT         REQUIRED
	   residual            2.911396e+01    1.119467e-08    0.000000e+00 
	   energy              1.725426e-01    1.798651e-06    1.725426e-03 
	   displacement        8.506790e-03    8.506790e-03    8.506790e-09 
 2
 Nonlinear solution status: time= 14.9
	stiffness updates             = 1
	right hand side evaluations   = 3
	stiffness matrix reformations = 1
	step from line search         = 1.000000
	convergence norms :     INITIAL         CURRENT         REQUIRED
	   residual            2.911396e+01    1.731375e-13    0.000000e+00 
	   energy              1.725426e-01    5.904550e-13    1.725426e-03 
	   displacement        8.506790e-03    4.867777e-11    8.506348e-09 

convergence summary
    number of iterations   : 2
    number of reformations : 1

------- converged at time : 14.9


Data Record #1
===========================================================================
Step = 149
Time = 14.9
Data = ux;uy;uz
File = parameter_sweeps/tmax3_disp.txt

Data Record #2
===========================================================================
Step = 149
Time = 14.9
Data = sz;J
File = parameter_sweeps/tmax3_stress.txt

===== beginning time step 150 : 15 =====


Reforming stiffness matrix: reformation #1

 1
 Nonlinear solution status: time= 15
	stiffness updates             = 0
	right hand side evaluations   = 2
	stiffness matrix reformations = 1
	step from line search         = 1.000000
	convergence norms :     INITIAL         CURRENT         REQUIRED
	   residual            2.528306e+01    9.238673e-09    0.000000e+00 
	   energy              1.477485e-01    1.498299e-06    1.477485e-03 
	   displacement        7.292056e-03    7.292056e-03    7.292056e-09 
 2
 Nonlinear solution status: time= 15
	stiffness updates             = 1
	right hand side evaluations   = 3
	stiffness matrix reformations = 1
	step from line search         = 1.000000
	convergence norms :     INITIAL         CURRENT         REQUIRED
	   residual            2.528306e+01    1.523123e-13    0.000000e+00 
	   energy              1.477485e-01    4.951236e-13    1.477485e-03 
	   displacement        7.292056e-03    3.990968e-11    7.291682e-09 

convergence summary
    number of iterations   : 2
    number of reformations : 1

------- converged at time : 15


Data Record #1
===========================================================================
Step = 150
Time = 15
Data = ux;uy;uz
File = parameter_sweeps/tmax3_disp.txt

Data Record #2
===========================================================================
Step = 150
Time = 15
Data = sz;J
File = parameter_sweeps/tmax3_stress.txt

===== beginning time step 151 : 15.1 =====


Reforming stiffness matrix: reformation #1

 1
 Nonlinear solution status: time= 15.1
	stiffness updates             = 0
	right hand side evaluations   = 2
	stiffness matrix reformations = 1
	step from line search         = 1.000000
	convergence norms :     INITIAL         CURRENT         REQUIRED
	   residual            2.202541e+01    9.214643e-09    0.000000e+00 
	   energy              1.262347e-01    1.289740e-06    1.262347e-03 
	   displacement        6.239216e-03    6.239216e-03    6.239216e-09 
 2
 Nonlinear solution status: time= 15.1
	stiffness updates             = 1
	right hand side evaluations   = 3
	stiffness matrix reformations = 1
	step from line search         = 1.000000
	convergence norms :     INITIAL         CURRENT         REQUIRED
	   residual            2.202541e+01    1.572457e-13    0.000000e+00 
	   energy              1.262347e-01    4.780632e-13    1.262347e-03 
	   displacement        6.239216e-03    3.568816e-11    6.238885e-09 

convergence summary
    number of iterations   : 2
    number of reformations : 1

------- converged at time : 15.1


Data Record #1
===========================================================================
Step = 151
Time = 15.1
Data = ux;uy;uz
File = parameter_sweeps/tmax3_disp.txt

Data Record #2
===========================================================================
Step = 151
Time = 15.1
Data = sz;J
File = parameter_sweeps/tmax3_stress.txt

===== beginning time step 152 : 15.2 =====


Reforming stiffness matrix: reformation #1

 1
 Nonlinear solution status: time= 15.2
	stiffness updates             = 0
	right hand side evaluations   = 2
	stiffness matrix reformations = 1
	step from line search         = 1.000000
	convergence norms :     INITIAL         CURRENT         REQUIRED
	   residual            1.928337e+01    8.223348e-09    0.000000e+00 
	   energy              1.081832e-01    1.207818e-06    1.081832e-03 
	   displacement        5.346062e-03    5.346062e-03    5.346062e-09 
 2
 Nonlinear solution status: time= 15.2
	stiffness updates             = 1
	right hand side evaluations   = 3
	stiffness matrix reformations = 1
	step from line search         = 1.000000
	convergence norms :     INITIAL         CURRENT         REQUIRED
	   residual            1.928337e+01    1.279491e-13    0.000000e+00 
	   energy              1.081832e-01    5.162714e-13    1.081832e-03 
	   displacement        5.346062e-03    3.623469e-11    5.345738e-09 

convergence summary
    number of iterations   : 2
    number of reformations : 1

------- converged at time : 15.2


Data Record #1
===========================================================================
Step = 152
Time = 15.2
Data = ux;uy;uz
File = parameter_sweeps/tmax3_disp.txt

Data Record #2
===========================================================================
Step = 152
Time = 15.2
Data = sz;J
File = parameter_sweeps/tmax3_stress.txt

===== beginning time step 153 : 15.3 =====


Reforming stiffness matrix: reformation #1

 1
 Nonlinear solution status: time= 15.3
	stiffness updates             = 0
	right hand side evaluations   = 2
	stiffness matrix reformations = 1
	step from line search         = 1.000000
	convergence norms :     INITIAL         CURRENT         REQUIRED
	   residual            1.698517e+01    9.981502e-09    0.000000e+00 
	   energy              9.324826e-02    1.193954e-06    9.324826e-04 
	   displacement        4.593506e-03    4.593506e-03    4.593506e-09 
 2
 Nonlinear solution status: time= 15.3
	stiffness updates             = 1
	right hand side evaluations   = 3
	stiffness matrix reformations = 1
	step from line search         = 1.000000
	convergence norms :     INITIAL         CURRENT         REQUIRED
	   residual            1.698517e+01    1.507725e-13    0.000000e+00 
	   energy              9.324826e-02    5.801532e-13    9.324826e-04 
	   displacement        4.593506e-03    3.769536e-11    4.593175e-09 

convergence summary
    number of iterations   : 2
    number of reformations : 1

------- converged at time : 15.3


Data Record #1
===========================================================================
Step = 153
Time = 15.3
Data = ux;uy;uz
File = parameter_sweeps/tmax3_disp.txt

Data Record #2
===========================================================================
Step = 153
Time = 15.3
Data = sz;J
File = parameter_sweeps/tmax3_stress.txt

===== beginning time step 154 : 15.4 =====


Reforming stiffness matrix: reformation #1

 1
 Nonlinear solution status: time= 15.4
	stiffness updates             = 0
	right hand side evaluations   = 2
	stiffness matrix reformations = 1
	step from line search         = 1.000000
	convergence norms :     INITIAL         CURRENT         REQUIRED
	   residual            1.500983e+01    9.910544e-09    0.000000e+00 
	   energy              8.071912e-02    1.127044e-06    8.071912e-04 
	   displacement        3.964531e-03    3.964531e-03    3.964531e-09 
 2
 Nonlinear solution status: time= 15.4
	stiffness updates             = 1
	right hand side evaluations   = 3
	stiffness matrix reformations = 1
	step from line search         = 1.000000
	convergence norms :     INITIAL         CURRENT         REQUIRED
	   residual            1.500983e+01    1.708934e-13    0.000000e+00 
	   energy              8.071912e-02    6.522230e-13    8.071912e-04 
	   displacement        3.964531e-03    3.865264e-11    3.964210e-09 

convergence summary
    number of iterations   : 2
    number of reformations : 1

------- converged at time : 15.4


Data Record #1
===========================================================================
Step = 154
Time = 15.4
Data = ux;uy;uz
File = parameter_sweeps/tmax3_disp.txt

Data Record #2
===========================================================================
Step = 154
Time = 15.4
Data = sz;J
File = parameter_sweeps/tmax3_stress.txt

===== beginning time step 155 : 15.5 =====


Reforming stiffness matrix: reformation #1

 1
 Nonlinear solution status: time= 15.5
	stiffness updates             = 0
	right hand side evaluations   = 2
	stiffness matrix reformations = 1
	step from line search         = 1.000000
	convergence norms :     INITIAL         CURRENT         REQUIRED
	   residual            1.318950e+01    1.003418e-08    0.000000e+00 
	   energy              6.985161e-02    9.829184e-07    6.985161e-04 
	   displacement        3.428721e-03    3.428721e-03    3.428721e-09 
 2
 Nonlinear solution status: time= 15.5
	stiffness updates             = 1
	right hand side evaluations   = 3
	stiffness matrix reformations = 1
	step from line search         = 1.000000
	convergence norms :     INITIAL         CURRENT         REQUIRED
	   residual            1.318950e+01    1.682226e-13    0.000000e+00 
	   energy              6.985161e-02    6.226962e-13    6.985161e-04 
	   displacement        3.428721e-03    3.468451e-11    3.428438e-09 

convergence summary
    number of iterations   : 2
    number of reformations : 1

------- converged at time : 15.5


Data Record #1
===========================================================================
Step = 155
Time = 15.5
Data = ux;uy;uz
File = parameter_sweeps/tmax3_disp.txt

Data Record #2
===========================================================================
Step = 155
Time = 15.5
Data = sz;J
File = parameter_sweeps/tmax3_stress.txt

===== beginning time step 156 : 15.6 =====


Reforming stiffness matrix: reformation #1

 1
 Nonlinear solution status: time= 15.6
	stiffness updates             = 0
	right hand side evaluations   = 2
	stiffness matrix reformations = 1
	step from line search         = 1.000000
	convergence norms :     INITIAL         CURRENT         REQUIRED
	   residual            1.143273e+01    1.285097e-08    0.000000e+00 
	   energy              6.013031e-02    8.521798e-07    6.013031e-04 
	   displacement        2.957089e-03    2.957089e-03    2.957089e-09 
 2
 Nonlinear solution status: time= 15.6
	stiffness updates             = 1
	right hand side evaluations   = 3
	stiffness matrix reformations = 1
	step from line search         = 1.000000
	convergence norms :     INITIAL         CURRENT         REQUIRED
	   residual            1.143273e+01    2.046029e-13    0.000000e+00 
	   energy              6.013031e-02    6.580761e-13    6.013031e-04 
	   displacement        2.957089e-03    3.458035e-11    2.956832e-09 

convergence summary
    number of iterations   : 2
    number of reformations : 1

------- converged at time : 15.6


Data Record #1
===========================================================================
Step = 156
Time = 15.6
Data = ux;uy;uz
File = parameter_sweeps/tmax3_disp.txt

Data Record #2
===========================================================================
Step = 156
Time = 15.6
Data = sz;J
File = parameter_sweeps/tmax3_stress.txt

===== beginning time step 157 : 15.7 =====


Reforming stiffness matrix: reformation #1

 1
 Nonlinear solution status: time= 15.7
	stiffness updates             = 0
	right hand side evaluations   = 2
	stiffness matrix reformations = 1
	step from line search         = 1.000000
	convergence norms :     INITIAL         CURRENT         REQUIRED
	   residual            9.776574e+00    1.356198e-08    0.000000e+00 
	   energy              5.138736e-02    7.525712e-07    5.138736e-04 
	   displacement        2.529036e-03    2.529036e-03    2.529036e-09 
 2
 Nonlinear solution status: time= 15.7
	stiffness updates             = 1
	right hand side evaluations   = 3
	stiffness matrix reformations = 1
	step from line search         = 1.000000
	convergence norms :     INITIAL         CURRENT         REQUIRED
	   residual            9.776574e+00    1.996826e-13    0.000000e+00 
	   energy              5.138736e-02    6.713184e-13    5.138736e-04 
	   displacement        2.529036e-03    3.626930e-11    2.528800e-09 

convergence summary
    number of iterations   : 2
    number of reformations : 1

------- converged at time : 15.7


Data Record #1
===========================================================================
Step = 157
Time = 15.7
Data = ux;uy;uz
File = parameter_sweeps/tmax3_disp.txt

Data Record #2
===========================================================================
Step = 157
Time = 15.7
Data = sz;J
File = parameter_sweeps/tmax3_stress.txt

===== beginning time step 158 : 15.8 =====


Reforming stiffness matrix: reformation #1

 1
 Nonlinear solution status: time= 15.8
	stiffness updates             = 0
	right hand side evaluations   = 2
	stiffness matrix reformations = 1
	step from line search         = 1.000000
	convergence norms :     INITIAL         CURRENT         REQUIRED
	   residual            8.277963e+00    1.282895e-08    0.000000e+00 
	   energy              4.387395e-02    6.804330e-07    4.387395e-04 
	   displacement        2.158659e-03    2.158659e-03    2.158659e-09 
 2
 Nonlinear solution status: time= 15.8
	stiffness updates             = 1
	right hand side evaluations   = 3
	stiffness matrix reformations = 1
	step from line search         = 1.000000
	convergence norms :     INITIAL         CURRENT         REQUIRED
	   residual            8.277963e+00    1.809916e-13    0.000000e+00 
	   energy              4.387395e-02    6.832759e-13    4.387395e-04 
	   displacement        2.158659e-03    3.520032e-11    2.158450e-09 

convergence summary
    number of iterations   : 2
    number of reformations : 1

------- converged at time : 15.8


Data Record #1
===========================================================================
Step = 158
Time = 15.8
Data = ux;uy;uz
File = parameter_sweeps/tmax3_disp.txt

Data Record #2
===========================================================================
Step = 158
Time = 15.8
Data = sz;J
File = parameter_sweeps/tmax3_stress.txt

===== beginning time step 159 : 15.9 =====


Reforming stiffness matrix: reformation #1

 1
 Nonlinear solution status: time= 15.9
	stiffness updates             = 0
	right hand side evaluations   = 2
	stiffness matrix reformations = 1
	step from line search         = 1.000000
	convergence norms :     INITIAL         CURRENT         REQUIRED
	   residual            7.010418e+00    1.020796e-08    0.000000e+00 
	   energy              3.820068e-02    6.424997e-07    3.820068e-04 
	   displacement        1.900765e-03    1.900765e-03    1.900765e-09 
 2
 Nonlinear solution status: time= 15.9
	stiffness updates             = 1
	right hand side evaluations   = 3
	stiffness matrix reformations = 1
	step from line search         = 1.000000
	convergence norms :     INITIAL         CURRENT         REQUIRED
	   residual            7.010418e+00    1.790316e-13    0.000000e+00 
	   energy              3.820068e-02    6.224117e-13    3.820068e-04 
	   displacement        1.900765e-03    3.060039e-11    1.900563e-09 

convergence summary
    number of iterations   : 2
    number of reformations : 1

------- converged at time : 15.9


Data Record #1
===========================================================================
Step = 159
Time = 15.9
Data = ux;uy;uz
File = parameter_sweeps/tmax3_disp.txt

Data Record #2
===========================================================================
Step = 159
Time = 15.9
Data = sz;J
File = parameter_sweeps/tmax3_stress.txt

===== beginning time step 160 : 16 =====


Reforming stiffness matrix: reformation #1

 1
 Nonlinear solution status: time= 16
	stiffness updates             = 0
	right hand side evaluations   = 2
	stiffness matrix reformations = 1
	step from line search         = 1.000000
	convergence norms :     INITIAL         CURRENT         REQUIRED
	   residual            6.117628e+00    8.552350e-09    0.000000e+00 
	   energy              3.514924e-02    6.394988e-07    3.514924e-04 
	   displacement        1.807994e-03    1.807994e-03    1.807994e-09 
 2
 Nonlinear solution status: time= 16
	stiffness updates             = 1
	right hand side evaluations   = 3
	stiffness matrix reformations = 1
	step from line search         = 1.000000
	convergence norms :     INITIAL         CURRENT         REQUIRED
	   residual            6.117628e+00    1.416303e-13    0.000000e+00 
	   energy              3.514924e-02    4.840638e-13    3.514924e-04 
	   displacement        1.807994e-03    2.670723e-11    1.807772e-09 

convergence summary
    number of iterations   : 2
    number of reformations : 1

------- converged at time : 16


Data Record #1
===========================================================================
Step = 160
Time = 16
Data = ux;uy;uz
File = parameter_sweeps/tmax3_disp.txt

Data Record #2
===========================================================================
Step = 160
Time = 16
Data = sz;J
File = parameter_sweeps/tmax3_stress.txt

===== beginning time step 161 : 16.1 =====


Reforming stiffness matrix: reformation #1

 1
 Nonlinear solution status: time= 16.1
	stiffness updates             = 0
	right hand side evaluations   = 2
	stiffness matrix reformations = 1
	step from line search         = 1.000000
	convergence norms :     INITIAL         CURRENT         REQUIRED
	   residual            5.761727e+00    1.117898e-08    0.000000e+00 
	   energy              3.527521e-02    6.813605e-07    3.527521e-04 
	   displacement        1.899281e-03    1.899281e-03    1.899281e-09 
 2
 Nonlinear solution status: time= 16.1
	stiffness updates             = 1
	right hand side evaluations   = 3
	stiffness matrix reformations = 1
	step from line search         = 1.000000
	convergence norms :     INITIAL         CURRENT         REQUIRED
	   residual            5.761727e+00    1.419820e-13    0.000000e+00 
	   energy              3.527521e-02    3.934783e-13    3.527521e-04 
	   displacement        1.899281e-03    2.578796e-11    1.899034e-09 

convergence summary
    number of iterations   : 2
    number of reformations : 1

------- converged at time : 16.1


Data Record #1
===========================================================================
Step = 161
Time = 16.1
Data = ux;uy;uz
File = parameter_sweeps/tmax3_disp.txt

Data Record #2
===========================================================================
Step = 161
Time = 16.1
Data = sz;J
File = parameter_sweeps/tmax3_stress.txt

===== beginning time step 162 : 16.2 =====


Reforming stiffness matrix: reformation #1

 1
 Nonlinear solution status: time= 16.2
	stiffness updates             = 0
	right hand side evaluations   = 2
	stiffness matrix reformations = 1
	step from line search         = 1.000000
	convergence norms :     INITIAL         CURRENT         REQUIRED
	   residual            6.058855e+00    1.499206e-08    0.000000e+00 
	   energy              3.863095e-02    8.204397e-07    3.863095e-04 
	   displacement        2.152576e-03    2.152576e-03    2.152576e-09 
 2
 Nonlinear solution status: time= 16.2
	stiffness updates             = 1
	right hand side evaluations   = 3
	stiffness matrix reformations = 1
	step from line search         = 1.000000
	convergence norms :     INITIAL         CURRENT         REQUIRED
	   residual            6.058855e+00    1.803674e-13    0.000000e+00 
	   energy              3.863095e-02    4.076212e-13    3.863095e-04 
	   displacement        2.152576e-03    2.920659e-11    2.152301e-09 

convergence summary
    number of iterations   : 2
    number of reformations : 1

------- converged at time : 16.2


Data Record #1
===========================================================================
Step = 162
Time = 16.2
Data = ux;uy;uz
File = parameter_sweeps/tmax3_disp.txt

Data Record #2
===========================================================================
Step = 162
Time = 16.2
Data = sz;J
File = parameter_sweeps/tmax3_stress.txt

===== beginning time step 163 : 16.3 =====


Reforming stiffness matrix: reformation #1

 1
 Nonlinear solution status: time= 16.3
	stiffness updates             = 0
	right hand side evaluations   = 2
	stiffness matrix reformations = 1
	step from line search         = 1.000000
	convergence norms :     INITIAL         CURRENT         REQUIRED
	   residual            7.013407e+00    2.575281e-08    0.000000e+00 
	   energy              4.468260e-02    1.090989e-06    4.468260e-04 
	   displacement        2.516448e-03    2.516448e-03    2.516448e-09 
 2
 Nonlinear solution status: time= 16.3
	stiffness updates             = 1
	right hand side evaluations   = 3
	stiffness matrix reformations = 1
	step from line search         = 1.000000
	convergence norms :     INITIAL         CURRENT         REQUIRED
	   residual            7.013407e+00    2.835717e-13    0.000000e+00 
	   energy              4.468260e-02    5.953879e-13    4.468260e-04 
	   displacement        2.516448e-03    3.893938e-11    2.516122e-09 

convergence summary
    number of iterations   : 2
    number of reformations : 1

------- converged at time : 16.3


Data Record #1
===========================================================================
Step = 163
Time = 16.3
Data = ux;uy;uz
File = parameter_sweeps/tmax3_disp.txt

Data Record #2
===========================================================================
Step = 163
Time = 16.3
Data = sz;J
File = parameter_sweeps/tmax3_stress.txt

===== beginning time step 164 : 16.4 =====


Reforming stiffness matrix: reformation #1

 1
 Nonlinear solution status: time= 16.4
	stiffness updates             = 0
	right hand side evaluations   = 2
	stiffness matrix reformations = 1
	step from line search         = 1.000000
	convergence norms :     INITIAL         CURRENT         REQUIRED
	   residual            8.506197e+00    4.008330e-08    0.000000e+00 
	   energy              5.249440e-02    1.448972e-06    5.249440e-04 
	   displacement        2.931400e-03    2.931400e-03    2.931400e-09 
 2
 Nonlinear solution status: time= 16.4
	stiffness updates             = 1
	right hand side evaluations   = 3
	stiffness matrix reformations = 1
	step from line search         = 1.000000
	convergence norms :     INITIAL         CURRENT         REQUIRED
	   residual            8.506197e+00    3.925448e-13    0.000000e+00 
	   energy              5.249440e-02    8.142590e-13    5.249440e-04 
	   displacement        2.931400e-03    5.104990e-11    2.931011e-09 

convergence summary
    number of iterations   : 2
    number of reformations : 1

------- converged at time : 16.4


Data Record #1
===========================================================================
Step = 164
Time = 16.4
Data = ux;uy;uz
File = parameter_sweeps/tmax3_disp.txt

Data Record #2
===========================================================================
Step = 164
Time = 16.4
Data = sz;J
File = parameter_sweeps/tmax3_stress.txt

===== beginning time step 165 : 16.5 =====


Reforming stiffness matrix: reformation #1

 1
 Nonlinear solution status: time= 16.5
	stiffness updates             = 0
	right hand side evaluations   = 2
	stiffness matrix reformations = 1
	step from line search         = 1.000000
	convergence norms :     INITIAL         CURRENT         REQUIRED
	   residual            1.030257e+01    4.875366e-08    0.000000e+00 
	   energy              6.115722e-02    1.814352e-06    6.115722e-04 
	   displacement        3.355607e-03    3.355607e-03    3.355607e-09 
 2
 Nonlinear solution status: time= 16.5
	stiffness updates             = 1
	right hand side evaluations   = 3
	stiffness matrix reformations = 1
	step from line search         = 1.000000
	convergence norms :     INITIAL         CURRENT         REQUIRED
	   residual            1.030257e+01    4.502593e-13    0.000000e+00 
	   energy              6.115722e-02    8.732846e-13    6.115722e-04 
	   displacement        3.355607e-03    5.973635e-11    3.355153e-09 

convergence summary
    number of iterations   : 2
    number of reformations : 1

------- converged at time : 16.5


Data Record #1
===========================================================================
Step = 165
Time = 16.5
Data = ux;uy;uz
File = parameter_sweeps/tmax3_disp.txt

Data Record #2
===========================================================================
Step = 165
Time = 16.5
Data = sz;J
File = parameter_sweeps/tmax3_stress.txt

===== beginning time step 166 : 16.6 =====


Reforming stiffness matrix: reformation #1

 1
 Nonlinear solution status: time= 16.6
	stiffness updates             = 0
	right hand side evaluations   = 2
	stiffness matrix reformations = 1
	step from line search         = 1.000000
	convergence norms :     INITIAL         CURRENT         REQUIRED
	   residual            1.210603e+01    5.413370e-08    0.000000e+00 
	   energy              6.994304e-02    2.085173e-06    6.994304e-04 
	   displacement        3.767879e-03    3.767879e-03    3.767879e-09 
 2
 Nonlinear solution status: time= 16.6
	stiffness updates             = 1
	right hand side evaluations   = 3
	stiffness matrix reformations = 1
	step from line search         = 1.000000
	convergence norms :     INITIAL         CURRENT         REQUIRED
	   residual            1.210603e+01    5.266861e-13    0.000000e+00 
	   energy              6.994304e-02    8.903896e-13    6.994304e-04 
	   displacement        3.767879e-03    6.328918e-11    3.767383e-09 

convergence summary
    number of iterations   : 2
    number of reformations : 1

------- converged at time : 16.6


Data Record #1
===========================================================================
Step = 166
Time = 16.6
Data = ux;uy;uz
File = parameter_sweeps/tmax3_disp.txt

Data Record #2
===========================================================================
Step = 166
Time = 16.6
Data = sz;J
File = parameter_sweeps/tmax3_stress.txt

===== beginning time step 167 : 16.7 =====


Reforming stiffness matrix: reformation #1

 1
 Nonlinear solution status: time= 16.7
	stiffness updates             = 0
	right hand side evaluations   = 2
	stiffness matrix reformations = 1
	step from line search         = 1.000000
	convergence norms :     INITIAL         CURRENT         REQUIRED
	   residual            1.370090e+01    6.004004e-08    0.000000e+00 
	   energy              7.818649e-02    2.243791e-06    7.818649e-04 
	   displacement        4.157550e-03    4.157550e-03    4.157550e-09 
 2
 Nonlinear solution status: time= 16.7
	stiffness updates             = 1
	right hand side evaluations   = 3
	stiffness matrix reformations = 1
	step from line search         = 1.000000
	convergence norms :     INITIAL         CURRENT         REQUIRED
	   residual            1.370090e+01    6.031583e-13    0.000000e+00 
	   energy              7.818649e-02    9.853701e-13    7.818649e-04 
	   displacement        4.157550e-03    6.612141e-11    4.157030e-09 

convergence summary
    number of iterations   : 2
    number of reformations : 1

------- converged at time : 16.7


Data Record #1
===========================================================================
Step = 167
Time = 16.7
Data = ux;uy;uz
File = parameter_sweeps/tmax3_disp.txt

Data Record #2
===========================================================================
Step = 167
Time = 16.7
Data = sz;J
File = parameter_sweeps/tmax3_stress.txt

===== beginning time step 168 : 16.8 =====


Reforming stiffness matrix: reformation #1

 1
 Nonlinear solution status: time= 16.8
	stiffness updates             = 0
	right hand side evaluations   = 2
	stiffness matrix reformations = 1
	step from line search         = 1.000000
	convergence norms :     INITIAL         CURRENT         REQUIRED
	   residual            1.498420e+01    6.437900e-08    0.000000e+00 
	   energy              8.525029e-02    2.371402e-06    8.525029e-04 
	   displacement        4.506869e-03    4.506869e-03    4.506869e-09 
 2
 Nonlinear solution status: time= 16.8
	stiffness updates             = 1
	right hand side evaluations   = 3
	stiffness matrix reformations = 1
	step from line search         = 1.000000
	convergence norms :     INITIAL         CURRENT         REQUIRED
	   residual            1.498420e+01    6.164419e-13    0.000000e+00 
	   energy              8.525029e-02    1.098360e-12    8.525029e-04 
	   displacement        4.506869e-03    6.876519e-11    4.506328e-09 

convergence summary
    number of iterations   : 2
    number of reformations : 1

------- converged at time : 16.8


Data Record #1
===========================================================================
Step = 168
Time = 16.8
Data = ux;uy;uz
File = parameter_sweeps/tmax3_disp.txt

Data Record #2
===========================================================================
Step = 168
Time = 16.8
Data = sz;J
File = parameter_sweeps/tmax3_stress.txt

===== beginning time step 169 : 16.9 =====


Reforming stiffness matrix: reformation #1

 1
 Nonlinear solution status: time= 16.9
	stiffness updates             = 0
	right hand side evaluations   = 2
	stiffness matrix reformations = 1
	step from line search         = 1.000000
	convergence norms :     INITIAL         CURRENT         REQUIRED
	   residual            1.591010e+01    7.701484e-08    0.000000e+00 
	   energy              9.066622e-02    2.536229e-06    9.066622e-04 
	   displacement        4.778451e-03    4.778451e-03    4.778451e-09 
 2
 Nonlinear solution status: time= 16.9
	stiffness updates             = 1
	right hand side evaluations   = 3
	stiffness matrix reformations = 1
	step from line search         = 1.000000
	convergence norms :     INITIAL         CURRENT         REQUIRED
	   residual            1.591010e+01    7.478913e-13    0.000000e+00 
	   energy              9.066622e-02    1.224100e-12    9.066622e-04 
	   displacement        4.778451e-03    6.840898e-11    4.777896e-09 

convergence summary
    number of iterations   : 2
    number of reformations : 1

------- converged at time : 16.9


Data Record #1
===========================================================================
Step = 169
Time = 16.9
Data = ux;uy;uz
File = parameter_sweeps/tmax3_disp.txt

Data Record #2
===========================================================================
Step = 169
Time = 16.9
Data = sz;J
File = parameter_sweeps/tmax3_stress.txt

===== beginning time step 170 : 17 =====


Reforming stiffness matrix: reformation #1

 1
 Nonlinear solution status: time= 17
	stiffness updates             = 0
	right hand side evaluations   = 2
	stiffness matrix reformations = 1
	step from line search         = 1.000000
	convergence norms :     INITIAL         CURRENT         REQUIRED
	   residual            1.647408e+01    8.944592e-08    0.000000e+00 
	   energy              9.410251e-02    2.711927e-06    9.410251e-04 
	   displacement        4.942938e-03    4.942938e-03    4.942938e-09 
 2
 Nonlinear solution status: time= 17
	stiffness updates             = 1
	right hand side evaluations   = 3
	stiffness matrix reformations = 1
	step from line search         = 1.000000
	convergence norms :     INITIAL         CURRENT         REQUIRED
	   residual            1.647408e+01    8.926694e-13    0.000000e+00 
	   energy              9.410251e-02    1.338186e-12    9.410251e-04 
	   displacement        4.942938e-03    7.331117e-11    4.942354e-09 

convergence summary
    number of iterations   : 2
    number of reformations : 1

------- converged at time : 17


Data Record #1
===========================================================================
Step = 170
Time = 17
Data = ux;uy;uz
File = parameter_sweeps/tmax3_disp.txt

Data Record #2
===========================================================================
Step = 170
Time = 17
Data = sz;J
File = parameter_sweeps/tmax3_stress.txt

===== beginning time step 171 : 17.1 =====


Reforming stiffness matrix: reformation #1

 1
 Nonlinear solution status: time= 17.1
	stiffness updates             = 0
	right hand side evaluations   = 2
	stiffness matrix reformations = 1
	step from line search         = 1.000000
	convergence norms :     INITIAL         CURRENT         REQUIRED
	   residual            1.667659e+01    9.739948e-08    0.000000e+00 
	   energy              9.529143e-02    2.747796e-06    9.529143e-04 
	   displacement        4.979686e-03    4.979686e-03    4.979686e-09 
 2
 Nonlinear solution status: time= 17.1
	stiffness updates             = 1
	right hand side evaluations   = 3
	stiffness matrix reformations = 1
	step from line search         = 1.000000
	convergence norms :     INITIAL         CURRENT         REQUIRED
	   residual            1.667659e+01    9.225964e-13    0.000000e+00 
	   energy              9.529143e-02    1.419329e-12    9.529143e-04 
	   displacement        4.979686e-03    7.565762e-11    4.979095e-09 

convergence summary
    number of iterations   : 2
    number of reformations : 1

------- converged at time : 17.1


Data Record #1
===========================================================================
Step = 171
Time = 17.1
Data = ux;uy;uz
File = parameter_sweeps/tmax3_disp.txt

Data Record #2
===========================================================================
Step = 171
Time = 17.1
Data = sz;J
File = parameter_sweeps/tmax3_stress.txt

===== beginning time step 172 : 17.2 =====


Reforming stiffness matrix: reformation #1

 1
 Nonlinear solution status: time= 17.2
	stiffness updates             = 0
	right hand side evaluations   = 2
	stiffness matrix reformations = 1
	step from line search         = 1.000000
	convergence norms :     INITIAL         CURRENT         REQUIRED
	   residual            1.653334e+01    9.234919e-08    0.000000e+00 
	   energy              9.417077e-02    2.529643e-06    9.417077e-04 
	   displacement        4.889181e-03    4.889181e-03    4.889181e-09 
 2
 Nonlinear solution status: time= 17.2
	stiffness updates             = 1
	right hand side evaluations   = 3
	stiffness matrix reformations = 1
	step from line search         = 1.000000
	convergence norms :     INITIAL         CURRENT         REQUIRED
	   residual            1.653334e+01    8.576701e-13    0.000000e+00 
	   energy              9.417077e-02    1.314714e-12    9.417077e-04 
	   displacement        4.889181e-03    6.667696e-11    4.888638e-09 

convergence summary
    number of iterations   : 2
    number of reformations : 1

------- converged at time : 17.2


Data Record #1
===========================================================================
Step = 172
Time = 17.2
Data = ux;uy;uz
File = parameter_sweeps/tmax3_disp.txt

Data Record #2
===========================================================================
Step = 172
Time = 17.2
Data = sz;J
File = parameter_sweeps/tmax3_stress.txt

===== beginning time step 173 : 17.3 =====


Reforming stiffness matrix: reformation #1

 1
 Nonlinear solution status: time= 17.3
	stiffness updates             = 0
	right hand side evaluations   = 2
	stiffness matrix reformations = 1
	step from line search         = 1.000000
	convergence norms :     INITIAL         CURRENT         REQUIRED
	   residual            1.611829e+01    7.109116e-08    0.000000e+00 
	   energy              9.109131e-02    2.150368e-06    9.109131e-04 
	   displacement        4.691466e-03    4.691466e-03    4.691466e-09 
 2
 Nonlinear solution status: time= 17.3
	stiffness updates             = 1
	right hand side evaluations   = 3
	stiffness matrix reformations = 1
	step from line search         = 1.000000
	convergence norms :     INITIAL         CURRENT         REQUIRED
	   residual            1.611829e+01    7.385250e-13    0.000000e+00 
	   energy              9.109131e-02    1.079999e-12    9.109131e-04 
	   displacement        4.691466e-03    5.541338e-11    4.690990e-09 

convergence summary
    number of iterations   : 2
    number of reformations : 1

------- converged at time : 17.3


Data Record #1
===========================================================================
Step = 173
Time = 17.3
Data = ux;uy;uz
File = parameter_sweeps/tmax3_disp.txt

Data Record #2
===========================================================================
Step = 173
Time = 17.3
Data = sz;J
File = parameter_sweeps/tmax3_stress.txt

===== beginning time step 174 : 17.4 =====


Reforming stiffness matrix: reformation #1

 1
 Nonlinear solution status: time= 17.4
	stiffness updates             = 0
	right hand side evaluations   = 2
	stiffness matrix reformations = 1
	step from line search         = 1.000000
	convergence norms :     INITIAL         CURRENT         REQUIRED
	   residual            1.553523e+01    5.181230e-08    0.000000e+00 
	   energy              8.673576e-02    1.746719e-06    8.673576e-04 
	   displacement        4.414567e-03    4.414567e-03    4.414567e-09 
 2
 Nonlinear solution status: time= 17.4
	stiffness updates             = 1
	right hand side evaluations   = 3
	stiffness matrix reformations = 1
	step from line search         = 1.000000
	convergence norms :     INITIAL         CURRENT         REQUIRED
	   residual            1.553523e+01    5.621954e-13    0.000000e+00 
	   energy              8.673576e-02    8.730962e-13    8.673576e-04 
	   displacement        4.414567e-03    4.815251e-11    4.414158e-09 

convergence summary
    number of iterations   : 2
    number of reformations : 1

------- converged at time : 17.4


Data Record #1
===========================================================================
Step = 174
Time = 17.4
Data = ux;uy;uz
File = parameter_sweeps/tmax3_disp.txt

Data Record #2
===========================================================================
Step = 174
Time = 17.4
Data = sz;J
File = parameter_sweeps/tmax3_stress.txt

===== beginning time step 175 : 17.5 =====


Reforming stiffness matrix: reformation #1

 1
 Nonlinear solution status: time= 17.5
	stiffness updates             = 0
	right hand side evaluations   = 2
	stiffness matrix reformations = 1
	step from line search         = 1.000000
	convergence norms :     INITIAL         CURRENT         REQUIRED
	   residual            1.494606e+01    3.770253e-08    0.000000e+00 
	   energy              8.186371e-02    1.437719e-06    8.186371e-04 
	   displacement        4.112824e-03    4.112824e-03    4.112824e-09 
 2
 Nonlinear solution status: time= 17.5
	stiffness updates             = 1
	right hand side evaluations   = 3
	stiffness matrix reformations = 1
	step from line search         = 1.000000
	convergence norms :     INITIAL         CURRENT         REQUIRED
	   residual            1.494606e+01    4.255473e-13    0.000000e+00 
	   energy              8.186371e-02    7.775294e-13    8.186371e-04 
	   displacement        4.112824e-03    4.601042e-11    4.112460e-09 

convergence summary
    number of iterations   : 2
    number of reformations : 1

------- converged at time : 17.5


Data Record #1
===========================================================================
Step = 175
Time = 17.5
Data = ux;uy;uz
File = parameter_sweeps/tmax3_disp.txt

Data Record #2
===========================================================================
Step = 175
Time = 17.5
Data = sz;J
File = parameter_sweeps/tmax3_stress.txt

===== beginning time step 176 : 17.6 =====


Reforming stiffness matrix: reformation #1

 1
 Nonlinear solution status: time= 17.6
	stiffness updates             = 0
	right hand side evaluations   = 2
	stiffness matrix reformations = 1
	step from line search         = 1.000000
	convergence norms :     INITIAL         CURRENT         REQUIRED
	   residual            1.448456e+01    2.559689e-08    0.000000e+00 
	   energy              7.712746e-02    1.203947e-06    7.712746e-04 
	   displacement        3.831404e-03    3.831404e-03    3.831404e-09 
 2
 Nonlinear solution status: time= 17.6
	stiffness updates             = 1
	right hand side evaluations   = 3
	stiffness matrix reformations = 1
	step from line search         = 1.000000
	convergence norms :     INITIAL         CURRENT         REQUIRED
	   residual            1.448456e+01    3.231180e-13    0.000000e+00 
	   energy              7.712746e-02    7.756307e-13    7.712746e-04 
	   displacement        3.831404e-03    4.725416e-11    3.831079e-09 

convergence summary
    number of iterations   : 2
    number of reformations : 1

------- converged at time : 17.6


Data Record #1
===========================================================================
Step = 176
Time = 17.6
Data = ux;uy;uz
File = parameter_sweeps/tmax3_disp.txt

Data Record #2
===========================================================================
Step = 176
Time = 17.6
Data = sz;J
File = parameter_sweeps/tmax3_stress.txt

===== beginning time step 177 : 17.7 =====


Reforming stiffness matrix: reformation #1

 1
 Nonlinear solution status: time= 17.7
	stiffness updates             = 0
	right hand side evaluations   = 2
	stiffness matrix reformations = 1
	step from line search         = 1.000000
	convergence norms :     INITIAL         CURRENT         REQUIRED
	   residual            1.418456e+01    1.810609e-08    0.000000e+00 
	   energy              7.315084e-02    9.963692e-07    7.315084e-04 
	   displacement        3.595981e-03    3.595981e-03    3.595981e-09 
 2
 Nonlinear solution status: time= 17.7
	stiffness updates             = 1
	right hand side evaluations   = 3
	stiffness matrix reformations = 1
	step from line search         = 1.000000
	convergence norms :     INITIAL         CURRENT         REQUIRED
	   residual            1.418456e+01    2.925048e-13    0.000000e+00 
	   energy              7.315084e-02    7.604919e-13    7.315084e-04 
	   displacement        3.595981e-03    4.610664e-11    3.595699e-09 

convergence summary
    number of iterations   : 2
    number of reformations : 1

------- converged at time : 17.7


Data Record #1
===========================================================================
Step = 177
Time = 17.7
Data = ux;uy;uz
File = parameter_sweeps/tmax3_disp.txt

Data Record #2
===========================================================================
Step = 177
Time = 17.7
Data = sz;J
File = parameter_sweeps/tmax3_stress.txt

===== beginning time step 178 : 17.8 =====


Reforming stiffness matrix: reformation #1

 1
 Nonlinear solution status: time= 17.8
	stiffness updates             = 0
	right hand side evaluations   = 2
	stiffness matrix reformations = 1
	step from line search         = 1.000000
	convergence norms :     INITIAL         CURRENT         REQUIRED
	   residual            1.403220e+01    1.491468e-08    0.000000e+00 
	   energy              7.038948e-02    8.782612e-07    7.038948e-04 
	   displacement        3.435454e-03    3.435454e-03    3.435454e-09 
 2
 Nonlinear solution status: time= 17.8
	stiffness updates             = 1
	right hand side evaluations   = 3
	stiffness matrix reformations = 1
	step from line search         = 1.000000
	convergence norms :     INITIAL         CURRENT         REQUIRED
	   residual            1.403220e+01    2.570266e-13    0.000000e+00 
	   energy              7.038948e-02    7.709260e-13    7.038948e-04 
	   displacement        3.435454e-03    4.667895e-11    3.435197e-09 

convergence summary
    number of iterations   : 2
    number of reformations : 1

------- converged at time : 17.8


Data Record #1
===========================================================================
Step = 178
Time = 17.8
Data = ux;uy;uz
File = parameter_sweeps/tmax3_disp.txt

Data Record #2
===========================================================================
Step = 178
Time = 17.8
Data = sz;J
File = parameter_sweeps/tmax3_stress.txt

===== beginning time step 179 : 17.9 =====


Reforming stiffness matrix: reformation #1

 1
 Nonlinear solution status: time= 17.9
	stiffness updates             = 0
	right hand side evaluations   = 2
	stiffness matrix reformations = 1
	step from line search         = 1.000000
	convergence norms :     INITIAL         CURRENT         REQUIRED
	   residual            1.399258e+01    1.513628e-08    0.000000e+00 
	   energy              6.903928e-02    8.342288e-07    6.903928e-04 
	   displacement        3.364898e-03    3.364898e-03    3.364898e-09 
 2
 Nonlinear solution status: time= 17.9
	stiffness updates             = 1
	right hand side evaluations   = 3
	stiffness matrix reformations = 1
	step from line search         = 1.000000
	convergence norms :     INITIAL         CURRENT         REQUIRED
	   residual            1.399258e+01    2.712089e-13    0.000000e+00 
	   energy              6.903928e-02    8.026562e-13    6.903928e-04 
	   displacement        3.364898e-03    4.851583e-11    3.364661e-09 

convergence summary
    number of iterations   : 2
    number of reformations : 1

------- converged at time : 17.9


Data Record #1
===========================================================================
Step = 179
Time = 17.9
Data = ux;uy;uz
File = parameter_sweeps/tmax3_disp.txt

Data Record #2
===========================================================================
Step = 179
Time = 17.9
Data = sz;J
File = parameter_sweeps/tmax3_stress.txt

===== beginning time step 180 : 18 =====


Reforming stiffness matrix: reformation #1

 1
 Nonlinear solution status: time= 18
	stiffness updates             = 0
	right hand side evaluations   = 2
	stiffness matrix reformations = 1
	step from line search         = 1.000000
	convergence norms :     INITIAL         CURRENT         REQUIRED
	   residual            1.408031e+01    1.418944e-08    0.000000e+00 
	   energy              6.910028e-02    7.516016e-07    6.910028e-04 
	   displacement        3.379002e-03    3.379002e-03    3.379002e-09 
 2
 Nonlinear solution status: time= 18
	stiffness updates             = 1
	right hand side evaluations   = 3
	stiffness matrix reformations = 1
	step from line search         = 1.000000
	convergence norms :     INITIAL         CURRENT         REQUIRED
	   residual            1.408031e+01    2.731661e-13    0.000000e+00 
	   energy              6.910028e-02    6.823555e-13    6.910028e-04 
	   displacement        3.379002e-03    4.199117e-11    3.378802e-09 

convergence summary
    number of iterations   : 2
    number of reformations : 1

------- converged at time : 18


Data Record #1
===========================================================================
Step = 180
Time = 18
Data = ux;uy;uz
File = parameter_sweeps/tmax3_disp.txt

Data Record #2
===========================================================================
Step = 180
Time = 18
Data = sz;J
File = parameter_sweeps/tmax3_stress.txt

===== beginning time step 181 : 18.1 =====


Reforming stiffness matrix: reformation #1

 1
 Nonlinear solution status: time= 18.1
	stiffness updates             = 0
	right hand side evaluations   = 2
	stiffness matrix reformations = 1
	step from line search         = 1.000000
	convergence norms :     INITIAL         CURRENT         REQUIRED
	   residual            1.430954e+01    1.398456e-08    0.000000e+00 
	   energy              7.040769e-02    6.618446e-07    7.040769e-04 
	   displacement        3.467044e-03    3.467044e-03    3.467044e-09 
 2
 Nonlinear solution status: time= 18.1
	stiffness updates             = 1
	right hand side evaluations   = 3
	stiffness matrix reformations = 1
	step from line search         = 1.000000
	convergence norms :     INITIAL         CURRENT         REQUIRED
	   residual            1.430954e+01    2.803791e-13    0.000000e+00 
	   energy              7.040769e-02    5.546501e-13    7.040769e-04 
	   displacement        3.467044e-03    3.484290e-11    3.466867e-09 

convergence summary
    number of iterations   : 2
    number of reformations : 1

------- converged at time : 18.1


Data Record #1
===========================================================================
Step = 181
Time = 18.1
Data = ux;uy;uz
File = parameter_sweeps/tmax3_disp.txt

Data Record #2
===========================================================================
Step = 181
Time = 18.1
Data = sz;J
File = parameter_sweeps/tmax3_stress.txt

===== beginning time step 182 : 18.2 =====


Reforming stiffness matrix: reformation #1

 1
 Nonlinear solution status: time= 18.2
	stiffness updates             = 0
	right hand side evaluations   = 2
	stiffness matrix reformations = 1
	step from line search         = 1.000000
	convergence norms :     INITIAL         CURRENT         REQUIRED
	   residual            1.460603e+01    1.596855e-08    0.000000e+00 
	   energy              7.260329e-02    6.560159e-07    7.260329e-04 
	   displacement        3.604457e-03    3.604457e-03    3.604457e-09 
 2
 Nonlinear solution status: time= 18.2
	stiffness updates             = 1
	right hand side evaluations   = 3
	stiffness matrix reformations = 1
	step from line search         = 1.000000
	convergence norms :     INITIAL         CURRENT         REQUIRED
	   residual            1.460603e+01    3.271099e-13    0.000000e+00 
	   energy              7.260329e-02    5.840165e-13    7.260329e-04 
	   displacement        3.604457e-03    3.479361e-11    3.604274e-09 

convergence summary
    number of iterations   : 2
    number of reformations : 1

------- converged at time : 18.2


Data Record #1
===========================================================================
Step = 182
Time = 18.2
Data = ux;uy;uz
File = parameter_sweeps/tmax3_disp.txt

Data Record #2
===========================================================================
Step = 182
Time = 18.2
Data = sz;J
File = parameter_sweeps/tmax3_stress.txt

===== beginning time step 183 : 18.3 =====


Reforming stiffness matrix: reformation #1

 1
 Nonlinear solution status: time= 18.3
	stiffness updates             = 0
	right hand side evaluations   = 2
	stiffness matrix reformations = 1
	step from line search         = 1.000000
	convergence norms :     INITIAL         CURRENT         REQUIRED
	   residual            1.497130e+01    2.046788e-08    0.000000e+00 
	   energy              7.546615e-02    7.283643e-07    7.546615e-04 
	   displacement        3.766564e-03    3.766564e-03    3.766564e-09 
 2
 Nonlinear solution status: time= 18.3
	stiffness updates             = 1
	right hand side evaluations   = 3
	stiffness matrix reformations = 1
	step from line search         = 1.000000
	convergence norms :     INITIAL         CURRENT         REQUIRED
	   residual            1.497130e+01    4.096757e-13    0.000000e+00 
	   energy              7.546615e-02    6.564092e-13    7.546615e-04 
	   displacement        3.766564e-03    3.814727e-11    3.766358e-09 

convergence summary
    number of iterations   : 2
    number of reformations : 1

------- converged at time : 18.3


Data Record #1
===========================================================================
Step = 183
Time = 18.3
Data = ux;uy;uz
File = parameter_sweeps/tmax3_disp.txt

Data Record #2
===========================================================================
Step = 183
Time = 18.3
Data = sz;J
File = parameter_sweeps/tmax3_stress.txt

===== beginning time step 184 : 18.4 =====


Reforming stiffness matrix: reformation #1

 1
 Nonlinear solution status: time= 18.4
	stiffness updates             = 0
	right hand side evaluations   = 2
	stiffness matrix reformations = 1
	step from line search         = 1.000000
	convergence norms :     INITIAL         CURRENT         REQUIRED
	   residual            1.552249e+01    1.838167e-08    0.000000e+00 
	   energy              7.928580e-02    8.135715e-07    7.928580e-04 
	   displacement        3.959445e-03    3.959445e-03    3.959445e-09 
 2
 Nonlinear solution status: time= 18.4
	stiffness updates             = 1
	right hand side evaluations   = 3
	stiffness matrix reformations = 1
	step from line search         = 1.000000
	convergence norms :     INITIAL         CURRENT         REQUIRED
	   residual            1.552249e+01    3.804459e-13    0.000000e+00 
	   energy              7.928580e-02    6.791686e-13    7.928580e-04 
	   displacement        3.959445e-03    4.078305e-11    3.959213e-09 

convergence summary
    number of iterations   : 2
    number of reformations : 1

------- converged at time : 18.4


Data Record #1
===========================================================================
Step = 184
Time = 18.4
Data = ux;uy;uz
File = parameter_sweeps/tmax3_disp.txt

Data Record #2
===========================================================================
Step = 184
Time = 18.4
Data = sz;J
File = parameter_sweeps/tmax3_stress.txt

===== beginning time step 185 : 18.5 =====


Reforming stiffness matrix: reformation #1

 1
 Nonlinear solution status: time= 18.5
	stiffness updates             = 0
	right hand side evaluations   = 2
	stiffness matrix reformations = 1
	step from line search         = 1.000000
	convergence norms :     INITIAL         CURRENT         REQUIRED
	   residual            1.629232e+01    1.547219e-08    0.000000e+00 
	   energy              8.470721e-02    9.283210e-07    8.470721e-04 
	   displacement        4.226789e-03    4.226789e-03    4.226789e-09 
 2
 Nonlinear solution status: time= 18.5
	stiffness updates             = 1
	right hand side evaluations   = 3
	stiffness matrix reformations = 1
	step from line search         = 1.000000
	convergence norms :     INITIAL         CURRENT         REQUIRED
	   residual            1.629232e+01    3.312989e-13    0.000000e+00 
	   energy              8.470721e-02    7.176782e-13    8.470721e-04 
	   displacement        4.226789e-03    4.386894e-11    4.226516e-09 

convergence summary
    number of iterations   : 2
    number of reformations : 1

------- converged at time : 18.5


Data Record #1
===========================================================================
Step = 185
Time = 18.5
Data = ux;uy;uz
File = parameter_sweeps/tmax3_disp.txt

Data Record #2
===========================================================================
Step = 185
Time = 18.5
Data = sz;J
File = parameter_sweeps/tmax3_stress.txt

===== beginning time step 186 : 18.6 =====


Reforming stiffness matrix: reformation #1

 1
 Nonlinear solution status: time= 18.6
	stiffness updates             = 0
	right hand side evaluations   = 2
	stiffness matrix reformations = 1
	step from line search         = 1.000000
	convergence norms :     INITIAL         CURRENT         REQUIRED
	   residual            1.724376e+01    1.345634e-08    0.000000e+00 
	   energy              9.237236e-02    1.099066e-06    9.237236e-04 
	   displacement        4.623492e-03    4.623492e-03    4.623492e-09 
 2
 Nonlinear solution status: time= 18.6
	stiffness updates             = 1
	right hand side evaluations   = 3
	stiffness matrix reformations = 1
	step from line search         = 1.000000
	convergence norms :     INITIAL         CURRENT         REQUIRED
	   residual            1.724376e+01    3.200977e-13    0.000000e+00 
	   energy              9.237236e-02    7.753012e-13    9.237236e-04 
	   displacement        4.623492e-03    4.780304e-11    4.623152e-09 

convergence summary
    number of iterations   : 2
    number of reformations : 1

------- converged at time : 18.6


Data Record #1
===========================================================================
Step = 186
Time = 18.6
Data = ux;uy;uz
File = parameter_sweeps/tmax3_disp.txt

Data Record #2
===========================================================================
Step = 186
Time = 18.6
Data = sz;J
File = parameter_sweeps/tmax3_stress.txt

===== beginning time step 187 : 18.7 =====


Reforming stiffness matrix: reformation #1

 1
 Nonlinear solution status: time= 18.7
	stiffness updates             = 0
	right hand side evaluations   = 2
	stiffness matrix reformations = 1
	step from line search         = 1.000000
	convergence norms :     INITIAL         CURRENT         REQUIRED
	   residual            1.837868e+01    1.276612e-08    0.000000e+00 
	   energy              1.027024e-01    1.361566e-06    1.027024e-03 
	   displacement        5.180550e-03    5.180550e-03    5.180550e-09 
 2
 Nonlinear solution status: time= 18.7
	stiffness updates             = 1
	right hand side evaluations   = 3
	stiffness matrix reformations = 1
	step from line search         = 1.000000
	convergence norms :     INITIAL         CURRENT         REQUIRED
	   residual            1.837868e+01    3.157842e-13    0.000000e+00 
	   energy              1.027024e-01    8.331587e-13    1.027024e-03 
	   displacement        5.180550e-03    5.408171e-11    5.180132e-09 

convergence summary
    number of iterations   : 2
    number of reformations : 1

------- converged at time : 18.7


Data Record #1
===========================================================================
Step = 187
Time = 18.7
Data = ux;uy;uz
File = parameter_sweeps/tmax3_disp.txt

Data Record #2
===========================================================================
Step = 187
Time = 18.7
Data = sz;J
File = parameter_sweeps/tmax3_stress.txt

===== beginning time step 188 : 18.8 =====


Reforming stiffness matrix: reformation #1

 1
 Nonlinear solution status: time= 18.8
	stiffness updates             = 0
	right hand side evaluations   = 2
	stiffness matrix reformations = 1
	step from line search         = 1.000000
	convergence norms :     INITIAL         CURRENT         REQUIRED
	   residual            1.974887e+01    1.376276e-08    0.000000e+00 
	   energy              1.159109e-01    1.707108e-06    1.159109e-03 
	   displacement        5.909271e-03    5.909271e-03    5.909271e-09 
 2
 Nonlinear solution status: time= 18.8
	stiffness updates             = 1
	right hand side evaluations   = 3
	stiffness matrix reformations = 1
	step from line search         = 1.000000
	convergence norms :     INITIAL         CURRENT         REQUIRED
	   residual            1.974887e+01    3.209928e-13    0.000000e+00 
	   energy              1.159109e-01    9.141934e-13    1.159109e-03 
	   displacement        5.909271e-03    5.944084e-11    5.908773e-09 

convergence summary
    number of iterations   : 2
    number of reformations : 1

------- converged at time : 18.8


Data Record #1
===========================================================================
Step = 188
Time = 18.8
Data = ux;uy;uz
File = parameter_sweeps/tmax3_disp.txt

Data Record #2
===========================================================================
Step = 188
Time = 18.8
Data = sz;J
File = parameter_sweeps/tmax3_stress.txt

===== beginning time step 189 : 18.9 =====


Reforming stiffness matrix: reformation #1

 1
 Nonlinear solution status: time= 18.9
	stiffness updates             = 0
	right hand side evaluations   = 2
	stiffness matrix reformations = 1
	step from line search         = 1.000000
	convergence norms :     INITIAL         CURRENT         REQUIRED
	   residual            2.146246e+01    1.361357e-08    0.000000e+00 
	   energy              1.318713e-01    2.139480e-06    1.318713e-03 
	   displacement        6.801108e-03    6.801108e-03    6.801108e-09 
 2
 Nonlinear solution status: time= 18.9
	stiffness updates             = 1
	right hand side evaluations   = 3
	stiffness matrix reformations = 1
	step from line search         = 1.000000
	convergence norms :     INITIAL         CURRENT         REQUIRED
	   residual            2.146246e+01    2.908161e-13    0.000000e+00 
	   energy              1.318713e-01    9.618458e-13    1.318713e-03 
	   displacement        6.801108e-03    6.568304e-11    6.800492e-09 

convergence summary
    number of iterations   : 2
    number of reformations : 1

------- converged at time : 18.9


Data Record #1
===========================================================================
Step = 189
Time = 18.9
Data = ux;uy;uz
File = parameter_sweeps/tmax3_disp.txt

Data Record #2
===========================================================================
Step = 189
Time = 18.9
Data = sz;J
File = parameter_sweeps/tmax3_stress.txt

===== beginning time step 190 : 19 =====


Reforming stiffness matrix: reformation #1

 1
 Nonlinear solution status: time= 19
	stiffness updates             = 0
	right hand side evaluations   = 2
	stiffness matrix reformations = 1
	step from line search         = 1.000000
	convergence norms :     INITIAL         CURRENT         REQUIRED
	   residual            2.357411e+01    1.777675e-08    0.000000e+00 
	   energy              1.499290e-01    2.777981e-06    1.499290e-03 
	   displacement        7.800559e-03    7.800559e-03    7.800559e-09 
 2
 Nonlinear solution status: time= 19
	stiffness updates             = 1
	right hand side evaluations   = 3
	stiffness matrix reformations = 1
	step from line search         = 1.000000
	convergence norms :     INITIAL         CURRENT         REQUIRED
	   residual            2.357411e+01    3.448417e-13    0.000000e+00 
	   energy              1.499290e-01    1.167255e-12    1.499290e-03 
	   displacement        7.800559e-03    8.239366e-11    7.799767e-09 

convergence summary
    number of iterations   : 2
    number of reformations : 1

------- converged at time : 19


Data Record #1
===========================================================================
Step = 190
Time = 19
Data = ux;uy;uz
File = parameter_sweeps/tmax3_disp.txt

Data Record #2
===========================================================================
Step = 190
Time = 19
Data = sz;J
File = parameter_sweeps/tmax3_stress.txt

===== beginning time step 191 : 19.1 =====


Reforming stiffness matrix: reformation #1

 1
 Nonlinear solution status: time= 19.1
	stiffness updates             = 0
	right hand side evaluations   = 2
	stiffness matrix reformations = 1
	step from line search         = 1.000000
	convergence norms :     INITIAL         CURRENT         REQUIRED
	   residual            2.600907e+01    2.141448e-08    0.000000e+00 
	   energy              1.690502e-01    3.556827e-06    1.690502e-03 
	   displacement        8.829113e-03    8.829113e-03    8.829113e-09 
 2
 Nonlinear solution status: time= 19.1
	stiffness updates             = 1
	right hand side evaluations   = 3
	stiffness matrix reformations = 1
	step from line search         = 1.000000
	convergence norms :     INITIAL         CURRENT         REQUIRED
	   residual            2.600907e+01    3.957462e-13    0.000000e+00 
	   energy              1.690502e-01    1.291958e-12    1.690502e-03 
	   displacement        8.829113e-03    1.001370e-10    8.828149e-09 

convergence summary
    number of iterations   : 2
    number of reformations : 1

------- converged at time : 19.1


Data Record #1
===========================================================================
Step = 191
Time = 19.1
Data = ux;uy;uz
File = parameter_sweeps/tmax3_disp.txt

Data Record #2
===========================================================================
Step = 191
Time = 19.1
Data = sz;J
File = parameter_sweeps/tmax3_stress.txt

===== beginning time step 192 : 19.2 =====


Reforming stiffness matrix: reformation #1

 1
 Nonlinear solution status: time= 19.2
	stiffness updates             = 0
	right hand side evaluations   = 2
	stiffness matrix reformations = 1
	step from line search         = 1.000000
	convergence norms :     INITIAL         CURRENT         REQUIRED
	   residual            2.871172e+01    2.814794e-08    0.000000e+00 
	   energy              1.882074e-01    4.152060e-06    1.882074e-03 
	   displacement        9.826243e-03    9.826243e-03    9.826243e-09 
 2
 Nonlinear solution status: time= 19.2
	stiffness updates             = 1
	right hand side evaluations   = 3
	stiffness matrix reformations = 1
	step from line search         = 1.000000
	convergence norms :     INITIAL         CURRENT         REQUIRED
	   residual            2.871172e+01    3.975251e-13    0.000000e+00 
	   energy              1.882074e-01    1.276798e-12    1.882074e-03 
	   displacement        9.826243e-03    1.089175e-10    9.825158e-09 

convergence summary
    number of iterations   : 2
    number of reformations : 1

------- converged at time : 19.2


Data Record #1
===========================================================================
Step = 192
Time = 19.2
Data = ux;uy;uz
File = parameter_sweeps/tmax3_disp.txt

Data Record #2
===========================================================================
Step = 192
Time = 19.2
Data = sz;J
File = parameter_sweeps/tmax3_stress.txt

===== beginning time step 193 : 19.3 =====


Reforming stiffness matrix: reformation #1

 1
 Nonlinear solution status: time= 19.3
	stiffness updates             = 0
	right hand side evaluations   = 2
	stiffness matrix reformations = 1
	step from line search         = 1.000000
	convergence norms :     INITIAL         CURRENT         REQUIRED
	   residual            3.165348e+01    3.005391e-08    0.000000e+00 
	   energy              2.065763e-01    4.382487e-06    2.065763e-03 
	   displacement        1.073060e-02    1.073060e-02    1.073060e-08 
 2
 Nonlinear solution status: time= 19.3
	stiffness updates             = 1
	right hand side evaluations   = 3
	stiffness matrix reformations = 1
	step from line search         = 1.000000
	convergence norms :     INITIAL         CURRENT         REQUIRED
	   residual            3.165348e+01    3.730048e-13    0.000000e+00 
	   energy              2.065763e-01    1.292504e-12    2.065763e-03 
	   displacement        1.073060e-02    1.159667e-10    1.072944e-08 

convergence summary
    number of iterations   : 2
    number of reformations : 1

------- converged at time : 19.3


Data Record #1
===========================================================================
Step = 193
Time = 19.3
Data = ux;uy;uz
File = parameter_sweeps/tmax3_disp.txt

Data Record #2
===========================================================================
Step = 193
Time = 19.3
Data = sz;J
File = parameter_sweeps/tmax3_stress.txt

===== beginning time step 194 : 19.4 =====


Reforming stiffness matrix: reformation #1

 1
 Nonlinear solution status: time= 19.4
	stiffness updates             = 0
	right hand side evaluations   = 2
	stiffness matrix reformations = 1
	step from line search         = 1.000000
	convergence norms :     INITIAL         CURRENT         REQUIRED
	   residual            3.476683e+01    2.491137e-08    0.000000e+00 
	   energy              2.236854e-01    4.305831e-06    2.236854e-03 
	   displacement        1.148788e-02    1.148788e-02    1.148788e-08 
 2
 Nonlinear solution status: time= 19.4
	stiffness updates             = 1
	right hand side evaluations   = 3
	stiffness matrix reformations = 1
	step from line search         = 1.000000
	convergence norms :     INITIAL         CURRENT         REQUIRED
	   residual            3.476683e+01    3.137014e-13    0.000000e+00 
	   energy              2.236854e-01    1.276774e-12    2.236854e-03 
	   displacement        1.148788e-02    1.162804e-10    1.148675e-08 

convergence summary
    number of iterations   : 2
    number of reformations : 1

------- converged at time : 19.4


Data Record #1
===========================================================================
Step = 194
Time = 19.4
Data = ux;uy;uz
File = parameter_sweeps/tmax3_disp.txt

Data Record #2
===========================================================================
Step = 194
Time = 19.4
Data = sz;J
File = parameter_sweeps/tmax3_stress.txt

===== beginning time step 195 : 19.5 =====


Reforming stiffness matrix: reformation #1

 1
 Nonlinear solution status: time= 19.5
	stiffness updates             = 0
	right hand side evaluations   = 2
	stiffness matrix reformations = 1
	step from line search         = 1.000000
	convergence norms :     INITIAL         CURRENT         REQUIRED
	   residual            3.797044e+01    2.164727e-08    0.000000e+00 
	   energy              2.395005e-01    4.084581e-06    2.395005e-03 
	   displacement        1.211514e-02    1.211514e-02    1.211514e-08 
 2
 Nonlinear solution status: time= 19.5
	stiffness updates             = 1
	right hand side evaluations   = 3
	stiffness matrix reformations = 1
	step from line search         = 1.000000
	convergence norms :     INITIAL         CURRENT         REQUIRED
	   residual            3.797044e+01    3.058482e-13    0.000000e+00 
	   energy              2.395005e-01    1.327402e-12    2.395005e-03 
	   displacement        1.211514e-02    1.124146e-10    1.211410e-08 

convergence summary
    number of iterations   : 2
    number of reformations : 1

------- converged at time : 19.5


Data Record #1
===========================================================================
Step = 195
Time = 19.5
Data = ux;uy;uz
File = parameter_sweeps/tmax3_disp.txt

Data Record #2
===========================================================================
Step = 195
Time = 19.5
Data = sz;J
File = parameter_sweeps/tmax3_stress.txt

===== beginning time step 196 : 19.6 =====


Reforming stiffness matrix: reformation #1

 1
 Nonlinear solution status: time= 19.6
	stiffness updates             = 0
	right hand side evaluations   = 2
	stiffness matrix reformations = 1
	step from line search         = 1.000000
	convergence norms :     INITIAL         CURRENT         REQUIRED
	   residual            4.118369e+01    2.179381e-08    0.000000e+00 
	   energy              2.543421e-01    3.871712e-06    2.543421e-03 
	   displacement        1.269432e-02    1.269432e-02    1.269432e-08 
 2
 Nonlinear solution status: time= 19.6
	stiffness updates             = 1
	right hand side evaluations   = 3
	stiffness matrix reformations = 1
	step from line search         = 1.000000
	convergence norms :     INITIAL         CURRENT         REQUIRED
	   residual            4.118369e+01    3.288245e-13    0.000000e+00 
	   energy              2.543421e-01    1.394624e-12    2.543421e-03 
	   displacement        1.269432e-02    1.099823e-10    1.269338e-08 

convergence summary
    number of iterations   : 2
    number of reformations : 1

------- converged at time : 19.6


Data Record #1
===========================================================================
Step = 196
Time = 19.6
Data = ux;uy;uz
File = parameter_sweeps/tmax3_disp.txt

Data Record #2
===========================================================================
Step = 196
Time = 19.6
Data = sz;J
File = parameter_sweeps/tmax3_stress.txt

===== beginning time step 197 : 19.7 =====


Reforming stiffness matrix: reformation #1

 1
 Nonlinear solution status: time= 19.7
	stiffness updates             = 0
	right hand side evaluations   = 2
	stiffness matrix reformations = 1
	step from line search         = 1.000000
	convergence norms :     INITIAL         CURRENT         REQUIRED
	   residual            4.434575e+01    2.118851e-08    0.000000e+00 
	   energy              2.687138e-01    3.664026e-06    2.687138e-03 
	   displacement        1.327643e-02    1.327643e-02    1.327643e-08 
 2
 Nonlinear solution status: time= 19.7
	stiffness updates             = 1
	right hand side evaluations   = 3
	stiffness matrix reformations = 1
	step from line search         = 1.000000
	convergence norms :     INITIAL         CURRENT         REQUIRED
	   residual            4.434575e+01    3.797476e-13    0.000000e+00 
	   energy              2.687138e-01    1.486960e-12    2.687138e-03 
	   displacement        1.327643e-02    1.100376e-10    1.327559e-08 

convergence summary
    number of iterations   : 2
    number of reformations : 1

------- converged at time : 19.7


Data Record #1
===========================================================================
Step = 197
Time = 19.7
Data = ux;uy;uz
File = parameter_sweeps/tmax3_disp.txt

Data Record #2
===========================================================================
Step = 197
Time = 19.7
Data = sz;J
File = parameter_sweeps/tmax3_stress.txt

===== beginning time step 198 : 19.8 =====


Reforming stiffness matrix: reformation #1

 1
 Nonlinear solution status: time= 19.8
	stiffness updates             = 0
	right hand side evaluations   = 2
	stiffness matrix reformations = 1
	step from line search         = 1.000000
	convergence norms :     INITIAL         CURRENT         REQUIRED
	   residual            4.749835e+01    1.801454e-08    0.000000e+00 
	   energy              2.831325e-01    3.356365e-06    2.831325e-03 
	   displacement        1.387925e-02    1.387925e-02    1.387925e-08 
 2
 Nonlinear solution status: time= 19.8
	stiffness updates             = 1
	right hand side evaluations   = 3
	stiffness matrix reformations = 1
	step from line search         = 1.000000
	convergence norms :     INITIAL         CURRENT         REQUIRED
	   residual            4.749835e+01    4.091439e-13    0.000000e+00 
	   energy              2.831325e-01    1.584863e-12    2.831325e-03 
	   displacement        1.387925e-02    1.093219e-10    1.387846e-08 

convergence summary
    number of iterations   : 2
    number of reformations : 1

------- converged at time : 19.8


Data Record #1
===========================================================================
Step = 198
Time = 19.8
Data = ux;uy;uz
File = parameter_sweeps/tmax3_disp.txt

Data Record #2
===========================================================================
Step = 198
Time = 19.8
Data = sz;J
File = parameter_sweeps/tmax3_stress.txt

===== beginning time step 199 : 19.9 =====


Reforming stiffness matrix: reformation #1

 1
 Nonlinear solution status: time= 19.9
	stiffness updates             = 0
	right hand side evaluations   = 2
	stiffness matrix reformations = 1
	step from line search         = 1.000000
	convergence norms :     INITIAL         CURRENT         REQUIRED
	   residual            5.078812e+01    2.156648e-08    0.000000e+00 
	   energy              2.980397e-01    3.025934e-06    2.980397e-03 
	   displacement        1.453212e-02    1.453212e-02    1.453212e-08 
 2
 Nonlinear solution status: time= 19.9
	stiffness updates             = 1
	right hand side evaluations   = 3
	stiffness matrix reformations = 1
	step from line search         = 1.000000
	convergence norms :     INITIAL         CURRENT         REQUIRED
	   residual            5.078812e+01    4.183031e-13    0.000000e+00 
	   energy              2.980397e-01    1.653831e-12    2.980397e-03 
	   displacement        1.453212e-02    1.075974e-10    1.453138e-08 

convergence summary
    number of iterations   : 2
    number of reformations : 1

------- converged at time : 19.9


Data Record #1
===========================================================================
Step = 199
Time = 19.9
Data = ux;uy;uz
File = parameter_sweeps/tmax3_disp.txt

Data Record #2
===========================================================================
Step = 199
Time = 19.9
Data = sz;J
File = parameter_sweeps/tmax3_stress.txt

===== beginning time step 200 : 20 =====


Reforming stiffness matrix: reformation #1

 1
 Nonlinear solution status: time= 20
	stiffness updates             = 0
	right hand side evaluations   = 2
	stiffness matrix reformations = 1
	step from line search         = 1.000000
	convergence norms :     INITIAL         CURRENT         REQUIRED
	   residual            5.433170e+01    3.544851e-08    0.000000e+00 
	   energy              3.136730e-01    2.746856e-06    3.136730e-03 
	   displacement        1.522848e-02    1.522848e-02    1.522848e-08 
 2
 Nonlinear solution status: time= 20
	stiffness updates             = 1
	right hand side evaluations   = 3
	stiffness matrix reformations = 1
	step from line search         = 1.000000
	convergence norms :     INITIAL         CURRENT         REQUIRED
	   residual            5.433170e+01    5.954347e-13    0.000000e+00 
	   energy              3.136730e-01    1.730584e-12    3.136730e-03 
	   displacement        1.522848e-02    1.027993e-10    1.522783e-08 

convergence summary
    number of iterations   : 2
    number of reformations : 1

------- converged at time : 20


Data Record #1
===========================================================================
Step = 200
Time = 20
Data = ux;uy;uz
File = parameter_sweeps/tmax3_disp.txt

Data Record #2
===========================================================================
Step = 200
Time = 20
Data = sz;J
File = parameter_sweeps/tmax3_stress.txt

===== beginning time step 201 : 20.1 =====


Reforming stiffness matrix: reformation #1

 1
 Nonlinear solution status: time= 20.1
	stiffness updates             = 0
	right hand side evaluations   = 2
	stiffness matrix reformations = 1
	step from line search         = 1.000000
	convergence norms :     INITIAL         CURRENT         REQUIRED
	   residual            5.829024e+01    5.022786e-08    0.000000e+00 
	   energy              3.301359e-01    2.593124e-06    3.301359e-03 
	   displacement        1.592747e-02    1.592747e-02    1.592747e-08 
 2
 Nonlinear solution status: time= 20.1
	stiffness updates             = 1
	right hand side evaluations   = 3
	stiffness matrix reformations = 1
	step from line search         = 1.000000
	convergence norms :     INITIAL         CURRENT         REQUIRED
	   residual            5.829024e+01    9.702359e-13    0.000000e+00 
	   energy              3.301359e-01    2.102033e-12    3.301359e-03 
	   displacement        1.592747e-02    9.926771e-11    1.592697e-08 

convergence summary
    number of iterations   : 2
    number of reformations : 1

------- converged at time : 20.1


Data Record #1
===========================================================================
Step = 201
Time = 20.1
Data = ux;uy;uz
File = parameter_sweeps/tmax3_disp.txt

Data Record #2
===========================================================================
Step = 201
Time = 20.1
Data = sz;J
File = parameter_sweeps/tmax3_stress.txt

===== beginning time step 202 : 20.2 =====


Reforming stiffness matrix: reformation #1

 1
 Nonlinear solution status: time= 20.2
	stiffness updates             = 0
	right hand side evaluations   = 2
	stiffness matrix reformations = 1
	step from line search         = 1.000000
	convergence norms :     INITIAL         CURRENT         REQUIRED
	   residual            6.287452e+01    7.388751e-08    0.000000e+00 
	   energy              3.474888e-01    2.603761e-06    3.474888e-03 
	   displacement        1.660787e-02    1.660787e-02    1.660787e-08 
 2
 Nonlinear solution status: time= 20.2
	stiffness updates             = 1
	right hand side evaluations   = 3
	stiffness matrix reformations = 1
	step from line search         = 1.000000
	convergence norms :     INITIAL         CURRENT         REQUIRED
	   residual            6.287452e+01    1.482291e-12    0.000000e+00 
	   energy              3.474888e-01    2.636397e-12    3.474888e-03 
	   displacement        1.660787e-02    9.948185e-11    1.660752e-08 

convergence summary
    number of iterations   : 2
    number of reformations : 1

------- converged at time : 20.2


Data Record #1
===========================================================================
Step = 202
Time = 20.2
Data = ux;uy;uz
File = parameter_sweeps/tmax3_disp.txt

Data Record #2
===========================================================================
Step = 202
Time = 20.2
Data = sz;J
File = parameter_sweeps/tmax3_stress.txt

===== beginning time step 203 : 20.3 =====


Reforming stiffness matrix: reformation #1

 1
 Nonlinear solution status: time= 20.3
	stiffness updates             = 0
	right hand side evaluations   = 2
	stiffness matrix reformations = 1
	step from line search         = 1.000000
	convergence norms :     INITIAL         CURRENT         REQUIRED
	   residual            6.805540e+01    1.026392e-07    0.000000e+00 
	   energy              3.659021e-01    2.665255e-06    3.659021e-03 
	   displacement        1.728528e-02    1.728528e-02    1.728528e-08 
 2
 Nonlinear solution status: time= 20.3
	stiffness updates             = 1
	right hand side evaluations   = 3
	stiffness matrix reformations = 1
	step from line search         = 1.000000
	convergence norms :     INITIAL         CURRENT         REQUIRED
	   residual            6.805540e+01    2.003148e-12    0.000000e+00 
	   energy              3.659021e-01    3.020623e-12    3.659021e-03 
	   displacement        1.728528e-02    9.833957e-11    1.728504e-08 

convergence summary
    number of iterations   : 2
    number of reformations : 1

------- converged at time : 20.3


Data Record #1
===========================================================================
Step = 203
Time = 20.3
Data = ux;uy;uz
File = parameter_sweeps/tmax3_disp.txt

Data Record #2
===========================================================================
Step = 203
Time = 20.3
Data = sz;J
File = parameter_sweeps/tmax3_stress.txt

===== beginning time step 204 : 20.4 =====


Reforming stiffness matrix: reformation #1

 1
 Nonlinear solution status: time= 20.4
	stiffness updates             = 0
	right hand side evaluations   = 2
	stiffness matrix reformations = 1
	step from line search         = 1.000000
	convergence norms :     INITIAL         CURRENT         REQUIRED
	   residual            7.357458e+01    1.332799e-07    0.000000e+00 
	   energy              3.854214e-01    2.730669e-06    3.854214e-03 
	   displacement        1.800347e-02    1.800347e-02    1.800347e-08 
 2
 Nonlinear solution status: time= 20.4
	stiffness updates             = 1
	right hand side evaluations   = 3
	stiffness matrix reformations = 1
	step from line search         = 1.000000
	convergence norms :     INITIAL         CURRENT         REQUIRED
	   residual            7.357458e+01    2.597958e-12    0.000000e+00 
	   energy              3.854214e-01    3.490677e-12    3.854214e-03 
	   displacement        1.800347e-02    9.517158e-11    1.800333e-08 

convergence summary
    number of iterations   : 2
    number of reformations : 1

------- converged at time : 20.4


Data Record #1
===========================================================================
Step = 204
Time = 20.4
Data = ux;uy;uz
File = parameter_sweeps/tmax3_disp.txt

Data Record #2
===========================================================================
Step = 204
Time = 20.4
Data = sz;J
File = parameter_sweeps/tmax3_stress.txt

===== beginning time step 205 : 20.5 =====


Reforming stiffness matrix: reformation #1

 1
 Nonlinear solution status: time= 20.5
	stiffness updates             = 0
	right hand side evaluations   = 2
	stiffness matrix reformations = 1
	step from line search         = 1.000000
	convergence norms :     INITIAL         CURRENT         REQUIRED
	   residual            7.902943e+01    1.654240e-07    0.000000e+00 
	   energy              4.056059e-01    2.813535e-06    4.056059e-03 
	   displacement        1.880454e-02    1.880454e-02    1.880454e-08 
 2
 Nonlinear solution status: time= 20.5
	stiffness updates             = 1
	right hand side evaluations   = 3
	stiffness matrix reformations = 1
	step from line search         = 1.000000
	convergence norms :     INITIAL         CURRENT         REQUIRED
	   residual            7.902943e+01    3.120434e-12    0.000000e+00 
	   energy              4.056059e-01    3.834044e-12    4.056059e-03 
	   displacement        1.880454e-02    9.367382e-11    1.880448e-08 

convergence summary
    number of iterations   : 2
    number of reformations : 1

------- converged at time : 20.5


Data Record #1
===========================================================================
Step = 205
Time = 20.5
Data = ux;uy;uz
File = parameter_sweeps/tmax3_disp.txt

Data Record #2
===========================================================================
Step = 205
Time = 20.5
Data = sz;J
File = parameter_sweeps/tmax3_stress.txt

===== beginning time step 206 : 20.6 =====


Reforming stiffness matrix: reformation #1

 1
 Nonlinear solution status: time= 20.6
	stiffness updates             = 0
	right hand side evaluations   = 2
	stiffness matrix reformations = 1
	step from line search         = 1.000000
	convergence norms :     INITIAL         CURRENT         REQUIRED
	   residual            8.383887e+01    1.741045e-07    0.000000e+00 
	   energy              4.255214e-01    2.910972e-06    4.255214e-03 
	   displacement        1.966637e-02    1.966637e-02    1.966637e-08 
 2
 Nonlinear solution status: time= 20.6
	stiffness updates             = 1
	right hand side evaluations   = 3
	stiffness matrix reformations = 1
	step from line search         = 1.000000
	convergence norms :     INITIAL         CURRENT         REQUIRED
	   residual            8.383887e+01    3.296249e-12    0.000000e+00 
	   energy              4.255214e-01    3.762659e-12    4.255214e-03 
	   displacement        1.966637e-02    9.290759e-11    1.966629e-08 

convergence summary
    number of iterations   : 2
    number of reformations : 1

------- converged at time : 20.6


Data Record #1
===========================================================================
Step = 206
Time = 20.6
Data = ux;uy;uz
File = parameter_sweeps/tmax3_disp.txt

Data Record #2
===========================================================================
Step = 206
Time = 20.6
Data = sz;J
File = parameter_sweeps/tmax3_stress.txt

===== beginning time step 207 : 20.7 =====


Reforming stiffness matrix: reformation #1

 1
 Nonlinear solution status: time= 20.7
	stiffness updates             = 0
	right hand side evaluations   = 2
	stiffness matrix reformations = 1
	step from line search         = 1.000000
	convergence norms :     INITIAL         CURRENT         REQUIRED
	   residual            8.760224e+01    1.655148e-07    0.000000e+00 
	   energy              4.441363e-01    3.078133e-06    4.441363e-03 
	   displacement        2.055445e-02    2.055445e-02    2.055445e-08 
 2
 Nonlinear solution status: time= 20.7
	stiffness updates             = 1
	right hand side evaluations   = 3
	stiffness matrix reformations = 1
	step from line search         = 1.000000
	convergence norms :     INITIAL         CURRENT         REQUIRED
	   residual            8.760224e+01    3.253480e-12    0.000000e+00 
	   energy              4.441363e-01    3.701568e-12    4.441363e-03 
	   displacement        2.055445e-02    9.723333e-11    2.055426e-08 

convergence summary
    number of iterations   : 2
    number of reformations : 1

------- converged at time : 20.7


Data Record #1
===========================================================================
Step = 207
Time = 20.7
Data = ux;uy;uz
File = parameter_sweeps/tmax3_disp.txt

Data Record #2
===========================================================================
Step = 207
Time = 20.7
Data = sz;J
File = parameter_sweeps/tmax3_stress.txt

===== beginning time step 208 : 20.8 =====


Reforming stiffness matrix: reformation #1

 1
 Nonlinear solution status: time= 20.8
	stiffness updates             = 0
	right hand side evaluations   = 2
	stiffness matrix reformations = 1
	step from line search         = 1.000000
	convergence norms :     INITIAL         CURRENT         REQUIRED
	   residual            9.034744e+01    1.443373e-07    0.000000e+00 
	   energy              4.607147e-01    3.285614e-06    4.607147e-03 
	   displacement        2.144976e-02    2.144976e-02    2.144976e-08 
 2
 Nonlinear solution status: time= 20.8
	stiffness updates             = 1
	right hand side evaluations   = 3
	stiffness matrix reformations = 1
	step from line search         = 1.000000
	convergence norms :     INITIAL         CURRENT         REQUIRED
	   residual            9.034744e+01    3.038266e-12    0.000000e+00 
	   energy              4.607147e-01    3.521494e-12    4.607147e-03 
	   displacement        2.144976e-02    1.030654e-10    2.144945e-08 

convergence summary
    number of iterations   : 2
    number of reformations : 1

------- converged at time : 20.8


Data Record #1
===========================================================================
Step = 208
Time = 20.8
Data = ux;uy;uz
File = parameter_sweeps/tmax3_disp.txt

Data Record #2
===========================================================================
Step = 208
Time = 20.8
Data = sz;J
File = parameter_sweeps/tmax3_stress.txt

===== beginning time step 209 : 20.9 =====


Reforming stiffness matrix: reformation #1

 1
 Nonlinear solution status: time= 20.9
	stiffness updates             = 0
	right hand side evaluations   = 2
	stiffness matrix reformations = 1
	step from line search         = 1.000000
	convergence norms :     INITIAL         CURRENT         REQUIRED
	   residual            9.224761e+01    1.261989e-07    0.000000e+00 
	   energy              4.747710e-01    3.434685e-06    4.747710e-03 
	   displacement        2.226788e-02    2.226788e-02    2.226788e-08 
 2
 Nonlinear solution status: time= 20.9
	stiffness updates             = 1
	right hand side evaluations   = 3
	stiffness matrix reformations = 1
	step from line search         = 1.000000
	convergence norms :     INITIAL         CURRENT         REQUIRED
	   residual            9.224761e+01    2.617604e-12    0.000000e+00 
	   energy              4.747710e-01    3.247480e-12    4.747710e-03 
	   displacement        2.226788e-02    1.098238e-10    2.226755e-08 

convergence summary
    number of iterations   : 2
    number of reformations : 1

------- converged at time : 20.9


Data Record #1
===========================================================================
Step = 209
Time = 20.9
Data = ux;uy;uz
File = parameter_sweeps/tmax3_disp.txt

Data Record #2
===========================================================================
Step = 209
Time = 20.9
Data = sz;J
File = parameter_sweeps/tmax3_stress.txt

===== beginning time step 210 : 21 =====


Reforming stiffness matrix: reformation #1

 1
 Nonlinear solution status: time= 21
	stiffness updates             = 0
	right hand side evaluations   = 2
	stiffness matrix reformations = 1
	step from line search         = 1.000000
	convergence norms :     INITIAL         CURRENT         REQUIRED
	   residual            9.331708e+01    1.092052e-07    0.000000e+00 
	   energy              4.859126e-01    3.403485e-06    4.859126e-03 
	   displacement        2.293611e-02    2.293611e-02    2.293611e-08 
 2
 Nonlinear solution status: time= 21
	stiffness updates             = 1
	right hand side evaluations   = 3
	stiffness matrix reformations = 1
	step from line search         = 1.000000
	convergence norms :     INITIAL         CURRENT         REQUIRED
	   residual            9.331708e+01    2.279316e-12    0.000000e+00 
	   energy              4.859126e-01    2.997906e-12    4.859126e-03 
	   displacement        2.293611e-02    1.111957e-10    2.293577e-08 

convergence summary
    number of iterations   : 2
    number of reformations : 1

------- converged at time : 21


Data Record #1
===========================================================================
Step = 210
Time = 21
Data = ux;uy;uz
File = parameter_sweeps/tmax3_disp.txt

Data Record #2
===========================================================================
Step = 210
Time = 21
Data = sz;J
File = parameter_sweeps/tmax3_stress.txt

===== beginning time step 211 : 21.1 =====


Reforming stiffness matrix: reformation #1

 1
 Nonlinear solution status: time= 21.1
	stiffness updates             = 0
	right hand side evaluations   = 2
	stiffness matrix reformations = 1
	step from line search         = 1.000000
	convergence norms :     INITIAL         CURRENT         REQUIRED
	   residual            9.348823e+01    1.116420e-07    0.000000e+00 
	   energy              4.940298e-01    3.254604e-06    4.940298e-03 
	   displacement        2.346821e-02    2.346821e-02    2.346821e-08 
 2
 Nonlinear solution status: time= 21.1
	stiffness updates             = 1
	right hand side evaluations   = 3
	stiffness matrix reformations = 1
	step from line search         = 1.000000
	convergence norms :     INITIAL         CURRENT         REQUIRED
	   residual            9.348823e+01    2.321309e-12    0.000000e+00 
	   energy              4.940298e-01    3.111631e-12    4.940298e-03 
	   displacement        2.346821e-02    1.101160e-10    2.346784e-08 

convergence summary
    number of iterations   : 2
    number of reformations : 1

------- converged at time : 21.1


Data Record #1
===========================================================================
Step = 211
Time = 21.1
Data = ux;uy;uz
File = parameter_sweeps/tmax3_disp.txt

Data Record #2
===========================================================================
Step = 211
Time = 21.1
Data = sz;J
File = parameter_sweeps/tmax3_stress.txt

===== beginning time step 212 : 21.2 =====


Reforming stiffness matrix: reformation #1

 1
 Nonlinear solution status: time= 21.2
	stiffness updates             = 0
	right hand side evaluations   = 2
	stiffness matrix reformations = 1
	step from line search         = 1.000000
	convergence norms :     INITIAL         CURRENT         REQUIRED
	   residual            9.295462e+01    1.111340e-07    0.000000e+00 
	   energy              4.994429e-01    3.231233e-06    4.994429e-03 
	   displacement        2.386775e-02    2.386775e-02    2.386775e-08 
 2
 Nonlinear solution status: time= 21.2
	stiffness updates             = 1
	right hand side evaluations   = 3
	stiffness matrix reformations = 1
	step from line search         = 1.000000
	convergence norms :     INITIAL         CURRENT         REQUIRED
	   residual            9.295462e+01    2.292569e-12    0.000000e+00 
	   energy              4.994429e-01    3.231614e-12    4.994429e-03 
	   displacement        2.386775e-02    1.135605e-10    2.386735e-08 

convergence summary
    number of iterations   : 2
    number of reformations : 1

------- converged at time : 21.2


Data Record #1
===========================================================================
Step = 212
Time = 21.2
Data = ux;uy;uz
File = parameter_sweeps/tmax3_disp.txt

Data Record #2
===========================================================================
Step = 212
Time = 21.2
Data = sz;J
File = parameter_sweeps/tmax3_stress.txt

===== beginning time step 213 : 21.3 =====


Reforming stiffness matrix: reformation #1

 1
 Nonlinear solution status: time= 21.3
	stiffness updates             = 0
	right hand side evaluations   = 2
	stiffness matrix reformations = 1
	step from line search         = 1.000000
	convergence norms :     INITIAL         CURRENT         REQUIRED
	   residual            9.220170e+01    9.335825e-08    0.000000e+00 
	   energy              5.027861e-01    3.398263e-06    5.027861e-03 
	   displacement        2.411379e-02    2.411379e-02    2.411379e-08 
 2
 Nonlinear solution status: time= 21.3
	stiffness updates             = 1
	right hand side evaluations   = 3
	stiffness matrix reformations = 1
	step from line search         = 1.000000
	convergence norms :     INITIAL         CURRENT         REQUIRED
	   residual            9.220170e+01    1.940621e-12    0.000000e+00 
	   energy              5.027861e-01    3.006736e-12    5.027861e-03 
	   displacement        2.411379e-02    1.180516e-10    2.411337e-08 

convergence summary
    number of iterations   : 2
    number of reformations : 1

------- converged at time : 21.3


Data Record #1
===========================================================================
Step = 213
Time = 21.3
Data = ux;uy;uz
File = parameter_sweeps/tmax3_disp.txt

Data Record #2
===========================================================================
Step = 213
Time = 21.3
Data = sz;J
File = parameter_sweeps/tmax3_stress.txt

===== beginning time step 214 : 21.4 =====


Reforming stiffness matrix: reformation #1

 1
 Nonlinear solution status: time= 21.4
	stiffness updates             = 0
	right hand side evaluations   = 2
	stiffness matrix reformations = 1
	step from line search         = 1.000000
	convergence norms :     INITIAL         CURRENT         REQUIRED
	   residual            9.152714e+01    7.213709e-08    0.000000e+00 
	   energy              5.047939e-01    3.634331e-06    5.047939e-03 
	   displacement        2.420897e-02    2.420897e-02    2.420897e-08 
 2
 Nonlinear solution status: time= 21.4
	stiffness updates             = 1
	right hand side evaluations   = 3
	stiffness matrix reformations = 1
	step from line search         = 1.000000
	convergence norms :     INITIAL         CURRENT         REQUIRED
	   residual            9.152714e+01    1.533772e-12    0.000000e+00 
	   energy              5.047939e-01    2.708795e-12    5.047939e-03 
	   displacement        2.420897e-02    1.219974e-10    2.420851e-08 

convergence summary
    number of iterations   : 2
    number of reformations : 1

------- converged at time : 21.4


Data Record #1
===========================================================================
Step = 214
Time = 21.4
Data = ux;uy;uz
File = parameter_sweeps/tmax3_disp.txt

Data Record #2
===========================================================================
Step = 214
Time = 21.4
Data = sz;J
File = parameter_sweeps/tmax3_stress.txt

===== beginning time step 215 : 21.5 =====


Reforming stiffness matrix: reformation #1

 1
 Nonlinear solution status: time= 21.5
	stiffness updates             = 0
	right hand side evaluations   = 2
	stiffness matrix reformations = 1
	step from line search         = 1.000000
	convergence norms :     INITIAL         CURRENT         REQUIRED
	   residual            9.083509e+01    6.467633e-08    0.000000e+00 
	   energy              5.059232e-01    3.904536e-06    5.059232e-03 
	   displacement        2.421227e-02    2.421227e-02    2.421227e-08 
 2
 Nonlinear solution status: time= 21.5
	stiffness updates             = 1
	right hand side evaluations   = 3
	stiffness matrix reformations = 1
	step from line search         = 1.000000
	convergence norms :     INITIAL         CURRENT         REQUIRED
	   residual            9.083509e+01    1.451690e-12    0.000000e+00 
	   energy              5.059232e-01    2.601205e-12    5.059232e-03 
	   displacement        2.421227e-02    1.261927e-10    2.421175e-08 

convergence summary
    number of iterations   : 2
    number of reformations : 1

------- converged at time : 21.5


Data Record #1
===========================================================================
Step = 215
Time = 21.5
Data = ux;uy;uz
File = parameter_sweeps/tmax3_disp.txt

Data Record #2
===========================================================================
Step = 215
Time = 21.5
Data = sz;J
File = parameter_sweeps/tmax3_stress.txt

===== beginning time step 216 : 21.6 =====


Reforming stiffness matrix: reformation #1

 1
 Nonlinear solution status: time= 21.6
	stiffness updates             = 0
	right hand side evaluations   = 2
	stiffness matrix reformations = 1
	step from line search         = 1.000000
	convergence norms :     INITIAL         CURRENT         REQUIRED
	   residual            8.984005e+01    6.386306e-08    0.000000e+00 
	   energy              5.059592e-01    4.175221e-06    5.059592e-03 
	   displacement        2.420675e-02    2.420675e-02    2.420675e-08 
 2
 Nonlinear solution status: time= 21.6
	stiffness updates             = 1
	right hand side evaluations   = 3
	stiffness matrix reformations = 1
	step from line search         = 1.000000
	convergence norms :     INITIAL         CURRENT         REQUIRED
	   residual            8.984005e+01    1.389231e-12    0.000000e+00 
	   energy              5.059592e-01    2.430667e-12    5.059592e-03 
	   displacement        2.420675e-02    1.303347e-10    2.420612e-08 

convergence summary
    number of iterations   : 2
    number of reformations : 1

------- converged at time : 21.6


Data Record #1
===========================================================================
Step = 216
Time = 21.6
Data = ux;uy;uz
File = parameter_sweeps/tmax3_disp.txt

Data Record #2
===========================================================================
Step = 216
Time = 21.6
Data = sz;J
File = parameter_sweeps/tmax3_stress.txt

===== beginning time step 217 : 21.7 =====


Reforming stiffness matrix: reformation #1

 1
 Nonlinear solution status: time= 21.7
	stiffness updates             = 0
	right hand side evaluations   = 2
	stiffness matrix reformations = 1
	step from line search         = 1.000000
	convergence norms :     INITIAL         CURRENT         REQUIRED
	   residual            8.828631e+01    5.164463e-08    0.000000e+00 
	   energy              5.040344e-01    4.417708e-06    5.040344e-03 
	   displacement        2.419239e-02    2.419239e-02    2.419239e-08 
 2
 Nonlinear solution status: time= 21.7
	stiffness updates             = 1
	right hand side evaluations   = 3
	stiffness matrix reformations = 1
	step from line search         = 1.000000
	convergence norms :     INITIAL         CURRENT         REQUIRED
	   residual            8.828631e+01    1.025319e-12    0.000000e+00 
	   energy              5.040344e-01    2.165870e-12    5.040344e-03 
	   displacement        2.419239e-02    1.385612e-10    2.419164e-08 

convergence summary
    number of iterations   : 2
    number of reformations : 1

------- converged at time : 21.7


Data Record #1
===========================================================================
Step = 217
Time = 21.7
Data = ux;uy;uz
File = parameter_sweeps/tmax3_disp.txt

Data Record #2
===========================================================================
Step = 217
Time = 21.7
Data = sz;J
File = parameter_sweeps/tmax3_stress.txt

===== beginning time step 218 : 21.8 =====


Reforming stiffness matrix: reformation #1

 1
 Nonlinear solution status: time= 21.8
	stiffness updates             = 0
	right hand side evaluations   = 2
	stiffness matrix reformations = 1
	step from line search         = 1.000000
	convergence norms :     INITIAL         CURRENT         REQUIRED
	   residual            8.609811e+01    4.547366e-08    0.000000e+00 
	   energy              4.990632e-01    4.717825e-06    4.990632e-03 
	   displacement        2.410675e-02    2.410675e-02    2.410675e-08 
 2
 Nonlinear solution status: time= 21.8
	stiffness updates             = 1
	right hand side evaluations   = 3
	stiffness matrix reformations = 1
	step from line search         = 1.000000
	convergence norms :     INITIAL         CURRENT         REQUIRED
	   residual            8.609811e+01    9.846259e-13    0.000000e+00 
	   energy              4.990632e-01    2.141061e-12    4.990632e-03 
	   displacement        2.410675e-02    1.531595e-10    2.410590e-08 

convergence summary
    number of iterations   : 2
    number of reformations : 1

------- converged at time : 21.8


Data Record #1
===========================================================================
Step = 218
Time = 21.8
Data = ux;uy;uz
File = parameter_sweeps/tmax3_disp.txt

Data Record #2
===========================================================================
Step = 218
Time = 21.8
Data = sz;J
File = parameter_sweeps/tmax3_stress.txt

===== beginning time step 219 : 21.9 =====


Reforming stiffness matrix: reformation #1

 1
 Nonlinear solution status: time= 21.9
	stiffness updates             = 0
	right hand side evaluations   = 2
	stiffness matrix reformations = 1
	step from line search         = 1.000000
	convergence norms :     INITIAL         CURRENT         REQUIRED
	   residual            8.334687e+01    4.238639e-08    0.000000e+00 
	   energy              4.900752e-01    5.045278e-06    4.900752e-03 
	   displacement        2.386568e-02    2.386568e-02    2.386568e-08 
 2
 Nonlinear solution status: time= 21.9
	stiffness updates             = 1
	right hand side evaluations   = 3
	stiffness matrix reformations = 1
	step from line search         = 1.000000
	convergence norms :     INITIAL         CURRENT         REQUIRED
	   residual            8.334687e+01    9.298609e-13    0.000000e+00 
	   energy              4.900752e-01    2.117059e-12    4.900752e-03 
	   displacement        2.386568e-02    1.632468e-10    2.386474e-08 

convergence summary
    number of iterations   : 2
    number of reformations : 1

------- converged at time : 21.9


Data Record #1
===========================================================================
Step = 219
Time = 21.9
Data = ux;uy;uz
File = parameter_sweeps/tmax3_disp.txt

Data Record #2
===========================================================================
Step = 219
Time = 21.9
Data = sz;J
File = parameter_sweeps/tmax3_stress.txt

===== beginning time step 220 : 22 =====


Reforming stiffness matrix: reformation #1

 1
 Nonlinear solution status: time= 22
	stiffness updates             = 0
	right hand side evaluations   = 2
	stiffness matrix reformations = 1
	step from line search         = 1.000000
	convergence norms :     INITIAL         CURRENT         REQUIRED
	   residual            8.017621e+01    3.608453e-08    0.000000e+00 
	   energy              4.764948e-01    5.293782e-06    4.764948e-03 
	   displacement        2.338130e-02    2.338130e-02    2.338130e-08 
 2
 Nonlinear solution status: time= 22
	stiffness updates             = 1
	right hand side evaluations   = 3
	stiffness matrix reformations = 1
	step from line search         = 1.000000
	convergence norms :     INITIAL         CURRENT         REQUIRED
	   residual            8.017621e+01    7.012952e-13    0.000000e+00 
	   energy              4.764948e-01    2.055134e-12    4.764948e-03 
	   displacement        2.338130e-02    1.695518e-10    2.338027e-08 

convergence summary
    number of iterations   : 2
    number of reformations : 1

------- converged at time : 22


Data Record #1
===========================================================================
Step = 220
Time = 22
Data = ux;uy;uz
File = parameter_sweeps/tmax3_disp.txt

Data Record #2
===========================================================================
Step = 220
Time = 22
Data = sz;J
File = parameter_sweeps/tmax3_stress.txt

===== beginning time step 221 : 22.1 =====


Reforming stiffness matrix: reformation #1

 1
 Nonlinear solution status: time= 22.1
	stiffness updates             = 0
	right hand side evaluations   = 2
	stiffness matrix reformations = 1
	step from line search         = 1.000000
	convergence norms :     INITIAL         CURRENT         REQUIRED
	   residual            7.669283e+01    3.261721e-08    0.000000e+00 
	   energy              4.583176e-01    5.291048e-06    4.583176e-03 
	   displacement        2.261248e-02    2.261248e-02    2.261248e-08 
 2
 Nonlinear solution status: time= 22.1
	stiffness updates             = 1
	right hand side evaluations   = 3
	stiffness matrix reformations = 1
	step from line search         = 1.000000
	convergence norms :     INITIAL         CURRENT         REQUIRED
	   residual            7.669283e+01    6.580365e-13    0.000000e+00 
	   energy              4.583176e-01    2.118492e-12    4.583176e-03 
	   displacement        2.261248e-02    1.719614e-10    2.261142e-08 

convergence summary
    number of iterations   : 2
    number of reformations : 1

------- converged at time : 22.1


Data Record #1
===========================================================================
Step = 221
Time = 22.1
Data = ux;uy;uz
File = parameter_sweeps/tmax3_disp.txt

Data Record #2
===========================================================================
Step = 221
Time = 22.1
Data = sz;J
File = parameter_sweeps/tmax3_stress.txt

===== beginning time step 222 : 22.2 =====


Reforming stiffness matrix: reformation #1

 1
 Nonlinear solution status: time= 22.2
	stiffness updates             = 0
	right hand side evaluations   = 2
	stiffness matrix reformations = 1
	step from line search         = 1.000000
	convergence norms :     INITIAL         CURRENT         REQUIRED
	   residual            7.300037e+01    2.965831e-08    0.000000e+00 
	   energy              4.362809e-01    4.886769e-06    4.362809e-03 
	   displacement        2.157277e-02    2.157277e-02    2.157277e-08 
 2
 Nonlinear solution status: time= 22.2
	stiffness updates             = 1
	right hand side evaluations   = 3
	stiffness matrix reformations = 1
	step from line search         = 1.000000
	convergence norms :     INITIAL         CURRENT         REQUIRED
	   residual            7.300037e+01    6.565779e-13    0.000000e+00 
	   energy              4.362809e-01    2.019443e-12    4.362809e-03 
	   displacement        2.157277e-02    1.525250e-10    2.157176e-08 

convergence summary
    number of iterations   : 2
    number of reformations : 1

------- converged at time : 22.2


Data Record #1
===========================================================================
Step = 222
Time = 22.2
Data = ux;uy;uz
File = parameter_sweeps/tmax3_disp.txt

Data Record #2
===========================================================================
Step = 222
Time = 22.2
Data = sz;J
File = parameter_sweeps/tmax3_stress.txt

===== beginning time step 223 : 22.3 =====


Reforming stiffness matrix: reformation #1

 1
 Nonlinear solution status: time= 22.3
	stiffness updates             = 0
	right hand side evaluations   = 2
	stiffness matrix reformations = 1
	step from line search         = 1.000000
	convergence norms :     INITIAL         CURRENT         REQUIRED
	   residual            6.930470e+01    2.682887e-08    0.000000e+00 
	   energy              4.115439e-01    4.287473e-06    4.115439e-03 
	   displacement        2.031490e-02    2.031490e-02    2.031490e-08 
 2
 Nonlinear solution status: time= 22.3
	stiffness updates             = 1
	right hand side evaluations   = 3
	stiffness matrix reformations = 1
	step from line search         = 1.000000
	convergence norms :     INITIAL         CURRENT         REQUIRED
	   residual            6.930470e+01    6.896964e-13    0.000000e+00 
	   energy              4.115439e-01    1.988007e-12    4.115439e-03 
	   displacement        2.031490e-02    1.302640e-10    2.031394e-08 

convergence summary
    number of iterations   : 2
    number of reformations : 1

------- converged at time : 22.3


Data Record #1
===========================================================================
Step = 223
Time = 22.3
Data = ux;uy;uz
File = parameter_sweeps/tmax3_disp.txt

Data Record #2
===========================================================================
Step = 223
Time = 22.3
Data = sz;J
File = parameter_sweeps/tmax3_stress.txt

===== beginning time step 224 : 22.4 =====


Reforming stiffness matrix: reformation #1

 1
 Nonlinear solution status: time= 22.4
	stiffness updates             = 0
	right hand side evaluations   = 2
	stiffness matrix reformations = 1
	step from line search         = 1.000000
	convergence norms :     INITIAL         CURRENT         REQUIRED
	   residual            6.578095e+01    2.784235e-08    0.000000e+00 
	   energy              3.852140e-01    3.774164e-06    3.852140e-03 
	   displacement        1.889570e-02    1.889570e-02    1.889570e-08 
 2
 Nonlinear solution status: time= 22.4
	stiffness updates             = 1
	right hand side evaluations   = 3
	stiffness matrix reformations = 1
	step from line search         = 1.000000
	convergence norms :     INITIAL         CURRENT         REQUIRED
	   residual            6.578095e+01    7.672856e-13    0.000000e+00 
	   energy              3.852140e-01    2.170996e-12    3.852140e-03 
	   displacement        1.889570e-02    1.185158e-10    1.889482e-08 

convergence summary
    number of iterations   : 2
    number of reformations : 1

------- converged at time : 22.4


Data Record #1
===========================================================================
Step = 224
Time = 22.4
Data = ux;uy;uz
File = parameter_sweeps/tmax3_disp.txt

Data Record #2
===========================================================================
Step = 224
Time = 22.4
Data = sz;J
File = parameter_sweeps/tmax3_stress.txt

===== beginning time step 225 : 22.5 =====


Reforming stiffness matrix: reformation #1

 1
 Nonlinear solution status: time= 22.5
	stiffness updates             = 0
	right hand side evaluations   = 2
	stiffness matrix reformations = 1
	step from line search         = 1.000000
	convergence norms :     INITIAL         CURRENT         REQUIRED
	   residual            6.239553e+01    3.518677e-08    0.000000e+00 
	   energy              3.582590e-01    3.439547e-06    3.582590e-03 
	   displacement        1.740049e-02    1.740049e-02    1.740049e-08 
 2
 Nonlinear solution status: time= 22.5
	stiffness updates             = 1
	right hand side evaluations   = 3
	stiffness matrix reformations = 1
	step from line search         = 1.000000
	convergence norms :     INITIAL         CURRENT         REQUIRED
	   residual            6.239553e+01    8.525247e-13    0.000000e+00 
	   energy              3.582590e-01    2.193796e-12    3.582590e-03 
	   displacement        1.740049e-02    1.100796e-10    1.739971e-08 

convergence summary
    number of iterations   : 2
    number of reformations : 1

------- converged at time : 22.5


Data Record #1
===========================================================================
Step = 225
Time = 22.5
Data = ux;uy;uz
File = parameter_sweeps/tmax3_disp.txt

Data Record #2
===========================================================================
Step = 225
Time = 22.5
Data = sz;J
File = parameter_sweeps/tmax3_stress.txt

===== beginning time step 226 : 22.6 =====


Reforming stiffness matrix: reformation #1

 1
 Nonlinear solution status: time= 22.6
	stiffness updates             = 0
	right hand side evaluations   = 2
	stiffness matrix reformations = 1
	step from line search         = 1.000000
	convergence norms :     INITIAL         CURRENT         REQUIRED
	   residual            5.902504e+01    3.859597e-08    0.000000e+00 
	   energy              3.314670e-01    3.165726e-06    3.314670e-03 
	   displacement        1.593809e-02    1.593809e-02    1.593809e-08 
 2
 Nonlinear solution status: time= 22.6
	stiffness updates             = 1
	right hand side evaluations   = 3
	stiffness matrix reformations = 1
	step from line search         = 1.000000
	convergence norms :     INITIAL         CURRENT         REQUIRED
	   residual            5.902504e+01    9.699865e-13    0.000000e+00 
	   energy              3.314670e-01    2.224911e-12    3.314670e-03 
	   displacement        1.593809e-02    1.075250e-10    1.593734e-08 

convergence summary
    number of iterations   : 2
    number of reformations : 1

------- converged at time : 22.6


Data Record #1
===========================================================================
Step = 226
Time = 22.6
Data = ux;uy;uz
File = parameter_sweeps/tmax3_disp.txt

Data Record #2
===========================================================================
Step = 226
Time = 22.6
Data = sz;J
File = parameter_sweeps/tmax3_stress.txt

===== beginning time step 227 : 22.7 =====


Reforming stiffness matrix: reformation #1

 1
 Nonlinear solution status: time= 22.7
	stiffness updates             = 0
	right hand side evaluations   = 2
	stiffness matrix reformations = 1
	step from line search         = 1.000000
	convergence norms :     INITIAL         CURRENT         REQUIRED
	   residual            5.567279e+01    4.269959e-08    0.000000e+00 
	   energy              3.054532e-01    2.826354e-06    3.054532e-03 
	   displacement        1.455640e-02    1.455640e-02    1.455640e-08 
 2
 Nonlinear solution status: time= 22.7
	stiffness updates             = 1
	right hand side evaluations   = 3
	stiffness matrix reformations = 1
	step from line search         = 1.000000
	convergence norms :     INITIAL         CURRENT         REQUIRED
	   residual            5.567279e+01    1.155969e-12    0.000000e+00 
	   energy              3.054532e-01    2.166463e-12    3.054532e-03 
	   displacement        1.455640e-02    9.555041e-11    1.455570e-08 

convergence summary
    number of iterations   : 2
    number of reformations : 1

------- converged at time : 22.7


Data Record #1
===========================================================================
Step = 227
Time = 22.7
Data = ux;uy;uz
File = parameter_sweeps/tmax3_disp.txt

Data Record #2
===========================================================================
Step = 227
Time = 22.7
Data = sz;J
File = parameter_sweeps/tmax3_stress.txt

===== beginning time step 228 : 22.8 =====


Reforming stiffness matrix: reformation #1

 1
 Nonlinear solution status: time= 22.8
	stiffness updates             = 0
	right hand side evaluations   = 2
	stiffness matrix reformations = 1
	step from line search         = 1.000000
	convergence norms :     INITIAL         CURRENT         REQUIRED
	   residual            5.240624e+01    5.215207e-08    0.000000e+00 
	   energy              2.806560e-01    2.425296e-06    2.806560e-03 
	   displacement        1.325090e-02    1.325090e-02    1.325090e-08 
 2
 Nonlinear solution status: time= 22.8
	stiffness updates             = 1
	right hand side evaluations   = 3
	stiffness matrix reformations = 1
	step from line search         = 1.000000
	convergence norms :     INITIAL         CURRENT         REQUIRED
	   residual            5.240624e+01    1.173707e-12    0.000000e+00 
	   energy              2.806560e-01    1.919756e-12    2.806560e-03 
	   displacement        1.325090e-02    7.628967e-11    1.325027e-08 

convergence summary
    number of iterations   : 2
    number of reformations : 1

------- converged at time : 22.8


Data Record #1
===========================================================================
Step = 228
Time = 22.8
Data = ux;uy;uz
File = parameter_sweeps/tmax3_disp.txt

Data Record #2
===========================================================================
Step = 228
Time = 22.8
Data = sz;J
File = parameter_sweeps/tmax3_stress.txt

===== beginning time step 229 : 22.9 =====


Reforming stiffness matrix: reformation #1

 1
 Nonlinear solution status: time= 22.9
	stiffness updates             = 0
	right hand side evaluations   = 2
	stiffness matrix reformations = 1
	step from line search         = 1.000000
	convergence norms :     INITIAL         CURRENT         REQUIRED
	   residual            4.923794e+01    6.415875e-08    0.000000e+00 
	   energy              2.573232e-01    2.095514e-06    2.573232e-03 
	   displacement        1.201381e-02    1.201381e-02    1.201381e-08 
 2
 Nonlinear solution status: time= 22.9
	stiffness updates             = 1
	right hand side evaluations   = 3
	stiffness matrix reformations = 1
	step from line search         = 1.000000
	convergence norms :     INITIAL         CURRENT         REQUIRED
	   residual            4.923794e+01    1.320563e-12    0.000000e+00 
	   energy              2.573232e-01    1.972550e-12    2.573232e-03 
	   displacement        1.201381e-02    7.052734e-11    1.201324e-08 

convergence summary
    number of iterations   : 2
    number of reformations : 1

------- converged at time : 22.9


Data Record #1
===========================================================================
Step = 229
Time = 22.9
Data = ux;uy;uz
File = parameter_sweeps/tmax3_disp.txt

Data Record #2
===========================================================================
Step = 229
Time = 22.9
Data = sz;J
File = parameter_sweeps/tmax3_stress.txt

===== beginning time step 230 : 23 =====


Reforming stiffness matrix: reformation #1

 1
 Nonlinear solution status: time= 23
	stiffness updates             = 0
	right hand side evaluations   = 2
	stiffness matrix reformations = 1
	step from line search         = 1.000000
	convergence norms :     INITIAL         CURRENT         REQUIRED
	   residual            4.609908e+01    5.952522e-08    0.000000e+00 
	   energy              2.354978e-01    1.931882e-06    2.354978e-03 
	   displacement        1.085882e-02    1.085882e-02    1.085882e-08 
 2
 Nonlinear solution status: time= 23
	stiffness updates             = 1
	right hand side evaluations   = 3
	stiffness matrix reformations = 1
	step from line search         = 1.000000
	convergence norms :     INITIAL         CURRENT         REQUIRED
	   residual            4.609908e+01    1.379628e-12    0.000000e+00 
	   energy              2.354978e-01    2.002702e-12    2.354978e-03 
	   displacement        1.085882e-02    6.964913e-11    1.085830e-08 

convergence summary
    number of iterations   : 2
    number of reformations : 1

------- converged at time : 23


Data Record #1
===========================================================================
Step = 230
Time = 23
Data = ux;uy;uz
File = parameter_sweeps/tmax3_disp.txt

Data Record #2
===========================================================================
Step = 230
Time = 23
Data = sz;J
File = parameter_sweeps/tmax3_stress.txt

===== beginning time step 231 : 23.1 =====


Reforming stiffness matrix: reformation #1

 1
 Nonlinear solution status: time= 23.1
	stiffness updates             = 0
	right hand side evaluations   = 2
	stiffness matrix reformations = 1
	step from line search         = 1.000000
	convergence norms :     INITIAL         CURRENT         REQUIRED
	   residual            4.291214e+01    5.257654e-08    0.000000e+00 
	   energy              2.151004e-01    1.940670e-06    2.151004e-03 
	   displacement        9.810673e-03    9.810673e-03    9.810673e-09 
 2
 Nonlinear solution status: time= 23.1
	stiffness updates             = 1
	right hand side evaluations   = 3
	stiffness matrix reformations = 1
	step from line search         = 1.000000
	convergence norms :     INITIAL         CURRENT         REQUIRED
	   residual            4.291214e+01    1.282694e-12    0.000000e+00 
	   energy              2.151004e-01    1.963997e-12    2.151004e-03 
	   displacement        9.810673e-03    6.923732e-11    9.810178e-09 

convergence summary
    number of iterations   : 2
    number of reformations : 1

------- converged at time : 23.1


Data Record #1
===========================================================================
Step = 231
Time = 23.1
Data = ux;uy;uz
File = parameter_sweeps/tmax3_disp.txt

Data Record #2
===========================================================================
Step = 231
Time = 23.1
Data = sz;J
File = parameter_sweeps/tmax3_stress.txt

===== beginning time step 232 : 23.2 =====


Reforming stiffness matrix: reformation #1

 1
 Nonlinear solution status: time= 23.2
	stiffness updates             = 0
	right hand side evaluations   = 2
	stiffness matrix reformations = 1
	step from line search         = 1.000000
	convergence norms :     INITIAL         CURRENT         REQUIRED
	   residual            3.965583e+01    4.947176e-08    0.000000e+00 
	   energy              1.960124e-01    1.975920e-06    1.960124e-03 
	   displacement        8.865864e-03    8.865864e-03    8.865864e-09 
 2
 Nonlinear solution status: time= 23.2
	stiffness updates             = 1
	right hand side evaluations   = 3
	stiffness matrix reformations = 1
	step from line search         = 1.000000
	convergence norms :     INITIAL         CURRENT         REQUIRED
	   residual            3.965583e+01    1.101195e-12    0.000000e+00 
	   energy              1.960124e-01    1.994445e-12    1.960124e-03 
	   displacement        8.865864e-03    7.237378e-11    8.865437e-09 

convergence summary
    number of iterations   : 2
    number of reformations : 1

------- converged at time : 23.2


Data Record #1
===========================================================================
Step = 232
Time = 23.2
Data = ux;uy;uz
File = parameter_sweeps/tmax3_disp.txt

Data Record #2
===========================================================================
Step = 232
Time = 23.2
Data = sz;J
File = parameter_sweeps/tmax3_stress.txt

===== beginning time step 233 : 23.3 =====


Reforming stiffness matrix: reformation #1

 1
 Nonlinear solution status: time= 23.3
	stiffness updates             = 0
	right hand side evaluations   = 2
	stiffness matrix reformations = 1
	step from line search         = 1.000000
	convergence norms :     INITIAL         CURRENT         REQUIRED
	   residual            3.630405e+01    5.237376e-08    0.000000e+00 
	   energy              1.783445e-01    1.874789e-06    1.783445e-03 
	   displacement        8.032227e-03    8.032227e-03    8.032227e-09 
 2
 Nonlinear solution status: time= 23.3
	stiffness updates             = 1
	right hand side evaluations   = 3
	stiffness matrix reformations = 1
	step from line search         = 1.000000
	convergence norms :     INITIAL         CURRENT         REQUIRED
	   residual            3.630405e+01    1.126125e-12    0.000000e+00 
	   energy              1.783445e-01    1.993471e-12    1.783445e-03 
	   displacement        8.032227e-03    6.990262e-11    8.031875e-09 

convergence summary
    number of iterations   : 2
    number of reformations : 1

------- converged at time : 23.3


Data Record #1
===========================================================================
Step = 233
Time = 23.3
Data = ux;uy;uz
File = parameter_sweeps/tmax3_disp.txt

Data Record #2
===========================================================================
Step = 233
Time = 23.3
Data = sz;J
File = parameter_sweeps/tmax3_stress.txt

===== beginning time step 234 : 23.4 =====


Reforming stiffness matrix: reformation #1

 1
 Nonlinear solution status: time= 23.4
	stiffness updates             = 0
	right hand side evaluations   = 2
	stiffness matrix reformations = 1
	step from line search         = 1.000000
	convergence norms :     INITIAL         CURRENT         REQUIRED
	   residual            3.289406e+01    5.601886e-08    0.000000e+00 
	   energy              1.623277e-01    1.630991e-06    1.623277e-03 
	   displacement        7.332408e-03    7.332408e-03    7.332408e-09 
 2
 Nonlinear solution status: time= 23.4
	stiffness updates             = 1
	right hand side evaluations   = 3
	stiffness matrix reformations = 1
	step from line search         = 1.000000
	convergence norms :     INITIAL         CURRENT         REQUIRED
	   residual            3.289406e+01    1.319958e-12    0.000000e+00 
	   energy              1.623277e-01    2.014166e-12    1.623277e-03 
	   displacement        7.332408e-03    6.563976e-11    7.332116e-09 

convergence summary
    number of iterations   : 2
    number of reformations : 1

------- converged at time : 23.4


Data Record #1
===========================================================================
Step = 234
Time = 23.4
Data = ux;uy;uz
File = parameter_sweeps/tmax3_disp.txt

Data Record #2
===========================================================================
Step = 234
Time = 23.4
Data = sz;J
File = parameter_sweeps/tmax3_stress.txt

===== beginning time step 235 : 23.5 =====


Reforming stiffness matrix: reformation #1

 1
 Nonlinear solution status: time= 23.5
	stiffness updates             = 0
	right hand side evaluations   = 2
	stiffness matrix reformations = 1
	step from line search         = 1.000000
	convergence norms :     INITIAL         CURRENT         REQUIRED
	   residual            2.963745e+01    5.759833e-08    0.000000e+00 
	   energy              1.481619e-01    1.409040e-06    1.481619e-03 
	   displacement        6.757852e-03    6.757852e-03    6.757852e-09 
 2
 Nonlinear solution status: time= 23.5
	stiffness updates             = 1
	right hand side evaluations   = 3
	stiffness matrix reformations = 1
	step from line search         = 1.000000
	convergence norms :     INITIAL         CURRENT         REQUIRED
	   residual            2.963745e+01    1.421252e-12    0.000000e+00 
	   energy              1.481619e-01    2.129146e-12    1.481619e-03 
	   displacement        6.757852e-03    6.664395e-11    6.757598e-09 

convergence summary
    number of iterations   : 2
    number of reformations : 1

------- converged at time : 23.5


Data Record #1
===========================================================================
Step = 235
Time = 23.5
Data = ux;uy;uz
File = parameter_sweeps/tmax3_disp.txt

Data Record #2
===========================================================================
Step = 235
Time = 23.5
Data = sz;J
File = parameter_sweeps/tmax3_stress.txt

===== beginning time step 236 : 23.6 =====


Reforming stiffness matrix: reformation #1

 1
 Nonlinear solution status: time= 23.6
	stiffness updates             = 0
	right hand side evaluations   = 2
	stiffness matrix reformations = 1
	step from line search         = 1.000000
	convergence norms :     INITIAL         CURRENT         REQUIRED
	   residual            2.674735e+01    4.503531e-08    0.000000e+00 
	   energy              1.361182e-01    1.311664e-06    1.361182e-03 
	   displacement        6.283700e-03    6.283700e-03    6.283700e-09 
 2
 Nonlinear solution status: time= 23.6
	stiffness updates             = 1
	right hand side evaluations   = 3
	stiffness matrix reformations = 1
	step from line search         = 1.000000
	convergence norms :     INITIAL         CURRENT         REQUIRED
	   residual            2.674735e+01    1.209163e-12    0.000000e+00 
	   energy              1.361182e-01    1.949925e-12    1.361182e-03 
	   displacement        6.283700e-03    6.630273e-11    6.283422e-09 

convergence summary
    number of iterations   : 2
    number of reformations : 1

------- converged at time : 23.6


Data Record #1
===========================================================================
Step = 236
Time = 23.6
Data = ux;uy;uz
File = parameter_sweeps/tmax3_disp.txt

Data Record #2
===========================================================================
Step = 236
Time = 23.6
Data = sz;J
File = parameter_sweeps/tmax3_stress.txt

===== beginning time step 237 : 23.7 =====


Reforming stiffness matrix: reformation #1

 1
 Nonlinear solution status: time= 23.7
	stiffness updates             = 0
	right hand side evaluations   = 2
	stiffness matrix reformations = 1
	step from line search         = 1.000000
	convergence norms :     INITIAL         CURRENT         REQUIRED
	   residual            2.435830e+01    3.321607e-08    0.000000e+00 
	   energy              1.266027e-01    1.311517e-06    1.266027e-03 
	   displacement        5.904449e-03    5.904449e-03    5.904449e-09 
 2
 Nonlinear solution status: time= 23.7
	stiffness updates             = 1
	right hand side evaluations   = 3
	stiffness matrix reformations = 1
	step from line search         = 1.000000
	convergence norms :     INITIAL         CURRENT         REQUIRED
	   residual            2.435830e+01    9.043079e-13    0.000000e+00 
	   energy              1.266027e-01    1.617803e-12    1.266027e-03 
	   displacement        5.904449e-03    6.587886e-11    5.904085e-09 

convergence summary
    number of iterations   : 2
    number of reformations : 1

------- converged at time : 23.7


Data Record #1
===========================================================================
Step = 237
Time = 23.7
Data = ux;uy;uz
File = parameter_sweeps/tmax3_disp.txt

Data Record #2
===========================================================================
Step = 237
Time = 23.7
Data = sz;J
File = parameter_sweeps/tmax3_stress.txt

===== beginning time step 238 : 23.8 =====


Reforming stiffness matrix: reformation #1

 1
 Nonlinear solution status: time= 23.8
	stiffness updates             = 0
	right hand side evaluations   = 2
	stiffness matrix reformations = 1
	step from line search         = 1.000000
	convergence norms :     INITIAL         CURRENT         REQUIRED
	   residual            2.262741e+01    2.333030e-08    0.000000e+00 
	   energy              1.200786e-01    1.377885e-06    1.200786e-03 
	   displacement        5.644665e-03    5.644665e-03    5.644665e-09 
 2
 Nonlinear solution status: time= 23.8
	stiffness updates             = 1
	right hand side evaluations   = 3
	stiffness matrix reformations = 1
	step from line search         = 1.000000
	convergence norms :     INITIAL         CURRENT         REQUIRED
	   residual            2.262741e+01    6.748957e-13    0.000000e+00 
	   energy              1.200786e-01    1.278732e-12    1.200786e-03 
	   displacement        5.644665e-03    6.356342e-11    5.644189e-09 

convergence summary
    number of iterations   : 2
    number of reformations : 1

------- converged at time : 23.8


Data Record #1
===========================================================================
Step = 238
Time = 23.8
Data = ux;uy;uz
File = parameter_sweeps/tmax3_disp.txt

Data Record #2
===========================================================================
Step = 238
Time = 23.8
Data = sz;J
File = parameter_sweeps/tmax3_stress.txt

===== beginning time step 239 : 23.9 =====


Reforming stiffness matrix: reformation #1

 1
 Nonlinear solution status: time= 23.9
	stiffness updates             = 0
	right hand side evaluations   = 2
	stiffness matrix reformations = 1
	step from line search         = 1.000000
	convergence norms :     INITIAL         CURRENT         REQUIRED
	   residual            2.165907e+01    1.813284e-08    0.000000e+00 
	   energy              1.168916e-01    1.564142e-06    1.168916e-03 
	   displacement        5.540511e-03    5.540511e-03    5.540511e-09 
 2
 Nonlinear solution status: time= 23.9
	stiffness updates             = 1
	right hand side evaluations   = 3
	stiffness matrix reformations = 1
	step from line search         = 1.000000
	convergence norms :     INITIAL         CURRENT         REQUIRED
	   residual            2.165907e+01    4.697368e-13    0.000000e+00 
	   energy              1.168916e-01    1.015648e-12    1.168916e-03 
	   displacement        5.540511e-03    6.512789e-11    5.539929e-09 

convergence summary
    number of iterations   : 2
    number of reformations : 1

------- converged at time : 23.9


Data Record #1
===========================================================================
Step = 239
Time = 23.9
Data = ux;uy;uz
File = parameter_sweeps/tmax3_disp.txt

Data Record #2
===========================================================================
Step = 239
Time = 23.9
Data = sz;J
File = parameter_sweeps/tmax3_stress.txt

===== beginning time step 240 : 24 =====


Reforming stiffness matrix: reformation #1

 1
 Nonlinear solution status: time= 24
	stiffness updates             = 0
	right hand side evaluations   = 2
	stiffness matrix reformations = 1
	step from line search         = 1.000000
	convergence norms :     INITIAL         CURRENT         REQUIRED
	   residual            2.139906e+01    2.735173e-08    0.000000e+00 
	   energy              1.170012e-01    1.869379e-06    1.170012e-03 
	   displacement        5.608535e-03    5.608535e-03    5.608535e-09 
 2
 Nonlinear solution status: time= 24
	stiffness updates             = 1
	right hand side evaluations   = 3
	stiffness matrix reformations = 1
	step from line search         = 1.000000
	convergence norms :     INITIAL         CURRENT         REQUIRED
	   residual            2.139906e+01    4.219534e-13    0.000000e+00 
	   energy              1.170012e-01    1.027579e-12    1.170012e-03 
	   displacement        5.608535e-03    7.297241e-11    5.607856e-09 

convergence summary
    number of iterations   : 2
    number of reformations : 1

------- converged at time : 24


Data Record #1
===========================================================================
Step = 240
Time = 24
Data = ux;uy;uz
File = parameter_sweeps/tmax3_disp.txt

Data Record #2
===========================================================================
Step = 240
Time = 24
Data = sz;J
File = parameter_sweeps/tmax3_stress.txt

===== beginning time step 241 : 24.1 =====


Reforming stiffness matrix: reformation #1

 1
 Nonlinear solution status: time= 24.1
	stiffness updates             = 0
	right hand side evaluations   = 2
	stiffness matrix reformations = 1
	step from line search         = 1.000000
	convergence norms :     INITIAL         CURRENT         REQUIRED
	   residual            2.177416e+01    3.573931e-08    0.000000e+00 
	   energy              1.199158e-01    2.219599e-06    1.199158e-03 
	   displacement        5.808075e-03    5.808075e-03    5.808075e-09 
 2
 Nonlinear solution status: time= 24.1
	stiffness updates             = 1
	right hand side evaluations   = 3
	stiffness matrix reformations = 1
	step from line search         = 1.000000
	convergence norms :     INITIAL         CURRENT         REQUIRED
	   residual            2.177416e+01    5.037721e-13    0.000000e+00 
	   energy              1.199158e-01    1.073217e-12    1.199158e-03 
	   displacement        5.808075e-03    8.219700e-11    5.807318e-09 

convergence summary
    number of iterations   : 2
    number of reformations : 1

------- converged at time : 24.1


Data Record #1
===========================================================================
Step = 241
Time = 24.1
Data = ux;uy;uz
File = parameter_sweeps/tmax3_disp.txt

Data Record #2
===========================================================================
Step = 241
Time = 24.1
Data = sz;J
File = parameter_sweeps/tmax3_stress.txt

===== beginning time step 242 : 24.2 =====


Reforming stiffness matrix: reformation #1

 1
 Nonlinear solution status: time= 24.2
	stiffness updates             = 0
	right hand side evaluations   = 2
	stiffness matrix reformations = 1
	step from line search         = 1.000000
	convergence norms :     INITIAL         CURRENT         REQUIRED
	   residual            2.270390e+01    4.821864e-08    0.000000e+00 
	   energy              1.247355e-01    2.611901e-06    1.247355e-03 
	   displacement        6.054615e-03    6.054615e-03    6.054615e-09 
 2
 Nonlinear solution status: time= 24.2
	stiffness updates             = 1
	right hand side evaluations   = 3
	stiffness matrix reformations = 1
	step from line search         = 1.000000
	convergence norms :     INITIAL         CURRENT         REQUIRED
	   residual            2.270390e+01    6.272517e-13    0.000000e+00 
	   energy              1.247355e-01    1.259858e-12    1.247355e-03 
	   displacement        6.054615e-03    9.276633e-11    6.053808e-09 

convergence summary
    number of iterations   : 2
    number of reformations : 1

------- converged at time : 24.2


Data Record #1
===========================================================================
Step = 242
Time = 24.2
Data = ux;uy;uz
File = parameter_sweeps/tmax3_disp.txt

Data Record #2
===========================================================================
Step = 242
Time = 24.2
Data = sz;J
File = parameter_sweeps/tmax3_stress.txt

===== beginning time step 243 : 24.3 =====


Reforming stiffness matrix: reformation #1

 1
 Nonlinear solution status: time= 24.3
	stiffness updates             = 0
	right hand side evaluations   = 2
	stiffness matrix reformations = 1
	step from line search         = 1.000000
	convergence norms :     INITIAL         CURRENT         REQUIRED
	   residual            2.389525e+01    6.944763e-08    0.000000e+00 
	   energy              1.302145e-01    3.022028e-06    1.302145e-03 
	   displacement        6.290092e-03    6.290092e-03    6.290092e-09 
 2
 Nonlinear solution status: time= 24.3
	stiffness updates             = 1
	right hand side evaluations   = 3
	stiffness matrix reformations = 1
	step from line search         = 1.000000
	convergence norms :     INITIAL         CURRENT         REQUIRED
	   residual            2.389525e+01    8.445785e-13    0.000000e+00 
	   energy              1.302145e-01    1.440390e-12    1.302145e-03 
	   displacement        6.290092e-03    1.010040e-10    6.289263e-09 

convergence summary
    number of iterations   : 2
    number of reformations : 1

------- converged at time : 24.3


Data Record #1
===========================================================================
Step = 243
Time = 24.3
Data = ux;uy;uz
File = parameter_sweeps/tmax3_disp.txt

Data Record #2
===========================================================================
Step = 243
Time = 24.3
Data = sz;J
File = parameter_sweeps/tmax3_stress.txt

===== beginning time step 244 : 24.4 =====


Reforming stiffness matrix: reformation #1

 1
 Nonlinear solution status: time= 24.4
	stiffness updates             = 0
	right hand side evaluations   = 2
	stiffness matrix reformations = 1
	step from line search         = 1.000000
	convergence norms :     INITIAL         CURRENT         REQUIRED
	   residual            2.491788e+01    8.423956e-08    0.000000e+00 
	   energy              1.349862e-01    3.434852e-06    1.349862e-03 
	   displacement        6.501467e-03    6.501467e-03    6.501467e-09 
 2
 Nonlinear solution status: time= 24.4
	stiffness updates             = 1
	right hand side evaluations   = 3
	stiffness matrix reformations = 1
	step from line search         = 1.000000
	convergence norms :     INITIAL         CURRENT         REQUIRED
	   residual            2.491788e+01    9.949705e-13    0.000000e+00 
	   energy              1.349862e-01    1.602912e-12    1.349862e-03 
	   displacement        6.501467e-03    1.086002e-10    6.500613e-09 

convergence summary
    number of iterations   : 2
    number of reformations : 1

------- converged at time : 24.4


Data Record #1
===========================================================================
Step = 244
Time = 24.4
Data = ux;uy;uz
File = parameter_sweeps/tmax3_disp.txt

Data Record #2
===========================================================================
Step = 244
Time = 24.4
Data = sz;J
File = parameter_sweeps/tmax3_stress.txt

===== beginning time step 245 : 24.5 =====


Reforming stiffness matrix: reformation #1

 1
 Nonlinear solution status: time= 24.5
	stiffness updates             = 0
	right hand side evaluations   = 2
	stiffness matrix reformations = 1
	step from line search         = 1.000000
	convergence norms :     INITIAL         CURRENT         REQUIRED
	   residual            2.549019e+01    1.019786e-07    0.000000e+00 
	   energy              1.377249e-01    3.696920e-06    1.377249e-03 
	   displacement        6.655408e-03    6.655408e-03    6.655408e-09 
 2
 Nonlinear solution status: time= 24.5
	stiffness updates             = 1
	right hand side evaluations   = 3
	stiffness matrix reformations = 1
	step from line search         = 1.000000
	convergence norms :     INITIAL         CURRENT         REQUIRED
	   residual            2.549019e+01    1.160457e-12    0.000000e+00 
	   energy              1.377249e-01    1.853483e-12    1.377249e-03 
	   displacement        6.655408e-03    1.135507e-10    6.654540e-09 

convergence summary
    number of iterations   : 2
    number of reformations : 1

------- converged at time : 24.5


Data Record #1
===========================================================================
Step = 245
Time = 24.5
Data = ux;uy;uz
File = parameter_sweeps/tmax3_disp.txt

Data Record #2
===========================================================================
Step = 245
Time = 24.5
Data = sz;J
File = parameter_sweeps/tmax3_stress.txt

===== beginning time step 246 : 24.6 =====


Reforming stiffness matrix: reformation #1

 1
 Nonlinear solution status: time= 24.6
	stiffness updates             = 0
	right hand side evaluations   = 2
	stiffness matrix reformations = 1
	step from line search         = 1.000000
	convergence norms :     INITIAL         CURRENT         REQUIRED
	   residual            2.555998e+01    1.139646e-07    0.000000e+00 
	   energy              1.375251e-01    3.721292e-06    1.375251e-03 
	   displacement        6.684455e-03    6.684455e-03    6.684455e-09 
 2
 Nonlinear solution status: time= 24.6
	stiffness updates             = 1
	right hand side evaluations   = 3
	stiffness matrix reformations = 1
	step from line search         = 1.000000
	convergence norms :     INITIAL         CURRENT         REQUIRED
	   residual            2.555998e+01    1.453759e-12    0.000000e+00 
	   energy              1.375251e-01    2.051001e-12    1.375251e-03 
	   displacement        6.684455e-03    1.084896e-10    6.683621e-09 

convergence summary
    number of iterations   : 2
    number of reformations : 1

------- converged at time : 24.6


Data Record #1
===========================================================================
Step = 246
Time = 24.6
Data = ux;uy;uz
File = parameter_sweeps/tmax3_disp.txt

Data Record #2
===========================================================================
Step = 246
Time = 24.6
Data = sz;J
File = parameter_sweeps/tmax3_stress.txt

===== beginning time step 247 : 24.7 =====


Reforming stiffness matrix: reformation #1

 1
 Nonlinear solution status: time= 24.7
	stiffness updates             = 0
	right hand side evaluations   = 2
	stiffness matrix reformations = 1
	step from line search         = 1.000000
	convergence norms :     INITIAL         CURRENT         REQUIRED
	   residual            2.513926e+01    1.187730e-07    0.000000e+00 
	   energy              1.341080e-01    3.549071e-06    1.341080e-03 
	   displacement        6.542484e-03    6.542484e-03    6.542484e-09 
 2
 Nonlinear solution status: time= 24.7
	stiffness updates             = 1
	right hand side evaluations   = 3
	stiffness matrix reformations = 1
	step from line search         = 1.000000
	convergence norms :     INITIAL         CURRENT         REQUIRED
	   residual            2.513926e+01    1.779415e-12    0.000000e+00 
	   energy              1.341080e-01    2.235377e-12    1.341080e-03 
	   displacement        6.542484e-03    1.032884e-10    6.541683e-09 

convergence summary
    number of iterations   : 2
    number of reformations : 1

------- converged at time : 24.7


Data Record #1
===========================================================================
Step = 247
Time = 24.7
Data = ux;uy;uz
File = parameter_sweeps/tmax3_disp.txt

Data Record #2
===========================================================================
Step = 247
Time = 24.7
Data = sz;J
File = parameter_sweeps/tmax3_stress.txt

===== beginning time step 248 : 24.8 =====


Reforming stiffness matrix: reformation #1

 1
 Nonlinear solution status: time= 24.8
	stiffness updates             = 0
	right hand side evaluations   = 2
	stiffness matrix reformations = 1
	step from line search         = 1.000000
	convergence norms :     INITIAL         CURRENT         REQUIRED
	   residual            2.425334e+01    1.121335e-07    0.000000e+00 
	   energy              1.278633e-01    3.181500e-06    1.278633e-03 
	   displacement        6.236622e-03    6.236622e-03    6.236622e-09 
 2
 Nonlinear solution status: time= 24.8
	stiffness updates             = 1
	right hand side evaluations   = 3
	stiffness matrix reformations = 1
	step from line search         = 1.000000
	convergence norms :     INITIAL         CURRENT         REQUIRED
	   residual            2.425334e+01    1.759578e-12    0.000000e+00 
	   energy              1.278633e-01    2.200601e-12    1.278633e-03 
	   displacement        6.236622e-03    1.009666e-10    6.235850e-09 

convergence summary
    number of iterations   : 2
    number of reformations : 1

------- converged at time : 24.8


Data Record #1
===========================================================================
Step = 248
Time = 24.8
Data = ux;uy;uz
File = parameter_sweeps/tmax3_disp.txt

Data Record #2
===========================================================================
Step = 248
Time = 24.8
Data = sz;J
File = parameter_sweeps/tmax3_stress.txt

===== beginning time step 249 : 24.9 =====


Reforming stiffness matrix: reformation #1

 1
 Nonlinear solution status: time= 24.9
	stiffness updates             = 0
	right hand side evaluations   = 2
	stiffness matrix reformations = 1
	step from line search         = 1.000000
	convergence norms :     INITIAL         CURRENT         REQUIRED
	   residual            2.302729e+01    1.015382e-07    0.000000e+00 
	   energy              1.197362e-01    2.677321e-06    1.197362e-03 
	   displacement        5.829333e-03    5.829333e-03    5.829333e-09 
 2
 Nonlinear solution status: time= 24.9
	stiffness updates             = 1
	right hand side evaluations   = 3
	stiffness matrix reformations = 1
	step from line search         = 1.000000
	convergence norms :     INITIAL         CURRENT         REQUIRED
	   residual            2.302729e+01    1.478594e-12    0.000000e+00 
	   energy              1.197362e-01    1.860988e-12    1.197362e-03 
	   displacement        5.829333e-03    9.223285e-11    5.828635e-09 

convergence summary
    number of iterations   : 2
    number of reformations : 1

------- converged at time : 24.9


Data Record #1
===========================================================================
Step = 249
Time = 24.9
Data = ux;uy;uz
File = parameter_sweeps/tmax3_disp.txt

Data Record #2
===========================================================================
Step = 249
Time = 24.9
Data = sz;J
File = parameter_sweeps/tmax3_stress.txt

===== beginning time step 250 : 25 =====


Reforming stiffness matrix: reformation #1

 1
 Nonlinear solution status: time= 25
	stiffness updates             = 0
	right hand side evaluations   = 2
	stiffness matrix reformations = 1
	step from line search         = 1.000000
	convergence norms :     INITIAL         CURRENT         REQUIRED
	   residual            2.168893e+01    8.269104e-08    0.000000e+00 
	   energy              1.109323e-01    2.125323e-06    1.109323e-03 
	   displacement        5.394449e-03    5.394449e-03    5.394449e-09 
 2
 Nonlinear solution status: time= 25
	stiffness updates             = 1
	right hand side evaluations   = 3
	stiffness matrix reformations = 1
	step from line search         = 1.000000
	convergence norms :     INITIAL         CURRENT         REQUIRED
	   residual            2.168893e+01    1.141156e-12    0.000000e+00 
	   energy              1.109323e-01    1.465778e-12    1.109323e-03 
	   displacement        5.394449e-03    7.935050e-11    5.393868e-09 

convergence summary
    number of iterations   : 2
    number of reformations : 1

------- converged at time : 25


Data Record #1
===========================================================================
Step = 250
Time = 25
Data = ux;uy;uz
File = parameter_sweeps/tmax3_disp.txt

Data Record #2
===========================================================================
Step = 250
Time = 25
Data = sz;J
File = parameter_sweeps/tmax3_stress.txt

===== beginning time step 251 : 25.1 =====


Reforming stiffness matrix: reformation #1

 1
 Nonlinear solution status: time= 25.1
	stiffness updates             = 0
	right hand side evaluations   = 2
	stiffness matrix reformations = 1
	step from line search         = 1.000000
	convergence norms :     INITIAL         CURRENT         REQUIRED
	   residual            2.048850e+01    5.600650e-08    0.000000e+00 
	   energy              1.025750e-01    1.580773e-06    1.025750e-03 
	   displacement        4.979229e-03    4.979229e-03    4.979229e-09 
 2
 Nonlinear solution status: time= 25.1
	stiffness updates             = 1
	right hand side evaluations   = 3
	stiffness matrix reformations = 1
	step from line search         = 1.000000
	convergence norms :     INITIAL         CURRENT         REQUIRED
	   residual            2.048850e+01    8.190470e-13    0.000000e+00 
	   energy              1.025750e-01    1.109939e-12    1.025750e-03 
	   displacement        4.979229e-03    6.722345e-11    4.978770e-09 

convergence summary
    number of iterations   : 2
    number of reformations : 1

------- converged at time : 25.1


Data Record #1
===========================================================================
Step = 251
Time = 25.1
Data = ux;uy;uz
File = parameter_sweeps/tmax3_disp.txt

Data Record #2
===========================================================================
Step = 251
Time = 25.1
Data = sz;J
File = parameter_sweeps/tmax3_stress.txt

===== beginning time step 252 : 25.2 =====


Reforming stiffness matrix: reformation #1

 1
 Nonlinear solution status: time= 25.2
	stiffness updates             = 0
	right hand side evaluations   = 2
	stiffness matrix reformations = 1
	step from line search         = 1.000000
	convergence norms :     INITIAL         CURRENT         REQUIRED
	   residual            1.949482e+01    4.008610e-08    0.000000e+00 
	   energy              9.532972e-02    1.148731e-06    9.532972e-04 
	   displacement        4.614561e-03    4.614561e-03    4.614561e-09 
 2
 Nonlinear solution status: time= 25.2
	stiffness updates             = 1
	right hand side evaluations   = 3
	stiffness matrix reformations = 1
	step from line search         = 1.000000
	convergence norms :     INITIAL         CURRENT         REQUIRED
	   residual            1.949482e+01    6.122674e-13    0.000000e+00 
	   energy              9.532972e-02    8.518826e-13    9.532972e-04 
	   displacement        4.614561e-03    5.980872e-11    4.614194e-09 

convergence summary
    number of iterations   : 2
    number of reformations : 1

------- converged at time : 25.2


Data Record #1
===========================================================================
Step = 252
Time = 25.2
Data = ux;uy;uz
File = parameter_sweeps/tmax3_disp.txt

Data Record #2
===========================================================================
Step = 252
Time = 25.2
Data = sz;J
File = parameter_sweeps/tmax3_stress.txt

===== beginning time step 253 : 25.3 =====


Reforming stiffness matrix: reformation #1

 1
 Nonlinear solution status: time= 25.3
	stiffness updates             = 0
	right hand side evaluations   = 2
	stiffness matrix reformations = 1
	step from line search         = 1.000000
	convergence norms :     INITIAL         CURRENT         REQUIRED
	   residual            1.859367e+01    3.181396e-08    0.000000e+00 
	   energy              8.932075e-02    9.246125e-07    8.932075e-04 
	   displacement        4.311466e-03    4.311466e-03    4.311466e-09 
 2
 Nonlinear solution status: time= 25.3
	stiffness updates             = 1
	right hand side evaluations   = 3
	stiffness matrix reformations = 1
	step from line search         = 1.000000
	convergence norms :     INITIAL         CURRENT         REQUIRED
	   residual            1.859367e+01    5.450723e-13    0.000000e+00 
	   energy              8.932075e-02    7.524207e-13    8.932075e-04 
	   displacement        4.311466e-03    5.945423e-11    4.311156e-09 

convergence summary
    number of iterations   : 2
    number of reformations : 1

------- converged at time : 25.3


Data Record #1
===========================================================================
Step = 253
Time = 25.3
Data = ux;uy;uz
File = parameter_sweeps/tmax3_disp.txt

Data Record #2
===========================================================================
Step = 253
Time = 25.3
Data = sz;J
File = parameter_sweeps/tmax3_stress.txt

===== beginning time step 254 : 25.4 =====


Reforming stiffness matrix: reformation #1

 1
 Nonlinear solution status: time= 25.4
	stiffness updates             = 0
	right hand side evaluations   = 2
	stiffness matrix reformations = 1
	step from line search         = 1.000000
	convergence norms :     INITIAL         CURRENT         REQUIRED
	   residual            1.772170e+01    2.954693e-08    0.000000e+00 
	   energy              8.426075e-02    8.185976e-07    8.426075e-04 
	   displacement        4.050973e-03    4.050973e-03    4.050973e-09 
 2
 Nonlinear solution status: time= 25.4
	stiffness updates             = 1
	right hand side evaluations   = 3
	stiffness matrix reformations = 1
	step from line search         = 1.000000
	convergence norms :     INITIAL         CURRENT         REQUIRED
	   residual            1.772170e+01    6.030525e-13    0.000000e+00 
	   energy              8.426075e-02    7.017814e-13    8.426075e-04 
	   displacement        4.050973e-03    5.855254e-11    4.050708e-09 

convergence summary
    number of iterations   : 2
    number of reformations : 1

------- converged at time : 25.4


Data Record #1
===========================================================================
Step = 254
Time = 25.4
Data = ux;uy;uz
File = parameter_sweeps/tmax3_disp.txt

Data Record #2
===========================================================================
Step = 254
Time = 25.4
Data = sz;J
File = parameter_sweeps/tmax3_stress.txt

===== beginning time step 255 : 25.5 =====


Reforming stiffness matrix: reformation #1

 1
 Nonlinear solution status: time= 25.5
	stiffness updates             = 0
	right hand side evaluations   = 2
	stiffness matrix reformations = 1
	step from line search         = 1.000000
	convergence norms :     INITIAL         CURRENT         REQUIRED
	   residual            1.692066e+01    3.021496e-08    0.000000e+00 
	   energy              7.975259e-02    6.990588e-07    7.975259e-04 
	   displacement        3.803753e-03    3.803753e-03    3.803753e-09 
 2
 Nonlinear solution status: time= 25.5
	stiffness updates             = 1
	right hand side evaluations   = 3
	stiffness matrix reformations = 1
	step from line search         = 1.000000
	convergence norms :     INITIAL         CURRENT         REQUIRED
	   residual            1.692066e+01    6.378333e-13    0.000000e+00 
	   energy              7.975259e-02    7.912959e-13    7.975259e-04 
	   displacement        3.803753e-03    5.599701e-11    3.803541e-09 

convergence summary
    number of iterations   : 2
    number of reformations : 1

------- converged at time : 25.5


Data Record #1
===========================================================================
Step = 255
Time = 25.5
Data = ux;uy;uz
File = parameter_sweeps/tmax3_disp.txt

Data Record #2
===========================================================================
Step = 255
Time = 25.5
Data = sz;J
File = parameter_sweeps/tmax3_stress.txt

===== beginning time step 256 : 25.6 =====


Reforming stiffness matrix: reformation #1

 1
 Nonlinear solution status: time= 25.6
	stiffness updates             = 0
	right hand side evaluations   = 2
	stiffness matrix reformations = 1
	step from line search         = 1.000000
	convergence norms :     INITIAL         CURRENT         REQUIRED
	   residual            1.617354e+01    2.685351e-08    0.000000e+00 
	   energy              7.548870e-02    5.730630e-07    7.548870e-04 
	   displacement        3.542604e-03    3.542604e-03    3.542604e-09 
 2
 Nonlinear solution status: time= 25.6
	stiffness updates             = 1
	right hand side evaluations   = 3
	stiffness matrix reformations = 1
	step from line search         = 1.000000
	convergence norms :     INITIAL         CURRENT         REQUIRED
	   residual            1.617354e+01    6.586122e-13    0.000000e+00 
	   energy              7.548870e-02    9.151999e-13    7.548870e-04 
	   displacement        3.542604e-03    4.984361e-11    3.542444e-09 

convergence summary
    number of iterations   : 2
    number of reformations : 1

------- converged at time : 25.6


Data Record #1
===========================================================================
Step = 256
Time = 25.6
Data = ux;uy;uz
File = parameter_sweeps/tmax3_disp.txt

Data Record #2
===========================================================================
Step = 256
Time = 25.6
Data = sz;J
File = parameter_sweeps/tmax3_stress.txt

===== beginning time step 257 : 25.7 =====


Reforming stiffness matrix: reformation #1

 1
 Nonlinear solution status: time= 25.7
	stiffness updates             = 0
	right hand side evaluations   = 2
	stiffness matrix reformations = 1
	step from line search         = 1.000000
	convergence norms :     INITIAL         CURRENT         REQUIRED
	   residual            1.541903e+01    2.544581e-08    0.000000e+00 
	   energy              7.143460e-02    5.114720e-07    7.143460e-04 
	   displacement        3.274936e-03    3.274936e-03    3.274936e-09 
 2
 Nonlinear solution status: time= 25.7
	stiffness updates             = 1
	right hand side evaluations   = 3
	stiffness matrix reformations = 1
	step from line search         = 1.000000
	convergence norms :     INITIAL         CURRENT         REQUIRED
	   residual            1.541903e+01    6.994160e-13    0.000000e+00 
	   energy              7.143460e-02    1.130845e-12    7.143460e-04 
	   displacement        3.274936e-03    4.613144e-11    3.274794e-09 

convergence summary
    number of iterations   : 2
    number of reformations : 1

------- converged at time : 25.7


Data Record #1
===========================================================================
Step = 257
Time = 25.7
Data = ux;uy;uz
File = parameter_sweeps/tmax3_disp.txt

Data Record #2
===========================================================================
Step = 257
Time = 25.7
Data = sz;J
File = parameter_sweeps/tmax3_stress.txt

===== beginning time step 258 : 25.8 =====


Reforming stiffness matrix: reformation #1

 1
 Nonlinear solution status: time= 25.8
	stiffness updates             = 0
	right hand side evaluations   = 2
	stiffness matrix reformations = 1
	step from line search         = 1.000000
	convergence norms :     INITIAL         CURRENT         REQUIRED
	   residual            1.467847e+01    2.287293e-08    0.000000e+00 
	   energy              6.769549e-02    5.228521e-07    6.769549e-04 
	   displacement        3.029909e-03    3.029909e-03    3.029909e-09 
 2
 Nonlinear solution status: time= 25.8
	stiffness updates             = 1
	right hand side evaluations   = 3
	stiffness matrix reformations = 1
	step from line search         = 1.000000
	convergence norms :     INITIAL         CURRENT         REQUIRED
	   residual            1.467847e+01    6.590178e-13    0.000000e+00 
	   energy              6.769549e-02    1.234961e-12    6.769549e-04 
	   displacement        3.029909e-03    4.361387e-11    3.029758e-09 

convergence summary
    number of iterations   : 2
    number of reformations : 1

------- converged at time : 25.8


Data Record #1
===========================================================================
Step = 258
Time = 25.8
Data = ux;uy;uz
File = parameter_sweeps/tmax3_disp.txt

Data Record #2
===========================================================================
Step = 258
Time = 25.8
Data = sz;J
File = parameter_sweeps/tmax3_stress.txt

===== beginning time step 259 : 25.9 =====


Reforming stiffness matrix: reformation #1

 1
 Nonlinear solution status: time= 25.9
	stiffness updates             = 0
	right hand side evaluations   = 2
	stiffness matrix reformations = 1
	step from line search         = 1.000000
	convergence norms :     INITIAL         CURRENT         REQUIRED
	   residual            1.395002e+01    1.702379e-08    0.000000e+00 
	   energy              6.438051e-02    6.023161e-07    6.438051e-04 
	   displacement        2.840263e-03    2.840263e-03    2.840263e-09 
 2
 Nonlinear solution status: time= 25.9
	stiffness updates             = 1
	right hand side evaluations   = 3
	stiffness matrix reformations = 1
	step from line search         = 1.000000
	convergence norms :     INITIAL         CURRENT         REQUIRED
	   residual            1.395002e+01    5.286356e-13    0.000000e+00 
	   energy              6.438051e-02    1.041497e-12    6.438051e-04 
	   displacement        2.840263e-03    3.876730e-11    2.840103e-09 

convergence summary
    number of iterations   : 2
    number of reformations : 1

------- converged at time : 25.9


Data Record #1
===========================================================================
Step = 259
Time = 25.9
Data = ux;uy;uz
File = parameter_sweeps/tmax3_disp.txt

Data Record #2
===========================================================================
Step = 259
Time = 25.9
Data = sz;J
File = parameter_sweeps/tmax3_stress.txt

===== beginning time step 260 : 26 =====


Reforming stiffness matrix: reformation #1

 1
 Nonlinear solution status: time= 26
	stiffness updates             = 0
	right hand side evaluations   = 2
	stiffness matrix reformations = 1
	step from line search         = 1.000000
	convergence norms :     INITIAL         CURRENT         REQUIRED
	   residual            1.313262e+01    2.186638e-08    0.000000e+00 
	   energy              6.158433e-02    7.659255e-07    6.158433e-04 
	   displacement        2.734996e-03    2.734996e-03    2.734996e-09 
 2
 Nonlinear solution status: time= 26
	stiffness updates             = 1
	right hand side evaluations   = 3
	stiffness matrix reformations = 1
	step from line search         = 1.000000
	convergence norms :     INITIAL         CURRENT         REQUIRED
	   residual            1.313262e+01    5.723133e-13    0.000000e+00 
	   energy              6.158433e-02    9.400401e-13    6.158433e-04 
	   displacement        2.734996e-03    4.120031e-11    2.734794e-09 

convergence summary
    number of iterations   : 2
    number of reformations : 1

------- converged at time : 26


Data Record #1
===========================================================================
Step = 260
Time = 26
Data = ux;uy;uz
File = parameter_sweeps/tmax3_disp.txt

Data Record #2
===========================================================================
Step = 260
Time = 26
Data = sz;J
File = parameter_sweeps/tmax3_stress.txt

===== beginning time step 261 : 26.1 =====


Reforming stiffness matrix: reformation #1

 1
 Nonlinear solution status: time= 26.1
	stiffness updates             = 0
	right hand side evaluations   = 2
	stiffness matrix reformations = 1
	step from line search         = 1.000000
	convergence norms :     INITIAL         CURRENT         REQUIRED
	   residual            1.220012e+01    3.042076e-08    0.000000e+00 
	   energy              5.937953e-02    9.632629e-07    5.937953e-04 
	   displacement        2.707945e-03    2.707945e-03    2.707945e-09 
 2
 Nonlinear solution status: time= 26.1
	stiffness updates             = 1
	right hand side evaluations   = 3
	stiffness matrix reformations = 1
	step from line search         = 1.000000
	convergence norms :     INITIAL         CURRENT         REQUIRED
	   residual            1.220012e+01    6.797267e-13    0.000000e+00 
	   energy              5.937953e-02    1.045016e-12    5.937953e-04 
	   displacement        2.707945e-03    4.750168e-11    2.707683e-09 

convergence summary
    number of iterations   : 2
    number of reformations : 1

------- converged at time : 26.1


Data Record #1
===========================================================================
Step = 261
Time = 26.1
Data = ux;uy;uz
File = parameter_sweeps/tmax3_disp.txt

Data Record #2
===========================================================================
Step = 261
Time = 26.1
Data = sz;J
File = parameter_sweeps/tmax3_stress.txt

===== beginning time step 262 : 26.2 =====


Reforming stiffness matrix: reformation #1

 1
 Nonlinear solution status: time= 26.2
	stiffness updates             = 0
	right hand side evaluations   = 2
	stiffness matrix reformations = 1
	step from line search         = 1.000000
	convergence norms :     INITIAL         CURRENT         REQUIRED
	   residual            1.131413e+01    3.818737e-08    0.000000e+00 
	   energy              5.789868e-02    1.103061e-06    5.789868e-04 
	   displacement        2.728312e-03    2.728312e-03    2.728312e-09 
 2
 Nonlinear solution status: time= 26.2
	stiffness updates             = 1
	right hand side evaluations   = 3
	stiffness matrix reformations = 1
	step from line search         = 1.000000
	convergence norms :     INITIAL         CURRENT         REQUIRED
	   residual            1.131413e+01    8.013358e-13    0.000000e+00 
	   energy              5.789868e-02    1.245453e-12    5.789868e-04 
	   displacement        2.728312e-03    5.071079e-11    2.728017e-09 

convergence summary
    number of iterations   : 2
    number of reformations : 1

------- converged at time : 26.2


Data Record #1
===========================================================================
Step = 262
Time = 26.2
Data = ux;uy;uz
File = parameter_sweeps/tmax3_disp.txt

Data Record #2
===========================================================================
Step = 262
Time = 26.2
Data = sz;J
File = parameter_sweeps/tmax3_stress.txt

===== beginning time step 263 : 26.3 =====


Reforming stiffness matrix: reformation #1

 1
 Nonlinear solution status: time= 26.3
	stiffness updates             = 0
	right hand side evaluations   = 2
	stiffness matrix reformations = 1
	step from line search         = 1.000000
	convergence norms :     INITIAL         CURRENT         REQUIRED
	   residual            1.068402e+01    4.850864e-08    0.000000e+00 
	   energy              5.752524e-02    1.218149e-06    5.752524e-04 
	   displacement        2.784812e-03    2.784812e-03    2.784812e-09 
 2
 Nonlinear solution status: time= 26.3
	stiffness updates             = 1
	right hand side evaluations   = 3
	stiffness matrix reformations = 1
	step from line search         = 1.000000
	convergence norms :     INITIAL         CURRENT         REQUIRED
	   residual            1.068402e+01    9.888361e-13    0.000000e+00 
	   energy              5.752524e-02    1.454343e-12    5.752524e-04 
	   displacement        2.784812e-03    5.412462e-11    2.784486e-09 

convergence summary
    number of iterations   : 2
    number of reformations : 1

------- converged at time : 26.3


Data Record #1
===========================================================================
Step = 263
Time = 26.3
Data = ux;uy;uz
File = parameter_sweeps/tmax3_disp.txt

Data Record #2
===========================================================================
Step = 263
Time = 26.3
Data = sz;J
File = parameter_sweeps/tmax3_stress.txt

===== beginning time step 264 : 26.4 =====


Reforming stiffness matrix: reformation #1

 1
 Nonlinear solution status: time= 26.4
	stiffness updates             = 0
	right hand side evaluations   = 2
	stiffness matrix reformations = 1
	step from line search         = 1.000000
	convergence norms :     INITIAL         CURRENT         REQUIRED
	   residual            1.040690e+01    4.919586e-08    0.000000e+00 
	   energy              5.870748e-02    1.440909e-06    5.870748e-04 
	   displacement        2.897954e-03    2.897954e-03    2.897954e-09 
 2
 Nonlinear solution status: time= 26.4
	stiffness updates             = 1
	right hand side evaluations   = 3
	stiffness matrix reformations = 1
	step from line search         = 1.000000
	convergence norms :     INITIAL         CURRENT         REQUIRED
	   residual            1.040690e+01    8.898100e-13    0.000000e+00 
	   energy              5.870748e-02    1.402399e-12    5.870748e-04 
	   displacement        2.897954e-03    5.654167e-11    2.897575e-09 

convergence summary
    number of iterations   : 2
    number of reformations : 1

------- converged at time : 26.4


Data Record #1
===========================================================================
Step = 264
Time = 26.4
Data = ux;uy;uz
File = parameter_sweeps/tmax3_disp.txt

Data Record #2
===========================================================================
Step = 264
Time = 26.4
Data = sz;J
File = parameter_sweeps/tmax3_stress.txt

===== beginning time step 265 : 26.5 =====


Reforming stiffness matrix: reformation #1

 1
 Nonlinear solution status: time= 26.5
	stiffness updates             = 0
	right hand side evaluations   = 2
	stiffness matrix reformations = 1
	step from line search         = 1.000000
	convergence norms :     INITIAL         CURRENT         REQUIRED
	   residual            1.042108e+01    5.499960e-08    0.000000e+00 
	   energy              6.171589e-02    1.809214e-06    6.171589e-04 
	   displacement        3.115432e-03    3.115432e-03    3.115432e-09 
 2
 Nonlinear solution status: time= 26.5
	stiffness updates             = 1
	right hand side evaluations   = 3
	stiffness matrix reformations = 1
	step from line search         = 1.000000
	convergence norms :     INITIAL         CURRENT         REQUIRED
	   residual            1.042108e+01    9.884501e-13    0.000000e+00 
	   energy              6.171589e-02    1.496880e-12    6.171589e-04 
	   displacement        3.115432e-03    6.652127e-11    3.114963e-09 

convergence summary
    number of iterations   : 2
    number of reformations : 1

------- converged at time : 26.5


Data Record #1
===========================================================================
Step = 265
Time = 26.5
Data = ux;uy;uz
File = parameter_sweeps/tmax3_disp.txt

Data Record #2
===========================================================================
Step = 265
Time = 26.5
Data = sz;J
File = parameter_sweeps/tmax3_stress.txt

===== beginning time step 266 : 26.6 =====


Reforming stiffness matrix: reformation #1

 1
 Nonlinear solution status: time= 26.6
	stiffness updates             = 0
	right hand side evaluations   = 2
	stiffness matrix reformations = 1
	step from line search         = 1.000000
	convergence norms :     INITIAL         CURRENT         REQUIRED
	   residual            1.061978e+01    6.326701e-08    0.000000e+00 
	   energy              6.661773e-02    2.235836e-06    6.661773e-04 
	   displacement        3.464601e-03    3.464601e-03    3.464601e-09 
 2
 Nonlinear solution status: time= 26.6
	stiffness updates             = 1
	right hand side evaluations   = 3
	stiffness matrix reformations = 1
	step from line search         = 1.000000
	convergence norms :     INITIAL         CURRENT         REQUIRED
	   residual            1.061978e+01    1.148688e-12    0.000000e+00 
	   energy              6.661773e-02    1.679322e-12    6.661773e-04 
	   displacement        3.464601e-03    8.144399e-11    3.464019e-09 

convergence summary
    number of iterations   : 2
    number of reformations : 1

------- converged at time : 26.6


Data Record #1
===========================================================================
Step = 266
Time = 26.6
Data = ux;uy;uz
File = parameter_sweeps/tmax3_disp.txt

Data Record #2
===========================================================================
Step = 266
Time = 26.6
Data = sz;J
File = parameter_sweeps/tmax3_stress.txt

===== beginning time step 267 : 26.7 =====


Reforming stiffness matrix: reformation #1

 1
 Nonlinear solution status: time= 26.7
	stiffness updates             = 0
	right hand side evaluations   = 2
	stiffness matrix reformations = 1
	step from line search         = 1.000000
	convergence norms :     INITIAL         CURRENT         REQUIRED
	   residual            1.101300e+01    8.101928e-08    0.000000e+00 
	   energy              7.332046e-02    2.624214e-06    7.332046e-04 
	   displacement        3.934890e-03    3.934890e-03    3.934890e-09 
 2
 Nonlinear solution status: time= 26.7
	stiffness updates             = 1
	right hand side evaluations   = 3
	stiffness matrix reformations = 1
	step from line search         = 1.000000
	convergence norms :     INITIAL         CURRENT         REQUIRED
	   residual            1.101300e+01    1.411868e-12    0.000000e+00 
	   energy              7.332046e-02    2.054359e-12    7.332046e-04 
	   displacement        3.934890e-03    9.577102e-11    3.934217e-09 

convergence summary
    number of iterations   : 2
    number of reformations : 1

------- converged at time : 26.7


Data Record #1
===========================================================================
Step = 267
Time = 26.7
Data = ux;uy;uz
File = parameter_sweeps/tmax3_disp.txt

Data Record #2
===========================================================================
Step = 267
Time = 26.7
Data = sz;J
File = parameter_sweeps/tmax3_stress.txt

===== beginning time step 268 : 26.8 =====


Reforming stiffness matrix: reformation #1

 1
 Nonlinear solution status: time= 26.8
	stiffness updates             = 0
	right hand side evaluations   = 2
	stiffness matrix reformations = 1
	step from line search         = 1.000000
	convergence norms :     INITIAL         CURRENT         REQUIRED
	   residual            1.164350e+01    9.065789e-08    0.000000e+00 
	   energy              8.141007e-02    2.899132e-06    8.141007e-04 
	   displacement        4.485779e-03    4.485779e-03    4.485779e-09 
 2
 Nonlinear solution status: time= 26.8
	stiffness updates             = 1
	right hand side evaluations   = 3
	stiffness matrix reformations = 1
	step from line search         = 1.000000
	convergence norms :     INITIAL         CURRENT         REQUIRED
	   residual            1.164350e+01    1.582995e-12    0.000000e+00 
	   energy              8.141007e-02    2.305897e-12    8.141007e-04 
	   displacement        4.485779e-03    1.061040e-10    4.485054e-09 

convergence summary
    number of iterations   : 2
    number of reformations : 1

------- converged at time : 26.8


Data Record #1
===========================================================================
Step = 268
Time = 26.8
Data = ux;uy;uz
File = parameter_sweeps/tmax3_disp.txt

Data Record #2
===========================================================================
Step = 268
Time = 26.8
Data = sz;J
File = parameter_sweeps/tmax3_stress.txt

===== beginning time step 269 : 26.9 =====


Reforming stiffness matrix: reformation #1

 1
 Nonlinear solution status: time= 26.9
	stiffness updates             = 0
	right hand side evaluations   = 2
	stiffness matrix reformations = 1
	step from line search         = 1.000000
	convergence norms :     INITIAL         CURRENT         REQUIRED
	   residual            1.245972e+01    9.460712e-08    0.000000e+00 
	   energy              9.026135e-02    3.089827e-06    9.026135e-04 
	   displacement        5.041785e-03    5.041785e-03    5.041785e-09 
 2
 Nonlinear solution status: time= 26.9
	stiffness updates             = 1
	right hand side evaluations   = 3
	stiffness matrix reformations = 1
	step from line search         = 1.000000
	convergence norms :     INITIAL         CURRENT         REQUIRED
	   residual            1.245972e+01    1.722876e-12    0.000000e+00 
	   energy              9.026135e-02    2.346177e-12    9.026135e-04 
	   displacement        5.041785e-03    1.094679e-10    5.041040e-09 

convergence summary
    number of iterations   : 2
    number of reformations : 1

------- converged at time : 26.9


Data Record #1
===========================================================================
Step = 269
Time = 26.9
Data = ux;uy;uz
File = parameter_sweeps/tmax3_disp.txt

Data Record #2
===========================================================================
Step = 269
Time = 26.9
Data = sz;J
File = parameter_sweeps/tmax3_stress.txt

===== beginning time step 270 : 27 =====


Reforming stiffness matrix: reformation #1

 1
 Nonlinear solution status: time= 27
	stiffness updates             = 0
	right hand side evaluations   = 2
	stiffness matrix reformations = 1
	step from line search         = 1.000000
	convergence norms :     INITIAL         CURRENT         REQUIRED
	   residual            1.346325e+01    9.519894e-08    0.000000e+00 
	   energy              9.934117e-02    3.289703e-06    9.934117e-04 
	   displacement        5.545874e-03    5.545874e-03    5.545874e-09 
 2
 Nonlinear solution status: time= 27
	stiffness updates             = 1
	right hand side evaluations   = 3
	stiffness matrix reformations = 1
	step from line search         = 1.000000
	convergence norms :     INITIAL         CURRENT         REQUIRED
	   residual            1.346325e+01    1.717548e-12    0.000000e+00 
	   energy              9.934117e-02    2.287712e-12    9.934117e-04 
	   displacement        5.545874e-03    1.127749e-10    5.545113e-09 

convergence summary
    number of iterations   : 2
    number of reformations : 1

------- converged at time : 27


Data Record #1
===========================================================================
Step = 270
Time = 27
Data = ux;uy;uz
File = parameter_sweeps/tmax3_disp.txt

Data Record #2
===========================================================================
Step = 270
Time = 27
Data = sz;J
File = parameter_sweeps/tmax3_stress.txt

===== beginning time step 271 : 27.1 =====


Reforming stiffness matrix: reformation #1

 1
 Nonlinear solution status: time= 27.1
	stiffness updates             = 0
	right hand side evaluations   = 2
	stiffness matrix reformations = 1
	step from line search         = 1.000000
	convergence norms :     INITIAL         CURRENT         REQUIRED
	   residual            1.468616e+01    7.840997e-08    0.000000e+00 
	   energy              1.082626e-01    3.434484e-06    1.082626e-03 
	   displacement        5.998435e-03    5.998435e-03    5.998435e-09 
 2
 Nonlinear solution status: time= 27.1
	stiffness updates             = 1
	right hand side evaluations   = 3
	stiffness matrix reformations = 1
	step from line search         = 1.000000
	convergence norms :     INITIAL         CURRENT         REQUIRED
	   residual            1.468616e+01    1.333552e-12    0.000000e+00 
	   energy              1.082626e-01    2.032043e-12    1.082626e-03 
	   displacement        5.998435e-03    1.175582e-10    5.997676e-09 

convergence summary
    number of iterations   : 2
    number of reformations : 1

------- converged at time : 27.1


Data Record #1
===========================================================================
Step = 271
Time = 27.1
Data = ux;uy;uz
File = parameter_sweeps/tmax3_disp.txt

Data Record #2
===========================================================================
Step = 271
Time = 27.1
Data = sz;J
File = parameter_sweeps/tmax3_stress.txt

===== beginning time step 272 : 27.2 =====


Reforming stiffness matrix: reformation #1

 1
 Nonlinear solution status: time= 27.2
	stiffness updates             = 0
	right hand side evaluations   = 2
	stiffness matrix reformations = 1
	step from line search         = 1.000000
	convergence norms :     INITIAL         CURRENT         REQUIRED
	   residual            1.604351e+01    7.210100e-08    0.000000e+00 
	   energy              1.167429e-01    3.409933e-06    1.167429e-03 
	   displacement        6.402134e-03    6.402134e-03    6.402134e-09 
 2
 Nonlinear solution status: time= 27.2
	stiffness updates             = 1
	right hand side evaluations   = 3
	stiffness matrix reformations = 1
	step from line search         = 1.000000
	convergence norms :     INITIAL         CURRENT         REQUIRED
	   residual            1.604351e+01    1.186869e-12    0.000000e+00 
	   energy              1.167429e-01    2.134694e-12    1.167429e-03 
	   displacement        6.402134e-03    1.215772e-10    6.401406e-09 

convergence summary
    number of iterations   : 2
    number of reformations : 1

------- converged at time : 27.2


Data Record #1
===========================================================================
Step = 272
Time = 27.2
Data = ux;uy;uz
File = parameter_sweeps/tmax3_disp.txt

Data Record #2
===========================================================================
Step = 272
Time = 27.2
Data = sz;J
File = parameter_sweeps/tmax3_stress.txt

===== beginning time step 273 : 27.3 =====


Reforming stiffness matrix: reformation #1

 1
 Nonlinear solution status: time= 27.3
	stiffness updates             = 0
	right hand side evaluations   = 2
	stiffness matrix reformations = 1
	step from line search         = 1.000000
	convergence norms :     INITIAL         CURRENT         REQUIRED
	   residual            1.744082e+01    6.817378e-08    0.000000e+00 
	   energy              1.247096e-01    3.226073e-06    1.247096e-03 
	   displacement        6.767956e-03    6.767956e-03    6.767956e-09 
 2
 Nonlinear solution status: time= 27.3
	stiffness updates             = 1
	right hand side evaluations   = 3
	stiffness matrix reformations = 1
	step from line search         = 1.000000
	convergence norms :     INITIAL         CURRENT         REQUIRED
	   residual            1.744082e+01    1.129541e-12    0.000000e+00 
	   energy              1.247096e-01    2.174759e-12    1.247096e-03 
	   displacement        6.767956e-03    1.212458e-10    6.767268e-09 

convergence summary
    number of iterations   : 2
    number of reformations : 1

------- converged at time : 27.3


Data Record #1
===========================================================================
Step = 273
Time = 27.3
Data = ux;uy;uz
File = parameter_sweeps/tmax3_disp.txt

Data Record #2
===========================================================================
Step = 273
Time = 27.3
Data = sz;J
File = parameter_sweeps/tmax3_stress.txt

===== beginning time step 274 : 27.4 =====


Reforming stiffness matrix: reformation #1

 1
 Nonlinear solution status: time= 27.4
	stiffness updates             = 0
	right hand side evaluations   = 2
	stiffness matrix reformations = 1
	step from line search         = 1.000000
	convergence norms :     INITIAL         CURRENT         REQUIRED
	   residual            1.893423e+01    4.640475e-08    0.000000e+00 
	   energy              1.326110e-01    2.957811e-06    1.326110e-03 
	   displacement        7.133280e-03    7.133280e-03    7.133280e-09 
 2
 Nonlinear solution status: time= 27.4
	stiffness updates             = 1
	right hand side evaluations   = 3
	stiffness matrix reformations = 1
	step from line search         = 1.000000
	convergence norms :     INITIAL         CURRENT         REQUIRED
	   residual            1.893423e+01    8.668942e-13    0.000000e+00 
	   energy              1.326110e-01    1.910154e-12    1.326110e-03 
	   displacement        7.133280e-03    1.207049e-10    7.132615e-09 

convergence summary
    number of iterations   : 2
    number of reformations : 1

------- converged at time : 27.4


Data Record #1
===========================================================================
Step = 274
Time = 27.4
Data = ux;uy;uz
File = parameter_sweeps/tmax3_disp.txt

Data Record #2
===========================================================================
Step = 274
Time = 27.4
Data = sz;J
File = parameter_sweeps/tmax3_stress.txt

===== beginning time step 275 : 27.5 =====


Reforming stiffness matrix: reformation #1

 1
 Nonlinear solution status: time= 27.5
	stiffness updates             = 0
	right hand side evaluations   = 2
	stiffness matrix reformations = 1
	step from line search         = 1.000000
	convergence norms :     INITIAL         CURRENT         REQUIRED
	   residual            2.072349e+01    2.863595e-08    0.000000e+00 
	   energy              1.413733e-01    2.647386e-06    1.413733e-03 
	   displacement        7.539061e-03    7.539061e-03    7.539061e-09 
 2
 Nonlinear solution status: time= 27.5
	stiffness updates             = 1
	right hand side evaluations   = 3
	stiffness matrix reformations = 1
	step from line search         = 1.000000
	convergence norms :     INITIAL         CURRENT         REQUIRED
	   residual            2.072349e+01    6.668157e-13    0.000000e+00 
	   energy              1.413733e-01    1.943419e-12    1.413733e-03 
	   displacement        7.539061e-03    1.196659e-10    7.538408e-09 

convergence summary
    number of iterations   : 2
    number of reformations : 1

------- converged at time : 27.5


Data Record #1
===========================================================================
Step = 275
Time = 27.5
Data = ux;uy;uz
File = parameter_sweeps/tmax3_disp.txt

Data Record #2
===========================================================================
Step = 275
Time = 27.5
Data = sz;J
File = parameter_sweeps/tmax3_stress.txt

===== beginning time step 276 : 27.6 =====


Reforming stiffness matrix: reformation #1

 1
 Nonlinear solution status: time= 27.6
	stiffness updates             = 0
	right hand side evaluations   = 2
	stiffness matrix reformations = 1
	step from line search         = 1.000000
	convergence norms :     INITIAL         CURRENT         REQUIRED
	   residual            2.301736e+01    2.307373e-08    0.000000e+00 
	   energy              1.521744e-01    2.359368e-06    1.521744e-03 
	   displacement        8.058750e-03    8.058750e-03    8.058750e-09 
 2
 Nonlinear solution status: time= 27.6
	stiffness updates             = 1
	right hand side evaluations   = 3
	stiffness matrix reformations = 1
	step from line search         = 1.000000
	convergence norms :     INITIAL         CURRENT         REQUIRED
	   residual            2.301736e+01    6.858070e-13    0.000000e+00 
	   energy              1.521744e-01    1.952557e-12    1.521744e-03 
	   displacement        8.058750e-03    1.114166e-10    8.058148e-09 

convergence summary
    number of iterations   : 2
    number of reformations : 1

------- converged at time : 27.6


Data Record #1
===========================================================================
Step = 276
Time = 27.6
Data = ux;uy;uz
File = parameter_sweeps/tmax3_disp.txt

Data Record #2
===========================================================================
Step = 276
Time = 27.6
Data = sz;J
File = parameter_sweeps/tmax3_stress.txt

===== beginning time step 277 : 27.7 =====


Reforming stiffness matrix: reformation #1

 1
 Nonlinear solution status: time= 27.7
	stiffness updates             = 0
	right hand side evaluations   = 2
	stiffness matrix reformations = 1
	step from line search         = 1.000000
	convergence norms :     INITIAL         CURRENT         REQUIRED
	   residual            2.589198e+01    2.195408e-08    0.000000e+00 
	   energy              1.659733e-01    2.178387e-06    1.659733e-03 
	   displacement        8.750783e-03    8.750783e-03    8.750783e-09 
 2
 Nonlinear solution status: time= 27.7
	stiffness updates             = 1
	right hand side evaluations   = 3
	stiffness matrix reformations = 1
	step from line search         = 1.000000
	convergence norms :     INITIAL         CURRENT         REQUIRED
	   residual            2.589198e+01    7.001571e-13    0.000000e+00 
	   energy              1.659733e-01    1.920149e-12    1.659733e-03 
	   displacement        8.750783e-03    1.040092e-10    8.750267e-09 

convergence summary
    number of iterations   : 2
    number of reformations : 1

------- converged at time : 27.7


Data Record #1
===========================================================================
Step = 277
Time = 27.7
Data = ux;uy;uz
File = parameter_sweeps/tmax3_disp.txt

Data Record #2
===========================================================================
Step = 277
Time = 27.7
Data = sz;J
File = parameter_sweeps/tmax3_stress.txt

===== beginning time step 278 : 27.8 =====


Reforming stiffness matrix: reformation #1

 1
 Nonlinear solution status: time= 27.8
	stiffness updates             = 0
	right hand side evaluations   = 2
	stiffness matrix reformations = 1
	step from line search         = 1.000000
	convergence norms :     INITIAL         CURRENT         REQUIRED
	   residual            2.940763e+01    2.945950e-08    0.000000e+00 
	   energy              1.830931e-01    2.024220e-06    1.830931e-03 
	   displacement        9.615565e-03    9.615565e-03    9.615565e-09 
 2
 Nonlinear solution status: time= 27.8
	stiffness updates             = 1
	right hand side evaluations   = 3
	stiffness matrix reformations = 1
	step from line search         = 1.000000
	convergence norms :     INITIAL         CURRENT         REQUIRED
	   residual            2.940763e+01    7.751680e-13    0.000000e+00 
	   energy              1.830931e-01    1.928738e-12    1.830931e-03 
	   displacement        9.615565e-03    9.763952e-11    9.615148e-09 

convergence summary
    number of iterations   : 2
    number of reformations : 1

------- converged at time : 27.8


Data Record #1
===========================================================================
Step = 278
Time = 27.8
Data = ux;uy;uz
File = parameter_sweeps/tmax3_disp.txt

Data Record #2
===========================================================================
Step = 278
Time = 27.8
Data = sz;J
File = parameter_sweeps/tmax3_stress.txt

===== beginning time step 279 : 27.9 =====


Reforming stiffness matrix: reformation #1

 1
 Nonlinear solution status: time= 27.9
	stiffness updates             = 0
	right hand side evaluations   = 2
	stiffness matrix reformations = 1
	step from line search         = 1.000000
	convergence norms :     INITIAL         CURRENT         REQUIRED
	   residual            3.365216e+01    3.671424e-08    0.000000e+00 
	   energy              2.030213e-01    1.827357e-06    2.030213e-03 
	   displacement        1.060260e-02    1.060260e-02    1.060260e-08 
 2
 Nonlinear solution status: time= 27.9
	stiffness updates             = 1
	right hand side evaluations   = 3
	stiffness matrix reformations = 1
	step from line search         = 1.000000
	convergence norms :     INITIAL         CURRENT         REQUIRED
	   residual            3.365216e+01    9.288126e-13    0.000000e+00 
	   energy              2.030213e-01    1.788855e-12    2.030213e-03 
	   displacement        1.060260e-02    8.349333e-11    1.060230e-08 

convergence summary
    number of iterations   : 2
    number of reformations : 1

------- converged at time : 27.9


Data Record #1
===========================================================================
Step = 279
Time = 27.9
Data = ux;uy;uz
File = parameter_sweeps/tmax3_disp.txt

Data Record #2
===========================================================================
Step = 279
Time = 27.9
Data = sz;J
File = parameter_sweeps/tmax3_stress.txt

===== beginning time step 280 : 28 =====


Reforming stiffness matrix: reformation #1

 1
 Nonlinear solution status: time= 28
	stiffness updates             = 0
	right hand side evaluations   = 2
	stiffness matrix reformations = 1
	step from line search         = 1.000000
	convergence norms :     INITIAL         CURRENT         REQUIRED
	   residual            3.845156e+01    5.510288e-08    0.000000e+00 
	   energy              2.247578e-01    1.677268e-06    2.247578e-03 
	   displacement        1.163312e-02    1.163312e-02    1.163312e-08 
 2
 Nonlinear solution status: time= 28
	stiffness updates             = 1
	right hand side evaluations   = 3
	stiffness matrix reformations = 1
	step from line search         = 1.000000
	convergence norms :     INITIAL         CURRENT         REQUIRED
	   residual            3.845156e+01    1.413922e-12    0.000000e+00 
	   energy              2.247578e-01    2.089866e-12    2.247578e-03 
	   displacement        1.163312e-02    7.222206e-11    1.163293e-08 

convergence summary
    number of iterations   : 2
    number of reformations : 1

------- converged at time : 28


Data Record #1
===========================================================================
Step = 280
Time = 28
Data = ux;uy;uz
File = parameter_sweeps/tmax3_disp.txt

Data Record #2
===========================================================================
Step = 280
Time = 28
Data = sz;J
File = parameter_sweeps/tmax3_stress.txt

===== beginning time step 281 : 28.1 =====


Reforming stiffness matrix: reformation #1

 1
 Nonlinear solution status: time= 28.1
	stiffness updates             = 0
	right hand side evaluations   = 2
	stiffness matrix reformations = 1
	step from line search         = 1.000000
	convergence norms :     INITIAL         CURRENT         REQUIRED
	   residual            4.348492e+01    7.595901e-08    0.000000e+00 
	   energy              2.473325e-01    1.671486e-06    2.473325e-03 
	   displacement        1.266883e-02    1.266883e-02    1.266883e-08 
 2
 Nonlinear solution status: time= 28.1
	stiffness updates             = 1
	right hand side evaluations   = 3
	stiffness matrix reformations = 1
	step from line search         = 1.000000
	convergence norms :     INITIAL         CURRENT         REQUIRED
	   residual            4.348492e+01    2.091746e-12    0.000000e+00 
	   energy              2.473325e-01    2.622180e-12    2.473325e-03 
	   displacement        1.266883e-02    7.023033e-11    1.266872e-08 

convergence summary
    number of iterations   : 2
    number of reformations : 1

------- converged at time : 28.1


Data Record #1
===========================================================================
Step = 281
Time = 28.1
Data = ux;uy;uz
File = parameter_sweeps/tmax3_disp.txt

Data Record #2
===========================================================================
Step = 281
Time = 28.1
Data = sz;J
File = parameter_sweeps/tmax3_stress.txt

===== beginning time step 282 : 28.2 =====


Reforming stiffness matrix: reformation #1

 1
 Nonlinear solution status: time= 28.2
	stiffness updates             = 0
	right hand side evaluations   = 2
	stiffness matrix reformations = 1
	step from line search         = 1.000000
	convergence norms :     INITIAL         CURRENT         REQUIRED
	   residual            4.857807e+01    8.928556e-08    0.000000e+00 
	   energy              2.699854e-01    1.832638e-06    2.699854e-03 
	   displacement        1.368605e-02    1.368605e-02    1.368605e-08 
 2
 Nonlinear solution status: time= 28.2
	stiffness updates             = 1
	right hand side evaluations   = 3
	stiffness matrix reformations = 1
	step from line search         = 1.000000
	convergence norms :     INITIAL         CURRENT         REQUIRED
	   residual            4.857807e+01    2.523462e-12    0.000000e+00 
	   energy              2.699854e-01    3.207964e-12    2.699854e-03 
	   displacement        1.368605e-02    7.934583e-11    1.368598e-08 

convergence summary
    number of iterations   : 2
    number of reformations : 1

------- converged at time : 28.2


Data Record #1
===========================================================================
Step = 282
Time = 28.2
Data = ux;uy;uz
File = parameter_sweeps/tmax3_disp.txt

Data Record #2
===========================================================================
Step = 282
Time = 28.2
Data = sz;J
File = parameter_sweeps/tmax3_stress.txt

===== beginning time step 283 : 28.3 =====


Reforming stiffness matrix: reformation #1

 1
 Nonlinear solution status: time= 28.3
	stiffness updates             = 0
	right hand side evaluations   = 2
	stiffness matrix reformations = 1
	step from line search         = 1.000000
	convergence norms :     INITIAL         CURRENT         REQUIRED
	   residual            5.349459e+01    1.028999e-07    0.000000e+00 
	   energy              2.921376e-01    2.067149e-06    2.921376e-03 
	   displacement        1.462796e-02    1.462796e-02    1.462796e-08 
 2
 Nonlinear solution status: time= 28.3
	stiffness updates             = 1
	right hand side evaluations   = 3
	stiffness matrix reformations = 1
	step from line search         = 1.000000
	convergence norms :     INITIAL         CURRENT         REQUIRED
	   residual            5.349459e+01    2.800392e-12    0.000000e+00 
	   energy              2.921376e-01    3.659048e-12    2.921376e-03 
	   displacement        1.462796e-02    8.960815e-11    1.462794e-08 

convergence summary
    number of iterations   : 2
    number of reformations : 1

------- converged at time : 28.3


Data Record #1
===========================================================================
Step = 283
Time = 28.3
Data = ux;uy;uz
File = parameter_sweeps/tmax3_disp.txt

Data Record #2
===========================================================================
Step = 283
Time = 28.3
Data = sz;J
File = parameter_sweeps/tmax3_stress.txt

===== beginning time step 284 : 28.4 =====


Reforming stiffness matrix: reformation #1

 1
 Nonlinear solution status: time= 28.4
	stiffness updates             = 0
	right hand side evaluations   = 2
	stiffness matrix reformations = 1
	step from line search         = 1.000000
	convergence norms :     INITIAL         CURRENT         REQUIRED
	   residual            5.792361e+01    1.218623e-07    0.000000e+00 
	   energy              3.135421e-01    2.269266e-06    3.135421e-03 
	   displacement        1.549811e-02    1.549811e-02    1.549811e-08 
 2
 Nonlinear solution status: time= 28.4
	stiffness updates             = 1
	right hand side evaluations   = 3
	stiffness matrix reformations = 1
	step from line search         = 1.000000
	convergence norms :     INITIAL         CURRENT         REQUIRED
	   residual            5.792361e+01    3.193007e-12    0.000000e+00 
	   energy              3.135421e-01    3.773494e-12    3.135421e-03 
	   displacement        1.549811e-02    9.277645e-11    1.549810e-08 

convergence summary
    number of iterations   : 2
    number of reformations : 1

------- converged at time : 28.4


Data Record #1
===========================================================================
Step = 284
Time = 28.4
Data = ux;uy;uz
File = parameter_sweeps/tmax3_disp.txt

Data Record #2
===========================================================================
Step = 284
Time = 28.4
Data = sz;J
File = parameter_sweeps/tmax3_stress.txt

===== beginning time step 285 : 28.5 =====


Reforming stiffness matrix: reformation #1

 1
 Nonlinear solution status: time= 28.5
	stiffness updates             = 0
	right hand side evaluations   = 2
	stiffness matrix reformations = 1
	step from line search         = 1.000000
	convergence norms :     INITIAL         CURRENT         REQUIRED
	   residual            6.173468e+01    1.356040e-07    0.000000e+00 
	   energy              3.344697e-01    2.377530e-06    3.344697e-03 
	   displacement        1.637332e-02    1.637332e-02    1.637332e-08 
 2
 Nonlinear solution status: time= 28.5
	stiffness updates             = 1
	right hand side evaluations   = 3
	stiffness matrix reformations = 1
	step from line search         = 1.000000
	convergence norms :     INITIAL         CURRENT         REQUIRED
	   residual            6.173468e+01    3.643012e-12    0.000000e+00 
	   energy              3.344697e-01    3.742673e-12    3.344697e-03 
	   displacement        1.637332e-02    9.435585e-11    1.637327e-08 

convergence summary
    number of iterations   : 2
    number of reformations : 1

------- converged at time : 28.5


Data Record #1
===========================================================================
Step = 285
Time = 28.5
Data = ux;uy;uz
File = parameter_sweeps/tmax3_disp.txt

Data Record #2
===========================================================================
Step = 285
Time = 28.5
Data = sz;J
File = parameter_sweeps/tmax3_stress.txt

===== beginning time step 286 : 28.6 =====


Reforming stiffness matrix: reformation #1

 1
 Nonlinear solution status: time= 28.6
	stiffness updates             = 0
	right hand side evaluations   = 2
	stiffness matrix reformations = 1
	step from line search         = 1.000000
	convergence norms :     INITIAL         CURRENT         REQUIRED
	   residual            6.500101e+01    1.485017e-07    0.000000e+00 
	   energy              3.554120e-01    2.490992e-06    3.554120e-03 
	   displacement        1.731894e-02    1.731894e-02    1.731894e-08 
 2
 Nonlinear solution status: time= 28.6
	stiffness updates             = 1
	right hand side evaluations   = 3
	stiffness matrix reformations = 1
	step from line search         = 1.000000
	convergence norms :     INITIAL         CURRENT         REQUIRED
	   residual            6.500101e+01    3.961194e-12    0.000000e+00 
	   energy              3.554120e-01    3.915985e-12    3.554120e-03 
	   displacement        1.731894e-02    1.031892e-10    1.731890e-08 

convergence summary
    number of iterations   : 2
    number of reformations : 1

------- converged at time : 28.6


Data Record #1
===========================================================================
Step = 286
Time = 28.6
Data = ux;uy;uz
File = parameter_sweeps/tmax3_disp.txt

Data Record #2
===========================================================================
Step = 286
Time = 28.6
Data = sz;J
File = parameter_sweeps/tmax3_stress.txt

===== beginning time step 287 : 28.7 =====


Reforming stiffness matrix: reformation #1

 1
 Nonlinear solution status: time= 28.7
	stiffness updates             = 0
	right hand side evaluations   = 2
	stiffness matrix reformations = 1
	step from line search         = 1.000000
	convergence norms :     INITIAL         CURRENT         REQUIRED
	   residual            6.790372e+01    1.711275e-07    0.000000e+00 
	   energy              3.766600e-01    2.736022e-06    3.766600e-03 
	   displacement        1.837284e-02    1.837284e-02    1.837284e-08 
 2
 Nonlinear solution status: time= 28.7
	stiffness updates             = 1
	right hand side evaluations   = 3
	stiffness matrix reformations = 1
	step from line search         = 1.000000
	convergence norms :     INITIAL         CURRENT         REQUIRED
	   residual            6.790372e+01    4.368822e-12    0.000000e+00 
	   energy              3.766600e-01    4.519669e-12    3.766600e-03 
	   displacement        1.837284e-02    1.239013e-10    1.837276e-08 

convergence summary
    number of iterations   : 2
    number of reformations : 1

------- converged at time : 28.7


Data Record #1
===========================================================================
Step = 287
Time = 28.7
Data = ux;uy;uz
File = parameter_sweeps/tmax3_disp.txt

Data Record #2
===========================================================================
Step = 287
Time = 28.7
Data = sz;J
File = parameter_sweeps/tmax3_stress.txt

===== beginning time step 288 : 28.8 =====


Reforming stiffness matrix: reformation #1

 1
 Nonlinear solution status: time= 28.8
	stiffness updates             = 0
	right hand side evaluations   = 2
	stiffness matrix reformations = 1
	step from line search         = 1.000000
	convergence norms :     INITIAL         CURRENT         REQUIRED
	   residual            7.052669e+01    1.633135e-07    0.000000e+00 
	   energy              3.981752e-01    3.115372e-06    3.981752e-03 
	   displacement        1.950833e-02    1.950833e-02    1.950833e-08 
 2
 Nonlinear solution status: time= 28.8
	stiffness updates             = 1
	right hand side evaluations   = 3
	stiffness matrix reformations = 1
	step from line search         = 1.000000
	convergence norms :     INITIAL         CURRENT         REQUIRED
	   residual            7.052669e+01    4.181357e-12    0.000000e+00 
	   energy              3.981752e-01    4.639296e-12    3.981752e-03 
	   displacement        1.950833e-02    1.482489e-10    1.950811e-08 

convergence summary
    number of iterations   : 2
    number of reformations : 1

------- converged at time : 28.8


Data Record #1
===========================================================================
Step = 288
Time = 28.8
Data = ux;uy;uz
File = parameter_sweeps/tmax3_disp.txt

Data Record #2
===========================================================================
Step = 288
Time = 28.8
Data = sz;J
File = parameter_sweeps/tmax3_stress.txt

===== beginning time step 289 : 28.9 =====


Reforming stiffness matrix: reformation #1

 1
 Nonlinear solution status: time= 28.9
	stiffness updates             = 0
	right hand side evaluations   = 2
	stiffness matrix reformations = 1
	step from line search         = 1.000000
	convergence norms :     INITIAL         CURRENT         REQUIRED
	   residual            7.291092e+01    1.311642e-07    0.000000e+00 
	   energy              4.197088e-01    3.596599e-06    4.197088e-03 
	   displacement        2.067140e-02    2.067140e-02    2.067140e-08 
 2
 Nonlinear solution status: time= 28.9
	stiffness updates             = 1
	right hand side evaluations   = 3
	stiffness matrix reformations = 1
	step from line search         = 1.000000
	convergence norms :     INITIAL         CURRENT         REQUIRED
	   residual            7.291092e+01    3.471700e-12    0.000000e+00 
	   energy              4.197088e-01    4.388531e-12    4.197088e-03 
	   displacement        2.067140e-02    1.721021e-10    2.067105e-08 

convergence summary
    number of iterations   : 2
    number of reformations : 1

------- converged at time : 28.9


Data Record #1
===========================================================================
Step = 289
Time = 28.9
Data = ux;uy;uz
File = parameter_sweeps/tmax3_disp.txt

Data Record #2
===========================================================================
Step = 289
Time = 28.9
Data = sz;J
File = parameter_sweeps/tmax3_stress.txt

===== beginning time step 290 : 29 =====


Reforming stiffness matrix: reformation #1

 1
 Nonlinear solution status: time= 29
	stiffness updates             = 0
	right hand side evaluations   = 2
	stiffness matrix reformations = 1
	step from line search         = 1.000000
	convergence norms :     INITIAL         CURRENT         REQUIRED
	   residual            7.527058e+01    1.113774e-07    0.000000e+00 
	   energy              4.408504e-01    3.991796e-06    4.408504e-03 
	   displacement        2.182975e-02    2.182975e-02    2.182975e-08 
 2
 Nonlinear solution status: time= 29
	stiffness updates             = 1
	right hand side evaluations   = 3
	stiffness matrix reformations = 1
	step from line search         = 1.000000
	convergence norms :     INITIAL         CURRENT         REQUIRED
	   residual            7.527058e+01    2.885538e-12    0.000000e+00 
	   energy              4.408504e-01    4.120273e-12    4.408504e-03 
	   displacement        2.182975e-02    1.823597e-10    2.182929e-08 

convergence summary
    number of iterations   : 2
    number of reformations : 1

------- converged at time : 29


Data Record #1
===========================================================================
Step = 290
Time = 29
Data = ux;uy;uz
File = parameter_sweeps/tmax3_disp.txt

Data Record #2
===========================================================================
Step = 290
Time = 29
Data = sz;J
File = parameter_sweeps/tmax3_stress.txt

===== beginning time step 291 : 29.1 =====


Reforming stiffness matrix: reformation #1

 1
 Nonlinear solution status: time= 29.1
	stiffness updates             = 0
	right hand side evaluations   = 2
	stiffness matrix reformations = 1
	step from line search         = 1.000000
	convergence norms :     INITIAL         CURRENT         REQUIRED
	   residual            7.789056e+01    9.447787e-08    0.000000e+00 
	   energy              4.611108e-01    4.128424e-06    4.611108e-03 
	   displacement        2.290849e-02    2.290849e-02    2.290849e-08 
 2
 Nonlinear solution status: time= 29.1
	stiffness updates             = 1
	right hand side evaluations   = 3
	stiffness matrix reformations = 1
	step from line search         = 1.000000
	convergence norms :     INITIAL         CURRENT         REQUIRED
	   residual            7.789056e+01    2.669618e-12    0.000000e+00 
	   energy              4.611108e-01    3.777707e-12    4.611108e-03 
	   displacement        2.290849e-02    1.719029e-10    2.290797e-08 

convergence summary
    number of iterations   : 2
    number of reformations : 1

------- converged at time : 29.1


Data Record #1
===========================================================================
Step = 291
Time = 29.1
Data = ux;uy;uz
File = parameter_sweeps/tmax3_disp.txt

Data Record #2
===========================================================================
Step = 291
Time = 29.1
Data = sz;J
File = parameter_sweeps/tmax3_stress.txt

===== beginning time step 292 : 29.2 =====


Reforming stiffness matrix: reformation #1

 1
 Nonlinear solution status: time= 29.2
	stiffness updates             = 0
	right hand side evaluations   = 2
	stiffness matrix reformations = 1
	step from line search         = 1.000000
	convergence norms :     INITIAL         CURRENT         REQUIRED
	   residual            8.087151e+01    8.519727e-08    0.000000e+00 
	   energy              4.799067e-01    4.157513e-06    4.799067e-03 
	   displacement        2.381263e-02    2.381263e-02    2.381263e-08 
 2
 Nonlinear solution status: time= 29.2
	stiffness updates             = 1
	right hand side evaluations   = 3
	stiffness matrix reformations = 1
	step from line search         = 1.000000
	convergence norms :     INITIAL         CURRENT         REQUIRED
	   residual            8.087151e+01    2.423643e-12    0.000000e+00 
	   energy              4.799067e-01    3.540892e-12    4.799067e-03 
	   displacement        2.381263e-02    1.594723e-10    2.381208e-08 

convergence summary
    number of iterations   : 2
    number of reformations : 1

------- converged at time : 29.2


Data Record #1
===========================================================================
Step = 292
Time = 29.2
Data = ux;uy;uz
File = parameter_sweeps/tmax3_disp.txt

Data Record #2
===========================================================================
Step = 292
Time = 29.2
Data = sz;J
File = parameter_sweeps/tmax3_stress.txt

===== beginning time step 293 : 29.3 =====


Reforming stiffness matrix: reformation #1

 1
 Nonlinear solution status: time= 29.3
	stiffness updates             = 0
	right hand side evaluations   = 2
	stiffness matrix reformations = 1
	step from line search         = 1.000000
	convergence norms :     INITIAL         CURRENT         REQUIRED
	   residual            8.387961e+01    6.555060e-08    0.000000e+00 
	   energy              4.964797e-01    4.379597e-06    4.964797e-03 
	   displacement        2.451611e-02    2.451611e-02    2.451611e-08 
 2
 Nonlinear solution status: time= 29.3
	stiffness updates             = 1
	right hand side evaluations   = 3
	stiffness matrix reformations = 1
	step from line search         = 1.000000
	convergence norms :     INITIAL         CURRENT         REQUIRED
	   residual            8.387961e+01    1.821515e-12    0.000000e+00 
	   energy              4.964797e-01    3.209849e-12    4.964797e-03 
	   displacement        2.451611e-02    1.572337e-10    2.451546e-08 

convergence summary
    number of iterations   : 2
    number of reformations : 1

------- converged at time : 29.3


Data Record #1
===========================================================================
Step = 293
Time = 29.3
Data = ux;uy;uz
File = parameter_sweeps/tmax3_disp.txt

Data Record #2
===========================================================================
Step = 293
Time = 29.3
Data = sz;J
File = parameter_sweeps/tmax3_stress.txt

===== beginning time step 294 : 29.4 =====


Reforming stiffness matrix: reformation #1

 1
 Nonlinear solution status: time= 29.4
	stiffness updates             = 0
	right hand side evaluations   = 2
	stiffness matrix reformations = 1
	step from line search         = 1.000000
	convergence norms :     INITIAL         CURRENT         REQUIRED
	   residual            8.630913e+01    4.803131e-08    0.000000e+00 
	   energy              5.099320e-01    4.906954e-06    5.099320e-03 
	   displacement        2.506064e-02    2.506064e-02    2.506064e-08 
 2
 Nonlinear solution status: time= 29.4
	stiffness updates             = 1
	right hand side evaluations   = 3
	stiffness matrix reformations = 1
	step from line search         = 1.000000
	convergence norms :     INITIAL         CURRENT         REQUIRED
	   residual            8.630913e+01    1.238272e-12    0.000000e+00 
	   energy              5.099320e-01    2.769693e-12    5.099320e-03 
	   displacement        2.506064e-02    1.636089e-10    2.505981e-08 

convergence summary
    number of iterations   : 2
    number of reformations : 1

------- converged at time : 29.4


Data Record #1
===========================================================================
Step = 294
Time = 29.4
Data = ux;uy;uz
File = parameter_sweeps/tmax3_disp.txt

Data Record #2
===========================================================================
Step = 294
Time = 29.4
Data = sz;J
File = parameter_sweeps/tmax3_stress.txt

===== beginning time step 295 : 29.5 =====


Reforming stiffness matrix: reformation #1

 1
 Nonlinear solution status: time= 29.5
	stiffness updates             = 0
	right hand side evaluations   = 2
	stiffness matrix reformations = 1
	step from line search         = 1.000000
	convergence norms :     INITIAL         CURRENT         REQUIRED
	   residual            8.780997e+01    3.782822e-08    0.000000e+00 
	   energy              5.193824e-01    5.673966e-06    5.193824e-03 
	   displacement        2.548529e-02    2.548529e-02    2.548529e-08 
 2
 Nonlinear solution status: time= 29.5
	stiffness updates             = 1
	right hand side evaluations   = 3
	stiffness matrix reformations = 1
	step from line search         = 1.000000
	convergence norms :     INITIAL         CURRENT         REQUIRED
	   residual            8.780997e+01    9.300333e-13    0.000000e+00 
	   energy              5.193824e-01    2.562185e-12    5.193824e-03 
	   displacement        2.548529e-02    1.808485e-10    2.548423e-08 

convergence summary
    number of iterations   : 2
    number of reformations : 1

------- converged at time : 29.5


Data Record #1
===========================================================================
Step = 295
Time = 29.5
Data = ux;uy;uz
File = parameter_sweeps/tmax3_disp.txt

Data Record #2
===========================================================================
Step = 295
Time = 29.5
Data = sz;J
File = parameter_sweeps/tmax3_stress.txt

===== beginning time step 296 : 29.6 =====


Reforming stiffness matrix: reformation #1

 1
 Nonlinear solution status: time= 29.6
	stiffness updates             = 0
	right hand side evaluations   = 2
	stiffness matrix reformations = 1
	step from line search         = 1.000000
	convergence norms :     INITIAL         CURRENT         REQUIRED
	   residual            8.845674e+01    3.894437e-08    0.000000e+00 
	   energy              5.241697e-01    6.308432e-06    5.241697e-03 
	   displacement        2.575713e-02    2.575713e-02    2.575713e-08 
 2
 Nonlinear solution status: time= 29.6
	stiffness updates             = 1
	right hand side evaluations   = 3
	stiffness matrix reformations = 1
	step from line search         = 1.000000
	convergence norms :     INITIAL         CURRENT         REQUIRED
	   residual            8.845674e+01    8.408122e-13    0.000000e+00 
	   energy              5.241697e-01    2.464816e-12    5.241697e-03 
	   displacement        2.575713e-02    1.977019e-10    2.575585e-08 

convergence summary
    number of iterations   : 2
    number of reformations : 1

------- converged at time : 29.6


Data Record #1
===========================================================================
Step = 296
Time = 29.6
Data = ux;uy;uz
File = parameter_sweeps/tmax3_disp.txt

Data Record #2
===========================================================================
Step = 296
Time = 29.6
Data = sz;J
File = parameter_sweeps/tmax3_stress.txt

===== beginning time step 297 : 29.7 =====


Reforming stiffness matrix: reformation #1

 1
 Nonlinear solution status: time= 29.7
	stiffness updates             = 0
	right hand side evaluations   = 2
	stiffness matrix reformations = 1
	step from line search         = 1.000000
	convergence norms :     INITIAL         CURRENT         REQUIRED
	   residual            8.846999e+01    3.711024e-08    0.000000e+00 
	   energy              5.239754e-01    6.456868e-06    5.239754e-03 
	   displacement        2.578304e-02    2.578304e-02    2.578304e-08 
 2
 Nonlinear solution status: time= 29.7
	stiffness updates             = 1
	right hand side evaluations   = 3
	stiffness matrix reformations = 1
	step from line search         = 1.000000
	convergence norms :     INITIAL         CURRENT         REQUIRED
	   residual            8.846999e+01    7.738939e-13    0.000000e+00 
	   energy              5.239754e-01    2.577598e-12    5.239754e-03 
	   displacement        2.578304e-02    2.050717e-10    2.578165e-08 

convergence summary
    number of iterations   : 2
    number of reformations : 1

------- converged at time : 29.7


Data Record #1
===========================================================================
Step = 297
Time = 29.7
Data = ux;uy;uz
File = parameter_sweeps/tmax3_disp.txt

Data Record #2
===========================================================================
Step = 297
Time = 29.7
Data = sz;J
File = parameter_sweeps/tmax3_stress.txt

===== beginning time step 298 : 29.8 =====


Reforming stiffness matrix: reformation #1

 1
 Nonlinear solution status: time= 29.8
	stiffness updates             = 0
	right hand side evaluations   = 2
	stiffness matrix reformations = 1
	step from line search         = 1.000000
	convergence norms :     INITIAL         CURRENT         REQUIRED
	   residual            8.801724e+01    3.666006e-08    0.000000e+00 
	   energy              5.188129e-01    6.195891e-06    5.188129e-03 
	   displacement        2.549634e-02    2.549634e-02    2.549634e-08 
 2
 Nonlinear solution status: time= 29.8
	stiffness updates             = 1
	right hand side evaluations   = 3
	stiffness matrix reformations = 1
	step from line search         = 1.000000
	convergence norms :     INITIAL         CURRENT         REQUIRED
	   residual            8.801724e+01    1.007685e-12    0.000000e+00 
	   energy              5.188129e-01    3.033532e-12    5.188129e-03 
	   displacement        2.549634e-02    2.046214e-10    2.549491e-08 

convergence summary
    number of iterations   : 2
    number of reformations : 1

------- converged at time : 29.8


Data Record #1
===========================================================================
Step = 298
Time = 29.8
Data = ux;uy;uz
File = parameter_sweeps/tmax3_disp.txt

Data Record #2
===========================================================================
Step = 298
Time = 29.8
Data = sz;J
File = parameter_sweeps/tmax3_stress.txt

===== beginning time step 299 : 29.9 =====


Reforming stiffness matrix: reformation #1

 1
 Nonlinear solution status: time= 29.9
	stiffness updates             = 0
	right hand side evaluations   = 2
	stiffness matrix reformations = 1
	step from line search         = 1.000000
	convergence norms :     INITIAL         CURRENT         REQUIRED
	   residual            8.722899e+01    5.077036e-08    0.000000e+00 
	   energy              5.090098e-01    5.805154e-06    5.090098e-03 
	   displacement        2.490148e-02    2.490148e-02    2.490148e-08 
 2
 Nonlinear solution status: time= 29.9
	stiffness updates             = 1
	right hand side evaluations   = 3
	stiffness matrix reformations = 1
	step from line search         = 1.000000
	convergence norms :     INITIAL         CURRENT         REQUIRED
	   residual            8.722899e+01    1.646390e-12    0.000000e+00 
	   energy              5.090098e-01    3.584706e-12    5.090098e-03 
	   displacement        2.490148e-02    1.986143e-10    2.490010e-08 

convergence summary
    number of iterations   : 2
    number of reformations : 1

------- converged at time : 29.9


Data Record #1
===========================================================================
Step = 299
Time = 29.9
Data = ux;uy;uz
File = parameter_sweeps/tmax3_disp.txt

Data Record #2
===========================================================================
Step = 299
Time = 29.9
Data = sz;J
File = parameter_sweeps/tmax3_stress.txt

===== beginning time step 300 : 30 =====


Reforming stiffness matrix: reformation #1

 1
 Nonlinear solution status: time= 30
	stiffness updates             = 0
	right hand side evaluations   = 2
	stiffness matrix reformations = 1
	step from line search         = 1.000000
	convergence norms :     INITIAL         CURRENT         REQUIRED
	   residual            8.620158e+01    6.994772e-08    0.000000e+00 
	   energy              4.953439e-01    5.400902e-06    4.953439e-03 
	   displacement        2.405663e-02    2.405663e-02    2.405663e-08 
 2
 Nonlinear solution status: time= 30
	stiffness updates             = 1
	right hand side evaluations   = 3
	stiffness matrix reformations = 1
	step from line search         = 1.000000
	convergence norms :     INITIAL         CURRENT         REQUIRED
	   residual            8.620158e+01    2.180461e-12    0.000000e+00 
	   energy              4.953439e-01    3.885055e-12    4.953439e-03 
	   displacement        2.405663e-02    1.857943e-10    2.405543e-08 

convergence summary
    number of iterations   : 2
    number of reformations : 1

------- converged at time : 30


Data Record #1
===========================================================================
Step = 300
Time = 30
Data = ux;uy;uz
File = parameter_sweeps/tmax3_disp.txt

Data Record #2
===========================================================================
Step = 300
Time = 30
Data = sz;J
File = parameter_sweeps/tmax3_stress.txt


 N O N L I N E A R   I T E R A T I O N   I N F O R M A T I O N

	Number of time steps completed .................... : 300

	Total number of equilibrium iterations ............ : 606

	Average number of equilibrium iterations .......... : 2.02

	Total number of right hand evaluations ............ : 906

	Total number of stiffness reformations ............ : 300


 L I N E A R   S O L V E R   S T A T S

	Total calls to linear solver ........ : 606

	Avg iterations per solve ............ : 1

	Time in linear solver: 0:00:17


 Elapsed time : 0:00:24

 T I M I N G   I N F O R M A T I O N

	Input time ...................... : 0:00:00 (0.0743026 sec)

	Initialization time ............. : 0:00:00 (0.00784397 sec)

	Solve time ...................... : 0:00:24 (24.4035 sec)

	   IO-time (plot, dmp, data) .... : 0:00:01 (0.549652 sec)

	   reforming stiffness .......... : 0:00:00 (0.0137 sec)

	   evaluating stiffness ......... : 0:00:03 (3.18254 sec)

	   evaluating residual .......... : 0:00:02 (1.76466 sec)

	   model update ................. : 0:00:01 (0.976686 sec)

	   QN updates ................... : 0:00:00 (0.0213518 sec)

	   time in linear solver ........ : 0:00:17 (17.1319 sec)

	Total elapsed time .............. : 0:00:24 (24.489 sec)


 N O R M A L   T E R M I N A T I O N

